ID,PolicyNumber,Status,CancellationReasonCode,CancellationDate,IsMostRecentModel,TotalPremium,CreateTime
B_1,TXFB-100001,Bound,,,1,1425.07,2026-04-05
B_2,TXFB-100002,Withdrawn,,,1,3153.49,2026-04-09
B_3,TXFB-100003,Canceled,INT_01,2026-04-28,1,2528.7,2026-04-02
B_4,TXFB-100004,Bound,,,1,1522.75,2026-04-16
B_5,TXFB-100005,Bound,,,1,2130.6,2026-04-12
B_6,TXFB-100006,Bound,,,0,3021.61,2026-04-04
B_7,TXFB-100007,Bound,,,1,3150.1,2026-04-04
B_8,TXFB-100008,Draft,,,1,981.18,2026-04-10
B_9,TXFB-100009,Bound,,,1,1518.72,2026-04-03
B_10,TXFB-100010,Canceled,INT_04,2026-04-30,1,1505.67,2026-04-06
B_11,TXFB-100011,Bound,,,1,626.13,2026-04-09
B_12,TXFB-100012,Withdrawn,,,1,2294.71,2026-04-15
B_13,TXFB-100013,Canceled,INT_02,2026-04-29,1,3064.46,2026-04-05
B_14,TXFB-100014,Bound,,,1,1644.72,2026-04-14
B_15,TXFB-100015,Bound,,,1,2720.11,2026-04-03
B_16,TXFB-100016,Bound,,,1,2383.1,2026-04-08
B_17,TXFB-100017,Bound,,,0,1626.95,2026-04-15
B_18,TXFB-100018,Bound,,,1,923.18,2026-04-12
B_19,TXFB-100019,Bound,,,1,2627.97,2026-04-01
B_20,TXFB-100020,Bound,,,1,3063.7,2026-04-14
B_21,TXFB-100021,Bound,,,1,2557.56,2026-04-02
B_22,TXFB-100022,Bound,,,1,553.64,2026-04-13
B_23,TXFB-100023,Bound,,,1,1148.7,2026-04-12
B_24,TXFB-100024,Bound,,,1,708.44,2026-04-08
B_25,TXFB-100025,Bound,,,1,2211.16,2026-04-13
B_26,TXFB-100026,Canceled,INT_02,2026-04-11,1,2769.43,2026-04-03
B_27,TXFB-100027,Bound,,,1,831.74,2026-04-12
B_28,TXFB-100028,Bound,,,0,3015.01,2026-04-08
B_29,TXFB-100029,Bound,,,1,2166.53,2026-04-01
B_30,TXFB-100030,Bound,,,1,2569.91,2026-04-11
B_31,TXFB-100031,Bound,,,1,3414.21,2026-04-04
B_32,TXFB-100032,Bound,,,1,751.04,2026-04-11
B_33,TXFB-100033,Bound,,,1,3203.67,2026-04-05
B_34,TXFB-100034,Draft,,,1,878.31,2026-04-05
B_35,TXFB-100035,Withdrawn,,,1,1678.88,2026-04-02
B_36,TXFB-100036,Canceled,INT_01,2026-05-10,1,3054.32,2026-04-10
B_37,TXFB-100037,Bound,,,1,3218.76,2026-04-16
B_38,TXFB-100038,Bound,,,1,2019.12,2026-04-05
B_39,TXFB-100039,Bound,,,1,2282.31,2026-04-16
B_40,TXFB-100040,Bound,,,1,2624.44,2026-04-15
B_41,TXFB-100041,Bound,,,1,2998.28,2026-04-01
B_42,TXFB-100042,Bound,,,1,864.53,2026-04-03
B_43,TXFB-100043,Bound,,,1,2930.21,2026-04-01
B_44,TXFB-100044,Draft,,,1,1943.83,2026-04-09
B_45,TXFB-100045,Bound,,,1,1851.87,2026-04-07
B_46,TXFB-100046,Bound,,,1,1771.7,2026-04-05
B_47,TXFB-100047,Bound,,,1,2027.63,2026-04-14
B_48,TXFB-100048,Bound,,,1,3335.15,2026-04-04
B_49,TXFB-100049,Bound,,,1,2144.61,2026-04-10
B_50,TXFB-100050,Bound,,,1,3359.53,2026-04-08
B_51,TXFB-100051,Withdrawn,,,1,1040.87,2026-04-10
B_52,TXFB-100052,Canceled,,2026-04-18,1,2672.41,2026-04-04
B_53,TXFB-100053,Draft,,,1,2936.72,2026-04-02
B_54,TXFB-100054,Draft,,,0,2537.39,2026-04-08
B_55,TXFB-100055,Bound,,,1,2320.77,2026-04-14
B_56,TXFB-100056,Draft,,,1,2194.44,2026-04-15
B_57,TXFB-100057,Bound,,,1,3082.79,2026-04-03
B_58,TXFB-100058,Bound,,,1,2964.94,2026-04-04
B_59,TXFB-100059,Bound,,,1,866.87,2026-04-16
B_60,TXFB-100060,Bound,,,1,3045.76,2026-04-01
B_61,TXFB-100061,Bound,,,1,1742.21,2026-04-08
B_62,TXFB-100062,Bound,,,1,1261.09,2026-04-05
B_63,TXFB-100063,Canceled,INT_01,2026-04-17,1,3109.31,2026-04-10
B_64,TXFB-100064,Bound,,,1,1796.07,2026-04-14
B_65,TXFB-100065,Bound,,,1,2925.09,2026-04-01
B_66,TXFB-100066,Bound,,,0,1290.21,2026-04-12
B_67,TXFB-100067,Bound,,,1,511.79,2026-04-08
B_68,TXFB-100068,Canceled,INT_07,2026-04-19,1,1986.38,2026-04-14
B_69,TXFB-100069,Bound,,,1,800.68,2026-04-06
B_70,TXFB-100070,Withdrawn,,,0,2763.13,2026-04-03
B_71,TXFB-100071,Canceled,INT_05,2026-04-16,1,1328.23,2026-04-12
B_72,TXFB-100072,Bound,,,1,1830.94,2026-04-03
B_73,TXFB-100073,Bound,,,1,761.1,2026-04-01
B_74,TXFB-100074,Canceled,INT_01,2026-04-19,0,1359.98,2026-04-13
B_75,TXFB-100075,Canceled,INT_03,2026-04-23,1,2844.47,2026-04-16
B_76,TXFB-100076,Canceled,INT_06,2026-04-11,1,954.76,2026-04-02
B_77,TXFB-100077,Canceled,INT_04,2026-04-28,1,2441.48,2026-04-13
B_78,TXFB-100078,Bound,,,1,3252.28,2026-04-12
B_79,TXFB-100079,Bound,,,1,2539.51,2026-04-09
B_80,TXFB-100080,Bound,,,1,2933.07,2026-04-01
B_81,TXFB-100081,Draft,,,0,826.91,2026-04-12
B_82,TXFB-100082,Bound,,,1,1252.2,2026-04-03
B_83,TXFB-100083,Bound,,,1,3183.62,2026-04-12
B_84,TXFB-100084,Bound,,,1,2645.32,2026-04-08
B_85,TXFB-100085,Bound,,,1,2418.66,2026-04-04
B_86,TXFB-100086,Bound,,,1,2491.3,2026-04-11
B_87,TXFB-100087,Canceled,INT_06,2026-04-19,1,1742.6,2026-04-05
B_88,TXFB-100088,Bound,,,0,633.67,2026-04-02
B_89,TXFB-100089,Draft,,,1,2853.32,2026-04-12
B_90,TXFB-100090,Bound,,,1,2536.14,2026-04-11
B_91,TXFB-100091,Bound,,,0,1918.41,2026-04-06
B_92,TXFB-100092,Canceled,INT_99,2026-04-24,0,3199.28,2026-04-15
B_93,TXFB-100093,Canceled,INT_06,2026-05-14,1,1508.48,2026-04-16
B_94,TXFB-100094,Bound,,,1,1382.97,2026-04-06
B_95,TXFB-100095,Canceled,INT_05,2026-04-24,0,3118.39,2026-04-05
B_96,TXFB-100096,Bound,,,1,2890.96,2026-04-03
B_97,TXFB-100097,Bound,,,1,2044.94,2026-04-15
B_98,TXFB-100098,Bound,,,1,892.2,2026-04-02
B_99,TXFB-100099,Bound,,,1,1145.21,2026-04-10
B_100,TXFB-100100,Bound,,,0,2468.68,2026-04-07
B_101,TXFB-100101,Bound,,,1,1655.12,2026-04-02
B_102,TXFB-100102,Bound,,,1,3009.42,2026-04-07
B_103,TXFB-100103,Bound,,,1,3349.87,2026-04-02
B_104,TXFB-100104,Bound,,,1,2916.91,2026-04-11
B_105,TXFB-100105,Draft,,,1,1632.64,2026-04-10
B_106,TXFB-100106,Bound,,,1,2866.06,2026-04-13
B_107,TXFB-100107,Bound,,,1,1554.33,2026-04-16
B_108,TXFB-100108,Canceled,INT_08,2026-04-11,0,1001.3,2026-04-09
B_109,TXFB-100109,Bound,,,1,600.18,2026-04-02
B_110,TXFB-100110,Bound,,,1,1657.15,2026-04-07
B_111,TXFB-100111,Bound,,,1,3210.68,2026-04-10
B_112,TXFB-100112,Bound,,,1,1216.96,2026-04-12
B_113,TXFB-100113,Draft,,,1,1119.54,2026-04-02
B_114,TXFB-100114,Canceled,INT_07,2026-04-27,1,3409.46,2026-04-11
B_115,TXFB-100115,Bound,,,1,575.01,2026-04-09
B_116,TXFB-100116,Draft,,,1,2857.35,2026-04-04
B_117,TXFB-100117,Canceled,,2026-04-30,1,1464.11,2026-04-12
B_118,TXFB-100118,Bound,,,1,612.46,2026-04-14
B_119,TXFB-100119,Draft,,,1,3253.41,2026-04-13
B_120,TXFB-100120,Bound,,,1,918.93,2026-04-15
B_121,TXFB-100121,Canceled,INT_06,2026-04-25,1,2155.34,2026-04-13
B_122,TXFB-100122,Draft,,,1,1322.16,2026-04-11
B_123,TXFB-100123,Bound,,,0,695.58,2026-04-06
B_124,TXFB-100124,Bound,,,1,649.77,2026-04-16
B_125,TXFB-100125,Bound,,,1,846.67,2026-04-16
B_126,TXFB-100126,Bound,,,1,714.1,2026-04-12
B_127,TXFB-100127,Canceled,INT_02,2026-05-02,1,2781.67,2026-04-09
B_128,TXFB-100128,Draft,,,1,1956.7,2026-04-03
B_129,TXFB-100129,Bound,,,1,1528.68,2026-04-14
B_130,TXFB-100130,Bound,,,1,1755.11,2026-04-03
B_131,TXFB-100131,Bound,,,1,3286.84,2026-04-14
B_132,TXFB-100132,Bound,,,1,3232.26,2026-04-06
B_133,TXFB-100133,Bound,,,0,2647.03,2026-04-10
B_134,TXFB-100134,Bound,,,0,3154.05,2026-04-11
B_135,TXFB-100135,Draft,,,1,1458.94,2026-04-04
B_136,TXFB-100136,Bound,,,1,1643.33,2026-04-03
B_137,TXFB-100137,Bound,,,1,2341.14,2026-04-11
B_138,TXFB-100138,Canceled,,2026-04-14,0,2370.88,2026-04-10
B_139,TXFB-100139,Bound,,,1,1945.1,2026-04-10
B_140,TXFB-100140,Withdrawn,,,1,1701.97,2026-04-15
B_141,TXFB-100141,Withdrawn,,,1,3458.54,2026-04-14
B_142,TXFB-100142,Bound,,,1,2963.37,2026-04-06
B_143,TXFB-100143,Bound,,,1,1804.94,2026-04-15
B_144,TXFB-100144,Bound,,,1,2681.88,2026-04-12
B_145,TXFB-100145,Bound,,,1,1308.69,2026-04-15
B_146,TXFB-100146,Bound,,,1,800.51,2026-04-02
B_147,TXFB-100147,Bound,,,1,1557.29,2026-04-12
B_148,TXFB-100148,Bound,,,1,1708.92,2026-04-14
B_149,TXFB-100149,Bound,,,1,549.61,2026-04-09
B_150,TXFB-100150,Bound,,,1,2944.38,2026-04-02
B_151,TXFB-100151,Draft,,,1,1577.58,2026-04-03
B_152,TXFB-100152,Bound,,,1,2241.25,2026-04-13
B_153,TXFB-100153,Bound,,,1,721.89,2026-04-12
B_154,TXFB-100154,Bound,,,1,1024.99,2026-04-06
B_155,TXFB-100155,Withdrawn,,,1,3169.08,2026-04-01
B_156,TXFB-100156,Bound,,,1,2326.06,2026-04-05
B_157,TXFB-100157,Bound,,,1,3350.85,2026-04-15
B_158,TXFB-100158,Canceled,INT_05,2026-04-13,1,3496.25,2026-04-02
B_159,TXFB-100159,Bound,,,1,1615.58,2026-04-05
B_160,TXFB-100160,Canceled,INT_04,2026-04-21,1,1396.41,2026-04-03
B_161,TXFB-100161,Bound,,,1,3075.07,2026-04-08
B_162,TXFB-100162,Bound,,,0,3495.83,2026-04-12
B_163,TXFB-100163,Bound,,,1,2388.92,2026-04-12
B_164,TXFB-100164,Bound,,,1,2885.42,2026-04-13
B_165,TXFB-100165,Bound,,,1,2845.24,2026-04-02
B_166,TXFB-100166,Canceled,INT_07,2026-04-19,1,1566.02,2026-04-05
B_167,TXFB-100167,Bound,,,1,2222.81,2026-04-15
B_168,TXFB-100168,Bound,,,1,2999.17,2026-04-12
B_169,TXFB-100169,Bound,,,1,2564.34,2026-04-12
B_170,TXFB-100170,Bound,,,1,563.49,2026-04-15
B_171,TXFB-100171,Bound,,,1,1510.12,2026-04-03
B_172,TXFB-100172,Bound,,,1,933.43,2026-04-05
B_173,TXFB-100173,Bound,,,0,1198.92,2026-04-12
B_174,TXFB-100174,Bound,,,0,3216.47,2026-04-13
B_175,TXFB-100175,Bound,,,1,610.68,2026-04-11
B_176,TXFB-100176,Bound,,,1,1159.4,2026-04-09
B_177,TXFB-100177,Bound,,,1,1428.71,2026-04-08
B_178,TXFB-100178,Bound,,,0,2350.65,2026-04-04
B_179,TXFB-100179,Draft,,,1,2102.31,2026-04-01
B_180,TXFB-100180,Bound,,,1,1154.81,2026-04-06
B_181,TXFB-100181,Bound,,,1,992.72,2026-04-16
B_182,TXFB-100182,Bound,,,1,1210.39,2026-04-13
B_183,TXFB-100183,Draft,,,1,2007.59,2026-04-04
B_184,TXFB-100184,Draft,,,1,1313.53,2026-04-09
B_185,TXFB-100185,Bound,,,1,3342.81,2026-04-09
B_186,TXFB-100186,Bound,,,1,1891.6,2026-04-15
B_187,TXFB-100187,Canceled,INT_06,2026-04-23,1,676.39,2026-04-07
B_188,TXFB-100188,Bound,,,1,2687.8,2026-04-10
B_189,TXFB-100189,Bound,,,1,1486.54,2026-04-16
B_190,TXFB-100190,Bound,,,1,2460.47,2026-04-07
B_191,TXFB-100191,Bound,,,1,1338.78,2026-04-04
B_192,TXFB-100192,Draft,,,1,2212.23,2026-04-05
B_193,TXFB-100193,Draft,,,1,2816.46,2026-04-03
B_194,TXFB-100194,Bound,,,1,3284.03,2026-04-15
B_195,TXFB-100195,Bound,,,1,1283.38,2026-04-06
B_196,TXFB-100196,Bound,,,1,1504.57,2026-04-15
B_197,TXFB-100197,Canceled,INT_99,2026-04-25,1,1892.8,2026-04-03
B_198,TXFB-100198,Draft,,,0,3281.52,2026-04-11
B_199,TXFB-100199,Draft,,,1,3204.16,2026-04-12
B_200,TXFB-100200,Canceled,INT_05,2026-04-11,1,769.63,2026-04-03
B_201,TXFB-100201,Bound,,,1,895.79,2026-04-10
B_202,TXFB-100202,Bound,,,1,1986.53,2026-04-10
B_203,TXFB-100203,Bound,,,1,819.86,2026-04-06
B_204,TXFB-100204,Draft,,,1,1536.74,2026-04-06
B_205,TXFB-100205,Bound,,,1,945.16,2026-04-12
B_206,TXFB-100206,Bound,,,1,2408.12,2026-04-08
B_207,TXFB-100207,Bound,,,1,3348.49,2026-04-04
B_208,TXFB-100208,Bound,,,1,3490.2,2026-04-07
B_209,TXFB-100209,Bound,,,1,1625.72,2026-04-05
B_210,TXFB-100210,Bound,,,1,2297.04,2026-04-08
B_211,TXFB-100211,Bound,,,1,3068.8,2026-04-16
B_212,TXFB-100212,Bound,,,1,852.39,2026-04-01
B_213,TXFB-100213,Bound,,,1,2568.69,2026-04-12
B_214,TXFB-100214,Bound,,,1,1726.53,2026-04-12
B_215,TXFB-100215,Canceled,INT_02,2026-04-24,1,1118.44,2026-04-15
B_216,TXFB-100216,Bound,,,1,1708.26,2026-04-05
B_217,TXFB-100217,Bound,,,1,727.88,2026-04-03
B_218,TXFB-100218,Canceled,INT_03,2026-05-02,1,2586.22,2026-04-03
B_219,TXFB-100219,Bound,,,1,1258.23,2026-04-10
B_220,TXFB-100220,Canceled,INT_04,2026-05-09,0,1434.22,2026-04-13
B_221,TXFB-100221,Bound,,,1,863.24,2026-04-16
B_222,TXFB-100222,Bound,,,1,3093.98,2026-04-14
B_223,TXFB-100223,Bound,,,1,1980.33,2026-04-14
B_224,TXFB-100224,Bound,,,1,2216.44,2026-04-03
B_225,TXFB-100225,Bound,,,1,2208.3,2026-04-05
B_226,TXFB-100226,Bound,,,0,1731.48,2026-04-11
B_227,TXFB-100227,Withdrawn,,,1,1077.59,2026-04-03
B_228,TXFB-100228,Bound,,,1,2735.4,2026-04-15
B_229,TXFB-100229,Draft,,,1,881.17,2026-04-15
B_230,TXFB-100230,Bound,,,1,811.62,2026-04-12
B_231,TXFB-100231,Canceled,INT_99,2026-05-05,1,2630.44,2026-04-05
B_232,TXFB-100232,Bound,,,1,1126.51,2026-04-06
B_233,TXFB-100233,Bound,,,1,1420.32,2026-04-05
B_234,TXFB-100234,Bound,,,1,1925.68,2026-04-14
B_235,TXFB-100235,Bound,,,1,1848.05,2026-04-02
B_236,TXFB-100236,Canceled,INT_04,2026-04-09,0,2625.74,2026-04-04
B_237,TXFB-100237,Bound,,,1,2370.3,2026-04-05
B_238,TXFB-100238,Bound,,,1,2433.19,2026-04-10
B_239,TXFB-100239,Bound,,,0,2642.16,2026-04-06
B_240,TXFB-100240,Bound,,,1,1377.84,2026-04-06
B_241,TXFB-100241,Draft,,,1,1467.0,2026-04-11
B_242,TXFB-100242,Withdrawn,,,1,1813.99,2026-04-08
B_243,TXFB-100243,Draft,,,1,1422.39,2026-04-12
B_244,TXFB-100244,Bound,,,1,3454.81,2026-04-10
B_245,TXFB-100245,Bound,,,1,2942.16,2026-04-03
B_246,TXFB-100246,Draft,,,1,993.96,2026-04-09
B_247,TXFB-100247,Bound,,,1,516.78,2026-04-07
B_248,TXFB-100248,Withdrawn,,,1,628.35,2026-04-09
B_249,TXFB-100249,Withdrawn,,,1,1232.19,2026-04-05
B_250,TXFB-100250,Draft,,,1,842.87,2026-04-10
B_251,TXFB-100251,Bound,,,1,2100.01,2026-04-03
B_252,TXFB-100252,Bound,,,1,3073.99,2026-04-06
B_253,TXFB-100253,Draft,,,1,2710.25,2026-04-05
B_254,TXFB-100254,Bound,,,0,1146.83,2026-04-06
B_255,TXFB-100255,Bound,,,1,1697.9,2026-04-11
B_256,TXFB-100256,Bound,,,1,2023.68,2026-04-02
B_257,TXFB-100257,Draft,,,0,2930.62,2026-04-01
B_258,TXFB-100258,Bound,,,1,3017.36,2026-04-03
B_259,TXFB-100259,Bound,,,1,3229.15,2026-04-02
B_260,TXFB-100260,Bound,,,1,2027.74,2026-04-09
B_261,TXFB-100261,Bound,,,1,2582.82,2026-04-07
B_262,TXFB-100262,Withdrawn,,,1,835.4,2026-04-14
B_263,TXFB-100263,Bound,,,1,2195.87,2026-04-01
B_264,TXFB-100264,Bound,,,0,1246.08,2026-04-16
B_265,TXFB-100265,Draft,,,1,1795.15,2026-04-10
B_266,TXFB-100266,Canceled,INT_01,2026-04-22,1,2402.15,2026-04-10
B_267,TXFB-100267,Bound,,,1,1270.96,2026-04-16
B_268,TXFB-100268,Canceled,INT_01,2026-04-24,1,656.56,2026-04-08
B_269,TXFB-100269,Bound,,,1,530.7,2026-04-13
B_270,TXFB-100270,Bound,,,1,566.48,2026-04-10
B_271,TXFB-100271,Canceled,INT_07,2026-05-08,1,525.05,2026-04-15
B_272,TXFB-100272,Canceled,INT_04,2026-04-15,1,831.07,2026-04-03
B_273,TXFB-100273,Draft,,,1,1218.47,2026-04-02
B_274,TXFB-100274,Draft,,,1,1163.66,2026-04-06
B_275,TXFB-100275,Bound,,,1,3460.39,2026-04-15
B_276,TXFB-100276,Bound,,,1,1418.02,2026-04-14
B_277,TXFB-100277,Canceled,INT_06,2026-05-13,1,882.26,2026-04-16
B_278,TXFB-100278,Bound,,,1,2136.69,2026-04-15
B_279,TXFB-100279,Canceled,INT_08,2026-04-17,1,3073.87,2026-04-07
B_280,TXFB-100280,Canceled,INT_08,2026-04-12,1,2534.18,2026-04-11
B_281,TXFB-100281,Draft,,,1,1388.25,2026-04-05
B_282,TXFB-100282,Bound,,,1,2184.85,2026-04-11
B_283,TXFB-100283,Bound,,,1,2644.57,2026-04-11
B_284,TXFB-100284,Bound,,,1,2684.31,2026-04-12
B_285,TXFB-100285,Bound,,,1,2499.62,2026-04-13
B_286,TXFB-100286,Bound,,,1,3112.43,2026-04-05
B_287,TXFB-100287,Bound,,,1,3110.32,2026-04-12
B_288,TXFB-100288,Bound,,,0,2236.81,2026-04-04
B_289,TXFB-100289,Bound,,,0,1789.57,2026-04-11
B_290,TXFB-100290,Bound,,,1,2424.71,2026-04-08
B_291,TXFB-100291,Bound,,,1,2954.64,2026-04-15
B_292,TXFB-100292,Bound,,,1,516.96,2026-04-04
B_293,TXFB-100293,Canceled,INT_99,2026-04-30,0,3475.99,2026-04-09
B_294,TXFB-100294,Bound,,,0,1048.68,2026-04-15
B_295,TXFB-100295,Bound,,,1,1910.75,2026-04-08
B_296,TXFB-100296,Bound,,,1,3116.09,2026-04-05
B_297,TXFB-100297,Canceled,INT_99,2026-05-03,1,1175.12,2026-04-04
B_298,TXFB-100298,Bound,,,1,1930.39,2026-04-02
B_299,TXFB-100299,Bound,,,1,897.75,2026-04-10
B_300,TXFB-100300,Bound,,,0,1685.23,2026-04-13
B_301,TXFB-100301,Bound,,,1,1031.41,2026-04-14
B_302,TXFB-100302,Bound,,,0,1590.88,2026-04-08
B_303,TXFB-100303,Bound,,,1,1620.39,2026-04-06
B_304,TXFB-100304,Bound,,,1,3479.51,2026-04-11
B_305,TXFB-100305,Canceled,INT_05,2026-05-01,1,3484.44,2026-04-11
B_306,TXFB-100306,Withdrawn,,,1,844.36,2026-04-07
B_307,TXFB-100307,Bound,,,1,2677.91,2026-04-06
B_308,TXFB-100308,Bound,,,1,655.24,2026-04-16
B_309,TXFB-100309,Canceled,INT_07,2026-04-17,1,590.58,2026-04-15
B_310,TXFB-100310,Bound,,,1,816.0,2026-04-16
B_311,TXFB-100311,Bound,,,1,3396.46,2026-04-10
B_312,TXFB-100312,Bound,,,1,3322.59,2026-04-16
B_313,TXFB-100313,Bound,,,1,1081.78,2026-04-01
B_314,TXFB-100314,Withdrawn,,,1,985.02,2026-04-03
B_315,TXFB-100315,Canceled,INT_07,2026-05-10,1,1221.61,2026-04-13
B_316,TXFB-100316,Bound,,,1,2046.64,2026-04-15
B_317,TXFB-100317,Bound,,,1,2209.11,2026-04-08
B_318,TXFB-100318,Bound,,,1,1164.78,2026-04-07
B_319,TXFB-100319,Bound,,,1,2769.87,2026-04-12
B_320,TXFB-100320,Bound,,,1,1428.66,2026-04-02
B_321,TXFB-100321,Bound,,,1,3266.39,2026-04-02
B_322,TXFB-100322,Canceled,INT_03,2026-05-04,1,2470.17,2026-04-10
B_323,TXFB-100323,Bound,,,1,1809.05,2026-04-16
B_324,TXFB-100324,Bound,,,1,2869.74,2026-04-16
B_325,TXFB-100325,Withdrawn,,,0,2953.74,2026-04-10
B_326,TXFB-100326,Canceled,INT_02,2026-04-23,1,1371.44,2026-04-01
B_327,TXFB-100327,Bound,,,0,1519.14,2026-04-04
B_328,TXFB-100328,Bound,,,1,3307.87,2026-04-14
B_329,TXFB-100329,Bound,,,1,994.22,2026-04-05
B_330,TXFB-100330,Bound,,,1,626.45,2026-04-09
B_331,TXFB-100331,Bound,,,1,1862.17,2026-04-12
B_332,TXFB-100332,Canceled,INT_02,2026-05-09,1,2903.63,2026-04-13
B_333,TXFB-100333,Bound,,,0,2815.0,2026-04-12
B_334,TXFB-100334,Bound,,,1,3258.59,2026-04-02
B_335,TXFB-100335,Bound,,,1,2099.6,2026-04-13
B_336,TXFB-100336,Bound,,,1,800.19,2026-04-02
B_337,TXFB-100337,Draft,,,1,2266.07,2026-04-07
B_338,TXFB-100338,Canceled,INT_99,2026-04-14,1,2835.19,2026-04-12
B_339,TXFB-100339,Bound,,,1,779.98,2026-04-10
B_340,TXFB-100340,Bound,,,0,1017.97,2026-04-03
B_341,TXFB-100341,Bound,,,1,536.87,2026-04-13
B_342,TXFB-100342,Bound,,,1,2280.96,2026-04-15
B_343,TXFB-100343,Bound,,,0,3160.2,2026-04-09
B_344,TXFB-100344,Bound,,,1,2511.99,2026-04-04
B_345,TXFB-100345,Bound,,,1,3446.12,2026-04-05
B_346,TXFB-100346,Bound,,,1,689.1,2026-04-04
B_347,TXFB-100347,Bound,,,0,3209.0,2026-04-13
B_348,TXFB-100348,Bound,,,1,2942.2,2026-04-12
B_349,TXFB-100349,Bound,,,1,1442.72,2026-04-11
B_350,TXFB-100350,Bound,,,1,3420.58,2026-04-12
B_351,TXFB-100351,Bound,,,1,1363.81,2026-04-05
B_352,TXFB-100352,Draft,,,1,3167.91,2026-04-07
B_353,TXFB-100353,Bound,,,1,3142.25,2026-04-13
B_354,TXFB-100354,Bound,,,1,2772.97,2026-04-02
B_355,TXFB-100355,Bound,,,1,2190.41,2026-04-02
B_356,TXFB-100356,Bound,,,1,860.01,2026-04-02
B_357,TXFB-100357,Bound,,,1,2095.92,2026-04-05
B_358,TXFB-100358,Bound,,,1,1570.39,2026-04-11
B_359,TXFB-100359,Draft,,,1,2876.65,2026-04-16
B_360,TXFB-100360,Bound,,,1,2774.39,2026-04-15
B_361,TXFB-100361,Bound,,,1,3231.84,2026-04-05
B_362,TXFB-100362,Bound,,,1,544.49,2026-04-05
B_363,TXFB-100363,Bound,,,1,2927.31,2026-04-11
B_364,TXFB-100364,Bound,,,1,3315.39,2026-04-11
B_365,TXFB-100365,Draft,,,1,2867.9,2026-04-06
B_366,TXFB-100366,Bound,,,1,890.58,2026-04-13
B_367,TXFB-100367,Withdrawn,,,1,743.84,2026-04-10
B_368,TXFB-100368,Draft,,,1,562.54,2026-04-11
B_369,TXFB-100369,Bound,,,1,2386.24,2026-04-16
B_370,TXFB-100370,Bound,,,1,2389.02,2026-04-10
B_371,TXFB-100371,Bound,,,1,3460.74,2026-04-16
B_372,TXFB-100372,Bound,,,1,1694.13,2026-04-01
B_373,TXFB-100373,Bound,,,1,1495.72,2026-04-12
B_374,TXFB-100374,Bound,,,1,2373.27,2026-04-11
B_375,TXFB-100375,Bound,,,1,2976.83,2026-04-04
B_376,TXFB-100376,Bound,,,1,3310.32,2026-04-14
B_377,TXFB-100377,Canceled,INT_99,2026-05-03,1,2909.37,2026-04-10
B_378,TXFB-100378,Bound,,,1,1780.02,2026-04-01
B_379,TXFB-100379,Canceled,INT_02,2026-05-16,1,2404.74,2026-04-16
B_380,TXFB-100380,Bound,,,1,3068.9,2026-04-09
B_381,TXFB-100381,Bound,,,1,1971.83,2026-04-08
B_382,TXFB-100382,Bound,,,1,1150.06,2026-04-02
B_383,TXFB-100383,Bound,,,1,1009.17,2026-04-16
B_384,TXFB-100384,Draft,,,0,500.47,2026-04-06
B_385,TXFB-100385,Canceled,INT_08,2026-05-09,1,2654.71,2026-04-13
B_386,TXFB-100386,Canceled,INT_01,2026-04-27,1,833.29,2026-04-05
B_387,TXFB-100387,Bound,,,1,1231.52,2026-04-08
B_388,TXFB-100388,Bound,,,1,1393.63,2026-04-02
B_389,TXFB-100389,Canceled,INT_02,2026-04-12,1,2181.14,2026-04-04
B_390,TXFB-100390,Canceled,INT_05,2026-04-16,1,1693.87,2026-04-07
B_391,TXFB-100391,Withdrawn,,,1,2524.02,2026-04-01
B_392,TXFB-100392,Bound,,,1,666.92,2026-04-15
B_393,TXFB-100393,Bound,,,1,871.82,2026-04-11
B_394,TXFB-100394,Canceled,INT_06,2026-05-02,1,1997.63,2026-04-14
B_395,TXFB-100395,Bound,,,1,1510.89,2026-04-05
B_396,TXFB-100396,Draft,,,1,1387.44,2026-04-14
B_397,TXFB-100397,Draft,,,0,701.08,2026-04-07
B_398,TXFB-100398,Bound,,,1,3187.16,2026-04-14
B_399,TXFB-100399,Canceled,INT_99,2026-04-29,1,2575.46,2026-04-16
B_400,TXFB-100400,Canceled,INT_08,2026-04-12,1,864.85,2026-04-02
B_401,TXFB-100401,Bound,,,1,695.14,2026-04-05
B_402,TXFB-100402,Draft,,,1,3424.62,2026-04-07
B_403,TXFB-100403,Bound,,,1,2543.52,2026-04-11
B_404,TXFB-100404,Canceled,,2026-05-07,1,1752.37,2026-04-16
B_405,TXFB-100405,Bound,,,1,2605.19,2026-04-13
B_406,TXFB-100406,Draft,,,1,2769.0,2026-04-11
B_407,TXFB-100407,Bound,,,1,2839.89,2026-04-06
B_408,TXFB-100408,Bound,,,1,1933.63,2026-04-15
B_409,TXFB-100409,Draft,,,1,1789.65,2026-04-11
B_410,TXFB-100410,Bound,,,1,533.08,2026-04-12
B_411,TXFB-100411,Bound,,,1,3279.67,2026-04-09
B_412,TXFB-100412,Withdrawn,,,1,2309.92,2026-04-16
B_413,TXFB-100413,Withdrawn,,,1,1109.46,2026-04-07
B_414,TXFB-100414,Bound,,,0,3258.81,2026-04-08
B_415,TXFB-100415,Bound,,,0,3244.8,2026-04-09
B_416,TXFB-100416,Bound,,,1,3467.55,2026-04-10
B_417,TXFB-100417,Bound,,,1,3122.17,2026-04-08
B_418,TXFB-100418,Bound,,,1,3493.35,2026-04-10
B_419,TXFB-100419,Bound,,,1,1234.06,2026-04-10
B_420,TXFB-100420,Canceled,INT_05,2026-04-30,1,3026.75,2026-04-07
B_421,TXFB-100421,Canceled,INT_03,2026-04-28,1,2969.08,2026-04-16
B_422,TXFB-100422,Canceled,INT_02,2026-05-10,1,1192.82,2026-04-11
B_423,TXFB-100423,Bound,,,1,795.31,2026-04-16
B_424,TXFB-100424,Bound,,,1,3438.26,2026-04-12
B_425,TXFB-100425,Bound,,,1,1388.07,2026-04-09
B_426,TXFB-100426,Bound,,,1,3112.68,2026-04-10
B_427,TXFB-100427,Bound,,,1,512.38,2026-04-04
B_428,TXFB-100428,Draft,,,1,563.07,2026-04-13
B_429,TXFB-100429,Bound,,,1,1897.61,2026-04-13
B_430,TXFB-100430,Bound,,,1,1216.14,2026-04-12
B_431,TXFB-100431,Bound,,,1,2569.52,2026-04-05
B_432,TXFB-100432,Canceled,INT_05,2026-05-06,0,2196.69,2026-04-10
B_433,TXFB-100433,Bound,,,1,732.46,2026-04-02
B_434,TXFB-100434,Bound,,,0,987.88,2026-04-10
B_435,TXFB-100435,Bound,,,1,1664.15,2026-04-03
B_436,TXFB-100436,Canceled,INT_04,2026-05-04,1,1056.81,2026-04-12
B_437,TXFB-100437,Bound,,,1,2876.67,2026-04-15
B_438,TXFB-100438,Canceled,INT_99,2026-04-13,1,1748.21,2026-04-09
B_439,TXFB-100439,Canceled,INT_01,2026-05-04,0,780.3,2026-04-16
B_440,TXFB-100440,Bound,,,1,1953.03,2026-04-07
B_441,TXFB-100441,Bound,,,1,772.51,2026-04-07
B_442,TXFB-100442,Withdrawn,,,1,886.81,2026-04-09
B_443,TXFB-100443,Bound,,,1,1218.83,2026-04-09
B_444,TXFB-100444,Bound,,,1,3078.58,2026-04-05
B_445,TXFB-100445,Canceled,INT_08,2026-05-02,0,3273.84,2026-04-04
B_446,TXFB-100446,Draft,,,1,2978.77,2026-04-08
B_447,TXFB-100447,Withdrawn,,,1,1502.23,2026-04-08
B_448,TXFB-100448,Canceled,,2026-04-10,1,1317.34,2026-04-02
B_449,TXFB-100449,Bound,,,1,2147.47,2026-04-08
B_450,TXFB-100450,Bound,,,1,2665.56,2026-04-08
B_451,TXFB-100451,Canceled,INT_05,2026-04-30,1,3480.12,2026-04-02
B_452,TXFB-100452,Bound,,,1,894.71,2026-04-04
B_453,TXFB-100453,Bound,,,1,647.88,2026-04-14
B_454,TXFB-100454,Draft,,,1,2583.07,2026-04-11
B_455,TXFB-100455,Bound,,,1,2996.68,2026-04-16
B_456,TXFB-100456,Bound,,,1,3039.05,2026-04-04
B_457,TXFB-100457,Bound,,,1,2535.39,2026-04-05
B_458,TXFB-100458,Bound,,,1,3362.05,2026-04-01
B_459,TXFB-100459,Bound,,,1,2033.01,2026-04-06
B_460,TXFB-100460,Bound,,,1,3241.44,2026-04-14
B_461,TXFB-100461,Bound,,,1,3403.44,2026-04-16
B_462,TXFB-100462,Bound,,,1,3041.47,2026-04-16
B_463,TXFB-100463,Canceled,INT_04,2026-04-22,0,1429.28,2026-04-07
B_464,TXFB-100464,Bound,,,1,1088.65,2026-04-10
B_465,TXFB-100465,Withdrawn,,,1,2144.36,2026-04-11
B_466,TXFB-100466,Bound,,,1,1859.04,2026-04-10
B_467,TXFB-100467,Bound,,,1,3133.28,2026-04-02
B_468,TXFB-100468,Draft,,,1,800.1,2026-04-03
B_469,TXFB-100469,Bound,,,1,1273.22,2026-04-08
B_470,TXFB-100470,Withdrawn,,,1,2755.4,2026-04-02
B_471,TXFB-100471,Bound,,,1,784.96,2026-04-06
B_472,TXFB-100472,Withdrawn,,,1,1462.29,2026-04-14
B_473,TXFB-100473,Bound,,,0,1661.47,2026-04-06
B_474,TXFB-100474,Draft,,,1,2367.78,2026-04-02
B_475,TXFB-100475,Bound,,,0,974.4,2026-04-13
B_476,TXFB-100476,Withdrawn,,,1,3081.81,2026-04-16
B_477,TXFB-100477,Bound,,,1,1842.63,2026-04-06
B_478,TXFB-100478,Bound,,,1,3251.07,2026-04-10
B_479,TXFB-100479,Withdrawn,,,1,1903.61,2026-04-02
B_480,TXFB-100480,Bound,,,1,1325.12,2026-04-01
B_481,TXFB-100481,Bound,,,1,925.49,2026-04-10
B_482,TXFB-100482,Bound,,,1,511.24,2026-04-04
B_483,TXFB-100483,Bound,,,1,2096.47,2026-04-11
B_484,TXFB-100484,Bound,,,1,821.47,2026-04-10
B_485,TXFB-100485,Bound,,,1,1675.18,2026-04-15
B_486,TXFB-100486,Draft,,,1,2267.82,2026-04-16
B_487,TXFB-100487,Bound,,,1,1327.06,2026-04-05
B_488,TXFB-100488,Bound,,,1,1025.67,2026-04-15
B_489,TXFB-100489,Withdrawn,,,1,2824.16,2026-04-09
B_490,TXFB-100490,Draft,,,1,3340.37,2026-04-07
B_491,TXFB-100491,Bound,,,1,801.32,2026-04-04
B_492,TXFB-100492,Bound,,,1,966.77,2026-04-11
B_493,TXFB-100493,Bound,,,1,3380.04,2026-04-06
B_494,TXFB-100494,Bound,,,1,613.35,2026-04-15
B_495,TXFB-100495,Bound,,,1,3432.9,2026-04-09
B_496,TXFB-100496,Bound,,,1,513.93,2026-04-06
B_497,TXFB-100497,Bound,,,1,3121.01,2026-04-01
B_498,TXFB-100498,Bound,,,1,1421.98,2026-04-11
B_499,TXFB-100499,Withdrawn,,,1,3315.77,2026-04-10
B_500,TXFB-100500,Withdrawn,,,1,1450.84,2026-04-07
B_501,TXFB-100501,Bound,,,1,2462.92,2026-04-06
B_502,TXFB-100502,Bound,,,0,740.1,2026-04-13
B_503,TXFB-100503,Bound,,,1,1226.99,2026-04-14
B_504,TXFB-100504,Canceled,INT_02,2026-04-24,1,2821.04,2026-04-11
B_505,TXFB-100505,Bound,,,1,2086.06,2026-04-03
B_506,TXFB-100506,Bound,,,1,3283.91,2026-04-13
B_507,TXFB-100507,Draft,,,1,1786.25,2026-04-04
B_508,TXFB-100508,Canceled,,2026-04-07,1,3109.44,2026-04-06
B_509,TXFB-100509,Draft,,,1,1846.87,2026-04-05
B_510,TXFB-100510,Canceled,INT_02,2026-05-16,1,3437.74,2026-04-16
B_511,TXFB-100511,Bound,,,1,3379.5,2026-04-11
B_512,TXFB-100512,Bound,,,1,1487.41,2026-04-08
B_513,TXFB-100513,Draft,,,1,3157.77,2026-04-01
B_514,TXFB-100514,Draft,,,1,3042.83,2026-04-09
B_515,TXFB-100515,Bound,,,1,1132.04,2026-04-13
B_516,TXFB-100516,Bound,,,1,2372.87,2026-04-08
B_517,TXFB-100517,Bound,,,1,718.05,2026-04-15
B_518,TXFB-100518,Canceled,INT_03,2026-04-22,1,3010.13,2026-04-09
B_519,TXFB-100519,Withdrawn,,,1,1023.64,2026-04-11
B_520,TXFB-100520,Bound,,,1,712.44,2026-04-10
B_521,TXFB-100521,Bound,,,1,1700.66,2026-04-01
B_522,TXFB-100522,Bound,,,1,2230.77,2026-04-09
B_523,TXFB-100523,Withdrawn,,,1,3064.75,2026-04-12
B_524,TXFB-100524,Canceled,INT_99,2026-05-08,1,3422.73,2026-04-08
B_525,TXFB-100525,Canceled,INT_03,2026-05-02,1,1818.48,2026-04-02
B_526,TXFB-100526,Bound,,,0,681.34,2026-04-04
B_527,TXFB-100527,Bound,,,1,2747.35,2026-04-15
B_528,TXFB-100528,Bound,,,0,2195.52,2026-04-10
B_529,TXFB-100529,Bound,,,1,1843.67,2026-04-06
B_530,TXFB-100530,Draft,,,1,1427.81,2026-04-13
B_531,TXFB-100531,Canceled,INT_07,2026-04-19,1,2007.2,2026-04-10
B_532,TXFB-100532,Withdrawn,,,1,1516.04,2026-04-04
B_533,TXFB-100533,Withdrawn,,,1,2771.04,2026-04-10
B_534,TXFB-100534,Bound,,,1,2131.68,2026-04-12
B_535,TXFB-100535,Canceled,INT_04,2026-04-18,1,3130.54,2026-04-08
B_536,TXFB-100536,Draft,,,1,2130.63,2026-04-08
B_537,TXFB-100537,Canceled,INT_07,2026-04-08,1,1214.79,2026-04-05
B_538,TXFB-100538,Bound,,,1,3053.28,2026-04-16
B_539,TXFB-100539,Bound,,,1,2171.66,2026-04-05
B_540,TXFB-100540,Bound,,,1,1120.52,2026-04-15
B_541,TXFB-100541,Withdrawn,,,1,2370.52,2026-04-12
B_542,TXFB-100542,Bound,,,1,1573.15,2026-04-14
B_543,TXFB-100543,Bound,,,1,3033.22,2026-04-16
B_544,TXFB-100544,Bound,,,1,1859.9,2026-04-07
B_545,TXFB-100545,Bound,,,1,2679.32,2026-04-08
B_546,TXFB-100546,Bound,,,0,786.61,2026-04-03
B_547,TXFB-100547,Bound,,,1,1688.07,2026-04-15
B_548,TXFB-100548,Bound,,,0,3449.72,2026-04-12
B_549,TXFB-100549,Bound,,,1,2925.38,2026-04-03
B_550,TXFB-100550,Canceled,INT_06,2026-05-04,1,979.82,2026-04-04
B_551,TXFB-100551,Bound,,,1,1333.29,2026-04-02
B_552,TXFB-100552,Draft,,,1,1489.45,2026-04-07
B_553,TXFB-100553,Bound,,,1,2451.1,2026-04-05
B_554,TXFB-100554,Bound,,,1,2770.98,2026-04-06
B_555,TXFB-100555,Draft,,,1,2748.58,2026-04-11
B_556,TXFB-100556,Bound,,,1,2029.62,2026-04-15
B_557,TXFB-100557,Bound,,,1,2932.46,2026-04-04
B_558,TXFB-100558,Bound,,,1,1811.23,2026-04-07
B_559,TXFB-100559,Canceled,INT_08,2026-05-13,1,871.64,2026-04-16
B_560,TXFB-100560,Bound,,,1,2193.33,2026-04-03
B_561,TXFB-100561,Canceled,INT_99,2026-05-10,1,3356.9,2026-04-15
B_562,TXFB-100562,Bound,,,1,2878.98,2026-04-02
B_563,TXFB-100563,Bound,,,1,2236.1,2026-04-15
B_564,TXFB-100564,Bound,,,1,2440.42,2026-04-05
B_565,TXFB-100565,Bound,,,1,3291.69,2026-04-14
B_566,TXFB-100566,Bound,,,0,1785.03,2026-04-15
B_567,TXFB-100567,Bound,,,1,1494.18,2026-04-02
B_568,TXFB-100568,Bound,,,1,3431.72,2026-04-15
B_569,TXFB-100569,Draft,,,1,3090.33,2026-04-10
B_570,TXFB-100570,Bound,,,1,1469.13,2026-04-01
B_571,TXFB-100571,Bound,,,1,1891.34,2026-04-13
B_572,TXFB-100572,Canceled,INT_06,2026-04-17,0,1745.23,2026-04-09
B_573,TXFB-100573,Bound,,,1,947.29,2026-04-01
B_574,TXFB-100574,Bound,,,1,3373.46,2026-04-07
B_575,TXFB-100575,Draft,,,1,1712.94,2026-04-03
B_576,TXFB-100576,Draft,,,1,3125.99,2026-04-02
B_577,TXFB-100577,Bound,,,1,1068.07,2026-04-14
B_578,TXFB-100578,Draft,,,1,2143.61,2026-04-12
B_579,TXFB-100579,Bound,,,1,571.88,2026-04-03
B_580,TXFB-100580,Bound,,,1,2792.66,2026-04-02
B_581,TXFB-100581,Bound,,,0,2242.74,2026-04-03
B_582,TXFB-100582,Withdrawn,,,1,2376.77,2026-04-16
B_583,TXFB-100583,Bound,,,1,655.16,2026-04-02
B_584,TXFB-100584,Bound,,,1,1133.11,2026-04-10
B_585,TXFB-100585,Bound,,,1,722.99,2026-04-14
B_586,TXFB-100586,Bound,,,0,1366.74,2026-04-06
B_587,TXFB-100587,Bound,,,1,2382.32,2026-04-05
B_588,TXFB-100588,Bound,,,1,2198.56,2026-04-14
B_589,TXFB-100589,Bound,,,1,2336.45,2026-04-12
B_590,TXFB-100590,Bound,,,1,2147.75,2026-04-13
B_591,TXFB-100591,Bound,,,1,1319.09,2026-04-15
B_592,TXFB-100592,Bound,,,1,1233.52,2026-04-13
B_593,TXFB-100593,Bound,,,0,911.18,2026-04-13
B_594,TXFB-100594,Bound,,,1,3047.21,2026-04-03
B_595,TXFB-100595,Draft,,,1,2349.44,2026-04-05
B_596,TXFB-100596,Bound,,,1,1059.53,2026-04-12
B_597,TXFB-100597,Bound,,,1,1031.63,2026-04-04
B_598,TXFB-100598,Bound,,,1,3119.11,2026-04-06
B_599,TXFB-100599,Bound,,,1,2728.19,2026-04-13
B_600,TXFB-100600,Bound,,,1,2478.2,2026-04-05
B_601,TXFB-100601,Bound,,,1,1720.59,2026-04-08
B_602,TXFB-100602,Bound,,,1,1285.93,2026-04-01
B_603,TXFB-100603,Bound,,,1,3438.35,2026-04-01
B_604,TXFB-100604,Bound,,,1,2891.72,2026-04-10
B_605,TXFB-100605,Bound,,,0,1405.34,2026-04-15
B_606,TXFB-100606,Bound,,,1,3042.69,2026-04-14
B_607,TXFB-100607,Bound,,,1,2776.8,2026-04-13
B_608,TXFB-100608,Bound,,,1,1391.24,2026-04-08
B_609,TXFB-100609,Bound,,,1,1779.66,2026-04-08
B_610,TXFB-100610,Bound,,,1,1057.86,2026-04-15
B_611,TXFB-100611,Bound,,,0,833.16,2026-04-12
B_612,TXFB-100612,Canceled,,2026-04-15,1,2668.29,2026-04-05
B_613,TXFB-100613,Bound,,,1,1302.54,2026-04-09
B_614,TXFB-100614,Bound,,,1,2960.18,2026-04-07
B_615,TXFB-100615,Draft,,,1,3486.83,2026-04-04
B_616,TXFB-100616,Draft,,,1,729.86,2026-04-02
B_617,TXFB-100617,Bound,,,1,1919.11,2026-04-14
B_618,TXFB-100618,Bound,,,1,2906.19,2026-04-01
B_619,TXFB-100619,Canceled,INT_04,2026-04-15,1,2866.85,2026-04-08
B_620,TXFB-100620,Canceled,,2026-05-05,1,2779.99,2026-04-07
B_621,TXFB-100621,Bound,,,1,1546.98,2026-04-03
B_622,TXFB-100622,Bound,,,1,1861.56,2026-04-04
B_623,TXFB-100623,Bound,,,1,2284.91,2026-04-02
B_624,TXFB-100624,Bound,,,1,3421.82,2026-04-15
B_625,TXFB-100625,Bound,,,0,1482.64,2026-04-02
B_626,TXFB-100626,Bound,,,1,3269.43,2026-04-08
B_627,TXFB-100627,Bound,,,1,1308.07,2026-04-02
B_628,TXFB-100628,Canceled,INT_01,2026-05-12,1,3467.22,2026-04-13
B_629,TXFB-100629,Bound,,,1,2510.79,2026-04-15
B_630,TXFB-100630,Bound,,,0,1890.53,2026-04-08
B_631,TXFB-100631,Canceled,INT_01,2026-04-13,1,2340.17,2026-04-07
B_632,TXFB-100632,Draft,,,1,1317.59,2026-04-02
B_633,TXFB-100633,Bound,,,1,1322.52,2026-04-05
B_634,TXFB-100634,Bound,,,1,840.66,2026-04-10
B_635,TXFB-100635,Bound,,,1,842.15,2026-04-08
B_636,TXFB-100636,Bound,,,0,1543.02,2026-04-11
B_637,TXFB-100637,Bound,,,1,2788.57,2026-04-11
B_638,TXFB-100638,Bound,,,1,2323.91,2026-04-08
B_639,TXFB-100639,Bound,,,0,807.75,2026-04-10
B_640,TXFB-100640,Bound,,,0,3056.71,2026-04-05
B_641,TXFB-100641,Bound,,,1,2304.1,2026-04-08
B_642,TXFB-100642,Bound,,,1,3382.57,2026-04-14
B_643,TXFB-100643,Bound,,,1,2510.56,2026-04-10
B_644,TXFB-100644,Bound,,,1,1025.52,2026-04-09
B_645,TXFB-100645,Bound,,,1,1921.35,2026-04-02
B_646,TXFB-100646,Draft,,,1,2445.49,2026-04-06
B_647,TXFB-100647,Bound,,,0,584.79,2026-04-14
B_648,TXFB-100648,Bound,,,1,544.73,2026-04-16
B_649,TXFB-100649,Canceled,INT_02,2026-05-02,1,888.21,2026-04-02
B_650,TXFB-100650,Bound,,,1,1254.99,2026-04-12
B_651,TXFB-100651,Bound,,,1,1788.65,2026-04-13
B_652,TXFB-100652,Bound,,,1,1962.32,2026-04-11
B_653,TXFB-100653,Bound,,,1,914.08,2026-04-14
B_654,TXFB-100654,Canceled,INT_05,2026-04-29,1,2520.17,2026-04-14
B_655,TXFB-100655,Bound,,,1,2288.41,2026-04-05
B_656,TXFB-100656,Bound,,,1,1383.39,2026-04-10
B_657,TXFB-100657,Bound,,,1,540.98,2026-04-13
B_658,TXFB-100658,Bound,,,1,732.94,2026-04-06
B_659,TXFB-100659,Bound,,,1,1675.08,2026-04-16
B_660,TXFB-100660,Bound,,,1,961.92,2026-04-08
B_661,TXFB-100661,Bound,,,1,1630.46,2026-04-08
B_662,TXFB-100662,Withdrawn,,,1,2384.55,2026-04-10
B_663,TXFB-100663,Bound,,,1,2141.71,2026-04-05
B_664,TXFB-100664,Bound,,,1,1193.53,2026-04-15
B_665,TXFB-100665,Bound,,,1,1531.47,2026-04-02
B_666,TXFB-100666,Bound,,,1,2342.09,2026-04-14
B_667,TXFB-100667,Bound,,,1,3082.57,2026-04-14
B_668,TXFB-100668,Bound,,,1,2759.64,2026-04-05
B_669,TXFB-100669,Bound,,,0,2160.2,2026-04-13
B_670,TXFB-100670,Bound,,,1,1586.88,2026-04-08
B_671,TXFB-100671,Bound,,,1,1595.15,2026-04-09
B_672,TXFB-100672,Draft,,,1,3138.25,2026-04-07
B_673,TXFB-100673,Bound,,,1,617.73,2026-04-11
B_674,TXFB-100674,Bound,,,1,3463.95,2026-04-03
B_675,TXFB-100675,Bound,,,1,2493.13,2026-04-15
B_676,TXFB-100676,Withdrawn,,,0,2543.41,2026-04-12
B_677,TXFB-100677,Bound,,,1,613.99,2026-04-03
B_678,TXFB-100678,Bound,,,1,2316.59,2026-04-07
B_679,TXFB-100679,Withdrawn,,,1,1954.33,2026-04-02
B_680,TXFB-100680,Draft,,,1,817.34,2026-04-09
B_681,TXFB-100681,Canceled,INT_04,2026-05-04,1,1333.77,2026-04-13
B_682,TXFB-100682,Bound,,,1,3170.94,2026-04-02
B_683,TXFB-100683,Bound,,,1,2149.97,2026-04-03
B_684,TXFB-100684,Bound,,,1,1740.25,2026-04-07
B_685,TXFB-100685,Draft,,,1,718.05,2026-04-07
B_686,TXFB-100686,Bound,,,1,2642.36,2026-04-16
B_687,TXFB-100687,Bound,,,1,2608.55,2026-04-07
B_688,TXFB-100688,Bound,,,1,2342.13,2026-04-11
B_689,TXFB-100689,Canceled,INT_08,2026-04-21,1,2030.79,2026-04-10
B_690,TXFB-100690,Bound,,,1,1801.35,2026-04-01
B_691,TXFB-100691,Bound,,,1,2279.81,2026-04-07
B_692,TXFB-100692,Bound,,,1,1200.19,2026-04-07
B_693,TXFB-100693,Bound,,,1,3323.78,2026-04-04
B_694,TXFB-100694,Bound,,,1,2266.38,2026-04-16
B_695,TXFB-100695,Bound,,,1,1433.58,2026-04-08
B_696,TXFB-100696,Bound,,,1,1849.04,2026-04-07
B_697,TXFB-100697,Bound,,,1,2917.05,2026-04-13
B_698,TXFB-100698,Bound,,,1,984.85,2026-04-08
B_699,TXFB-100699,Bound,,,1,1378.51,2026-04-11
B_700,TXFB-100700,Bound,,,1,2538.52,2026-04-10
B_701,TXFB-100701,Bound,,,1,1446.47,2026-04-13
B_702,TXFB-100702,Bound,,,1,2877.51,2026-04-15
B_703,TXFB-100703,Bound,,,1,891.36,2026-04-12
B_704,TXFB-100704,Bound,,,1,2788.06,2026-04-10
B_705,TXFB-100705,Bound,,,1,705.06,2026-04-09
B_706,TXFB-100706,Withdrawn,,,1,537.78,2026-04-12
B_707,TXFB-100707,Bound,,,1,3194.67,2026-04-16
B_708,TXFB-100708,Canceled,INT_08,2026-05-14,1,2244.02,2026-04-15
B_709,TXFB-100709,Bound,,,1,1555.48,2026-04-04
B_710,TXFB-100710,Bound,,,1,1197.78,2026-04-16
B_711,TXFB-100711,Canceled,INT_04,2026-05-07,1,2350.66,2026-04-11
B_712,TXFB-100712,Bound,,,1,2027.01,2026-04-07
B_713,TXFB-100713,Bound,,,1,3474.79,2026-04-12
B_714,TXFB-100714,Bound,,,1,3449.65,2026-04-11
B_715,TXFB-100715,Bound,,,1,2405.07,2026-04-14
B_716,TXFB-100716,Draft,,,1,1828.61,2026-04-02
B_717,TXFB-100717,Canceled,,2026-05-03,1,1973.42,2026-04-08
B_718,TXFB-100718,Withdrawn,,,1,2547.44,2026-04-05
B_719,TXFB-100719,Bound,,,0,804.72,2026-04-01
B_720,TXFB-100720,Canceled,INT_06,2026-04-30,1,1485.06,2026-04-09
B_721,TXFB-100721,Draft,,,1,725.82,2026-04-14
B_722,TXFB-100722,Bound,,,1,720.08,2026-04-10
B_723,TXFB-100723,Bound,,,1,1087.52,2026-04-05
B_724,TXFB-100724,Canceled,INT_08,2026-04-21,1,1955.76,2026-04-07
B_725,TXFB-100725,Bound,,,1,2854.32,2026-04-11
B_726,TXFB-100726,Canceled,INT_01,2026-05-04,1,1956.49,2026-04-08
B_727,TXFB-100727,Bound,,,1,1506.43,2026-04-13
B_728,TXFB-100728,Canceled,INT_02,2026-04-10,0,747.06,2026-04-08
B_729,TXFB-100729,Bound,,,1,2150.89,2026-04-16
B_730,TXFB-100730,Bound,,,1,1313.81,2026-04-11
B_731,TXFB-100731,Bound,,,1,2344.8,2026-04-09
B_732,TXFB-100732,Canceled,,2026-04-25,1,3431.56,2026-04-16
B_733,TXFB-100733,Bound,,,1,833.94,2026-04-16
B_734,TXFB-100734,Bound,,,1,1136.38,2026-04-15
B_735,TXFB-100735,Bound,,,1,1919.28,2026-04-06
B_736,TXFB-100736,Draft,,,1,3405.84,2026-04-12
B_737,TXFB-100737,Bound,,,1,2815.43,2026-04-06
B_738,TXFB-100738,Canceled,INT_02,2026-05-03,1,3194.69,2026-04-05
B_739,TXFB-100739,Bound,,,0,1501.14,2026-04-16
B_740,TXFB-100740,Bound,,,1,3476.12,2026-04-06
B_741,TXFB-100741,Bound,,,1,808.5,2026-04-02
B_742,TXFB-100742,Bound,,,1,658.92,2026-04-02
B_743,TXFB-100743,Canceled,INT_04,2026-04-06,1,3066.81,2026-04-03
B_744,TXFB-100744,Bound,,,1,3281.79,2026-04-02
B_745,TXFB-100745,Bound,,,1,771.76,2026-04-01
B_746,TXFB-100746,Draft,,,1,840.28,2026-04-14
B_747,TXFB-100747,Bound,,,1,599.52,2026-04-05
B_748,TXFB-100748,Bound,,,1,813.52,2026-04-08
B_749,TXFB-100749,Draft,,,1,1128.26,2026-04-03
B_750,TXFB-100750,Bound,,,1,3410.23,2026-04-05
B_751,TXFB-100751,Bound,,,1,2503.58,2026-04-01
B_752,TXFB-100752,Draft,,,1,2835.66,2026-04-07
B_753,TXFB-100753,Bound,,,1,2828.42,2026-04-15
B_754,TXFB-100754,Bound,,,1,2105.22,2026-04-12
B_755,TXFB-100755,Bound,,,1,2892.47,2026-04-02
B_756,TXFB-100756,Canceled,INT_03,2026-05-13,1,2287.42,2026-04-16
B_757,TXFB-100757,Bound,,,1,1443.64,2026-04-16
B_758,TXFB-100758,Bound,,,1,2183.33,2026-04-01
B_759,TXFB-100759,Draft,,,1,2100.53,2026-04-01
B_760,TXFB-100760,Canceled,INT_05,2026-05-09,1,2970.36,2026-04-14
B_761,TXFB-100761,Bound,,,1,3445.18,2026-04-01
B_762,TXFB-100762,Bound,,,1,1733.13,2026-04-01
B_763,TXFB-100763,Bound,,,1,2790.17,2026-04-09
B_764,TXFB-100764,Canceled,INT_02,2026-04-26,1,799.29,2026-04-10
B_765,TXFB-100765,Bound,,,1,2830.49,2026-04-01
B_766,TXFB-100766,Bound,,,1,1614.25,2026-04-14
B_767,TXFB-100767,Canceled,INT_02,2026-04-22,1,618.17,2026-04-06
B_768,TXFB-100768,Draft,,,0,1589.74,2026-04-04
B_769,TXFB-100769,Bound,,,1,2331.93,2026-04-04
B_770,TXFB-100770,Canceled,,2026-04-29,1,857.75,2026-04-05
B_771,TXFB-100771,Bound,,,1,3272.1,2026-04-08
B_772,TXFB-100772,Canceled,INT_01,2026-04-21,1,733.02,2026-04-07
B_773,TXFB-100773,Bound,,,1,3290.02,2026-04-09
B_774,TXFB-100774,Bound,,,1,2621.41,2026-04-12
B_775,TXFB-100775,Canceled,INT_04,2026-05-09,0,1489.14,2026-04-09
B_776,TXFB-100776,Bound,,,1,1672.25,2026-04-13
B_777,TXFB-100777,Bound,,,1,2722.43,2026-04-03
B_778,TXFB-100778,Canceled,INT_99,2026-05-09,1,2304.41,2026-04-12
B_779,TXFB-100779,Canceled,INT_04,2026-04-24,1,2514.93,2026-04-13
B_780,TXFB-100780,Bound,,,1,1667.49,2026-04-15
B_781,TXFB-100781,Bound,,,1,1963.44,2026-04-08
B_782,TXFB-100782,Bound,,,1,3469.6,2026-04-08
B_783,TXFB-100783,Bound,,,1,1141.77,2026-04-10
B_784,TXFB-100784,Bound,,,1,1753.57,2026-04-03
B_785,TXFB-100785,Bound,,,0,1375.47,2026-04-02
B_786,TXFB-100786,Draft,,,1,2795.33,2026-04-03
B_787,TXFB-100787,Bound,,,1,2792.04,2026-04-13
B_788,TXFB-100788,Bound,,,1,1377.34,2026-04-13
B_789,TXFB-100789,Bound,,,1,744.17,2026-04-13
B_790,TXFB-100790,Draft,,,1,534.3,2026-04-16
B_791,TXFB-100791,Bound,,,1,1782.35,2026-04-02
B_792,TXFB-100792,Bound,,,1,1731.01,2026-04-01
B_793,TXFB-100793,Bound,,,1,3465.17,2026-04-06
B_794,TXFB-100794,Bound,,,1,1909.41,2026-04-03
B_795,TXFB-100795,Bound,,,1,1269.26,2026-04-16
B_796,TXFB-100796,Draft,,,1,3173.69,2026-04-14
B_797,TXFB-100797,Draft,,,1,1973.2,2026-04-11
B_798,TXFB-100798,Bound,,,1,2297.53,2026-04-04
B_799,TXFB-100799,Bound,,,1,787.01,2026-04-02
B_800,TXFB-100800,Draft,,,1,1648.75,2026-04-08
B_801,TXFB-100801,Canceled,INT_01,2026-04-30,1,3332.67,2026-04-07
B_802,TXFB-100802,Bound,,,1,2268.52,2026-04-16
B_803,TXFB-100803,Bound,,,1,1533.51,2026-04-09
B_804,TXFB-100804,Bound,,,1,2377.0,2026-04-02
B_805,TXFB-100805,Bound,,,1,3231.23,2026-04-03
B_806,TXFB-100806,Canceled,INT_99,2026-04-23,0,1321.97,2026-04-09
B_807,TXFB-100807,Draft,,,1,2015.35,2026-04-02
B_808,TXFB-100808,Draft,,,1,3376.07,2026-04-06
B_809,TXFB-100809,Bound,,,1,1017.19,2026-04-11
B_810,TXFB-100810,Bound,,,1,2658.99,2026-04-01
B_811,TXFB-100811,Withdrawn,,,1,2343.44,2026-04-07
B_812,TXFB-100812,Canceled,,2026-05-04,1,2539.03,2026-04-05
B_813,TXFB-100813,Bound,,,1,1553.66,2026-04-13
B_814,TXFB-100814,Draft,,,1,1441.64,2026-04-03
B_815,TXFB-100815,Draft,,,0,2552.63,2026-04-10
B_816,TXFB-100816,Bound,,,0,1146.63,2026-04-06
B_817,TXFB-100817,Bound,,,1,1758.96,2026-04-08
B_818,TXFB-100818,Bound,,,1,1064.52,2026-04-13
B_819,TXFB-100819,Bound,,,1,524.91,2026-04-11
B_820,TXFB-100820,Bound,,,1,3410.17,2026-04-13
B_821,TXFB-100821,Canceled,INT_08,2026-05-05,1,1795.11,2026-04-05
B_822,TXFB-100822,Bound,,,1,3408.05,2026-04-03
B_823,TXFB-100823,Bound,,,1,920.97,2026-04-12
B_824,TXFB-100824,Bound,,,1,2262.1,2026-04-02
B_825,TXFB-100825,Bound,,,1,1102.92,2026-04-04
B_826,TXFB-100826,Draft,,,1,2870.22,2026-04-14
B_827,TXFB-100827,Bound,,,1,2851.11,2026-04-08
B_828,TXFB-100828,Bound,,,0,837.82,2026-04-03
B_829,TXFB-100829,Canceled,INT_08,2026-05-08,1,3236.19,2026-04-11
B_830,TXFB-100830,Bound,,,1,1083.89,2026-04-13
B_831,TXFB-100831,Bound,,,1,2338.93,2026-04-11
B_832,TXFB-100832,Bound,,,1,3456.9,2026-04-01
B_833,TXFB-100833,Bound,,,1,3147.19,2026-04-09
B_834,TXFB-100834,Bound,,,1,3369.69,2026-04-15
B_835,TXFB-100835,Bound,,,1,1527.8,2026-04-16
B_836,TXFB-100836,Bound,,,1,816.73,2026-04-08
B_837,TXFB-100837,Draft,,,1,1065.04,2026-04-12
B_838,TXFB-100838,Bound,,,1,2001.48,2026-04-13
B_839,TXFB-100839,Bound,,,1,2879.69,2026-04-14
B_840,TXFB-100840,Bound,,,1,950.46,2026-04-06
B_841,TXFB-100841,Bound,,,1,2479.19,2026-04-13
B_842,TXFB-100842,Bound,,,1,1470.73,2026-04-03
B_843,TXFB-100843,Bound,,,0,1523.61,2026-04-10
B_844,TXFB-100844,Withdrawn,,,0,2485.75,2026-04-08
B_845,TXFB-100845,Bound,,,1,1901.0,2026-04-03
B_846,TXFB-100846,Bound,,,1,2936.1,2026-04-03
B_847,TXFB-100847,Bound,,,1,967.76,2026-04-09
B_848,TXFB-100848,Withdrawn,,,1,2869.84,2026-04-05
B_849,TXFB-100849,Bound,,,1,692.71,2026-04-13
B_850,TXFB-100850,Bound,,,1,1082.16,2026-04-05
B_851,TXFB-100851,Bound,,,1,2468.45,2026-04-13
B_852,TXFB-100852,Canceled,INT_99,2026-04-15,1,3064.78,2026-04-11
B_853,TXFB-100853,Bound,,,1,1258.04,2026-04-12
B_854,TXFB-100854,Draft,,,1,1481.57,2026-04-04
B_855,TXFB-100855,Bound,,,1,2111.36,2026-04-03
B_856,TXFB-100856,Bound,,,1,1134.72,2026-04-01
B_857,TXFB-100857,Bound,,,1,2933.47,2026-04-10
B_858,TXFB-100858,Bound,,,0,2820.91,2026-04-15
B_859,TXFB-100859,Bound,,,0,935.88,2026-04-12
B_860,TXFB-100860,Bound,,,1,1891.49,2026-04-09
B_861,TXFB-100861,Canceled,INT_01,2026-05-01,1,2824.48,2026-04-04
B_862,TXFB-100862,Bound,,,1,1511.99,2026-04-05
B_863,TXFB-100863,Bound,,,0,2399.32,2026-04-03
B_864,TXFB-100864,Bound,,,1,650.64,2026-04-06
B_865,TXFB-100865,Bound,,,1,2326.07,2026-04-14
B_866,TXFB-100866,Bound,,,1,957.96,2026-04-15
B_867,TXFB-100867,Bound,,,1,2991.75,2026-04-14
B_868,TXFB-100868,Bound,,,1,1566.35,2026-04-04
B_869,TXFB-100869,Draft,,,1,1344.66,2026-04-01
B_870,TXFB-100870,Draft,,,1,3022.67,2026-04-03
B_871,TXFB-100871,Bound,,,1,650.43,2026-04-12
B_872,TXFB-100872,Bound,,,1,1689.83,2026-04-03
B_873,TXFB-100873,Bound,,,1,1610.01,2026-04-11
B_874,TXFB-100874,Bound,,,1,1354.4,2026-04-13
B_875,TXFB-100875,Bound,,,1,3235.26,2026-04-01
B_876,TXFB-100876,Bound,,,1,2752.79,2026-04-10
B_877,TXFB-100877,Canceled,INT_01,2026-04-20,1,691.77,2026-04-14
B_878,TXFB-100878,Bound,,,1,2644.06,2026-04-13
B_879,TXFB-100879,Bound,,,1,2081.9,2026-04-03
B_880,TXFB-100880,Bound,,,1,3202.6,2026-04-08
B_881,TXFB-100881,Bound,,,1,1438.84,2026-04-06
B_882,TXFB-100882,Bound,,,1,2222.49,2026-04-13
B_883,TXFB-100883,Bound,,,1,2002.27,2026-04-06
B_884,TXFB-100884,Bound,,,1,1968.68,2026-04-05
B_885,TXFB-100885,Canceled,INT_01,2026-05-02,1,1868.32,2026-04-09
B_886,TXFB-100886,Bound,,,1,1116.89,2026-04-10
B_887,TXFB-100887,Bound,,,1,2767.13,2026-04-09
B_888,TXFB-100888,Bound,,,1,1854.01,2026-04-16
B_889,TXFB-100889,Bound,,,1,3375.55,2026-04-05
B_890,TXFB-100890,Bound,,,1,1282.43,2026-04-03
B_891,TXFB-100891,Canceled,,2026-04-15,1,2548.23,2026-04-06
B_892,TXFB-100892,Draft,,,1,3322.15,2026-04-14
B_893,TXFB-100893,Canceled,INT_03,2026-04-26,1,2490.37,2026-04-09
B_894,TXFB-100894,Bound,,,1,3113.82,2026-04-14
B_895,TXFB-100895,Bound,,,1,2982.44,2026-04-10
B_896,TXFB-100896,Bound,,,1,1580.35,2026-04-16
B_897,TXFB-100897,Bound,,,1,2300.37,2026-04-03
B_898,TXFB-100898,Draft,,,1,968.78,2026-04-12
B_899,TXFB-100899,Bound,,,1,2106.58,2026-04-09
B_900,TXFB-100900,Bound,,,1,1191.27,2026-04-08
B_901,TXFB-100901,Bound,,,1,2731.21,2026-04-16
B_902,TXFB-100902,Bound,,,1,2084.18,2026-04-07
B_903,TXFB-100903,Bound,,,1,1733.68,2026-04-15
B_904,TXFB-100904,Bound,,,1,1306.39,2026-04-04
B_905,TXFB-100905,Bound,,,0,3496.1,2026-04-05
B_906,TXFB-100906,Draft,,,1,715.13,2026-04-10
B_907,TXFB-100907,Canceled,,2026-04-04,1,630.68,2026-04-01
B_908,TXFB-100908,Bound,,,1,1151.77,2026-04-13
B_909,TXFB-100909,Bound,,,1,3413.22,2026-04-11
B_910,TXFB-100910,Bound,,,1,3437.71,2026-04-13
B_911,TXFB-100911,Bound,,,1,2464.78,2026-04-11
B_912,TXFB-100912,Bound,,,1,3140.32,2026-04-15
B_913,TXFB-100913,Bound,,,1,1141.89,2026-04-11
B_914,TXFB-100914,Bound,,,1,3416.13,2026-04-14
B_915,TXFB-100915,Bound,,,1,928.35,2026-04-05
B_916,TXFB-100916,Bound,,,0,803.38,2026-04-10
B_917,TXFB-100917,Bound,,,1,836.63,2026-04-11
B_918,TXFB-100918,Draft,,,1,2219.38,2026-04-07
B_919,TXFB-100919,Canceled,INT_03,2026-04-28,1,2842.92,2026-04-16
B_920,TXFB-100920,Bound,,,1,1600.0,2026-04-11
B_921,TXFB-100921,Draft,,,1,3433.69,2026-04-06
B_922,TXFB-100922,Bound,,,1,1803.26,2026-04-13
B_923,TXFB-100923,Draft,,,1,951.35,2026-04-11
B_924,TXFB-100924,Canceled,,2026-04-24,1,1897.9,2026-04-10
B_925,TXFB-100925,Bound,,,1,2537.11,2026-04-16
B_926,TXFB-100926,Bound,,,1,2996.68,2026-04-08
B_927,TXFB-100927,Bound,,,1,1876.3,2026-04-11
B_928,TXFB-100928,Bound,,,1,2280.82,2026-04-13
B_929,TXFB-100929,Bound,,,1,1302.03,2026-04-09
B_930,TXFB-100930,Bound,,,1,2437.75,2026-04-13
B_931,TXFB-100931,Bound,,,0,3457.92,2026-04-12
B_932,TXFB-100932,Canceled,,2026-04-24,1,647.16,2026-04-04
B_933,TXFB-100933,Withdrawn,,,1,3159.59,2026-04-07
B_934,TXFB-100934,Bound,,,1,2186.85,2026-04-06
B_935,TXFB-100935,Bound,,,1,1256.3,2026-04-01
B_936,TXFB-100936,Bound,,,1,3364.67,2026-04-15
B_937,TXFB-100937,Bound,,,1,1950.06,2026-04-07
B_938,TXFB-100938,Draft,,,1,1495.07,2026-04-15
B_939,TXFB-100939,Bound,,,1,1044.49,2026-04-10
B_940,TXFB-100940,Bound,,,1,1233.36,2026-04-03
B_941,TXFB-100941,Bound,,,1,2998.55,2026-04-14
B_942,TXFB-100942,Bound,,,1,2343.23,2026-04-16
B_943,TXFB-100943,Bound,,,0,3239.74,2026-04-05
B_944,TXFB-100944,Canceled,INT_07,2026-05-04,1,1195.91,2026-04-10
B_945,TXFB-100945,Bound,,,1,863.42,2026-04-08
B_946,TXFB-100946,Bound,,,1,518.26,2026-04-09
B_947,TXFB-100947,Bound,,,1,2023.59,2026-04-05
B_948,TXFB-100948,Draft,,,0,3494.92,2026-04-14
B_949,TXFB-100949,Draft,,,1,2584.9,2026-04-13
B_950,TXFB-100950,Bound,,,1,1425.18,2026-04-03
B_951,TXFB-100951,Bound,,,1,3130.58,2026-04-15
B_952,TXFB-100952,Bound,,,1,2845.17,2026-04-16
B_953,TXFB-100953,Bound,,,1,546.25,2026-04-13
B_954,TXFB-100954,Draft,,,1,2950.58,2026-04-14
B_955,TXFB-100955,Bound,,,0,1401.58,2026-04-02
B_956,TXFB-100956,Bound,,,1,949.02,2026-04-12
B_957,TXFB-100957,Bound,,,1,1178.99,2026-04-03
B_958,TXFB-100958,Bound,,,1,1905.74,2026-04-04
B_959,TXFB-100959,Bound,,,1,1774.6,2026-04-08
B_960,TXFB-100960,Canceled,INT_99,2026-05-09,1,1366.66,2026-04-12
B_961,TXFB-100961,Bound,,,1,1016.65,2026-04-06
B_962,TXFB-100962,Bound,,,1,2786.69,2026-04-02
B_963,TXFB-100963,Bound,,,1,3470.33,2026-04-13
B_964,TXFB-100964,Bound,,,1,2833.37,2026-04-11
B_965,TXFB-100965,Bound,,,1,1387.81,2026-04-14
B_966,TXFB-100966,Bound,,,1,1234.43,2026-04-04
B_967,TXFB-100967,Canceled,INT_04,2026-04-19,1,1153.0,2026-04-01
B_968,TXFB-100968,Bound,,,0,910.09,2026-04-04
B_969,TXFB-100969,Bound,,,1,2153.99,2026-04-09
B_970,TXFB-100970,Bound,,,1,2316.2,2026-04-08
B_971,TXFB-100971,Bound,,,1,2616.51,2026-04-08
B_972,TXFB-100972,Draft,,,1,2540.64,2026-04-15
B_973,TXFB-100973,Canceled,INT_01,2026-05-06,1,1377.0,2026-04-12
B_974,TXFB-100974,Bound,,,1,1490.93,2026-04-13
B_975,TXFB-100975,Bound,,,1,2544.54,2026-04-15
B_976,TXFB-100976,Bound,,,1,1548.34,2026-04-05
B_977,TXFB-100977,Bound,,,0,1137.87,2026-04-12
B_978,TXFB-100978,Bound,,,1,1623.01,2026-04-01
B_979,TXFB-100979,Bound,,,1,1316.25,2026-04-16
B_980,TXFB-100980,Bound,,,1,764.94,2026-04-04
B_981,TXFB-100981,Bound,,,1,2990.42,2026-04-10
B_982,TXFB-100982,Canceled,INT_07,2026-04-25,0,3059.33,2026-04-14
B_983,TXFB-100983,Bound,,,1,1159.25,2026-04-03
B_984,TXFB-100984,Bound,,,0,694.32,2026-04-04
B_985,TXFB-100985,Canceled,INT_06,2026-04-20,1,2716.48,2026-04-05
B_986,TXFB-100986,Bound,,,0,1134.59,2026-04-12
B_987,TXFB-100987,Bound,,,1,1680.31,2026-04-10
B_988,TXFB-100988,Bound,,,1,692.41,2026-04-11
B_989,TXFB-100989,Bound,,,1,1178.81,2026-04-15
B_990,TXFB-100990,Canceled,INT_04,2026-04-30,1,2878.71,2026-04-07
B_991,TXFB-100991,Canceled,INT_06,2026-04-17,0,2913.19,2026-04-16
B_992,TXFB-100992,Bound,,,1,1121.25,2026-04-12
B_993,TXFB-100993,Bound,,,1,1507.74,2026-04-16
B_994,TXFB-100994,Bound,,,1,902.72,2026-04-04
B_995,TXFB-100995,Bound,,,0,722.52,2026-04-15
B_996,TXFB-100996,Bound,,,1,3476.52,2026-04-15
B_997,TXFB-100997,Draft,,,1,2466.78,2026-04-11
B_998,TXFB-100998,Bound,,,1,2126.29,2026-04-03
B_999,TXFB-100999,Withdrawn,,,1,2796.5,2026-04-10
B_1000,TXFB-101000,Bound,,,1,3020.23,2026-04-02
B_1001,TXFB-101001,Bound,,,1,2920.14,2026-04-04
B_1002,TXFB-101002,Bound,,,1,549.62,2026-04-01
B_1003,TXFB-101003,Draft,,,1,1060.42,2026-04-11
B_1004,TXFB-101004,Canceled,INT_07,2026-04-29,1,2464.72,2026-04-04
B_1005,TXFB-101005,Canceled,INT_99,2026-04-08,1,1627.28,2026-04-06
B_1006,TXFB-101006,Bound,,,1,3447.45,2026-04-08
B_1007,TXFB-101007,Bound,,,1,2496.21,2026-04-06
B_1008,TXFB-101008,Canceled,INT_08,2026-04-27,0,3369.65,2026-04-06
B_1009,TXFB-101009,Bound,,,1,1104.34,2026-04-11
B_1010,TXFB-101010,Bound,,,1,3091.87,2026-04-14
B_1011,TXFB-101011,Bound,,,1,1464.06,2026-04-15
B_1012,TXFB-101012,Withdrawn,,,1,3468.69,2026-04-08
B_1013,TXFB-101013,Draft,,,1,973.07,2026-04-13
B_1014,TXFB-101014,Bound,,,1,2049.02,2026-04-06
B_1015,TXFB-101015,Canceled,INT_02,2026-04-27,1,2878.53,2026-04-06
B_1016,TXFB-101016,Draft,,,1,1797.93,2026-04-14
B_1017,TXFB-101017,Bound,,,1,1904.25,2026-04-13
B_1018,TXFB-101018,Bound,,,1,3459.07,2026-04-01
B_1019,TXFB-101019,Draft,,,1,1775.92,2026-04-07
B_1020,TXFB-101020,Bound,,,0,2312.22,2026-04-15
B_1021,TXFB-101021,Bound,,,1,663.62,2026-04-14
B_1022,TXFB-101022,Bound,,,1,3026.63,2026-04-13
B_1023,TXFB-101023,Draft,,,1,2444.5,2026-04-01
B_1024,TXFB-101024,Withdrawn,,,0,1712.06,2026-04-07
B_1025,TXFB-101025,Draft,,,0,548.51,2026-04-07
B_1026,TXFB-101026,Bound,,,1,2275.01,2026-04-09
B_1027,TXFB-101027,Draft,,,1,537.97,2026-04-03
B_1028,TXFB-101028,Canceled,,2026-04-10,1,503.61,2026-04-04
B_1029,TXFB-101029,Bound,,,1,2348.3,2026-04-06
B_1030,TXFB-101030,Canceled,INT_02,2026-05-03,1,1067.05,2026-04-12
B_1031,TXFB-101031,Bound,,,1,1075.66,2026-04-11
B_1032,TXFB-101032,Bound,,,1,2459.81,2026-04-07
B_1033,TXFB-101033,Bound,,,1,661.09,2026-04-15
B_1034,TXFB-101034,Bound,,,1,1440.22,2026-04-04
B_1035,TXFB-101035,Bound,,,1,948.3,2026-04-09
B_1036,TXFB-101036,Bound,,,1,2240.53,2026-04-16
B_1037,TXFB-101037,Bound,,,1,2485.3,2026-04-11
B_1038,TXFB-101038,Canceled,,2026-04-28,1,2663.41,2026-04-13
B_1039,TXFB-101039,Bound,,,1,1265.69,2026-04-13
B_1040,TXFB-101040,Bound,,,1,767.75,2026-04-04
B_1041,TXFB-101041,Bound,,,1,736.05,2026-04-12
B_1042,TXFB-101042,Canceled,INT_05,2026-05-08,1,1778.45,2026-04-12
B_1043,TXFB-101043,Bound,,,1,3337.53,2026-04-15
B_1044,TXFB-101044,Bound,,,1,1153.19,2026-04-06
B_1045,TXFB-101045,Draft,,,1,1270.22,2026-04-10
B_1046,TXFB-101046,Bound,,,1,802.67,2026-04-03
B_1047,TXFB-101047,Bound,,,1,2316.71,2026-04-05
B_1048,TXFB-101048,Bound,,,1,2539.62,2026-04-11
B_1049,TXFB-101049,Draft,,,1,2428.79,2026-04-04
B_1050,TXFB-101050,Bound,,,1,3083.39,2026-04-08
B_1051,TXFB-101051,Draft,,,1,1959.28,2026-04-10
B_1052,TXFB-101052,Bound,,,1,903.37,2026-04-04
B_1053,TXFB-101053,Draft,,,1,1368.22,2026-04-06
B_1054,TXFB-101054,Canceled,INT_99,2026-05-03,1,2487.29,2026-04-12
B_1055,TXFB-101055,Withdrawn,,,1,2339.37,2026-04-05
B_1056,TXFB-101056,Bound,,,1,2093.01,2026-04-13
B_1057,TXFB-101057,Canceled,INT_02,2026-04-19,1,2548.89,2026-04-14
B_1058,TXFB-101058,Bound,,,1,2412.17,2026-04-05
B_1059,TXFB-101059,Bound,,,1,3143.97,2026-04-13
B_1060,TXFB-101060,Bound,,,1,2258.05,2026-04-14
B_1061,TXFB-101061,Draft,,,1,2835.8,2026-04-06
B_1062,TXFB-101062,Withdrawn,,,1,1246.12,2026-04-16
B_1063,TXFB-101063,Canceled,INT_06,2026-04-07,1,2534.55,2026-04-06
B_1064,TXFB-101064,Bound,,,1,3206.58,2026-04-06
B_1065,TXFB-101065,Bound,,,1,1657.2,2026-04-16
B_1066,TXFB-101066,Canceled,INT_08,2026-04-23,1,2837.31,2026-04-10
B_1067,TXFB-101067,Bound,,,1,2674.37,2026-04-05
B_1068,TXFB-101068,Bound,,,1,678.58,2026-04-06
B_1069,TXFB-101069,Bound,,,1,2244.52,2026-04-11
B_1070,TXFB-101070,Bound,,,1,890.57,2026-04-15
B_1071,TXFB-101071,Bound,,,1,3401.96,2026-04-02
B_1072,TXFB-101072,Bound,,,1,2934.22,2026-04-12
B_1073,TXFB-101073,Bound,,,1,829.17,2026-04-01
B_1074,TXFB-101074,Bound,,,1,865.26,2026-04-16
B_1075,TXFB-101075,Withdrawn,,,1,2283.42,2026-04-05
B_1076,TXFB-101076,Bound,,,0,1534.67,2026-04-07
B_1077,TXFB-101077,Bound,,,1,604.72,2026-04-13
B_1078,TXFB-101078,Bound,,,1,2124.92,2026-04-16
B_1079,TXFB-101079,Bound,,,1,1663.54,2026-04-14
B_1080,TXFB-101080,Draft,,,1,803.23,2026-04-16
B_1081,TXFB-101081,Canceled,INT_05,2026-04-21,1,2905.76,2026-04-14
B_1082,TXFB-101082,Bound,,,1,3245.23,2026-04-15
B_1083,TXFB-101083,Bound,,,1,2769.78,2026-04-16
B_1084,TXFB-101084,Draft,,,1,2967.27,2026-04-06
B_1085,TXFB-101085,Draft,,,1,1149.47,2026-04-03
B_1086,TXFB-101086,Bound,,,1,1290.72,2026-04-01
B_1087,TXFB-101087,Bound,,,1,1125.58,2026-04-08
B_1088,TXFB-101088,Bound,,,1,2795.19,2026-04-10
B_1089,TXFB-101089,Withdrawn,,,1,3343.75,2026-04-02
B_1090,TXFB-101090,Bound,,,0,2650.51,2026-04-09
B_1091,TXFB-101091,Draft,,,1,3144.4,2026-04-08
B_1092,TXFB-101092,Bound,,,1,2416.1,2026-04-10
B_1093,TXFB-101093,Bound,,,1,1662.98,2026-04-06
B_1094,TXFB-101094,Bound,,,1,1777.28,2026-04-15
B_1095,TXFB-101095,Bound,,,1,725.96,2026-04-16
B_1096,TXFB-101096,Bound,,,1,594.37,2026-04-04
B_1097,TXFB-101097,Bound,,,0,2586.43,2026-04-04
B_1098,TXFB-101098,Bound,,,1,1815.29,2026-04-09
B_1099,TXFB-101099,Canceled,INT_01,2026-05-03,1,2156.65,2026-04-12
B_1100,TXFB-101100,Bound,,,1,2172.98,2026-04-02
B_1101,TXFB-101101,Bound,,,1,1332.13,2026-04-15
B_1102,TXFB-101102,Withdrawn,,,1,1927.68,2026-04-07
B_1103,TXFB-101103,Draft,,,1,1912.28,2026-04-14
B_1104,TXFB-101104,Draft,,,1,1665.28,2026-04-04
B_1105,TXFB-101105,Withdrawn,,,1,2962.03,2026-04-08
B_1106,TXFB-101106,Bound,,,1,1853.49,2026-04-10
B_1107,TXFB-101107,Bound,,,1,2310.93,2026-04-02
B_1108,TXFB-101108,Canceled,INT_05,2026-04-25,0,3186.56,2026-04-15
B_1109,TXFB-101109,Bound,,,1,3098.7,2026-04-09
B_1110,TXFB-101110,Bound,,,1,3171.27,2026-04-12
B_1111,TXFB-101111,Canceled,INT_02,2026-04-14,1,1310.01,2026-04-03
B_1112,TXFB-101112,Bound,,,1,604.95,2026-04-15
B_1113,TXFB-101113,Bound,,,1,1283.2,2026-04-04
B_1114,TXFB-101114,Bound,,,1,1336.12,2026-04-08
B_1115,TXFB-101115,Bound,,,1,3228.08,2026-04-07
B_1116,TXFB-101116,Bound,,,1,2447.73,2026-04-12
B_1117,TXFB-101117,Bound,,,1,745.11,2026-04-14
B_1118,TXFB-101118,Draft,,,1,906.14,2026-04-06
B_1119,TXFB-101119,Bound,,,1,967.03,2026-04-05
B_1120,TXFB-101120,Bound,,,1,2391.27,2026-04-07
B_1121,TXFB-101121,Draft,,,0,2706.24,2026-04-07
B_1122,TXFB-101122,Withdrawn,,,1,3078.93,2026-04-02
B_1123,TXFB-101123,Draft,,,0,3321.91,2026-04-12
B_1124,TXFB-101124,Canceled,INT_03,2026-04-28,1,1105.11,2026-04-09
B_1125,TXFB-101125,Bound,,,1,1429.32,2026-04-06
B_1126,TXFB-101126,Bound,,,1,1220.97,2026-04-11
B_1127,TXFB-101127,Bound,,,1,1576.28,2026-04-10
B_1128,TXFB-101128,Bound,,,1,3244.0,2026-04-10
B_1129,TXFB-101129,Bound,,,1,2225.34,2026-04-09
B_1130,TXFB-101130,Bound,,,1,2714.58,2026-04-04
B_1131,TXFB-101131,Canceled,INT_02,2026-04-08,1,1970.36,2026-04-05
B_1132,TXFB-101132,Bound,,,1,586.57,2026-04-14
B_1133,TXFB-101133,Bound,,,1,692.59,2026-04-02
B_1134,TXFB-101134,Bound,,,0,2113.77,2026-04-09
B_1135,TXFB-101135,Bound,,,0,2656.37,2026-04-05
B_1136,TXFB-101136,Bound,,,1,1145.99,2026-04-05
B_1137,TXFB-101137,Draft,,,1,2665.73,2026-04-08
B_1138,TXFB-101138,Bound,,,1,2932.0,2026-04-05
B_1139,TXFB-101139,Bound,,,1,1735.69,2026-04-11
B_1140,TXFB-101140,Bound,,,1,2739.26,2026-04-08
B_1141,TXFB-101141,Canceled,INT_03,2026-04-17,1,1712.09,2026-04-13
B_1142,TXFB-101142,Bound,,,1,2535.05,2026-04-16
B_1143,TXFB-101143,Bound,,,1,2791.99,2026-04-05
B_1144,TXFB-101144,Bound,,,1,3475.78,2026-04-09
B_1145,TXFB-101145,Bound,,,1,1536.19,2026-04-14
B_1146,TXFB-101146,Draft,,,1,1733.12,2026-04-13
B_1147,TXFB-101147,Canceled,INT_04,2026-04-21,1,996.86,2026-04-15
B_1148,TXFB-101148,Bound,,,1,1112.22,2026-04-03
B_1149,TXFB-101149,Draft,,,1,2580.19,2026-04-03
B_1150,TXFB-101150,Draft,,,1,3251.14,2026-04-13
B_1151,TXFB-101151,Canceled,INT_04,2026-04-17,1,1683.81,2026-04-09
B_1152,TXFB-101152,Canceled,INT_05,2026-04-29,1,1039.53,2026-04-12
B_1153,TXFB-101153,Bound,,,0,1355.3,2026-04-15
B_1154,TXFB-101154,Bound,,,0,1865.16,2026-04-16
B_1155,TXFB-101155,Bound,,,1,1371.95,2026-04-11
B_1156,TXFB-101156,Canceled,INT_05,2026-04-24,0,1200.74,2026-04-01
B_1157,TXFB-101157,Bound,,,1,2707.95,2026-04-03
B_1158,TXFB-101158,Draft,,,1,523.53,2026-04-15
B_1159,TXFB-101159,Draft,,,1,2117.69,2026-04-12
B_1160,TXFB-101160,Bound,,,1,2881.3,2026-04-03
B_1161,TXFB-101161,Canceled,INT_01,2026-05-08,1,1298.68,2026-04-13
B_1162,TXFB-101162,Bound,,,1,2309.87,2026-04-07
B_1163,TXFB-101163,Bound,,,1,2506.7,2026-04-14
B_1164,TXFB-101164,Canceled,,2026-05-04,1,2465.07,2026-04-07
B_1165,TXFB-101165,Bound,,,1,1837.55,2026-04-16
B_1166,TXFB-101166,Canceled,INT_05,2026-04-30,1,1539.73,2026-04-09
B_1167,TXFB-101167,Canceled,,2026-05-06,1,3007.77,2026-04-11
B_1168,TXFB-101168,Bound,,,1,2775.34,2026-04-10
B_1169,TXFB-101169,Bound,,,0,1463.77,2026-04-11
B_1170,TXFB-101170,Bound,,,1,809.06,2026-04-05
B_1171,TXFB-101171,Bound,,,0,715.42,2026-04-16
B_1172,TXFB-101172,Withdrawn,,,1,782.83,2026-04-11
B_1173,TXFB-101173,Bound,,,0,2248.61,2026-04-02
B_1174,TXFB-101174,Bound,,,1,654.99,2026-04-02
B_1175,TXFB-101175,Bound,,,1,1510.78,2026-04-04
B_1176,TXFB-101176,Bound,,,1,2759.6,2026-04-15
B_1177,TXFB-101177,Canceled,INT_03,2026-04-06,1,1383.04,2026-04-01
B_1178,TXFB-101178,Bound,,,1,2789.92,2026-04-04
B_1179,TXFB-101179,Canceled,INT_05,2026-05-04,1,2736.4,2026-04-06
B_1180,TXFB-101180,Bound,,,1,1237.48,2026-04-15
B_1181,TXFB-101181,Withdrawn,,,1,2686.47,2026-04-15
B_1182,TXFB-101182,Bound,,,1,2743.33,2026-04-01
B_1183,TXFB-101183,Bound,,,1,1692.36,2026-04-14
B_1184,TXFB-101184,Draft,,,1,1131.26,2026-04-07
B_1185,TXFB-101185,Bound,,,0,2063.81,2026-04-05
B_1186,TXFB-101186,Draft,,,1,3264.19,2026-04-10
B_1187,TXFB-101187,Bound,,,1,2418.85,2026-04-06
B_1188,TXFB-101188,Bound,,,1,1018.77,2026-04-09
B_1189,TXFB-101189,Bound,,,1,2548.27,2026-04-03
B_1190,TXFB-101190,Canceled,INT_99,2026-05-02,1,1781.61,2026-04-12
B_1191,TXFB-101191,Bound,,,1,2274.59,2026-04-09
B_1192,TXFB-101192,Bound,,,1,2702.19,2026-04-03
B_1193,TXFB-101193,Bound,,,1,2044.84,2026-04-12
B_1194,TXFB-101194,Bound,,,1,2941.95,2026-04-06
B_1195,TXFB-101195,Bound,,,1,2666.47,2026-04-02
B_1196,TXFB-101196,Draft,,,1,2345.22,2026-04-13
B_1197,TXFB-101197,Withdrawn,,,1,952.38,2026-04-10
B_1198,TXFB-101198,Withdrawn,,,1,3007.85,2026-04-08
B_1199,TXFB-101199,Canceled,INT_07,2026-05-06,1,3307.72,2026-04-14
B_1200,TXFB-101200,Bound,,,0,910.9,2026-04-03
B_1201,TXFB-101201,Canceled,INT_02,2026-04-18,1,1964.72,2026-04-04
B_1202,TXFB-101202,Bound,,,1,1276.67,2026-04-01
B_1203,TXFB-101203,Bound,,,1,2763.57,2026-04-07
B_1204,TXFB-101204,Bound,,,1,2664.89,2026-04-16
B_1205,TXFB-101205,Bound,,,0,922.66,2026-04-03
B_1206,TXFB-101206,Canceled,,2026-05-01,1,3131.08,2026-04-05
B_1207,TXFB-101207,Bound,,,1,1042.92,2026-04-08
B_1208,TXFB-101208,Bound,,,1,2891.78,2026-04-15
B_1209,TXFB-101209,Bound,,,1,1870.94,2026-04-01
B_1210,TXFB-101210,Withdrawn,,,0,1484.82,2026-04-01
B_1211,TXFB-101211,Bound,,,1,974.72,2026-04-11
B_1212,TXFB-101212,Bound,,,1,1002.84,2026-04-04
B_1213,TXFB-101213,Bound,,,1,2485.67,2026-04-14
B_1214,TXFB-101214,Canceled,INT_03,2026-04-16,1,2151.29,2026-04-05
B_1215,TXFB-101215,Bound,,,1,866.26,2026-04-16
B_1216,TXFB-101216,Bound,,,1,838.09,2026-04-03
B_1217,TXFB-101217,Bound,,,1,716.93,2026-04-08
B_1218,TXFB-101218,Bound,,,1,2731.3,2026-04-13
B_1219,TXFB-101219,Bound,,,1,2635.65,2026-04-03
B_1220,TXFB-101220,Bound,,,1,675.29,2026-04-04
B_1221,TXFB-101221,Withdrawn,,,1,2180.81,2026-04-04
B_1222,TXFB-101222,Bound,,,1,754.03,2026-04-11
B_1223,TXFB-101223,Bound,,,1,3211.24,2026-04-12
B_1224,TXFB-101224,Draft,,,1,3221.35,2026-04-10
B_1225,TXFB-101225,Bound,,,1,2594.7,2026-04-05
B_1226,TXFB-101226,Bound,,,1,3278.57,2026-04-13
B_1227,TXFB-101227,Bound,,,1,2934.36,2026-04-05
B_1228,TXFB-101228,Bound,,,1,2985.62,2026-04-05
B_1229,TXFB-101229,Withdrawn,,,1,2209.12,2026-04-03
B_1230,TXFB-101230,Bound,,,1,1418.18,2026-04-01
B_1231,TXFB-101231,Draft,,,1,1153.4,2026-04-06
B_1232,TXFB-101232,Bound,,,1,1481.6,2026-04-15
B_1233,TXFB-101233,Bound,,,1,2385.49,2026-04-12
B_1234,TXFB-101234,Bound,,,1,1017.97,2026-04-07
B_1235,TXFB-101235,Bound,,,1,1275.92,2026-04-05
B_1236,TXFB-101236,Bound,,,1,1904.18,2026-04-14
B_1237,TXFB-101237,Draft,,,1,1199.15,2026-04-15
B_1238,TXFB-101238,Bound,,,1,2265.93,2026-04-07
B_1239,TXFB-101239,Withdrawn,,,1,3269.53,2026-04-03
B_1240,TXFB-101240,Bound,,,1,2744.27,2026-04-04
B_1241,TXFB-101241,Draft,,,1,2499.28,2026-04-05
B_1242,TXFB-101242,Canceled,INT_06,2026-04-19,0,2248.16,2026-04-04
B_1243,TXFB-101243,Canceled,INT_03,2026-04-29,1,1963.84,2026-04-13
B_1244,TXFB-101244,Canceled,INT_01,2026-05-10,1,1059.69,2026-04-12
B_1245,TXFB-101245,Canceled,INT_01,2026-05-08,1,3184.13,2026-04-14
B_1246,TXFB-101246,Bound,,,1,1245.61,2026-04-11
B_1247,TXFB-101247,Bound,,,1,773.93,2026-04-05
B_1248,TXFB-101248,Bound,,,1,2750.05,2026-04-08
B_1249,TXFB-101249,Draft,,,1,1026.85,2026-04-09
B_1250,TXFB-101250,Bound,,,0,1615.69,2026-04-03
B_1251,TXFB-101251,Canceled,INT_04,2026-04-13,1,584.85,2026-04-08
B_1252,TXFB-101252,Bound,,,1,911.2,2026-04-10
B_1253,TXFB-101253,Bound,,,1,1019.61,2026-04-01
B_1254,TXFB-101254,Bound,,,0,663.23,2026-04-10
B_1255,TXFB-101255,Bound,,,1,2469.97,2026-04-07
B_1256,TXFB-101256,Bound,,,1,3011.02,2026-04-07
B_1257,TXFB-101257,Bound,,,1,1619.95,2026-04-13
B_1258,TXFB-101258,Bound,,,1,3123.73,2026-04-10
B_1259,TXFB-101259,Bound,,,1,1140.04,2026-04-02
B_1260,TXFB-101260,Bound,,,1,1476.17,2026-04-08
B_1261,TXFB-101261,Bound,,,1,952.21,2026-04-16
B_1262,TXFB-101262,Canceled,INT_02,2026-04-22,1,2361.68,2026-04-13
B_1263,TXFB-101263,Bound,,,1,1759.61,2026-04-04
B_1264,TXFB-101264,Bound,,,1,2339.85,2026-04-08
B_1265,TXFB-101265,Bound,,,1,2785.02,2026-04-16
B_1266,TXFB-101266,Bound,,,1,2137.11,2026-04-03
B_1267,TXFB-101267,Bound,,,1,2382.89,2026-04-01
B_1268,TXFB-101268,Bound,,,0,3305.75,2026-04-12
B_1269,TXFB-101269,Bound,,,1,1397.19,2026-04-11
B_1270,TXFB-101270,Bound,,,1,1577.49,2026-04-05
B_1271,TXFB-101271,Bound,,,1,2653.11,2026-04-13
B_1272,TXFB-101272,Draft,,,1,2333.92,2026-04-14
B_1273,TXFB-101273,Canceled,INT_07,2026-04-18,0,1035.6,2026-04-12
B_1274,TXFB-101274,Bound,,,1,1628.44,2026-04-06
B_1275,TXFB-101275,Bound,,,1,1903.51,2026-04-16
B_1276,TXFB-101276,Bound,,,1,1758.17,2026-04-03
B_1277,TXFB-101277,Bound,,,1,1034.82,2026-04-01
B_1278,TXFB-101278,Withdrawn,,,1,3273.29,2026-04-03
B_1279,TXFB-101279,Bound,,,1,2786.96,2026-04-01
B_1280,TXFB-101280,Bound,,,1,1944.07,2026-04-09
B_1281,TXFB-101281,Bound,,,1,2540.18,2026-04-07
B_1282,TXFB-101282,Canceled,INT_03,2026-04-24,1,3191.85,2026-04-02
B_1283,TXFB-101283,Bound,,,1,908.52,2026-04-02
B_1284,TXFB-101284,Bound,,,1,1251.12,2026-04-13
B_1285,TXFB-101285,Bound,,,1,2128.1,2026-04-10
B_1286,TXFB-101286,Bound,,,1,2897.03,2026-04-14
B_1287,TXFB-101287,Bound,,,1,608.76,2026-04-14
B_1288,TXFB-101288,Bound,,,1,3452.05,2026-04-13
B_1289,TXFB-101289,Bound,,,1,1864.72,2026-04-03
B_1290,TXFB-101290,Bound,,,1,1577.69,2026-04-05
B_1291,TXFB-101291,Bound,,,1,1378.17,2026-04-09
B_1292,TXFB-101292,Bound,,,1,1023.07,2026-04-03
B_1293,TXFB-101293,Bound,,,1,2874.72,2026-04-10
B_1294,TXFB-101294,Bound,,,1,3366.24,2026-04-03
B_1295,TXFB-101295,Canceled,INT_04,2026-04-26,1,1740.93,2026-04-07
B_1296,TXFB-101296,Bound,,,1,3357.26,2026-04-05
B_1297,TXFB-101297,Bound,,,1,2971.39,2026-04-11
B_1298,TXFB-101298,Bound,,,0,1943.15,2026-04-13
B_1299,TXFB-101299,Bound,,,1,2522.08,2026-04-03
B_1300,TXFB-101300,Canceled,INT_03,2026-05-07,1,1804.95,2026-04-10
B_1301,TXFB-101301,Bound,,,1,2176.17,2026-04-14
B_1302,TXFB-101302,Draft,,,1,674.14,2026-04-08
B_1303,TXFB-101303,Bound,,,1,2588.79,2026-04-02
B_1304,TXFB-101304,Bound,,,1,658.47,2026-04-08
B_1305,TXFB-101305,Canceled,INT_01,2026-04-14,1,2951.25,2026-04-03
B_1306,TXFB-101306,Draft,,,1,2974.84,2026-04-14
B_1307,TXFB-101307,Canceled,INT_99,2026-04-30,1,1211.23,2026-04-04
B_1308,TXFB-101308,Canceled,INT_07,2026-04-25,1,1470.99,2026-04-15
B_1309,TXFB-101309,Bound,,,1,1943.93,2026-04-02
B_1310,TXFB-101310,Canceled,INT_04,2026-04-17,1,2289.99,2026-04-10
B_1311,TXFB-101311,Bound,,,1,1362.06,2026-04-06
B_1312,TXFB-101312,Draft,,,1,2277.46,2026-04-04
B_1313,TXFB-101313,Bound,,,1,1393.36,2026-04-01
B_1314,TXFB-101314,Canceled,INT_02,2026-04-08,1,666.47,2026-04-05
B_1315,TXFB-101315,Bound,,,1,507.58,2026-04-01
B_1316,TXFB-101316,Bound,,,1,803.45,2026-04-06
B_1317,TXFB-101317,Bound,,,1,2876.75,2026-04-16
B_1318,TXFB-101318,Canceled,INT_01,2026-04-26,1,3384.29,2026-04-12
B_1319,TXFB-101319,Bound,,,1,1780.9,2026-04-09
B_1320,TXFB-101320,Bound,,,0,2038.05,2026-04-06
B_1321,TXFB-101321,Bound,,,1,940.54,2026-04-12
B_1322,TXFB-101322,Bound,,,1,2153.09,2026-04-05
B_1323,TXFB-101323,Draft,,,1,933.96,2026-04-09
B_1324,TXFB-101324,Bound,,,1,2333.64,2026-04-04
B_1325,TXFB-101325,Withdrawn,,,0,3299.78,2026-04-01
B_1326,TXFB-101326,Bound,,,1,1087.1,2026-04-11
B_1327,TXFB-101327,Bound,,,1,2793.69,2026-04-14
B_1328,TXFB-101328,Canceled,INT_04,2026-04-21,1,570.51,2026-04-09
B_1329,TXFB-101329,Bound,,,1,1626.49,2026-04-03
B_1330,TXFB-101330,Bound,,,0,832.25,2026-04-09
B_1331,TXFB-101331,Bound,,,0,1557.43,2026-04-03
B_1332,TXFB-101332,Canceled,INT_99,2026-04-22,1,1020.61,2026-04-16
B_1333,TXFB-101333,Bound,,,1,1619.91,2026-04-15
B_1334,TXFB-101334,Withdrawn,,,1,1752.57,2026-04-12
B_1335,TXFB-101335,Withdrawn,,,1,1401.77,2026-04-02
B_1336,TXFB-101336,Bound,,,1,2469.87,2026-04-16
B_1337,TXFB-101337,Bound,,,1,3256.56,2026-04-06
B_1338,TXFB-101338,Bound,,,1,1701.79,2026-04-12
B_1339,TXFB-101339,Bound,,,1,1077.03,2026-04-06
B_1340,TXFB-101340,Bound,,,1,1312.17,2026-04-09
B_1341,TXFB-101341,Bound,,,1,3062.0,2026-04-04
B_1342,TXFB-101342,Bound,,,1,2214.92,2026-04-04
B_1343,TXFB-101343,Draft,,,1,1865.03,2026-04-08
B_1344,TXFB-101344,Canceled,INT_06,2026-04-14,1,948.91,2026-04-01
B_1345,TXFB-101345,Canceled,INT_04,2026-05-01,1,1849.18,2026-04-02
B_1346,TXFB-101346,Bound,,,0,1335.48,2026-04-01
B_1347,TXFB-101347,Bound,,,1,3329.49,2026-04-08
B_1348,TXFB-101348,Bound,,,1,3152.21,2026-04-02
B_1349,TXFB-101349,Withdrawn,,,1,751.71,2026-04-16
B_1350,TXFB-101350,Bound,,,1,2049.96,2026-04-12
B_1351,TXFB-101351,Draft,,,0,1175.18,2026-04-13
B_1352,TXFB-101352,Bound,,,1,1732.33,2026-04-05
B_1353,TXFB-101353,Bound,,,0,3130.54,2026-04-06
B_1354,TXFB-101354,Canceled,INT_04,2026-04-15,1,2082.54,2026-04-02
B_1355,TXFB-101355,Bound,,,1,1502.65,2026-04-14
B_1356,TXFB-101356,Draft,,,1,1123.67,2026-04-08
B_1357,TXFB-101357,Draft,,,1,2900.97,2026-04-11
B_1358,TXFB-101358,Bound,,,1,2373.55,2026-04-08
B_1359,TXFB-101359,Bound,,,1,1904.2,2026-04-14
B_1360,TXFB-101360,Bound,,,1,1152.45,2026-04-11
B_1361,TXFB-101361,Draft,,,0,1502.74,2026-04-09
B_1362,TXFB-101362,Bound,,,1,3379.53,2026-04-03
B_1363,TXFB-101363,Bound,,,1,2060.27,2026-04-12
B_1364,TXFB-101364,Bound,,,1,1702.1,2026-04-04
B_1365,TXFB-101365,Canceled,INT_05,2026-04-29,1,2064.27,2026-04-02
B_1366,TXFB-101366,Bound,,,1,2836.97,2026-04-06
B_1367,TXFB-101367,Canceled,INT_05,2026-05-07,1,1520.33,2026-04-08
B_1368,TXFB-101368,Draft,,,1,1036.12,2026-04-02
B_1369,TXFB-101369,Bound,,,1,2254.81,2026-04-13
B_1370,TXFB-101370,Bound,,,1,2495.61,2026-04-03
B_1371,TXFB-101371,Withdrawn,,,1,2638.15,2026-04-15
B_1372,TXFB-101372,Bound,,,1,3145.96,2026-04-10
B_1373,TXFB-101373,Draft,,,1,1613.52,2026-04-10
B_1374,TXFB-101374,Bound,,,1,726.06,2026-04-11
B_1375,TXFB-101375,Bound,,,1,3375.05,2026-04-03
B_1376,TXFB-101376,Draft,,,0,1805.04,2026-04-15
B_1377,TXFB-101377,Bound,,,1,2369.77,2026-04-01
B_1378,TXFB-101378,Bound,,,1,2498.92,2026-04-12
B_1379,TXFB-101379,Bound,,,1,2139.54,2026-04-07
B_1380,TXFB-101380,Bound,,,1,1115.77,2026-04-10
B_1381,TXFB-101381,Bound,,,1,2765.43,2026-04-10
B_1382,TXFB-101382,Bound,,,1,2911.26,2026-04-08
B_1383,TXFB-101383,Withdrawn,,,0,2158.93,2026-04-15
B_1384,TXFB-101384,Bound,,,1,1965.68,2026-04-12
B_1385,TXFB-101385,Bound,,,1,841.81,2026-04-16
B_1386,TXFB-101386,Bound,,,1,751.85,2026-04-07
B_1387,TXFB-101387,Canceled,INT_07,2026-04-27,1,1518.69,2026-04-08
B_1388,TXFB-101388,Bound,,,1,1432.54,2026-04-05
B_1389,TXFB-101389,Withdrawn,,,1,3360.97,2026-04-01
B_1390,TXFB-101390,Bound,,,1,2850.87,2026-04-14
B_1391,TXFB-101391,Bound,,,0,2479.77,2026-04-01
B_1392,TXFB-101392,Bound,,,1,2052.94,2026-04-08
B_1393,TXFB-101393,Bound,,,1,1002.1,2026-04-12
B_1394,TXFB-101394,Bound,,,1,3435.37,2026-04-01
B_1395,TXFB-101395,Bound,,,1,1625.12,2026-04-11
B_1396,TXFB-101396,Canceled,INT_06,2026-04-09,1,820.78,2026-04-01
B_1397,TXFB-101397,Bound,,,1,1981.4,2026-04-13
B_1398,TXFB-101398,Bound,,,1,3121.99,2026-04-10
B_1399,TXFB-101399,Bound,,,1,3161.87,2026-04-04
B_1400,TXFB-101400,Canceled,INT_02,2026-04-08,1,532.9,2026-04-07
B_1401,TXFB-101401,Bound,,,1,3158.89,2026-04-08
B_1402,TXFB-101402,Bound,,,1,1314.45,2026-04-14
B_1403,TXFB-101403,Bound,,,1,616.92,2026-04-16
B_1404,TXFB-101404,Canceled,INT_05,2026-04-03,1,3043.37,2026-04-02
B_1405,TXFB-101405,Bound,,,0,3091.6,2026-04-05
B_1406,TXFB-101406,Bound,,,1,2288.69,2026-04-09
B_1407,TXFB-101407,Canceled,INT_99,2026-05-03,1,2223.3,2026-04-03
B_1408,TXFB-101408,Canceled,INT_05,2026-04-20,1,2939.36,2026-04-02
B_1409,TXFB-101409,Bound,,,1,2858.93,2026-04-08
B_1410,TXFB-101410,Draft,,,1,3170.32,2026-04-14
B_1411,TXFB-101411,Bound,,,0,2158.24,2026-04-12
B_1412,TXFB-101412,Bound,,,1,3402.94,2026-04-15
B_1413,TXFB-101413,Bound,,,1,3488.44,2026-04-03
B_1414,TXFB-101414,Bound,,,1,849.63,2026-04-04
B_1415,TXFB-101415,Bound,,,1,3048.63,2026-04-05
B_1416,TXFB-101416,Draft,,,1,1999.47,2026-04-13
B_1417,TXFB-101417,Bound,,,1,1662.7,2026-04-03
B_1418,TXFB-101418,Bound,,,1,2339.22,2026-04-02
B_1419,TXFB-101419,Bound,,,1,667.9,2026-04-14
B_1420,TXFB-101420,Draft,,,1,2019.38,2026-04-05
B_1421,TXFB-101421,Bound,,,1,3112.67,2026-04-08
B_1422,TXFB-101422,Bound,,,1,1140.38,2026-04-10
B_1423,TXFB-101423,Bound,,,0,1779.17,2026-04-09
B_1424,TXFB-101424,Bound,,,1,3318.44,2026-04-11
B_1425,TXFB-101425,Withdrawn,,,1,1785.69,2026-04-13
B_1426,TXFB-101426,Withdrawn,,,1,1575.1,2026-04-11
B_1427,TXFB-101427,Bound,,,1,1821.61,2026-04-11
B_1428,TXFB-101428,Withdrawn,,,1,2058.36,2026-04-15
B_1429,TXFB-101429,Bound,,,1,2395.97,2026-04-09
B_1430,TXFB-101430,Draft,,,1,2902.08,2026-04-08
B_1431,TXFB-101431,Bound,,,1,1856.31,2026-04-03
B_1432,TXFB-101432,Bound,,,1,2952.44,2026-04-07
B_1433,TXFB-101433,Bound,,,1,2101.16,2026-04-05
B_1434,TXFB-101434,Bound,,,1,1515.44,2026-04-04
B_1435,TXFB-101435,Bound,,,1,2473.85,2026-04-05
B_1436,TXFB-101436,Bound,,,1,2653.17,2026-04-04
B_1437,TXFB-101437,Bound,,,1,2174.15,2026-04-06
B_1438,TXFB-101438,Canceled,,2026-05-06,1,669.84,2026-04-15
B_1439,TXFB-101439,Bound,,,1,1009.65,2026-04-15
B_1440,TXFB-101440,Bound,,,1,1355.89,2026-04-11
B_1441,TXFB-101441,Withdrawn,,,1,1347.88,2026-04-14
B_1442,TXFB-101442,Bound,,,0,2520.26,2026-04-04
B_1443,TXFB-101443,Bound,,,1,555.05,2026-04-12
B_1444,TXFB-101444,Bound,,,0,2767.05,2026-04-07
B_1445,TXFB-101445,Draft,,,1,1296.03,2026-04-15
B_1446,TXFB-101446,Bound,,,1,1430.07,2026-04-10
B_1447,TXFB-101447,Bound,,,1,2083.73,2026-04-15
B_1448,TXFB-101448,Canceled,INT_06,2026-04-29,1,1147.78,2026-04-09
B_1449,TXFB-101449,Draft,,,0,3153.41,2026-04-04
B_1450,TXFB-101450,Bound,,,1,756.11,2026-04-03
B_1451,TXFB-101451,Bound,,,1,1833.15,2026-04-06
B_1452,TXFB-101452,Bound,,,1,3048.27,2026-04-10
B_1453,TXFB-101453,Draft,,,1,2347.53,2026-04-02
B_1454,TXFB-101454,Bound,,,1,1376.99,2026-04-07
B_1455,TXFB-101455,Bound,,,1,1762.28,2026-04-11
B_1456,TXFB-101456,Draft,,,1,2620.08,2026-04-05
B_1457,TXFB-101457,Bound,,,1,3419.78,2026-04-03
B_1458,TXFB-101458,Bound,,,1,3179.42,2026-04-08
B_1459,TXFB-101459,Bound,,,0,1527.3,2026-04-12
B_1460,TXFB-101460,Bound,,,1,3494.59,2026-04-13
B_1461,TXFB-101461,Bound,,,1,510.51,2026-04-02
B_1462,TXFB-101462,Bound,,,1,582.89,2026-04-10
B_1463,TXFB-101463,Bound,,,1,2971.52,2026-04-09
B_1464,TXFB-101464,Bound,,,1,1098.39,2026-04-06
B_1465,TXFB-101465,Withdrawn,,,1,682.31,2026-04-01
B_1466,TXFB-101466,Bound,,,0,1211.44,2026-04-13
B_1467,TXFB-101467,Withdrawn,,,1,1778.3,2026-04-15
B_1468,TXFB-101468,Bound,,,0,2691.7,2026-04-08
B_1469,TXFB-101469,Draft,,,1,2373.01,2026-04-04
B_1470,TXFB-101470,Canceled,INT_06,2026-05-06,1,1212.86,2026-04-15
B_1471,TXFB-101471,Bound,,,1,2009.81,2026-04-04
B_1472,TXFB-101472,Canceled,INT_02,2026-04-13,1,3278.64,2026-04-05
B_1473,TXFB-101473,Draft,,,1,2945.02,2026-04-04
B_1474,TXFB-101474,Bound,,,1,1469.57,2026-04-01
B_1475,TXFB-101475,Bound,,,1,3446.79,2026-04-02
B_1476,TXFB-101476,Bound,,,1,2625.86,2026-04-08
B_1477,TXFB-101477,Canceled,INT_04,2026-05-05,1,687.35,2026-04-05
B_1478,TXFB-101478,Canceled,INT_07,2026-04-10,1,605.48,2026-04-07
B_1479,TXFB-101479,Canceled,,2026-04-28,1,1005.22,2026-04-13
B_1480,TXFB-101480,Bound,,,1,2683.57,2026-04-12
B_1481,TXFB-101481,Canceled,INT_04,2026-04-10,1,1051.22,2026-04-03
B_1482,TXFB-101482,Bound,,,1,2034.46,2026-04-09
B_1483,TXFB-101483,Bound,,,1,779.78,2026-04-03
B_1484,TXFB-101484,Bound,,,0,3262.66,2026-04-01
B_1485,TXFB-101485,Bound,,,1,1531.88,2026-04-03
B_1486,TXFB-101486,Bound,,,1,3224.4,2026-04-07
B_1487,TXFB-101487,Bound,,,1,3334.63,2026-04-15
B_1488,TXFB-101488,Bound,,,1,518.39,2026-04-05
B_1489,TXFB-101489,Bound,,,1,1892.41,2026-04-03
B_1490,TXFB-101490,Bound,,,1,573.97,2026-04-11
B_1491,TXFB-101491,Bound,,,1,3226.08,2026-04-04
B_1492,TXFB-101492,Bound,,,1,2055.22,2026-04-02
B_1493,TXFB-101493,Bound,,,1,724.83,2026-04-15
B_1494,TXFB-101494,Bound,,,1,830.83,2026-04-02
B_1495,TXFB-101495,Bound,,,1,1650.53,2026-04-06
B_1496,TXFB-101496,Bound,,,1,3320.7,2026-04-14
B_1497,TXFB-101497,Bound,,,1,2578.73,2026-04-13
B_1498,TXFB-101498,Bound,,,0,3102.86,2026-04-16
B_1499,TXFB-101499,Bound,,,1,1599.37,2026-04-01
B_1500,TXFB-101500,Draft,,,1,629.64,2026-04-13
B_1501,TXFB-101501,Bound,,,1,3422.95,2026-04-14
B_1502,TXFB-101502,Bound,,,0,551.52,2026-04-06
B_1503,TXFB-101503,Bound,,,1,3342.95,2026-04-12
B_1504,TXFB-101504,Bound,,,0,1606.03,2026-04-07
B_1505,TXFB-101505,Bound,,,0,530.27,2026-04-06
B_1506,TXFB-101506,Bound,,,1,2567.47,2026-04-09
B_1507,TXFB-101507,Bound,,,1,3441.62,2026-04-09
B_1508,TXFB-101508,Bound,,,1,3396.88,2026-04-15
B_1509,TXFB-101509,Bound,,,1,982.81,2026-04-05
B_1510,TXFB-101510,Canceled,INT_02,2026-04-11,1,1043.74,2026-04-02
B_1511,TXFB-101511,Canceled,INT_06,2026-05-01,0,2196.62,2026-04-08
B_1512,TXFB-101512,Canceled,INT_02,2026-05-08,1,2411.91,2026-04-10
B_1513,TXFB-101513,Withdrawn,,,1,2718.25,2026-04-16
B_1514,TXFB-101514,Bound,,,1,1043.15,2026-04-14
B_1515,TXFB-101515,Bound,,,1,3377.02,2026-04-16
B_1516,TXFB-101516,Bound,,,1,2416.22,2026-04-02
B_1517,TXFB-101517,Bound,,,1,3041.14,2026-04-03
B_1518,TXFB-101518,Draft,,,1,2120.2,2026-04-09
B_1519,TXFB-101519,Bound,,,1,1742.83,2026-04-13
B_1520,TXFB-101520,Draft,,,1,3431.55,2026-04-05
B_1521,TXFB-101521,Bound,,,1,2246.36,2026-04-14
B_1522,TXFB-101522,Draft,,,1,3100.62,2026-04-07
B_1523,TXFB-101523,Bound,,,1,3359.88,2026-04-08
B_1524,TXFB-101524,Bound,,,1,2526.06,2026-04-01
B_1525,TXFB-101525,Bound,,,0,2146.82,2026-04-13
B_1526,TXFB-101526,Bound,,,1,510.53,2026-04-12
B_1527,TXFB-101527,Bound,,,0,620.06,2026-04-16
B_1528,TXFB-101528,Bound,,,1,1102.55,2026-04-16
B_1529,TXFB-101529,Canceled,INT_05,2026-04-18,1,1058.03,2026-04-12
B_1530,TXFB-101530,Bound,,,1,1264.28,2026-04-11
B_1531,TXFB-101531,Bound,,,1,1414.8,2026-04-13
B_1532,TXFB-101532,Bound,,,1,1580.2,2026-04-09
B_1533,TXFB-101533,Canceled,INT_07,2026-04-08,1,1761.61,2026-04-06
B_1534,TXFB-101534,Bound,,,0,796.6,2026-04-01
B_1535,TXFB-101535,Bound,,,0,627.09,2026-04-11
B_1536,TXFB-101536,Bound,,,1,2521.83,2026-04-08
B_1537,TXFB-101537,Bound,,,1,2112.0,2026-04-01
B_1538,TXFB-101538,Bound,,,1,1832.43,2026-04-09
B_1539,TXFB-101539,Bound,,,1,2403.32,2026-04-02
B_1540,TXFB-101540,Bound,,,1,2983.04,2026-04-16
B_1541,TXFB-101541,Canceled,INT_05,2026-04-25,1,1783.08,2026-04-12
B_1542,TXFB-101542,Bound,,,1,2423.36,2026-04-08
B_1543,TXFB-101543,Bound,,,1,3360.72,2026-04-06
B_1544,TXFB-101544,Bound,,,1,3018.87,2026-04-04
B_1545,TXFB-101545,Withdrawn,,,1,1778.0,2026-04-08
B_1546,TXFB-101546,Bound,,,0,2434.15,2026-04-08
B_1547,TXFB-101547,Canceled,INT_04,2026-04-29,1,1031.21,2026-04-09
B_1548,TXFB-101548,Bound,,,1,2181.57,2026-04-02
B_1549,TXFB-101549,Bound,,,1,3443.98,2026-04-08
B_1550,TXFB-101550,Bound,,,1,2054.95,2026-04-13
B_1551,TXFB-101551,Withdrawn,,,1,3282.91,2026-04-12
B_1552,TXFB-101552,Bound,,,1,1722.0,2026-04-06
B_1553,TXFB-101553,Canceled,INT_07,2026-04-20,1,3496.53,2026-04-06
B_1554,TXFB-101554,Draft,,,0,2237.66,2026-04-08
B_1555,TXFB-101555,Bound,,,1,626.81,2026-04-11
B_1556,TXFB-101556,Bound,,,1,2260.26,2026-04-12
B_1557,TXFB-101557,Bound,,,1,1323.72,2026-04-01
B_1558,TXFB-101558,Bound,,,0,597.44,2026-04-12
B_1559,TXFB-101559,Canceled,INT_03,2026-04-25,1,2962.56,2026-04-05
B_1560,TXFB-101560,Draft,,,1,1327.19,2026-04-07
B_1561,TXFB-101561,Bound,,,1,2889.65,2026-04-16
B_1562,TXFB-101562,Bound,,,1,1364.65,2026-04-10
B_1563,TXFB-101563,Canceled,INT_05,2026-04-15,1,1082.98,2026-04-06
B_1564,TXFB-101564,Bound,,,1,3421.81,2026-04-16
B_1565,TXFB-101565,Canceled,INT_01,2026-04-07,1,1584.94,2026-04-02
B_1566,TXFB-101566,Bound,,,1,2304.13,2026-04-03
B_1567,TXFB-101567,Bound,,,1,2329.94,2026-04-02
B_1568,TXFB-101568,Bound,,,1,2181.42,2026-04-08
B_1569,TXFB-101569,Bound,,,1,3244.09,2026-04-08
B_1570,TXFB-101570,Bound,,,1,2523.32,2026-04-01
B_1571,TXFB-101571,Bound,,,1,1711.2,2026-04-16
B_1572,TXFB-101572,Bound,,,0,3087.14,2026-04-01
B_1573,TXFB-101573,Canceled,INT_04,2026-04-14,0,1043.19,2026-04-11
B_1574,TXFB-101574,Draft,,,1,2132.71,2026-04-07
B_1575,TXFB-101575,Bound,,,0,3351.65,2026-04-05
B_1576,TXFB-101576,Bound,,,1,2376.19,2026-04-11
B_1577,TXFB-101577,Bound,,,1,2950.91,2026-04-06
B_1578,TXFB-101578,Bound,,,1,2460.68,2026-04-11
B_1579,TXFB-101579,Bound,,,1,3018.11,2026-04-02
B_1580,TXFB-101580,Bound,,,1,3333.46,2026-04-01
B_1581,TXFB-101581,Bound,,,1,1318.77,2026-04-05
B_1582,TXFB-101582,Bound,,,1,1008.98,2026-04-05
B_1583,TXFB-101583,Bound,,,1,1951.97,2026-04-04
B_1584,TXFB-101584,Bound,,,0,2605.59,2026-04-12
B_1585,TXFB-101585,Withdrawn,,,1,1181.57,2026-04-03
B_1586,TXFB-101586,Bound,,,1,512.3,2026-04-12
B_1587,TXFB-101587,Bound,,,1,1528.81,2026-04-13
B_1588,TXFB-101588,Bound,,,0,3406.58,2026-04-04
B_1589,TXFB-101589,Bound,,,1,2584.9,2026-04-11
B_1590,TXFB-101590,Canceled,INT_06,2026-04-22,1,1703.98,2026-04-10
B_1591,TXFB-101591,Bound,,,1,1077.73,2026-04-11
B_1592,TXFB-101592,Withdrawn,,,1,1568.27,2026-04-05
B_1593,TXFB-101593,Bound,,,1,1009.52,2026-04-06
B_1594,TXFB-101594,Bound,,,1,818.92,2026-04-14
B_1595,TXFB-101595,Canceled,INT_08,2026-04-22,1,3220.23,2026-04-16
B_1596,TXFB-101596,Bound,,,1,3492.95,2026-04-11
B_1597,TXFB-101597,Bound,,,1,992.34,2026-04-06
B_1598,TXFB-101598,Bound,,,1,663.57,2026-04-12
B_1599,TXFB-101599,Bound,,,1,1489.19,2026-04-08
B_1600,TXFB-101600,Draft,,,1,1884.98,2026-04-06
B_1601,TXFB-101601,Bound,,,1,1114.46,2026-04-13
B_1602,TXFB-101602,Bound,,,1,1404.27,2026-04-10
B_1603,TXFB-101603,Bound,,,1,1102.61,2026-04-10
B_1604,TXFB-101604,Bound,,,1,2822.78,2026-04-05
B_1605,TXFB-101605,Bound,,,1,2637.73,2026-04-06
B_1606,TXFB-101606,Bound,,,1,2404.85,2026-04-01
B_1607,TXFB-101607,Bound,,,1,1661.65,2026-04-13
B_1608,TXFB-101608,Canceled,INT_08,2026-04-21,1,3227.12,2026-04-02
B_1609,TXFB-101609,Bound,,,1,3408.6,2026-04-06
B_1610,TXFB-101610,Bound,,,1,1020.92,2026-04-11
B_1611,TXFB-101611,Draft,,,1,1169.04,2026-04-08
B_1612,TXFB-101612,Bound,,,1,2076.89,2026-04-04
B_1613,TXFB-101613,Bound,,,1,773.75,2026-04-16
B_1614,TXFB-101614,Bound,,,0,1809.35,2026-04-05
B_1615,TXFB-101615,Bound,,,1,2245.37,2026-04-11
B_1616,TXFB-101616,Bound,,,1,2066.22,2026-04-03
B_1617,TXFB-101617,Withdrawn,,,1,1492.73,2026-04-08
B_1618,TXFB-101618,Bound,,,1,2127.34,2026-04-12
B_1619,TXFB-101619,Bound,,,1,3376.4,2026-04-11
B_1620,TXFB-101620,Canceled,INT_03,2026-04-10,1,1118.05,2026-04-06
B_1621,TXFB-101621,Bound,,,1,2464.49,2026-04-03
B_1622,TXFB-101622,Bound,,,1,630.19,2026-04-11
B_1623,TXFB-101623,Bound,,,1,699.25,2026-04-15
B_1624,TXFB-101624,Withdrawn,,,1,2155.48,2026-04-01
B_1625,TXFB-101625,Bound,,,1,814.82,2026-04-09
B_1626,TXFB-101626,Bound,,,1,567.04,2026-04-07
B_1627,TXFB-101627,Bound,,,1,1014.54,2026-04-08
B_1628,TXFB-101628,Bound,,,1,2194.55,2026-04-03
B_1629,TXFB-101629,Bound,,,1,2610.02,2026-04-12
B_1630,TXFB-101630,Bound,,,1,1107.44,2026-04-09
B_1631,TXFB-101631,Canceled,INT_05,2026-04-05,1,2504.78,2026-04-04
B_1632,TXFB-101632,Bound,,,1,1047.43,2026-04-01
B_1633,TXFB-101633,Bound,,,1,2340.37,2026-04-02
B_1634,TXFB-101634,Canceled,INT_06,2026-05-06,1,1735.88,2026-04-13
B_1635,TXFB-101635,Draft,,,1,2461.4,2026-04-15
B_1636,TXFB-101636,Bound,,,1,3485.16,2026-04-14
B_1637,TXFB-101637,Bound,,,1,3313.45,2026-04-06
B_1638,TXFB-101638,Bound,,,1,512.85,2026-04-14
B_1639,TXFB-101639,Withdrawn,,,0,3156.32,2026-04-16
B_1640,TXFB-101640,Draft,,,1,699.47,2026-04-13
B_1641,TXFB-101641,Bound,,,1,3359.14,2026-04-12
B_1642,TXFB-101642,Canceled,,2026-04-30,1,1345.48,2026-04-13
B_1643,TXFB-101643,Bound,,,1,1646.1,2026-04-04
B_1644,TXFB-101644,Bound,,,1,774.91,2026-04-16
B_1645,TXFB-101645,Bound,,,1,836.82,2026-04-08
B_1646,TXFB-101646,Canceled,INT_04,2026-04-20,1,2680.22,2026-04-06
B_1647,TXFB-101647,Bound,,,1,3333.0,2026-04-15
B_1648,TXFB-101648,Canceled,INT_04,2026-04-28,1,2332.25,2026-04-03
B_1649,TXFB-101649,Canceled,INT_03,2026-05-02,1,2647.55,2026-04-02
B_1650,TXFB-101650,Canceled,,2026-05-10,1,2785.91,2026-04-10
B_1651,TXFB-101651,Bound,,,0,1288.44,2026-04-01
B_1652,TXFB-101652,Bound,,,1,635.69,2026-04-11
B_1653,TXFB-101653,Bound,,,1,505.62,2026-04-09
B_1654,TXFB-101654,Bound,,,1,1551.95,2026-04-04
B_1655,TXFB-101655,Bound,,,1,1224.39,2026-04-03
B_1656,TXFB-101656,Draft,,,1,686.95,2026-04-11
B_1657,TXFB-101657,Bound,,,1,1038.58,2026-04-06
B_1658,TXFB-101658,Bound,,,1,873.5,2026-04-13
B_1659,TXFB-101659,Bound,,,1,3244.64,2026-04-06
B_1660,TXFB-101660,Bound,,,1,920.8,2026-04-03
B_1661,TXFB-101661,Bound,,,1,2112.95,2026-04-03
B_1662,TXFB-101662,Bound,,,1,2279.32,2026-04-11
B_1663,TXFB-101663,Draft,,,1,2130.47,2026-04-16
B_1664,TXFB-101664,Bound,,,1,797.17,2026-04-01
B_1665,TXFB-101665,Withdrawn,,,1,1456.4,2026-04-14
B_1666,TXFB-101666,Draft,,,1,653.81,2026-04-06
B_1667,TXFB-101667,Bound,,,1,1687.01,2026-04-14
B_1668,TXFB-101668,Draft,,,1,1065.8,2026-04-06
B_1669,TXFB-101669,Bound,,,1,2184.9,2026-04-02
B_1670,TXFB-101670,Canceled,INT_08,2026-04-19,1,2578.43,2026-04-04
B_1671,TXFB-101671,Bound,,,1,2096.36,2026-04-11
B_1672,TXFB-101672,Draft,,,1,1802.71,2026-04-07
B_1673,TXFB-101673,Draft,,,1,1662.0,2026-04-07
B_1674,TXFB-101674,Canceled,INT_02,2026-05-11,0,3025.08,2026-04-14
B_1675,TXFB-101675,Canceled,INT_04,2026-05-01,1,1158.1,2026-04-09
B_1676,TXFB-101676,Bound,,,1,2702.66,2026-04-10
B_1677,TXFB-101677,Bound,,,1,2772.45,2026-04-10
B_1678,TXFB-101678,Bound,,,1,1757.6,2026-04-08
B_1679,TXFB-101679,Bound,,,1,1391.9,2026-04-04
B_1680,TXFB-101680,Bound,,,1,1911.62,2026-04-02
B_1681,TXFB-101681,Bound,,,1,779.64,2026-04-13
B_1682,TXFB-101682,Withdrawn,,,1,637.79,2026-04-16
B_1683,TXFB-101683,Bound,,,1,834.81,2026-04-05
B_1684,TXFB-101684,Canceled,INT_07,2026-04-18,1,1061.44,2026-04-02
B_1685,TXFB-101685,Bound,,,1,2012.53,2026-04-12
B_1686,TXFB-101686,Draft,,,0,3047.41,2026-04-01
B_1687,TXFB-101687,Draft,,,1,1206.93,2026-04-14
B_1688,TXFB-101688,Bound,,,1,3305.49,2026-04-03
B_1689,TXFB-101689,Bound,,,1,3364.72,2026-04-10
B_1690,TXFB-101690,Canceled,INT_04,2026-04-20,0,3376.71,2026-04-16
B_1691,TXFB-101691,Bound,,,1,3012.69,2026-04-07
B_1692,TXFB-101692,Bound,,,1,1591.48,2026-04-04
B_1693,TXFB-101693,Bound,,,1,718.05,2026-04-01
B_1694,TXFB-101694,Bound,,,1,2206.46,2026-04-07
B_1695,TXFB-101695,Bound,,,1,2176.04,2026-04-06
B_1696,TXFB-101696,Bound,,,1,3049.93,2026-04-10
B_1697,TXFB-101697,Bound,,,1,3487.97,2026-04-03
B_1698,TXFB-101698,Bound,,,1,2024.47,2026-04-16
B_1699,TXFB-101699,Withdrawn,,,1,1535.61,2026-04-04
B_1700,TXFB-101700,Bound,,,1,1057.71,2026-04-10
B_1701,TXFB-101701,Withdrawn,,,1,514.4,2026-04-13
B_1702,TXFB-101702,Bound,,,1,2027.34,2026-04-16
B_1703,TXFB-101703,Bound,,,1,2166.56,2026-04-16
B_1704,TXFB-101704,Bound,,,1,2974.82,2026-04-09
B_1705,TXFB-101705,Bound,,,1,2013.73,2026-04-03
B_1706,TXFB-101706,Bound,,,1,3249.41,2026-04-13
B_1707,TXFB-101707,Bound,,,1,2384.25,2026-04-06
B_1708,TXFB-101708,Bound,,,1,3021.01,2026-04-12
B_1709,TXFB-101709,Bound,,,1,944.91,2026-04-13
B_1710,TXFB-101710,Bound,,,1,3066.01,2026-04-12
B_1711,TXFB-101711,Bound,,,0,2525.43,2026-04-06
B_1712,TXFB-101712,Bound,,,1,1010.7,2026-04-15
B_1713,TXFB-101713,Canceled,INT_99,2026-04-10,1,1069.29,2026-04-02
B_1714,TXFB-101714,Bound,,,1,3279.5,2026-04-09
B_1715,TXFB-101715,Bound,,,1,596.65,2026-04-15
B_1716,TXFB-101716,Withdrawn,,,1,1887.6,2026-04-15
B_1717,TXFB-101717,Bound,,,0,1440.43,2026-04-09
B_1718,TXFB-101718,Bound,,,1,2495.23,2026-04-08
B_1719,TXFB-101719,Withdrawn,,,1,3018.89,2026-04-09
B_1720,TXFB-101720,Bound,,,1,1581.13,2026-04-02
B_1721,TXFB-101721,Bound,,,1,1780.71,2026-04-05
B_1722,TXFB-101722,Bound,,,0,3445.75,2026-04-04
B_1723,TXFB-101723,Bound,,,1,2851.75,2026-04-03
B_1724,TXFB-101724,Bound,,,1,3191.61,2026-04-12
B_1725,TXFB-101725,Bound,,,1,1816.29,2026-04-14
B_1726,TXFB-101726,Bound,,,0,1202.23,2026-04-08
B_1727,TXFB-101727,Bound,,,1,1735.59,2026-04-02
B_1728,TXFB-101728,Withdrawn,,,0,2648.28,2026-04-13
B_1729,TXFB-101729,Canceled,INT_02,2026-05-07,1,828.29,2026-04-14
B_1730,TXFB-101730,Bound,,,1,1311.41,2026-04-16
B_1731,TXFB-101731,Bound,,,1,639.91,2026-04-08
B_1732,TXFB-101732,Bound,,,1,1797.04,2026-04-16
B_1733,TXFB-101733,Bound,,,1,2982.34,2026-04-10
B_1734,TXFB-101734,Bound,,,1,573.99,2026-04-03
B_1735,TXFB-101735,Bound,,,1,2525.97,2026-04-13
B_1736,TXFB-101736,Draft,,,1,3297.49,2026-04-02
B_1737,TXFB-101737,Bound,,,1,1210.78,2026-04-05
B_1738,TXFB-101738,Bound,,,0,2580.9,2026-04-04
B_1739,TXFB-101739,Bound,,,1,3425.31,2026-04-15
B_1740,TXFB-101740,Bound,,,1,3386.83,2026-04-06
B_1741,TXFB-101741,Canceled,INT_04,2026-04-13,1,1204.79,2026-04-06
B_1742,TXFB-101742,Canceled,INT_99,2026-04-14,1,800.99,2026-04-07
B_1743,TXFB-101743,Canceled,INT_08,2026-05-05,1,944.85,2026-04-07
B_1744,TXFB-101744,Bound,,,1,2606.11,2026-04-05
B_1745,TXFB-101745,Bound,,,1,2677.28,2026-04-02
B_1746,TXFB-101746,Bound,,,1,2522.71,2026-04-14
B_1747,TXFB-101747,Bound,,,1,1508.24,2026-04-03
B_1748,TXFB-101748,Bound,,,0,1009.33,2026-04-14
B_1749,TXFB-101749,Canceled,,2026-05-04,1,2242.28,2026-04-07
B_1750,TXFB-101750,Bound,,,1,1951.04,2026-04-05
B_1751,TXFB-101751,Bound,,,1,2686.5,2026-04-09
B_1752,TXFB-101752,Bound,,,1,1824.08,2026-04-11
B_1753,TXFB-101753,Bound,,,1,1515.92,2026-04-03
B_1754,TXFB-101754,Bound,,,0,1380.44,2026-04-03
B_1755,TXFB-101755,Withdrawn,,,0,1134.41,2026-04-13
B_1756,TXFB-101756,Canceled,INT_02,2026-05-09,1,1297.24,2026-04-13
B_1757,TXFB-101757,Withdrawn,,,1,784.49,2026-04-11
B_1758,TXFB-101758,Bound,,,1,1540.57,2026-04-09
B_1759,TXFB-101759,Bound,,,1,609.71,2026-04-15
B_1760,TXFB-101760,Bound,,,1,1059.24,2026-04-01
B_1761,TXFB-101761,Bound,,,1,2740.31,2026-04-14
B_1762,TXFB-101762,Canceled,INT_08,2026-04-13,1,1476.41,2026-04-04
B_1763,TXFB-101763,Bound,,,1,2504.71,2026-04-14
B_1764,TXFB-101764,Bound,,,1,2650.65,2026-04-05
B_1765,TXFB-101765,Bound,,,1,2243.56,2026-04-05
B_1766,TXFB-101766,Bound,,,1,3376.09,2026-04-04
B_1767,TXFB-101767,Canceled,INT_06,2026-04-14,1,564.32,2026-04-04
B_1768,TXFB-101768,Bound,,,1,2715.96,2026-04-04
B_1769,TXFB-101769,Bound,,,1,3376.36,2026-04-10
B_1770,TXFB-101770,Bound,,,1,3086.82,2026-04-12
B_1771,TXFB-101771,Bound,,,1,1003.68,2026-04-14
B_1772,TXFB-101772,Canceled,INT_08,2026-05-03,1,1480.46,2026-04-09
B_1773,TXFB-101773,Draft,,,1,1017.36,2026-04-13
B_1774,TXFB-101774,Withdrawn,,,1,2303.93,2026-04-16
B_1775,TXFB-101775,Canceled,INT_07,2026-05-02,1,2636.56,2026-04-16
B_1776,TXFB-101776,Bound,,,1,1451.22,2026-04-02
B_1777,TXFB-101777,Bound,,,1,2118.52,2026-04-06
B_1778,TXFB-101778,Bound,,,1,2572.76,2026-04-09
B_1779,TXFB-101779,Bound,,,1,1764.02,2026-04-13
B_1780,TXFB-101780,Canceled,INT_08,2026-04-18,0,3062.05,2026-04-05
B_1781,TXFB-101781,Bound,,,1,2814.65,2026-04-13
B_1782,TXFB-101782,Draft,,,1,694.0,2026-04-02
B_1783,TXFB-101783,Bound,,,1,2363.38,2026-04-13
B_1784,TXFB-101784,Bound,,,1,1205.98,2026-04-11
B_1785,TXFB-101785,Bound,,,1,2172.55,2026-04-08
B_1786,TXFB-101786,Draft,,,1,3370.67,2026-04-02
B_1787,TXFB-101787,Bound,,,1,3137.19,2026-04-16
B_1788,TXFB-101788,Bound,,,1,1713.55,2026-04-09
B_1789,TXFB-101789,Bound,,,1,1374.54,2026-04-12
B_1790,TXFB-101790,Bound,,,1,1203.22,2026-04-01
B_1791,TXFB-101791,Bound,,,1,2097.54,2026-04-11
B_1792,TXFB-101792,Canceled,INT_08,2026-04-15,1,842.75,2026-04-10
B_1793,TXFB-101793,Bound,,,1,2147.83,2026-04-10
B_1794,TXFB-101794,Bound,,,1,504.0,2026-04-09
B_1795,TXFB-101795,Bound,,,1,1471.55,2026-04-16
B_1796,TXFB-101796,Bound,,,1,1159.8,2026-04-04
B_1797,TXFB-101797,Canceled,INT_04,2026-04-22,1,3413.66,2026-04-08
B_1798,TXFB-101798,Bound,,,1,2681.73,2026-04-05
B_1799,TXFB-101799,Bound,,,0,1548.96,2026-04-10
B_1800,TXFB-101800,Bound,,,1,778.54,2026-04-15
B_1801,TXFB-101801,Withdrawn,,,0,2050.4,2026-04-11
B_1802,TXFB-101802,Canceled,INT_05,2026-05-07,1,1140.34,2026-04-09
B_1803,TXFB-101803,Bound,,,1,2109.29,2026-04-14
B_1804,TXFB-101804,Bound,,,1,3006.09,2026-04-03
B_1805,TXFB-101805,Bound,,,1,2347.38,2026-04-07
B_1806,TXFB-101806,Canceled,INT_08,2026-04-22,1,2401.37,2026-04-15
B_1807,TXFB-101807,Bound,,,1,2123.09,2026-04-07
B_1808,TXFB-101808,Bound,,,1,3281.8,2026-04-14
B_1809,TXFB-101809,Bound,,,1,3295.71,2026-04-16
B_1810,TXFB-101810,Bound,,,1,2038.17,2026-04-12
B_1811,TXFB-101811,Bound,,,1,1417.28,2026-04-02
B_1812,TXFB-101812,Canceled,INT_05,2026-04-26,0,1878.76,2026-04-06
B_1813,TXFB-101813,Bound,,,0,1059.67,2026-04-03
B_1814,TXFB-101814,Bound,,,1,2409.03,2026-04-10
B_1815,TXFB-101815,Bound,,,1,2000.28,2026-04-13
B_1816,TXFB-101816,Withdrawn,,,1,809.9,2026-04-05
B_1817,TXFB-101817,Bound,,,1,1092.94,2026-04-01
B_1818,TXFB-101818,Canceled,INT_05,2026-04-13,1,1938.9,2026-04-06
B_1819,TXFB-101819,Bound,,,1,3162.77,2026-04-07
B_1820,TXFB-101820,Bound,,,1,2199.17,2026-04-07
B_1821,TXFB-101821,Bound,,,1,2544.61,2026-04-02
B_1822,TXFB-101822,Bound,,,1,1517.09,2026-04-08
B_1823,TXFB-101823,Bound,,,1,2214.23,2026-04-02
B_1824,TXFB-101824,Canceled,INT_06,2026-05-12,1,1842.14,2026-04-15
B_1825,TXFB-101825,Bound,,,1,2477.39,2026-04-02
B_1826,TXFB-101826,Bound,,,1,651.73,2026-04-12
B_1827,TXFB-101827,Bound,,,1,1979.9,2026-04-07
B_1828,TXFB-101828,Withdrawn,,,1,1387.98,2026-04-09
B_1829,TXFB-101829,Canceled,INT_02,2026-04-22,1,1478.56,2026-04-12
B_1830,TXFB-101830,Bound,,,1,3382.75,2026-04-15
B_1831,TXFB-101831,Withdrawn,,,1,1048.08,2026-04-13
B_1832,TXFB-101832,Bound,,,0,1433.74,2026-04-04
B_1833,TXFB-101833,Bound,,,1,2029.68,2026-04-01
B_1834,TXFB-101834,Canceled,INT_99,2026-05-02,1,3089.08,2026-04-08
B_1835,TXFB-101835,Canceled,INT_03,2026-05-04,1,1750.01,2026-04-12
B_1836,TXFB-101836,Bound,,,1,2731.6,2026-04-16
B_1837,TXFB-101837,Bound,,,1,3069.12,2026-04-15
B_1838,TXFB-101838,Bound,,,1,1430.05,2026-04-06
B_1839,TXFB-101839,Draft,,,1,1678.25,2026-04-16
B_1840,TXFB-101840,Bound,,,1,1569.67,2026-04-12
B_1841,TXFB-101841,Bound,,,1,2998.57,2026-04-12
B_1842,TXFB-101842,Bound,,,1,633.04,2026-04-06
B_1843,TXFB-101843,Bound,,,1,1425.26,2026-04-09
B_1844,TXFB-101844,Bound,,,0,2538.23,2026-04-03
B_1845,TXFB-101845,Draft,,,1,2196.33,2026-04-10
B_1846,TXFB-101846,Bound,,,1,1808.87,2026-04-01
B_1847,TXFB-101847,Bound,,,1,2119.84,2026-04-13
B_1848,TXFB-101848,Bound,,,1,1092.75,2026-04-02
B_1849,TXFB-101849,Draft,,,1,1792.15,2026-04-06
B_1850,TXFB-101850,Bound,,,0,2005.11,2026-04-07
B_1851,TXFB-101851,Bound,,,1,3203.57,2026-04-08
B_1852,TXFB-101852,Canceled,INT_02,2026-04-15,1,1282.51,2026-04-08
B_1853,TXFB-101853,Draft,,,1,3103.49,2026-04-07
B_1854,TXFB-101854,Canceled,INT_06,2026-04-23,1,2432.72,2026-04-09
B_1855,TXFB-101855,Draft,,,0,561.02,2026-04-14
B_1856,TXFB-101856,Bound,,,1,2673.89,2026-04-01
B_1857,TXFB-101857,Canceled,INT_07,2026-04-07,1,606.66,2026-04-01
B_1858,TXFB-101858,Bound,,,1,3492.14,2026-04-16
B_1859,TXFB-101859,Canceled,,2026-04-19,1,3117.91,2026-04-05
B_1860,TXFB-101860,Canceled,INT_07,2026-05-02,1,1392.03,2026-04-06
B_1861,TXFB-101861,Canceled,INT_01,2026-04-06,0,1272.23,2026-04-01
B_1862,TXFB-101862,Bound,,,1,1644.32,2026-04-08
B_1863,TXFB-101863,Bound,,,1,1568.5,2026-04-09
B_1864,TXFB-101864,Bound,,,0,1617.01,2026-04-10
B_1865,TXFB-101865,Withdrawn,,,1,1454.83,2026-04-09
B_1866,TXFB-101866,Draft,,,1,2363.4,2026-04-14
B_1867,TXFB-101867,Bound,,,1,992.79,2026-04-13
B_1868,TXFB-101868,Bound,,,1,3037.94,2026-04-12
B_1869,TXFB-101869,Bound,,,1,2937.21,2026-04-15
B_1870,TXFB-101870,Canceled,INT_07,2026-04-10,1,1929.45,2026-04-09
B_1871,TXFB-101871,Canceled,INT_06,2026-04-17,1,3058.19,2026-04-07
B_1872,TXFB-101872,Bound,,,0,1241.44,2026-04-15
B_1873,TXFB-101873,Bound,,,1,552.7,2026-04-10
B_1874,TXFB-101874,Canceled,INT_07,2026-04-22,1,2357.62,2026-04-13
B_1875,TXFB-101875,Canceled,INT_07,2026-04-12,1,1873.73,2026-04-04
B_1876,TXFB-101876,Bound,,,1,2201.49,2026-04-01
B_1877,TXFB-101877,Bound,,,1,3198.02,2026-04-12
B_1878,TXFB-101878,Bound,,,1,3409.78,2026-04-10
B_1879,TXFB-101879,Bound,,,1,2403.36,2026-04-10
B_1880,TXFB-101880,Bound,,,1,2792.17,2026-04-04
B_1881,TXFB-101881,Bound,,,1,751.43,2026-04-16
B_1882,TXFB-101882,Draft,,,1,982.15,2026-04-03
B_1883,TXFB-101883,Bound,,,1,2699.61,2026-04-11
B_1884,TXFB-101884,Canceled,INT_04,2026-04-29,1,1794.1,2026-04-09
B_1885,TXFB-101885,Bound,,,1,1837.9,2026-04-11
B_1886,TXFB-101886,Bound,,,1,1425.82,2026-04-09
B_1887,TXFB-101887,Bound,,,1,2322.07,2026-04-09
B_1888,TXFB-101888,Bound,,,1,1055.5,2026-04-10
B_1889,TXFB-101889,Canceled,INT_05,2026-04-22,1,2380.75,2026-04-07
B_1890,TXFB-101890,Withdrawn,,,1,1021.4,2026-04-05
B_1891,TXFB-101891,Bound,,,1,691.48,2026-04-08
B_1892,TXFB-101892,Bound,,,1,1491.07,2026-04-02
B_1893,TXFB-101893,Canceled,INT_01,2026-05-13,1,1193.42,2026-04-13
B_1894,TXFB-101894,Bound,,,1,3166.97,2026-04-11
B_1895,TXFB-101895,Bound,,,1,664.86,2026-04-05
B_1896,TXFB-101896,Canceled,INT_07,2026-04-09,1,1029.84,2026-04-01
B_1897,TXFB-101897,Bound,,,1,2146.16,2026-04-16
B_1898,TXFB-101898,Bound,,,0,1943.2,2026-04-10
B_1899,TXFB-101899,Bound,,,1,637.56,2026-04-09
B_1900,TXFB-101900,Canceled,INT_08,2026-04-26,1,521.76,2026-04-14
B_1901,TXFB-101901,Bound,,,1,3464.2,2026-04-13
B_1902,TXFB-101902,Bound,,,1,2476.5,2026-04-13
B_1903,TXFB-101903,Canceled,INT_01,2026-04-21,0,1596.22,2026-04-02
B_1904,TXFB-101904,Bound,,,1,1911.3,2026-04-07
B_1905,TXFB-101905,Canceled,INT_01,2026-05-03,1,1299.65,2026-04-11
B_1906,TXFB-101906,Bound,,,0,1534.62,2026-04-08
B_1907,TXFB-101907,Withdrawn,,,1,2447.13,2026-04-16
B_1908,TXFB-101908,Bound,,,1,3148.44,2026-04-12
B_1909,TXFB-101909,Bound,,,1,1052.39,2026-04-10
B_1910,TXFB-101910,Bound,,,1,3021.08,2026-04-06
B_1911,TXFB-101911,Bound,,,1,864.67,2026-04-06
B_1912,TXFB-101912,Draft,,,1,1144.98,2026-04-10
B_1913,TXFB-101913,Withdrawn,,,1,611.53,2026-04-04
B_1914,TXFB-101914,Bound,,,1,922.44,2026-04-16
B_1915,TXFB-101915,Bound,,,1,3251.91,2026-04-05
B_1916,TXFB-101916,Canceled,,2026-04-30,1,1878.32,2026-04-09
B_1917,TXFB-101917,Draft,,,1,733.0,2026-04-06
B_1918,TXFB-101918,Bound,,,1,3379.18,2026-04-11
B_1919,TXFB-101919,Bound,,,1,3136.98,2026-04-03
B_1920,TXFB-101920,Bound,,,1,2764.05,2026-04-08
B_1921,TXFB-101921,Bound,,,1,3300.42,2026-04-12
B_1922,TXFB-101922,Bound,,,0,1160.39,2026-04-08
B_1923,TXFB-101923,Bound,,,1,3009.11,2026-04-10
B_1924,TXFB-101924,Bound,,,1,2569.97,2026-04-14
B_1925,TXFB-101925,Canceled,INT_08,2026-04-26,1,3109.28,2026-04-11
B_1926,TXFB-101926,Bound,,,0,2890.73,2026-04-12
B_1927,TXFB-101927,Bound,,,1,1539.49,2026-04-09
B_1928,TXFB-101928,Bound,,,1,2823.2,2026-04-10
B_1929,TXFB-101929,Bound,,,1,1287.37,2026-04-15
B_1930,TXFB-101930,Bound,,,1,1485.78,2026-04-04
B_1931,TXFB-101931,Bound,,,1,823.72,2026-04-16
B_1932,TXFB-101932,Bound,,,0,3305.23,2026-04-02
B_1933,TXFB-101933,Bound,,,1,1373.01,2026-04-03
B_1934,TXFB-101934,Bound,,,1,2061.87,2026-04-16
B_1935,TXFB-101935,Bound,,,1,1674.0,2026-04-07
B_1936,TXFB-101936,Canceled,INT_99,2026-04-07,1,3379.78,2026-04-04
B_1937,TXFB-101937,Bound,,,1,1505.15,2026-04-13
B_1938,TXFB-101938,Canceled,INT_06,2026-04-11,1,2835.64,2026-04-10
B_1939,TXFB-101939,Bound,,,1,3066.25,2026-04-14
B_1940,TXFB-101940,Bound,,,1,1806.82,2026-04-02
B_1941,TXFB-101941,Bound,,,1,1634.52,2026-04-05
B_1942,TXFB-101942,Bound,,,1,2743.24,2026-04-05
B_1943,TXFB-101943,Canceled,INT_06,2026-04-23,1,3238.69,2026-04-07
B_1944,TXFB-101944,Canceled,INT_07,2026-04-16,0,2764.8,2026-04-11
B_1945,TXFB-101945,Canceled,INT_07,2026-05-12,1,1181.38,2026-04-14
B_1946,TXFB-101946,Bound,,,1,3164.92,2026-04-15
B_1947,TXFB-101947,Bound,,,1,1662.75,2026-04-05
B_1948,TXFB-101948,Bound,,,1,2228.69,2026-04-11
B_1949,TXFB-101949,Bound,,,1,2994.31,2026-04-06
B_1950,TXFB-101950,Bound,,,0,1065.18,2026-04-03
B_1951,TXFB-101951,Bound,,,1,2853.53,2026-04-16
B_1952,TXFB-101952,Bound,,,1,2288.49,2026-04-11
B_1953,TXFB-101953,Bound,,,1,3180.02,2026-04-06
B_1954,TXFB-101954,Canceled,INT_02,2026-04-22,0,1015.91,2026-04-11
B_1955,TXFB-101955,Withdrawn,,,1,1762.05,2026-04-02
B_1956,TXFB-101956,Draft,,,1,2998.53,2026-04-01
B_1957,TXFB-101957,Bound,,,1,557.7,2026-04-15
B_1958,TXFB-101958,Bound,,,1,836.6,2026-04-09
B_1959,TXFB-101959,Bound,,,1,3471.7,2026-04-07
B_1960,TXFB-101960,Canceled,INT_01,2026-04-29,1,1341.18,2026-04-06
B_1961,TXFB-101961,Bound,,,1,3426.63,2026-04-06
B_1962,TXFB-101962,Bound,,,1,1047.59,2026-04-16
B_1963,TXFB-101963,Canceled,INT_06,2026-04-16,1,1583.28,2026-04-03
B_1964,TXFB-101964,Bound,,,1,2758.61,2026-04-05
B_1965,TXFB-101965,Bound,,,1,2473.34,2026-04-14
B_1966,TXFB-101966,Bound,,,1,2243.37,2026-04-14
B_1967,TXFB-101967,Bound,,,1,2089.7,2026-04-13
B_1968,TXFB-101968,Bound,,,1,3030.32,2026-04-14
B_1969,TXFB-101969,Bound,,,1,1204.85,2026-04-16
B_1970,TXFB-101970,Bound,,,1,1827.41,2026-04-13
B_1971,TXFB-101971,Bound,,,1,966.36,2026-04-01
B_1972,TXFB-101972,Canceled,INT_02,2026-04-24,1,2287.82,2026-04-02
B_1973,TXFB-101973,Bound,,,0,1251.63,2026-04-07
B_1974,TXFB-101974,Bound,,,1,1501.53,2026-04-12
B_1975,TXFB-101975,Bound,,,1,1913.75,2026-04-01
B_1976,TXFB-101976,Draft,,,1,580.31,2026-04-11
B_1977,TXFB-101977,Bound,,,1,775.81,2026-04-07
B_1978,TXFB-101978,Bound,,,1,2557.79,2026-04-01
B_1979,TXFB-101979,Draft,,,1,1786.91,2026-04-01
B_1980,TXFB-101980,Canceled,INT_01,2026-04-15,0,3094.37,2026-04-08
B_1981,TXFB-101981,Bound,,,1,2584.02,2026-04-08
B_1982,TXFB-101982,Canceled,INT_04,2026-05-05,1,524.3,2026-04-12
B_1983,TXFB-101983,Bound,,,1,2350.14,2026-04-10
B_1984,TXFB-101984,Bound,,,1,781.17,2026-04-05
B_1985,TXFB-101985,Bound,,,1,2842.8,2026-04-04
B_1986,TXFB-101986,Bound,,,1,3474.52,2026-04-13
B_1987,TXFB-101987,Canceled,INT_99,2026-04-23,1,2093.6,2026-04-10
B_1988,TXFB-101988,Bound,,,1,2548.34,2026-04-06
B_1989,TXFB-101989,Bound,,,1,1211.94,2026-04-03
B_1990,TXFB-101990,Canceled,,2026-04-25,0,1812.79,2026-04-02
B_1991,TXFB-101991,Canceled,INT_99,2026-04-24,1,3068.29,2026-04-10
B_1992,TXFB-101992,Bound,,,1,1002.27,2026-04-10
B_1993,TXFB-101993,Bound,,,1,1296.61,2026-04-15
B_1994,TXFB-101994,Bound,,,0,1836.3,2026-04-11
B_1995,TXFB-101995,Canceled,INT_99,2026-05-08,1,2636.75,2026-04-14
B_1996,TXFB-101996,Bound,,,1,1627.65,2026-04-05
B_1997,TXFB-101997,Withdrawn,,,1,3283.2,2026-04-11
B_1998,TXFB-101998,Bound,,,1,783.37,2026-04-16
B_1999,TXFB-101999,Bound,,,1,1612.41,2026-04-12
B_2000,TXFB-102000,Bound,,,1,2626.86,2026-04-07
B_2001,TXFB-102001,Bound,,,0,1177.96,2026-04-06
B_2002,TXFB-102002,Bound,,,1,2469.24,2026-04-13
B_2003,TXFB-102003,Draft,,,1,992.65,2026-04-01
B_2004,TXFB-102004,Bound,,,1,667.94,2026-04-08
B_2005,TXFB-102005,Bound,,,1,863.05,2026-04-08
B_2006,TXFB-102006,Canceled,INT_04,2026-04-25,1,3289.95,2026-04-05
B_2007,TXFB-102007,Bound,,,1,2155.25,2026-04-07
B_2008,TXFB-102008,Canceled,INT_05,2026-04-10,0,2889.04,2026-04-01
B_2009,TXFB-102009,Bound,,,1,1497.96,2026-04-06
B_2010,TXFB-102010,Bound,,,1,2277.98,2026-04-04
B_2011,TXFB-102011,Bound,,,1,1984.86,2026-04-12
B_2012,TXFB-102012,Bound,,,1,3337.21,2026-04-02
B_2013,TXFB-102013,Draft,,,1,2742.72,2026-04-13
B_2014,TXFB-102014,Bound,,,1,2691.63,2026-04-09
B_2015,TXFB-102015,Bound,,,1,639.06,2026-04-02
B_2016,TXFB-102016,Bound,,,1,2149.01,2026-04-02
B_2017,TXFB-102017,Bound,,,1,1900.97,2026-04-04
B_2018,TXFB-102018,Draft,,,0,3283.53,2026-04-01
B_2019,TXFB-102019,Bound,,,1,1272.03,2026-04-02
B_2020,TXFB-102020,Bound,,,1,1309.5,2026-04-04
B_2021,TXFB-102021,Withdrawn,,,1,1734.04,2026-04-14
B_2022,TXFB-102022,Bound,,,1,1230.11,2026-04-15
B_2023,TXFB-102023,Draft,,,1,887.55,2026-04-13
B_2024,TXFB-102024,Bound,,,1,3072.24,2026-04-04
B_2025,TXFB-102025,Bound,,,1,2174.83,2026-04-09
B_2026,TXFB-102026,Bound,,,1,3084.09,2026-04-16
B_2027,TXFB-102027,Canceled,INT_03,2026-04-08,0,2993.4,2026-04-05
B_2028,TXFB-102028,Withdrawn,,,1,1346.13,2026-04-07
B_2029,TXFB-102029,Bound,,,1,2143.21,2026-04-01
B_2030,TXFB-102030,Bound,,,1,749.65,2026-04-10
B_2031,TXFB-102031,Bound,,,1,3245.76,2026-04-14
B_2032,TXFB-102032,Bound,,,1,1712.79,2026-04-04
B_2033,TXFB-102033,Bound,,,1,1681.03,2026-04-09
B_2034,TXFB-102034,Withdrawn,,,1,1408.27,2026-04-05
B_2035,TXFB-102035,Bound,,,1,1881.99,2026-04-14
B_2036,TXFB-102036,Bound,,,1,1255.28,2026-04-04
B_2037,TXFB-102037,Bound,,,1,1624.56,2026-04-04
B_2038,TXFB-102038,Bound,,,1,2899.84,2026-04-10
B_2039,TXFB-102039,Bound,,,1,3002.77,2026-04-04
B_2040,TXFB-102040,Bound,,,1,1412.55,2026-04-04
B_2041,TXFB-102041,Draft,,,1,1907.04,2026-04-16
B_2042,TXFB-102042,Bound,,,1,3121.46,2026-04-07
B_2043,TXFB-102043,Bound,,,1,658.02,2026-04-07
B_2044,TXFB-102044,Bound,,,1,3167.43,2026-04-09
B_2045,TXFB-102045,Draft,,,1,1157.55,2026-04-07
B_2046,TXFB-102046,Canceled,INT_02,2026-04-16,1,2535.62,2026-04-12
B_2047,TXFB-102047,Bound,,,1,2247.66,2026-04-14
B_2048,TXFB-102048,Canceled,INT_03,2026-04-28,0,2158.82,2026-04-10
B_2049,TXFB-102049,Bound,,,1,3078.08,2026-04-06
B_2050,TXFB-102050,Bound,,,1,804.72,2026-04-02
B_2051,TXFB-102051,Bound,,,1,1541.08,2026-04-16
B_2052,TXFB-102052,Bound,,,1,2114.76,2026-04-07
B_2053,TXFB-102053,Bound,,,1,2933.87,2026-04-16
B_2054,TXFB-102054,Draft,,,1,1149.33,2026-04-11
B_2055,TXFB-102055,Canceled,INT_02,2026-04-10,1,2908.79,2026-04-08
B_2056,TXFB-102056,Bound,,,1,1698.92,2026-04-01
B_2057,TXFB-102057,Bound,,,1,1066.74,2026-04-01
B_2058,TXFB-102058,Bound,,,1,2776.96,2026-04-03
B_2059,TXFB-102059,Bound,,,1,772.7,2026-04-04
B_2060,TXFB-102060,Bound,,,1,2044.3,2026-04-16
B_2061,TXFB-102061,Bound,,,1,691.63,2026-04-05
B_2062,TXFB-102062,Bound,,,1,1569.25,2026-04-03
B_2063,TXFB-102063,Canceled,INT_05,2026-04-05,1,2303.23,2026-04-03
B_2064,TXFB-102064,Bound,,,1,2168.35,2026-04-04
B_2065,TXFB-102065,Bound,,,1,1713.97,2026-04-09
B_2066,TXFB-102066,Canceled,INT_07,2026-04-19,1,1787.14,2026-04-08
B_2067,TXFB-102067,Bound,,,0,1180.31,2026-04-15
B_2068,TXFB-102068,Bound,,,1,1867.65,2026-04-10
B_2069,TXFB-102069,Bound,,,1,3359.76,2026-04-09
B_2070,TXFB-102070,Bound,,,1,3051.36,2026-04-15
B_2071,TXFB-102071,Canceled,INT_04,2026-05-02,1,935.7,2026-04-02
B_2072,TXFB-102072,Bound,,,1,589.34,2026-04-04
B_2073,TXFB-102073,Bound,,,1,3300.57,2026-04-06
B_2074,TXFB-102074,Draft,,,0,2080.25,2026-04-02
B_2075,TXFB-102075,Draft,,,1,2113.51,2026-04-10
B_2076,TXFB-102076,Draft,,,1,2842.15,2026-04-12
B_2077,TXFB-102077,Bound,,,1,1444.07,2026-04-11
B_2078,TXFB-102078,Bound,,,1,1945.72,2026-04-14
B_2079,TXFB-102079,Withdrawn,,,1,3405.99,2026-04-04
B_2080,TXFB-102080,Canceled,,2026-04-12,1,2516.45,2026-04-04
B_2081,TXFB-102081,Bound,,,1,961.24,2026-04-02
B_2082,TXFB-102082,Bound,,,1,899.68,2026-04-01
B_2083,TXFB-102083,Bound,,,1,1112.79,2026-04-05
B_2084,TXFB-102084,Draft,,,1,2800.14,2026-04-06
B_2085,TXFB-102085,Bound,,,1,1386.13,2026-04-11
B_2086,TXFB-102086,Bound,,,0,564.17,2026-04-12
B_2087,TXFB-102087,Bound,,,1,3332.52,2026-04-15
B_2088,TXFB-102088,Bound,,,1,1009.14,2026-04-09
B_2089,TXFB-102089,Canceled,INT_04,2026-04-19,1,528.67,2026-04-03
B_2090,TXFB-102090,Bound,,,0,1211.39,2026-04-12
B_2091,TXFB-102091,Canceled,INT_99,2026-05-11,0,1205.09,2026-04-11
B_2092,TXFB-102092,Withdrawn,,,1,1766.02,2026-04-06
B_2093,TXFB-102093,Bound,,,1,3261.17,2026-04-04
B_2094,TXFB-102094,Bound,,,1,3137.55,2026-04-13
B_2095,TXFB-102095,Bound,,,1,1870.68,2026-04-13
B_2096,TXFB-102096,Canceled,INT_02,2026-04-27,1,1732.7,2026-04-15
B_2097,TXFB-102097,Bound,,,1,2165.03,2026-04-09
B_2098,TXFB-102098,Bound,,,0,1230.36,2026-04-13
B_2099,TXFB-102099,Canceled,INT_01,2026-05-06,1,656.55,2026-04-16
B_2100,TXFB-102100,Bound,,,1,3317.67,2026-04-14
B_2101,TXFB-102101,Draft,,,0,1060.1,2026-04-06
B_2102,TXFB-102102,Bound,,,1,1095.2,2026-04-04
B_2103,TXFB-102103,Bound,,,1,1917.38,2026-04-05
B_2104,TXFB-102104,Bound,,,1,1974.84,2026-04-02
B_2105,TXFB-102105,Canceled,INT_07,2026-04-28,1,555.3,2026-04-06
B_2106,TXFB-102106,Bound,,,0,943.86,2026-04-04
B_2107,TXFB-102107,Draft,,,0,1634.46,2026-04-14
B_2108,TXFB-102108,Draft,,,1,2551.19,2026-04-16
B_2109,TXFB-102109,Bound,,,1,1185.26,2026-04-15
B_2110,TXFB-102110,Withdrawn,,,1,1769.04,2026-04-06
B_2111,TXFB-102111,Bound,,,1,2172.04,2026-04-13
B_2112,TXFB-102112,Bound,,,1,3165.78,2026-04-12
B_2113,TXFB-102113,Bound,,,1,1478.21,2026-04-01
B_2114,TXFB-102114,Draft,,,1,900.67,2026-04-05
B_2115,TXFB-102115,Bound,,,1,1967.82,2026-04-16
B_2116,TXFB-102116,Bound,,,1,2740.16,2026-04-16
B_2117,TXFB-102117,Bound,,,1,829.58,2026-04-04
B_2118,TXFB-102118,Bound,,,0,1774.05,2026-04-14
B_2119,TXFB-102119,Bound,,,1,553.36,2026-04-15
B_2120,TXFB-102120,Draft,,,1,600.68,2026-04-02
B_2121,TXFB-102121,Canceled,INT_02,2026-04-29,1,1948.86,2026-04-03
B_2122,TXFB-102122,Bound,,,1,1394.59,2026-04-09
B_2123,TXFB-102123,Withdrawn,,,1,3035.32,2026-04-11
B_2124,TXFB-102124,Bound,,,1,2306.46,2026-04-01
B_2125,TXFB-102125,Withdrawn,,,1,1861.8,2026-04-08
B_2126,TXFB-102126,Bound,,,1,1723.81,2026-04-11
B_2127,TXFB-102127,Bound,,,0,1991.74,2026-04-04
B_2128,TXFB-102128,Bound,,,1,621.32,2026-04-14
B_2129,TXFB-102129,Draft,,,1,3178.38,2026-04-08
B_2130,TXFB-102130,Bound,,,1,3494.91,2026-04-16
B_2131,TXFB-102131,Bound,,,1,1044.46,2026-04-12
B_2132,TXFB-102132,Bound,,,1,861.15,2026-04-13
B_2133,TXFB-102133,Bound,,,1,930.73,2026-04-05
B_2134,TXFB-102134,Bound,,,1,2483.08,2026-04-02
B_2135,TXFB-102135,Canceled,INT_06,2026-04-21,1,2484.32,2026-04-01
B_2136,TXFB-102136,Draft,,,1,3043.77,2026-04-06
B_2137,TXFB-102137,Bound,,,1,2755.48,2026-04-16
B_2138,TXFB-102138,Canceled,,2026-05-09,1,1849.07,2026-04-16
B_2139,TXFB-102139,Bound,,,1,2338.57,2026-04-06
B_2140,TXFB-102140,Draft,,,1,2564.85,2026-04-03
B_2141,TXFB-102141,Canceled,INT_08,2026-05-10,1,2038.21,2026-04-16
B_2142,TXFB-102142,Bound,,,1,1926.95,2026-04-11
B_2143,TXFB-102143,Canceled,INT_99,2026-05-04,1,2435.29,2026-04-08
B_2144,TXFB-102144,Bound,,,1,2172.42,2026-04-11
B_2145,TXFB-102145,Bound,,,1,2431.83,2026-04-09
B_2146,TXFB-102146,Canceled,INT_08,2026-04-04,1,2338.56,2026-04-02
B_2147,TXFB-102147,Bound,,,1,2657.59,2026-04-08
B_2148,TXFB-102148,Bound,,,1,2428.41,2026-04-13
B_2149,TXFB-102149,Bound,,,1,2059.23,2026-04-13
B_2150,TXFB-102150,Canceled,INT_07,2026-04-09,1,2545.39,2026-04-08
B_2151,TXFB-102151,Bound,,,1,1848.45,2026-04-03
B_2152,TXFB-102152,Bound,,,1,1225.01,2026-04-15
B_2153,TXFB-102153,Canceled,INT_99,2026-04-24,1,504.25,2026-04-15
B_2154,TXFB-102154,Canceled,INT_05,2026-05-02,1,2179.89,2026-04-15
B_2155,TXFB-102155,Bound,,,1,2271.97,2026-04-03
B_2156,TXFB-102156,Bound,,,1,3416.15,2026-04-16
B_2157,TXFB-102157,Bound,,,1,1584.44,2026-04-15
B_2158,TXFB-102158,Bound,,,1,1682.4,2026-04-11
B_2159,TXFB-102159,Bound,,,1,1105.4,2026-04-04
B_2160,TXFB-102160,Canceled,INT_08,2026-05-06,1,711.6,2026-04-16
B_2161,TXFB-102161,Bound,,,1,2818.41,2026-04-01
B_2162,TXFB-102162,Bound,,,1,1249.04,2026-04-04
B_2163,TXFB-102163,Bound,,,1,2326.71,2026-04-13
B_2164,TXFB-102164,Canceled,INT_05,2026-04-27,1,2563.32,2026-04-14
B_2165,TXFB-102165,Bound,,,1,1913.71,2026-04-02
B_2166,TXFB-102166,Withdrawn,,,0,3129.06,2026-04-01
B_2167,TXFB-102167,Bound,,,1,1831.38,2026-04-03
B_2168,TXFB-102168,Bound,,,1,1354.73,2026-04-10
B_2169,TXFB-102169,Bound,,,1,3188.05,2026-04-07
B_2170,TXFB-102170,Bound,,,1,3084.69,2026-04-15
B_2171,TXFB-102171,Bound,,,1,992.12,2026-04-11
B_2172,TXFB-102172,Bound,,,1,577.88,2026-04-12
B_2173,TXFB-102173,Bound,,,1,769.96,2026-04-02
B_2174,TXFB-102174,Draft,,,1,1359.64,2026-04-08
B_2175,TXFB-102175,Bound,,,0,3416.78,2026-04-15
B_2176,TXFB-102176,Canceled,INT_04,2026-04-21,1,2175.55,2026-04-11
B_2177,TXFB-102177,Bound,,,1,1619.79,2026-04-16
B_2178,TXFB-102178,Bound,,,1,3166.15,2026-04-12
B_2179,TXFB-102179,Bound,,,1,1859.41,2026-04-15
B_2180,TXFB-102180,Bound,,,1,1445.72,2026-04-04
B_2181,TXFB-102181,Bound,,,1,3323.66,2026-04-04
B_2182,TXFB-102182,Bound,,,1,3048.55,2026-04-08
B_2183,TXFB-102183,Bound,,,1,3031.01,2026-04-01
B_2184,TXFB-102184,Bound,,,1,2036.85,2026-04-11
B_2185,TXFB-102185,Bound,,,1,2868.32,2026-04-12
B_2186,TXFB-102186,Draft,,,1,1038.06,2026-04-10
B_2187,TXFB-102187,Draft,,,1,2219.67,2026-04-12
B_2188,TXFB-102188,Canceled,INT_02,2026-04-17,1,3451.54,2026-04-04
B_2189,TXFB-102189,Canceled,INT_08,2026-04-24,1,1372.88,2026-04-02
B_2190,TXFB-102190,Bound,,,1,2883.06,2026-04-06
B_2191,TXFB-102191,Bound,,,1,1971.44,2026-04-16
B_2192,TXFB-102192,Draft,,,1,619.42,2026-04-05
B_2193,TXFB-102193,Bound,,,1,2789.06,2026-04-14
B_2194,TXFB-102194,Bound,,,1,1005.71,2026-04-04
B_2195,TXFB-102195,Bound,,,1,2394.42,2026-04-09
B_2196,TXFB-102196,Bound,,,1,756.99,2026-04-07
B_2197,TXFB-102197,Bound,,,1,3340.6,2026-04-07
B_2198,TXFB-102198,Draft,,,1,1375.17,2026-04-04
B_2199,TXFB-102199,Bound,,,1,1179.39,2026-04-13
B_2200,TXFB-102200,Bound,,,1,887.41,2026-04-07
B_2201,TXFB-102201,Withdrawn,,,1,3338.01,2026-04-15
B_2202,TXFB-102202,Bound,,,1,2635.71,2026-04-07
B_2203,TXFB-102203,Bound,,,1,2724.98,2026-04-11
B_2204,TXFB-102204,Bound,,,1,1998.21,2026-04-04
B_2205,TXFB-102205,Canceled,INT_08,2026-04-26,1,1924.18,2026-04-14
B_2206,TXFB-102206,Draft,,,1,830.06,2026-04-02
B_2207,TXFB-102207,Bound,,,1,2179.52,2026-04-04
B_2208,TXFB-102208,Draft,,,1,1240.75,2026-04-15
B_2209,TXFB-102209,Bound,,,1,3431.44,2026-04-15
B_2210,TXFB-102210,Draft,,,1,2889.74,2026-04-05
B_2211,TXFB-102211,Canceled,INT_07,2026-04-21,1,1738.98,2026-04-16
B_2212,TXFB-102212,Canceled,INT_08,2026-04-30,1,954.02,2026-04-01
B_2213,TXFB-102213,Bound,,,1,2856.0,2026-04-02
B_2214,TXFB-102214,Withdrawn,,,1,866.16,2026-04-14
B_2215,TXFB-102215,Canceled,INT_03,2026-05-04,1,1068.0,2026-04-16
B_2216,TXFB-102216,Bound,,,1,1134.56,2026-04-06
B_2217,TXFB-102217,Canceled,INT_06,2026-04-08,1,2170.67,2026-04-06
B_2218,TXFB-102218,Bound,,,1,2861.17,2026-04-05
B_2219,TXFB-102219,Draft,,,1,1442.94,2026-04-04
B_2220,TXFB-102220,Bound,,,1,754.01,2026-04-13
B_2221,TXFB-102221,Canceled,INT_06,2026-04-30,1,1893.62,2026-04-11
B_2222,TXFB-102222,Bound,,,1,2744.33,2026-04-13
B_2223,TXFB-102223,Bound,,,1,1164.99,2026-04-14
B_2224,TXFB-102224,Bound,,,1,1159.77,2026-04-08
B_2225,TXFB-102225,Bound,,,1,3341.68,2026-04-09
B_2226,TXFB-102226,Bound,,,1,3362.46,2026-04-13
B_2227,TXFB-102227,Bound,,,1,3471.4,2026-04-11
B_2228,TXFB-102228,Bound,,,1,2922.98,2026-04-10
B_2229,TXFB-102229,Bound,,,1,1064.55,2026-04-15
B_2230,TXFB-102230,Bound,,,1,1135.94,2026-04-05
B_2231,TXFB-102231,Canceled,INT_05,2026-04-11,0,1520.68,2026-04-05
B_2232,TXFB-102232,Bound,,,1,1454.4,2026-04-14
B_2233,TXFB-102233,Draft,,,0,3369.58,2026-04-10
B_2234,TXFB-102234,Draft,,,1,2867.22,2026-04-11
B_2235,TXFB-102235,Bound,,,1,2672.03,2026-04-07
B_2236,TXFB-102236,Bound,,,1,1057.89,2026-04-07
B_2237,TXFB-102237,Draft,,,1,3228.58,2026-04-07
B_2238,TXFB-102238,Bound,,,1,2983.61,2026-04-10
B_2239,TXFB-102239,Bound,,,1,990.93,2026-04-12
B_2240,TXFB-102240,Bound,,,1,3113.51,2026-04-05
B_2241,TXFB-102241,Canceled,INT_04,2026-04-15,1,1316.74,2026-04-06
B_2242,TXFB-102242,Bound,,,1,742.61,2026-04-11
B_2243,TXFB-102243,Bound,,,1,2470.47,2026-04-04
B_2244,TXFB-102244,Withdrawn,,,1,2461.41,2026-04-12
B_2245,TXFB-102245,Draft,,,1,784.8,2026-04-16
B_2246,TXFB-102246,Bound,,,0,1456.56,2026-04-14
B_2247,TXFB-102247,Bound,,,1,3478.44,2026-04-10
B_2248,TXFB-102248,Canceled,,2026-04-20,1,2535.28,2026-04-14
B_2249,TXFB-102249,Bound,,,1,2690.23,2026-04-01
B_2250,TXFB-102250,Bound,,,1,1138.75,2026-04-04
B_2251,TXFB-102251,Bound,,,1,736.35,2026-04-01
B_2252,TXFB-102252,Draft,,,1,1330.71,2026-04-13
B_2253,TXFB-102253,Bound,,,1,1246.7,2026-04-05
B_2254,TXFB-102254,Canceled,INT_08,2026-04-19,1,1203.63,2026-04-02
B_2255,TXFB-102255,Draft,,,1,1078.26,2026-04-02
B_2256,TXFB-102256,Bound,,,1,2224.27,2026-04-07
B_2257,TXFB-102257,Bound,,,0,1484.31,2026-04-09
B_2258,TXFB-102258,Bound,,,0,2961.04,2026-04-06
B_2259,TXFB-102259,Bound,,,1,1051.84,2026-04-10
B_2260,TXFB-102260,Bound,,,1,1893.88,2026-04-09
B_2261,TXFB-102261,Canceled,INT_04,2026-04-21,1,540.97,2026-04-05
B_2262,TXFB-102262,Bound,,,1,1945.05,2026-04-02
B_2263,TXFB-102263,Draft,,,1,667.51,2026-04-10
B_2264,TXFB-102264,Bound,,,0,3433.17,2026-04-07
B_2265,TXFB-102265,Bound,,,1,2871.78,2026-04-02
B_2266,TXFB-102266,Bound,,,0,1970.33,2026-04-12
B_2267,TXFB-102267,Bound,,,1,759.76,2026-04-15
B_2268,TXFB-102268,Canceled,INT_08,2026-05-04,1,2277.34,2026-04-04
B_2269,TXFB-102269,Bound,,,1,2776.29,2026-04-08
B_2270,TXFB-102270,Bound,,,1,1072.15,2026-04-13
B_2271,TXFB-102271,Bound,,,1,2204.63,2026-04-08
B_2272,TXFB-102272,Bound,,,1,2942.63,2026-04-10
B_2273,TXFB-102273,Bound,,,1,2804.74,2026-04-02
B_2274,TXFB-102274,Bound,,,0,2908.98,2026-04-13
B_2275,TXFB-102275,Withdrawn,,,1,3137.97,2026-04-13
B_2276,TXFB-102276,Bound,,,1,3313.05,2026-04-14
B_2277,TXFB-102277,Canceled,INT_01,2026-04-22,1,1716.56,2026-04-11
B_2278,TXFB-102278,Bound,,,0,2206.31,2026-04-02
B_2279,TXFB-102279,Bound,,,1,2871.98,2026-04-01
B_2280,TXFB-102280,Bound,,,1,2591.42,2026-04-09
B_2281,TXFB-102281,Bound,,,1,3486.56,2026-04-07
B_2282,TXFB-102282,Bound,,,0,541.03,2026-04-15
B_2283,TXFB-102283,Bound,,,1,1565.4,2026-04-08
B_2284,TXFB-102284,Bound,,,1,1343.08,2026-04-12
B_2285,TXFB-102285,Bound,,,1,1286.95,2026-04-07
B_2286,TXFB-102286,Bound,,,1,1167.59,2026-04-07
B_2287,TXFB-102287,Withdrawn,,,1,2627.37,2026-04-10
B_2288,TXFB-102288,Bound,,,1,754.28,2026-04-15
B_2289,TXFB-102289,Bound,,,1,2724.83,2026-04-06
B_2290,TXFB-102290,Bound,,,1,2580.28,2026-04-03
B_2291,TXFB-102291,Bound,,,1,1252.41,2026-04-06
B_2292,TXFB-102292,Bound,,,0,1258.5,2026-04-06
B_2293,TXFB-102293,Bound,,,1,2386.58,2026-04-04
B_2294,TXFB-102294,Bound,,,1,2786.51,2026-04-13
B_2295,TXFB-102295,Bound,,,1,3129.46,2026-04-02
B_2296,TXFB-102296,Bound,,,1,3056.42,2026-04-14
B_2297,TXFB-102297,Bound,,,1,3394.65,2026-04-09
B_2298,TXFB-102298,Bound,,,1,2244.15,2026-04-09
B_2299,TXFB-102299,Bound,,,1,3225.97,2026-04-05
B_2300,TXFB-102300,Bound,,,1,2925.54,2026-04-06
B_2301,TXFB-102301,Canceled,,2026-05-08,1,3184.0,2026-04-09
B_2302,TXFB-102302,Bound,,,1,534.88,2026-04-01
B_2303,TXFB-102303,Bound,,,1,3397.71,2026-04-11
B_2304,TXFB-102304,Bound,,,1,1920.59,2026-04-15
B_2305,TXFB-102305,Draft,,,0,2894.55,2026-04-05
B_2306,TXFB-102306,Bound,,,1,881.61,2026-04-02
B_2307,TXFB-102307,Bound,,,1,1687.82,2026-04-05
B_2308,TXFB-102308,Bound,,,1,1314.38,2026-04-11
B_2309,TXFB-102309,Bound,,,1,1374.98,2026-04-02
B_2310,TXFB-102310,Bound,,,0,869.77,2026-04-10
B_2311,TXFB-102311,Bound,,,1,2917.29,2026-04-16
B_2312,TXFB-102312,Draft,,,1,527.73,2026-04-12
B_2313,TXFB-102313,Bound,,,1,1437.52,2026-04-03
B_2314,TXFB-102314,Canceled,INT_04,2026-04-26,1,1023.23,2026-04-11
B_2315,TXFB-102315,Withdrawn,,,0,2267.12,2026-04-08
B_2316,TXFB-102316,Bound,,,1,1262.76,2026-04-06
B_2317,TXFB-102317,Bound,,,0,1277.0,2026-04-03
B_2318,TXFB-102318,Bound,,,1,1965.01,2026-04-06
B_2319,TXFB-102319,Bound,,,1,2458.07,2026-04-14
B_2320,TXFB-102320,Bound,,,1,863.91,2026-04-13
B_2321,TXFB-102321,Draft,,,1,1026.53,2026-04-03
B_2322,TXFB-102322,Canceled,INT_06,2026-04-17,1,1241.52,2026-04-12
B_2323,TXFB-102323,Bound,,,1,3421.24,2026-04-08
B_2324,TXFB-102324,Bound,,,1,1691.46,2026-04-07
B_2325,TXFB-102325,Canceled,INT_06,2026-04-14,0,2296.97,2026-04-11
B_2326,TXFB-102326,Withdrawn,,,1,1224.63,2026-04-11
B_2327,TXFB-102327,Canceled,INT_06,2026-04-23,1,1971.38,2026-04-12
B_2328,TXFB-102328,Bound,,,1,722.36,2026-04-10
B_2329,TXFB-102329,Bound,,,1,604.23,2026-04-07
B_2330,TXFB-102330,Bound,,,1,1906.2,2026-04-16
B_2331,TXFB-102331,Bound,,,1,1695.98,2026-04-01
B_2332,TXFB-102332,Bound,,,1,910.64,2026-04-04
B_2333,TXFB-102333,Bound,,,1,2562.8,2026-04-12
B_2334,TXFB-102334,Bound,,,1,3478.71,2026-04-15
B_2335,TXFB-102335,Bound,,,1,1686.94,2026-04-08
B_2336,TXFB-102336,Bound,,,1,2373.68,2026-04-08
B_2337,TXFB-102337,Bound,,,0,3388.93,2026-04-02
B_2338,TXFB-102338,Bound,,,1,2994.6,2026-04-11
B_2339,TXFB-102339,Bound,,,1,1890.66,2026-04-13
B_2340,TXFB-102340,Bound,,,1,2712.47,2026-04-04
B_2341,TXFB-102341,Canceled,INT_08,2026-05-06,1,884.41,2026-04-13
B_2342,TXFB-102342,Bound,,,1,2036.31,2026-04-09
B_2343,TXFB-102343,Bound,,,1,1337.18,2026-04-10
B_2344,TXFB-102344,Bound,,,1,983.49,2026-04-01
B_2345,TXFB-102345,Draft,,,1,1778.84,2026-04-12
B_2346,TXFB-102346,Bound,,,1,893.04,2026-04-15
B_2347,TXFB-102347,Bound,,,1,2596.96,2026-04-16
B_2348,TXFB-102348,Bound,,,1,1868.72,2026-04-02
B_2349,TXFB-102349,Bound,,,1,2093.43,2026-04-10
B_2350,TXFB-102350,Bound,,,1,939.13,2026-04-07
B_2351,TXFB-102351,Bound,,,1,919.31,2026-04-11
B_2352,TXFB-102352,Draft,,,0,2250.25,2026-04-03
B_2353,TXFB-102353,Bound,,,1,3455.03,2026-04-04
B_2354,TXFB-102354,Draft,,,1,788.75,2026-04-06
B_2355,TXFB-102355,Canceled,INT_05,2026-04-18,1,1357.19,2026-04-01
B_2356,TXFB-102356,Bound,,,1,3108.38,2026-04-03
B_2357,TXFB-102357,Draft,,,1,716.82,2026-04-07
B_2358,TXFB-102358,Bound,,,1,3127.66,2026-04-07
B_2359,TXFB-102359,Bound,,,1,2072.86,2026-04-14
B_2360,TXFB-102360,Bound,,,1,1724.8,2026-04-04
B_2361,TXFB-102361,Bound,,,1,1429.04,2026-04-07
B_2362,TXFB-102362,Bound,,,1,1391.35,2026-04-14
B_2363,TXFB-102363,Bound,,,1,1417.41,2026-04-03
B_2364,TXFB-102364,Bound,,,1,3154.41,2026-04-05
B_2365,TXFB-102365,Bound,,,1,2671.39,2026-04-01
B_2366,TXFB-102366,Bound,,,1,2509.17,2026-04-15
B_2367,TXFB-102367,Bound,,,1,2896.25,2026-04-11
B_2368,TXFB-102368,Bound,,,1,1271.34,2026-04-02
B_2369,TXFB-102369,Bound,,,1,2354.13,2026-04-03
B_2370,TXFB-102370,Canceled,INT_04,2026-04-17,1,1880.2,2026-04-03
B_2371,TXFB-102371,Bound,,,1,2847.32,2026-04-02
B_2372,TXFB-102372,Canceled,INT_03,2026-04-11,1,1427.77,2026-04-06
B_2373,TXFB-102373,Bound,,,0,2429.54,2026-04-09
B_2374,TXFB-102374,Bound,,,1,3146.64,2026-04-03
B_2375,TXFB-102375,Bound,,,1,1706.45,2026-04-08
B_2376,TXFB-102376,Bound,,,0,699.87,2026-04-09
B_2377,TXFB-102377,Bound,,,1,2048.15,2026-04-14
B_2378,TXFB-102378,Canceled,INT_99,2026-04-22,1,1537.92,2026-04-13
B_2379,TXFB-102379,Bound,,,1,2516.68,2026-04-15
B_2380,TXFB-102380,Canceled,INT_05,2026-04-17,0,3353.1,2026-04-13
B_2381,TXFB-102381,Canceled,INT_05,2026-04-25,1,1956.82,2026-04-14
B_2382,TXFB-102382,Draft,,,1,1898.57,2026-04-11
B_2383,TXFB-102383,Draft,,,1,2463.75,2026-04-01
B_2384,TXFB-102384,Bound,,,1,810.49,2026-04-13
B_2385,TXFB-102385,Bound,,,1,1260.52,2026-04-04
B_2386,TXFB-102386,Bound,,,1,3256.94,2026-04-01
B_2387,TXFB-102387,Bound,,,0,2509.83,2026-04-03
B_2388,TXFB-102388,Bound,,,1,540.33,2026-04-02
B_2389,TXFB-102389,Canceled,INT_04,2026-04-05,1,1113.88,2026-04-03
B_2390,TXFB-102390,Bound,,,1,2548.51,2026-04-12
B_2391,TXFB-102391,Bound,,,1,2793.2,2026-04-04
B_2392,TXFB-102392,Bound,,,0,3019.58,2026-04-10
B_2393,TXFB-102393,Bound,,,1,1376.53,2026-04-10
B_2394,TXFB-102394,Bound,,,1,3293.09,2026-04-03
B_2395,TXFB-102395,Draft,,,1,2158.84,2026-04-10
B_2396,TXFB-102396,Bound,,,0,2589.62,2026-04-15
B_2397,TXFB-102397,Bound,,,1,2290.22,2026-04-13
B_2398,TXFB-102398,Bound,,,1,868.22,2026-04-13
B_2399,TXFB-102399,Bound,,,1,3389.34,2026-04-01
B_2400,TXFB-102400,Bound,,,1,868.63,2026-04-16
B_2401,TXFB-102401,Bound,,,0,1264.65,2026-04-06
B_2402,TXFB-102402,Bound,,,1,2940.88,2026-04-08
B_2403,TXFB-102403,Bound,,,1,2355.79,2026-04-05
B_2404,TXFB-102404,Bound,,,1,3014.45,2026-04-13
B_2405,TXFB-102405,Bound,,,1,2047.21,2026-04-10
B_2406,TXFB-102406,Bound,,,1,1630.98,2026-04-05
B_2407,TXFB-102407,Bound,,,1,3265.54,2026-04-10
B_2408,TXFB-102408,Bound,,,1,608.76,2026-04-12
B_2409,TXFB-102409,Withdrawn,,,1,3068.39,2026-04-01
B_2410,TXFB-102410,Bound,,,1,1192.45,2026-04-05
B_2411,TXFB-102411,Bound,,,1,3046.21,2026-04-04
B_2412,TXFB-102412,Bound,,,1,917.59,2026-04-02
B_2413,TXFB-102413,Bound,,,1,2240.66,2026-04-01
B_2414,TXFB-102414,Bound,,,1,3164.32,2026-04-13
B_2415,TXFB-102415,Bound,,,1,1920.62,2026-04-03
B_2416,TXFB-102416,Withdrawn,,,1,2739.7,2026-04-10
B_2417,TXFB-102417,Bound,,,1,2914.01,2026-04-07
B_2418,TXFB-102418,Bound,,,1,2709.48,2026-04-12
B_2419,TXFB-102419,Bound,,,0,3275.99,2026-04-07
B_2420,TXFB-102420,Bound,,,1,1840.5,2026-04-14
B_2421,TXFB-102421,Bound,,,1,1019.38,2026-04-05
B_2422,TXFB-102422,Bound,,,1,643.43,2026-04-06
B_2423,TXFB-102423,Canceled,INT_06,2026-04-11,1,1239.38,2026-04-06
B_2424,TXFB-102424,Bound,,,1,929.59,2026-04-08
B_2425,TXFB-102425,Bound,,,1,2173.85,2026-04-09
B_2426,TXFB-102426,Draft,,,1,1054.84,2026-04-07
B_2427,TXFB-102427,Bound,,,1,616.8,2026-04-04
B_2428,TXFB-102428,Withdrawn,,,1,607.97,2026-04-06
B_2429,TXFB-102429,Bound,,,1,2994.71,2026-04-02
B_2430,TXFB-102430,Draft,,,1,2274.35,2026-04-15
B_2431,TXFB-102431,Bound,,,1,1574.26,2026-04-03
B_2432,TXFB-102432,Canceled,INT_99,2026-04-26,1,3182.68,2026-04-10
B_2433,TXFB-102433,Withdrawn,,,1,710.59,2026-04-03
B_2434,TXFB-102434,Bound,,,1,3440.97,2026-04-09
B_2435,TXFB-102435,Withdrawn,,,0,2348.88,2026-04-04
B_2436,TXFB-102436,Bound,,,1,1050.39,2026-04-07
B_2437,TXFB-102437,Bound,,,1,2537.21,2026-04-16
B_2438,TXFB-102438,Bound,,,1,2790.14,2026-04-11
B_2439,TXFB-102439,Bound,,,1,1788.03,2026-04-12
B_2440,TXFB-102440,Bound,,,1,3084.9,2026-04-05
B_2441,TXFB-102441,Bound,,,1,952.2,2026-04-08
B_2442,TXFB-102442,Bound,,,0,1336.51,2026-04-04
B_2443,TXFB-102443,Canceled,,2026-05-08,1,780.48,2026-04-10
B_2444,TXFB-102444,Canceled,INT_05,2026-04-30,1,1132.63,2026-04-03
B_2445,TXFB-102445,Bound,,,1,1216.19,2026-04-07
B_2446,TXFB-102446,Bound,,,1,3252.9,2026-04-11
B_2447,TXFB-102447,Bound,,,1,734.33,2026-04-16
B_2448,TXFB-102448,Bound,,,1,1782.25,2026-04-15
B_2449,TXFB-102449,Bound,,,1,2097.2,2026-04-11
B_2450,TXFB-102450,Bound,,,1,3196.08,2026-04-10
B_2451,TXFB-102451,Bound,,,1,3493.09,2026-04-05
B_2452,TXFB-102452,Withdrawn,,,1,2760.16,2026-04-12
B_2453,TXFB-102453,Bound,,,1,3412.37,2026-04-11
B_2454,TXFB-102454,Bound,,,1,2861.3,2026-04-14
B_2455,TXFB-102455,Bound,,,1,3389.61,2026-04-06
B_2456,TXFB-102456,Bound,,,1,2621.81,2026-04-01
B_2457,TXFB-102457,Bound,,,1,739.29,2026-04-11
B_2458,TXFB-102458,Bound,,,1,1705.76,2026-04-08
B_2459,TXFB-102459,Bound,,,1,2439.79,2026-04-08
B_2460,TXFB-102460,Bound,,,1,1552.16,2026-04-14
B_2461,TXFB-102461,Withdrawn,,,1,1320.15,2026-04-09
B_2462,TXFB-102462,Draft,,,1,2232.2,2026-04-12
B_2463,TXFB-102463,Bound,,,1,3300.51,2026-04-05
B_2464,TXFB-102464,Bound,,,1,604.95,2026-04-11
B_2465,TXFB-102465,Bound,,,1,2807.69,2026-04-16
B_2466,TXFB-102466,Bound,,,1,2668.18,2026-04-15
B_2467,TXFB-102467,Bound,,,1,3391.86,2026-04-15
B_2468,TXFB-102468,Bound,,,1,3292.13,2026-04-12
B_2469,TXFB-102469,Bound,,,1,2786.7,2026-04-10
B_2470,TXFB-102470,Bound,,,1,2061.23,2026-04-16
B_2471,TXFB-102471,Bound,,,1,1112.8,2026-04-04
B_2472,TXFB-102472,Withdrawn,,,0,2135.71,2026-04-06
B_2473,TXFB-102473,Draft,,,1,2796.06,2026-04-03
B_2474,TXFB-102474,Canceled,,2026-04-18,1,3187.01,2026-04-09
B_2475,TXFB-102475,Bound,,,1,2869.14,2026-04-05
B_2476,TXFB-102476,Draft,,,1,1085.8,2026-04-07
B_2477,TXFB-102477,Bound,,,1,2299.06,2026-04-09
B_2478,TXFB-102478,Canceled,,2026-04-27,0,1496.52,2026-04-03
B_2479,TXFB-102479,Bound,,,1,527.62,2026-04-03
B_2480,TXFB-102480,Canceled,INT_03,2026-04-13,1,1100.66,2026-04-01
B_2481,TXFB-102481,Bound,,,1,839.66,2026-04-01
B_2482,TXFB-102482,Draft,,,1,3028.16,2026-04-13
B_2483,TXFB-102483,Draft,,,1,1275.52,2026-04-07
B_2484,TXFB-102484,Bound,,,1,1354.09,2026-04-02
B_2485,TXFB-102485,Bound,,,1,3379.81,2026-04-09
B_2486,TXFB-102486,Withdrawn,,,1,1637.26,2026-04-16
B_2487,TXFB-102487,Bound,,,1,528.76,2026-04-05
B_2488,TXFB-102488,Draft,,,1,1351.54,2026-04-12
B_2489,TXFB-102489,Bound,,,1,857.9,2026-04-13
B_2490,TXFB-102490,Bound,,,1,808.43,2026-04-08
B_2491,TXFB-102491,Bound,,,1,732.46,2026-04-10
B_2492,TXFB-102492,Bound,,,1,2279.78,2026-04-05
B_2493,TXFB-102493,Canceled,INT_08,2026-05-15,1,1068.04,2026-04-15
B_2494,TXFB-102494,Bound,,,1,1583.73,2026-04-03
B_2495,TXFB-102495,Bound,,,1,3086.05,2026-04-13
B_2496,TXFB-102496,Bound,,,0,1773.01,2026-04-12
B_2497,TXFB-102497,Bound,,,0,3247.07,2026-04-01
B_2498,TXFB-102498,Draft,,,1,1993.81,2026-04-08
B_2499,TXFB-102499,Withdrawn,,,1,1696.51,2026-04-06
B_2500,TXFB-102500,Bound,,,1,2751.17,2026-04-05
B_2501,TXFB-102501,Canceled,INT_99,2026-04-29,1,719.53,2026-04-15
B_2502,TXFB-102502,Canceled,,2026-04-16,1,768.44,2026-04-06
B_2503,TXFB-102503,Bound,,,1,2455.92,2026-04-06
B_2504,TXFB-102504,Withdrawn,,,1,1960.82,2026-04-05
B_2505,TXFB-102505,Bound,,,1,2871.25,2026-04-16
B_2506,TXFB-102506,Bound,,,1,3248.81,2026-04-12
B_2507,TXFB-102507,Draft,,,1,1665.1,2026-04-02
B_2508,TXFB-102508,Bound,,,1,2289.23,2026-04-08
B_2509,TXFB-102509,Canceled,INT_08,2026-05-15,1,2002.09,2026-04-16
B_2510,TXFB-102510,Draft,,,1,3444.83,2026-04-08
B_2511,TXFB-102511,Bound,,,1,2993.25,2026-04-03
B_2512,TXFB-102512,Draft,,,1,3235.21,2026-04-09
B_2513,TXFB-102513,Bound,,,0,1263.02,2026-04-12
B_2514,TXFB-102514,Bound,,,1,2817.58,2026-04-08
B_2515,TXFB-102515,Bound,,,1,1296.42,2026-04-02
B_2516,TXFB-102516,Draft,,,1,1126.23,2026-04-07
B_2517,TXFB-102517,Bound,,,1,3332.8,2026-04-12
B_2518,TXFB-102518,Bound,,,1,557.91,2026-04-13
B_2519,TXFB-102519,Bound,,,1,3396.17,2026-04-16
B_2520,TXFB-102520,Canceled,INT_03,2026-05-14,0,947.79,2026-04-15
B_2521,TXFB-102521,Bound,,,1,2958.31,2026-04-02
B_2522,TXFB-102522,Bound,,,1,1327.77,2026-04-02
B_2523,TXFB-102523,Bound,,,1,1552.11,2026-04-11
B_2524,TXFB-102524,Bound,,,1,1150.27,2026-04-04
B_2525,TXFB-102525,Canceled,INT_05,2026-04-18,1,2256.54,2026-04-09
B_2526,TXFB-102526,Bound,,,1,1544.29,2026-04-09
B_2527,TXFB-102527,Bound,,,1,2472.18,2026-04-06
B_2528,TXFB-102528,Withdrawn,,,1,546.94,2026-04-13
B_2529,TXFB-102529,Bound,,,1,693.12,2026-04-13
B_2530,TXFB-102530,Withdrawn,,,1,798.98,2026-04-12
B_2531,TXFB-102531,Bound,,,0,1756.98,2026-04-03
B_2532,TXFB-102532,Canceled,INT_08,2026-04-29,1,2944.39,2026-04-09
B_2533,TXFB-102533,Bound,,,1,3164.53,2026-04-13
B_2534,TXFB-102534,Bound,,,1,1234.43,2026-04-08
B_2535,TXFB-102535,Canceled,INT_99,2026-05-10,1,2223.11,2026-04-13
B_2536,TXFB-102536,Canceled,,2026-05-07,1,2805.09,2026-04-12
B_2537,TXFB-102537,Canceled,INT_01,2026-05-12,1,1366.49,2026-04-12
B_2538,TXFB-102538,Bound,,,1,1727.02,2026-04-16
B_2539,TXFB-102539,Canceled,INT_99,2026-04-25,1,2071.92,2026-04-16
B_2540,TXFB-102540,Canceled,INT_05,2026-04-18,1,904.62,2026-04-01
B_2541,TXFB-102541,Bound,,,1,577.95,2026-04-05
B_2542,TXFB-102542,Canceled,,2026-04-26,0,958.42,2026-04-15
B_2543,TXFB-102543,Canceled,INT_07,2026-04-20,1,2380.56,2026-04-06
B_2544,TXFB-102544,Bound,,,1,720.85,2026-04-08
B_2545,TXFB-102545,Bound,,,1,1069.09,2026-04-03
B_2546,TXFB-102546,Bound,,,0,1513.56,2026-04-09
B_2547,TXFB-102547,Bound,,,1,733.61,2026-04-07
B_2548,TXFB-102548,Bound,,,1,1075.1,2026-04-05
B_2549,TXFB-102549,Bound,,,1,3233.81,2026-04-06
B_2550,TXFB-102550,Bound,,,1,557.9,2026-04-06
B_2551,TXFB-102551,Bound,,,1,2460.3,2026-04-12
B_2552,TXFB-102552,Bound,,,1,1653.23,2026-04-04
B_2553,TXFB-102553,Canceled,INT_04,2026-05-07,1,2517.95,2026-04-08
B_2554,TXFB-102554,Draft,,,1,2266.08,2026-04-14
B_2555,TXFB-102555,Bound,,,1,1170.5,2026-04-11
B_2556,TXFB-102556,Withdrawn,,,1,3041.63,2026-04-04
B_2557,TXFB-102557,Bound,,,1,1975.82,2026-04-16
B_2558,TXFB-102558,Bound,,,1,2967.61,2026-04-16
B_2559,TXFB-102559,Bound,,,1,1718.04,2026-04-16
B_2560,TXFB-102560,Bound,,,1,3454.06,2026-04-07
B_2561,TXFB-102561,Canceled,INT_07,2026-04-12,1,2811.47,2026-04-06
B_2562,TXFB-102562,Canceled,INT_08,2026-04-25,1,3397.85,2026-04-14
B_2563,TXFB-102563,Bound,,,1,2042.98,2026-04-01
B_2564,TXFB-102564,Bound,,,1,1921.07,2026-04-08
B_2565,TXFB-102565,Bound,,,1,2766.36,2026-04-02
B_2566,TXFB-102566,Bound,,,1,3140.87,2026-04-05
B_2567,TXFB-102567,Bound,,,1,3392.44,2026-04-06
B_2568,TXFB-102568,Bound,,,0,1473.66,2026-04-05
B_2569,TXFB-102569,Canceled,INT_07,2026-04-26,1,2896.11,2026-04-02
B_2570,TXFB-102570,Draft,,,0,1131.94,2026-04-05
B_2571,TXFB-102571,Bound,,,1,2136.72,2026-04-02
B_2572,TXFB-102572,Draft,,,1,1039.54,2026-04-06
B_2573,TXFB-102573,Bound,,,1,1542.19,2026-04-09
B_2574,TXFB-102574,Bound,,,1,3294.08,2026-04-06
B_2575,TXFB-102575,Bound,,,0,938.27,2026-04-13
B_2576,TXFB-102576,Bound,,,1,2397.2,2026-04-01
B_2577,TXFB-102577,Withdrawn,,,1,2278.86,2026-04-10
B_2578,TXFB-102578,Bound,,,1,862.22,2026-04-03
B_2579,TXFB-102579,Bound,,,1,1477.94,2026-04-07
B_2580,TXFB-102580,Bound,,,1,2188.94,2026-04-15
B_2581,TXFB-102581,Bound,,,1,1061.54,2026-04-16
B_2582,TXFB-102582,Draft,,,1,2901.87,2026-04-16
B_2583,TXFB-102583,Bound,,,0,3416.47,2026-04-06
B_2584,TXFB-102584,Bound,,,1,1144.28,2026-04-08
B_2585,TXFB-102585,Bound,,,1,1060.74,2026-04-14
B_2586,TXFB-102586,Bound,,,1,1864.81,2026-04-05
B_2587,TXFB-102587,Bound,,,1,2743.3,2026-04-06
B_2588,TXFB-102588,Bound,,,1,1344.8,2026-04-09
B_2589,TXFB-102589,Bound,,,1,559.64,2026-04-06
B_2590,TXFB-102590,Canceled,INT_01,2026-04-27,0,2123.66,2026-04-11
B_2591,TXFB-102591,Canceled,INT_02,2026-05-10,1,3369.8,2026-04-15
B_2592,TXFB-102592,Canceled,INT_04,2026-04-08,1,1673.83,2026-04-03
B_2593,TXFB-102593,Bound,,,1,1760.4,2026-04-08
B_2594,TXFB-102594,Bound,,,1,3406.71,2026-04-13
B_2595,TXFB-102595,Bound,,,1,2583.82,2026-04-13
B_2596,TXFB-102596,Canceled,INT_05,2026-04-23,1,2657.52,2026-04-05
B_2597,TXFB-102597,Bound,,,1,2188.11,2026-04-04
B_2598,TXFB-102598,Bound,,,0,3423.83,2026-04-01
B_2599,TXFB-102599,Bound,,,1,2566.6,2026-04-07
B_2600,TXFB-102600,Bound,,,1,3185.1,2026-04-14
B_2601,TXFB-102601,Bound,,,1,2598.14,2026-04-05
B_2602,TXFB-102602,Bound,,,1,2705.35,2026-04-04
B_2603,TXFB-102603,Canceled,INT_03,2026-05-04,1,1371.23,2026-04-06
B_2604,TXFB-102604,Bound,,,1,1410.44,2026-04-16
B_2605,TXFB-102605,Bound,,,1,2848.95,2026-04-02
B_2606,TXFB-102606,Bound,,,1,1390.12,2026-04-04
B_2607,TXFB-102607,Bound,,,1,2188.31,2026-04-03
B_2608,TXFB-102608,Bound,,,1,1248.06,2026-04-16
B_2609,TXFB-102609,Canceled,INT_02,2026-05-05,1,2950.95,2026-04-05
B_2610,TXFB-102610,Bound,,,1,831.5,2026-04-01
B_2611,TXFB-102611,Canceled,INT_99,2026-05-06,1,2988.34,2026-04-14
B_2612,TXFB-102612,Bound,,,1,2308.19,2026-04-14
B_2613,TXFB-102613,Bound,,,1,1060.73,2026-04-12
B_2614,TXFB-102614,Canceled,INT_08,2026-04-23,1,2126.11,2026-04-02
B_2615,TXFB-102615,Bound,,,1,1347.5,2026-04-14
B_2616,TXFB-102616,Bound,,,1,1470.4,2026-04-08
B_2617,TXFB-102617,Bound,,,1,1554.58,2026-04-16
B_2618,TXFB-102618,Bound,,,1,689.96,2026-04-13
B_2619,TXFB-102619,Canceled,INT_04,2026-05-08,1,3457.89,2026-04-12
B_2620,TXFB-102620,Bound,,,1,594.6,2026-04-04
B_2621,TXFB-102621,Canceled,INT_05,2026-04-29,1,2487.49,2026-04-14
B_2622,TXFB-102622,Draft,,,1,1613.68,2026-04-05
B_2623,TXFB-102623,Bound,,,1,2438.03,2026-04-09
B_2624,TXFB-102624,Draft,,,1,1568.74,2026-04-16
B_2625,TXFB-102625,Bound,,,1,2521.25,2026-04-08
B_2626,TXFB-102626,Withdrawn,,,1,2687.71,2026-04-03
B_2627,TXFB-102627,Bound,,,1,2571.66,2026-04-10
B_2628,TXFB-102628,Bound,,,1,841.89,2026-04-14
B_2629,TXFB-102629,Bound,,,1,2470.68,2026-04-09
B_2630,TXFB-102630,Bound,,,1,1339.96,2026-04-07
B_2631,TXFB-102631,Bound,,,1,586.4,2026-04-01
B_2632,TXFB-102632,Canceled,INT_08,2026-04-03,1,1744.49,2026-04-01
B_2633,TXFB-102633,Bound,,,1,1800.63,2026-04-04
B_2634,TXFB-102634,Bound,,,1,1901.52,2026-04-01
B_2635,TXFB-102635,Canceled,,2026-04-20,1,2614.47,2026-04-13
B_2636,TXFB-102636,Bound,,,0,1426.53,2026-04-07
B_2637,TXFB-102637,Withdrawn,,,1,1445.84,2026-04-11
B_2638,TXFB-102638,Canceled,INT_05,2026-04-19,1,681.66,2026-04-14
B_2639,TXFB-102639,Withdrawn,,,0,2560.46,2026-04-12
B_2640,TXFB-102640,Canceled,INT_04,2026-04-06,0,2203.48,2026-04-04
B_2641,TXFB-102641,Bound,,,1,1548.28,2026-04-05
B_2642,TXFB-102642,Bound,,,1,2615.57,2026-04-14
B_2643,TXFB-102643,Canceled,INT_04,2026-04-17,1,2112.07,2026-04-09
B_2644,TXFB-102644,Bound,,,1,1907.73,2026-04-09
B_2645,TXFB-102645,Bound,,,1,2033.97,2026-04-14
B_2646,TXFB-102646,Bound,,,1,2409.04,2026-04-12
B_2647,TXFB-102647,Withdrawn,,,1,2480.01,2026-04-09
B_2648,TXFB-102648,Bound,,,1,1366.87,2026-04-13
B_2649,TXFB-102649,Bound,,,1,922.23,2026-04-07
B_2650,TXFB-102650,Bound,,,1,969.9,2026-04-14
B_2651,TXFB-102651,Bound,,,0,2418.17,2026-04-16
B_2652,TXFB-102652,Bound,,,1,3118.62,2026-04-06
B_2653,TXFB-102653,Bound,,,0,1728.49,2026-04-12
B_2654,TXFB-102654,Bound,,,1,1008.56,2026-04-16
B_2655,TXFB-102655,Canceled,INT_05,2026-04-15,1,2769.81,2026-04-09
B_2656,TXFB-102656,Bound,,,1,2997.47,2026-04-10
B_2657,TXFB-102657,Canceled,INT_02,2026-04-14,1,3141.75,2026-04-12
B_2658,TXFB-102658,Draft,,,1,2320.49,2026-04-13
B_2659,TXFB-102659,Bound,,,1,3082.19,2026-04-05
B_2660,TXFB-102660,Bound,,,1,546.24,2026-04-04
B_2661,TXFB-102661,Bound,,,0,821.71,2026-04-08
B_2662,TXFB-102662,Draft,,,1,777.73,2026-04-15
B_2663,TXFB-102663,Bound,,,1,2637.81,2026-04-06
B_2664,TXFB-102664,Bound,,,1,708.75,2026-04-04
B_2665,TXFB-102665,Bound,,,1,1989.09,2026-04-07
B_2666,TXFB-102666,Bound,,,1,1918.12,2026-04-13
B_2667,TXFB-102667,Bound,,,1,1432.11,2026-04-11
B_2668,TXFB-102668,Bound,,,1,3111.22,2026-04-02
B_2669,TXFB-102669,Canceled,,2026-04-22,1,1011.3,2026-04-06
B_2670,TXFB-102670,Bound,,,1,1557.39,2026-04-13
B_2671,TXFB-102671,Bound,,,1,2822.51,2026-04-01
B_2672,TXFB-102672,Bound,,,1,591.27,2026-04-03
B_2673,TXFB-102673,Canceled,INT_05,2026-04-14,1,2518.85,2026-04-05
B_2674,TXFB-102674,Bound,,,1,2949.19,2026-04-16
B_2675,TXFB-102675,Draft,,,1,3296.8,2026-04-14
B_2676,TXFB-102676,Bound,,,1,3128.89,2026-04-03
B_2677,TXFB-102677,Bound,,,1,1458.15,2026-04-03
B_2678,TXFB-102678,Bound,,,1,2259.09,2026-04-09
B_2679,TXFB-102679,Bound,,,0,731.88,2026-04-08
B_2680,TXFB-102680,Bound,,,0,1273.61,2026-04-12
B_2681,TXFB-102681,Bound,,,1,782.67,2026-04-03
B_2682,TXFB-102682,Canceled,INT_08,2026-04-08,1,1445.56,2026-04-02
B_2683,TXFB-102683,Bound,,,1,3125.56,2026-04-13
B_2684,TXFB-102684,Bound,,,1,1541.5,2026-04-13
B_2685,TXFB-102685,Bound,,,0,2185.69,2026-04-10
B_2686,TXFB-102686,Bound,,,1,1800.14,2026-04-02
B_2687,TXFB-102687,Bound,,,1,1876.75,2026-04-06
B_2688,TXFB-102688,Bound,,,1,3408.72,2026-04-16
B_2689,TXFB-102689,Bound,,,1,1388.46,2026-04-15
B_2690,TXFB-102690,Bound,,,1,2381.97,2026-04-01
B_2691,TXFB-102691,Bound,,,0,1760.19,2026-04-07
B_2692,TXFB-102692,Bound,,,1,683.44,2026-04-10
B_2693,TXFB-102693,Bound,,,1,1967.99,2026-04-07
B_2694,TXFB-102694,Bound,,,1,2940.03,2026-04-02
B_2695,TXFB-102695,Withdrawn,,,1,796.26,2026-04-08
B_2696,TXFB-102696,Bound,,,1,708.78,2026-04-06
B_2697,TXFB-102697,Bound,,,1,960.89,2026-04-02
B_2698,TXFB-102698,Bound,,,1,2793.2,2026-04-12
B_2699,TXFB-102699,Canceled,INT_07,2026-05-01,1,2671.99,2026-04-08
B_2700,TXFB-102700,Canceled,INT_08,2026-04-16,1,2195.05,2026-04-01
B_2701,TXFB-102701,Bound,,,1,1904.68,2026-04-06
B_2702,TXFB-102702,Withdrawn,,,1,3164.98,2026-04-03
B_2703,TXFB-102703,Bound,,,1,2800.09,2026-04-09
B_2704,TXFB-102704,Bound,,,1,2935.83,2026-04-13
B_2705,TXFB-102705,Canceled,INT_01,2026-04-26,0,2939.79,2026-04-12
B_2706,TXFB-102706,Canceled,INT_06,2026-04-17,0,2428.15,2026-04-13
B_2707,TXFB-102707,Bound,,,1,1874.04,2026-04-13
B_2708,TXFB-102708,Bound,,,1,3094.03,2026-04-07
B_2709,TXFB-102709,Bound,,,1,3278.02,2026-04-01
B_2710,TXFB-102710,Bound,,,1,571.42,2026-04-03
B_2711,TXFB-102711,Canceled,INT_01,2026-05-02,0,654.66,2026-04-03
B_2712,TXFB-102712,Bound,,,1,3376.23,2026-04-10
B_2713,TXFB-102713,Bound,,,1,1331.48,2026-04-12
B_2714,TXFB-102714,Bound,,,1,3120.11,2026-04-12
B_2715,TXFB-102715,Bound,,,0,1666.39,2026-04-09
B_2716,TXFB-102716,Bound,,,1,857.3,2026-04-08
B_2717,TXFB-102717,Bound,,,1,741.33,2026-04-07
B_2718,TXFB-102718,Withdrawn,,,1,969.52,2026-04-15
B_2719,TXFB-102719,Canceled,,2026-05-13,1,1249.68,2026-04-13
B_2720,TXFB-102720,Bound,,,1,1965.56,2026-04-01
B_2721,TXFB-102721,Draft,,,1,2604.49,2026-04-09
B_2722,TXFB-102722,Canceled,INT_01,2026-04-22,1,3459.2,2026-04-06
B_2723,TXFB-102723,Canceled,INT_05,2026-04-16,0,1824.52,2026-04-14
B_2724,TXFB-102724,Bound,,,1,2054.55,2026-04-04
B_2725,TXFB-102725,Bound,,,1,2065.45,2026-04-03
B_2726,TXFB-102726,Bound,,,1,2118.3,2026-04-10
B_2727,TXFB-102727,Bound,,,0,2053.22,2026-04-11
B_2728,TXFB-102728,Bound,,,1,526.32,2026-04-04
B_2729,TXFB-102729,Bound,,,1,505.17,2026-04-09
B_2730,TXFB-102730,Bound,,,1,793.0,2026-04-09
B_2731,TXFB-102731,Canceled,INT_03,2026-04-30,1,804.67,2026-04-15
B_2732,TXFB-102732,Bound,,,1,2614.69,2026-04-13
B_2733,TXFB-102733,Bound,,,0,1114.75,2026-04-16
B_2734,TXFB-102734,Withdrawn,,,1,3184.14,2026-04-08
B_2735,TXFB-102735,Draft,,,0,3285.82,2026-04-11
B_2736,TXFB-102736,Canceled,INT_08,2026-04-27,1,3427.68,2026-04-15
B_2737,TXFB-102737,Withdrawn,,,1,3317.24,2026-04-15
B_2738,TXFB-102738,Bound,,,1,1315.66,2026-04-01
B_2739,TXFB-102739,Withdrawn,,,1,2029.33,2026-04-16
B_2740,TXFB-102740,Bound,,,0,1026.36,2026-04-04
B_2741,TXFB-102741,Bound,,,1,2918.63,2026-04-09
B_2742,TXFB-102742,Bound,,,1,3165.3,2026-04-03
B_2743,TXFB-102743,Bound,,,1,3053.87,2026-04-13
B_2744,TXFB-102744,Bound,,,1,1800.1,2026-04-08
B_2745,TXFB-102745,Bound,,,1,2776.02,2026-04-08
B_2746,TXFB-102746,Canceled,INT_03,2026-05-04,1,792.74,2026-04-11
B_2747,TXFB-102747,Bound,,,1,620.73,2026-04-14
B_2748,TXFB-102748,Bound,,,1,2759.71,2026-04-12
B_2749,TXFB-102749,Canceled,INT_07,2026-04-19,1,1776.07,2026-04-01
B_2750,TXFB-102750,Bound,,,1,3486.65,2026-04-09
B_2751,TXFB-102751,Bound,,,1,791.76,2026-04-08
B_2752,TXFB-102752,Bound,,,1,3066.88,2026-04-10
B_2753,TXFB-102753,Bound,,,1,1939.95,2026-04-03
B_2754,TXFB-102754,Bound,,,1,2981.45,2026-04-13
B_2755,TXFB-102755,Draft,,,1,2951.38,2026-04-11
B_2756,TXFB-102756,Bound,,,1,3247.98,2026-04-03
B_2757,TXFB-102757,Bound,,,1,1393.55,2026-04-06
B_2758,TXFB-102758,Draft,,,1,3349.4,2026-04-16
B_2759,TXFB-102759,Canceled,INT_08,2026-04-27,1,955.0,2026-04-11
B_2760,TXFB-102760,Bound,,,1,745.91,2026-04-12
B_2761,TXFB-102761,Bound,,,1,1794.85,2026-04-07
B_2762,TXFB-102762,Bound,,,0,2984.97,2026-04-09
B_2763,TXFB-102763,Bound,,,1,1920.26,2026-04-06
B_2764,TXFB-102764,Bound,,,1,2987.86,2026-04-07
B_2765,TXFB-102765,Bound,,,1,2689.06,2026-04-16
B_2766,TXFB-102766,Withdrawn,,,1,1128.29,2026-04-07
B_2767,TXFB-102767,Bound,,,1,3346.64,2026-04-08
B_2768,TXFB-102768,Bound,,,1,682.34,2026-04-08
B_2769,TXFB-102769,Bound,,,1,3194.84,2026-04-09
B_2770,TXFB-102770,Bound,,,1,1413.33,2026-04-07
B_2771,TXFB-102771,Bound,,,1,2000.44,2026-04-08
B_2772,TXFB-102772,Bound,,,1,1767.06,2026-04-07
B_2773,TXFB-102773,Canceled,INT_08,2026-04-23,1,1015.5,2026-04-08
B_2774,TXFB-102774,Bound,,,1,1574.44,2026-04-12
B_2775,TXFB-102775,Bound,,,1,1078.8,2026-04-05
B_2776,TXFB-102776,Bound,,,0,1111.66,2026-04-04
B_2777,TXFB-102777,Bound,,,1,1061.17,2026-04-04
B_2778,TXFB-102778,Bound,,,1,1967.05,2026-04-03
B_2779,TXFB-102779,Bound,,,1,2893.79,2026-04-16
B_2780,TXFB-102780,Bound,,,1,2206.91,2026-04-01
B_2781,TXFB-102781,Bound,,,1,3179.62,2026-04-02
B_2782,TXFB-102782,Canceled,INT_06,2026-05-02,0,2409.63,2026-04-16
B_2783,TXFB-102783,Withdrawn,,,1,2568.02,2026-04-12
B_2784,TXFB-102784,Canceled,INT_02,2026-04-15,0,2502.82,2026-04-11
B_2785,TXFB-102785,Draft,,,1,1848.38,2026-04-16
B_2786,TXFB-102786,Bound,,,1,2568.02,2026-04-09
B_2787,TXFB-102787,Withdrawn,,,1,709.12,2026-04-16
B_2788,TXFB-102788,Bound,,,1,3079.55,2026-04-06
B_2789,TXFB-102789,Withdrawn,,,0,2833.44,2026-04-09
B_2790,TXFB-102790,Withdrawn,,,1,1235.69,2026-04-13
B_2791,TXFB-102791,Canceled,INT_06,2026-05-06,1,2804.1,2026-04-08
B_2792,TXFB-102792,Withdrawn,,,1,537.93,2026-04-05
B_2793,TXFB-102793,Bound,,,1,1151.74,2026-04-02
B_2794,TXFB-102794,Bound,,,1,695.41,2026-04-14
B_2795,TXFB-102795,Bound,,,1,2840.68,2026-04-16
B_2796,TXFB-102796,Bound,,,0,2767.62,2026-04-02
B_2797,TXFB-102797,Bound,,,1,2940.91,2026-04-12
B_2798,TXFB-102798,Bound,,,1,513.45,2026-04-13
B_2799,TXFB-102799,Withdrawn,,,1,2003.7,2026-04-06
B_2800,TXFB-102800,Bound,,,1,2614.51,2026-04-15
B_2801,TXFB-102801,Canceled,INT_08,2026-04-28,0,966.2,2026-04-04
B_2802,TXFB-102802,Draft,,,1,2449.37,2026-04-15
B_2803,TXFB-102803,Draft,,,1,752.33,2026-04-11
B_2804,TXFB-102804,Withdrawn,,,1,1043.98,2026-04-01
B_2805,TXFB-102805,Bound,,,1,1927.39,2026-04-01
B_2806,TXFB-102806,Withdrawn,,,1,2460.7,2026-04-07
B_2807,TXFB-102807,Canceled,INT_07,2026-05-11,1,937.61,2026-04-13
B_2808,TXFB-102808,Bound,,,1,1055.67,2026-04-04
B_2809,TXFB-102809,Bound,,,1,1113.34,2026-04-11
B_2810,TXFB-102810,Canceled,INT_01,2026-04-17,0,1216.1,2026-04-12
B_2811,TXFB-102811,Bound,,,1,1179.66,2026-04-09
B_2812,TXFB-102812,Bound,,,0,1685.45,2026-04-06
B_2813,TXFB-102813,Bound,,,1,2461.37,2026-04-09
B_2814,TXFB-102814,Bound,,,1,1814.1,2026-04-08
B_2815,TXFB-102815,Bound,,,1,2827.92,2026-04-09
B_2816,TXFB-102816,Canceled,INT_06,2026-04-20,1,2657.81,2026-04-16
B_2817,TXFB-102817,Bound,,,1,879.58,2026-04-11
B_2818,TXFB-102818,Bound,,,1,646.52,2026-04-12
B_2819,TXFB-102819,Bound,,,1,3133.82,2026-04-06
B_2820,TXFB-102820,Bound,,,1,739.49,2026-04-16
B_2821,TXFB-102821,Draft,,,1,945.02,2026-04-14
B_2822,TXFB-102822,Bound,,,1,566.4,2026-04-07
B_2823,TXFB-102823,Bound,,,1,2385.01,2026-04-14
B_2824,TXFB-102824,Bound,,,1,2247.11,2026-04-12
B_2825,TXFB-102825,Bound,,,1,3460.71,2026-04-12
B_2826,TXFB-102826,Canceled,INT_02,2026-04-25,1,3160.8,2026-04-13
B_2827,TXFB-102827,Canceled,INT_07,2026-04-12,1,1732.53,2026-04-09
B_2828,TXFB-102828,Bound,,,1,1614.76,2026-04-15
B_2829,TXFB-102829,Bound,,,1,1390.56,2026-04-06
B_2830,TXFB-102830,Bound,,,0,957.22,2026-04-05
B_2831,TXFB-102831,Bound,,,1,914.25,2026-04-08
B_2832,TXFB-102832,Bound,,,1,896.85,2026-04-04
B_2833,TXFB-102833,Bound,,,1,842.34,2026-04-09
B_2834,TXFB-102834,Bound,,,1,1221.54,2026-04-08
B_2835,TXFB-102835,Bound,,,1,1420.01,2026-04-14
B_2836,TXFB-102836,Draft,,,1,3384.74,2026-04-13
B_2837,TXFB-102837,Withdrawn,,,1,2235.42,2026-04-07
B_2838,TXFB-102838,Bound,,,1,3462.79,2026-04-05
B_2839,TXFB-102839,Canceled,INT_01,2026-04-12,1,1617.4,2026-04-05
B_2840,TXFB-102840,Bound,,,1,1872.88,2026-04-16
B_2841,TXFB-102841,Bound,,,1,1473.74,2026-04-01
B_2842,TXFB-102842,Canceled,INT_08,2026-05-04,1,1048.66,2026-04-06
B_2843,TXFB-102843,Draft,,,0,929.49,2026-04-14
B_2844,TXFB-102844,Withdrawn,,,1,3335.24,2026-04-16
B_2845,TXFB-102845,Bound,,,1,3460.43,2026-04-05
B_2846,TXFB-102846,Bound,,,1,634.73,2026-04-11
B_2847,TXFB-102847,Canceled,INT_04,2026-04-26,1,951.04,2026-04-16
B_2848,TXFB-102848,Bound,,,1,1770.57,2026-04-10
B_2849,TXFB-102849,Bound,,,1,1059.0,2026-04-09
B_2850,TXFB-102850,Bound,,,0,1591.64,2026-04-02
B_2851,TXFB-102851,Bound,,,1,887.29,2026-04-13
B_2852,TXFB-102852,Bound,,,1,1869.54,2026-04-04
B_2853,TXFB-102853,Bound,,,1,1315.08,2026-04-06
B_2854,TXFB-102854,Draft,,,1,1555.72,2026-04-02
B_2855,TXFB-102855,Bound,,,1,782.94,2026-04-07
B_2856,TXFB-102856,Bound,,,1,1784.38,2026-04-09
B_2857,TXFB-102857,Bound,,,1,3449.77,2026-04-16
B_2858,TXFB-102858,Bound,,,1,1486.5,2026-04-04
B_2859,TXFB-102859,Bound,,,1,3129.29,2026-04-15
B_2860,TXFB-102860,Bound,,,1,3029.6,2026-04-11
B_2861,TXFB-102861,Draft,,,0,3356.18,2026-04-09
B_2862,TXFB-102862,Bound,,,1,2870.33,2026-04-12
B_2863,TXFB-102863,Withdrawn,,,0,2478.79,2026-04-12
B_2864,TXFB-102864,Bound,,,1,3069.75,2026-04-09
B_2865,TXFB-102865,Bound,,,1,726.93,2026-04-12
B_2866,TXFB-102866,Bound,,,1,1888.49,2026-04-01
B_2867,TXFB-102867,Bound,,,1,3467.77,2026-04-14
B_2868,TXFB-102868,Canceled,INT_08,2026-04-10,1,2808.8,2026-04-04
B_2869,TXFB-102869,Bound,,,1,3386.23,2026-04-12
B_2870,TXFB-102870,Bound,,,0,2838.9,2026-04-07
B_2871,TXFB-102871,Draft,,,1,3124.65,2026-04-06
B_2872,TXFB-102872,Draft,,,0,2619.59,2026-04-10
B_2873,TXFB-102873,Draft,,,1,2781.51,2026-04-12
B_2874,TXFB-102874,Bound,,,1,2069.53,2026-04-11
B_2875,TXFB-102875,Canceled,INT_01,2026-05-13,1,3272.71,2026-04-16
B_2876,TXFB-102876,Bound,,,1,2975.12,2026-04-15
B_2877,TXFB-102877,Bound,,,1,3031.65,2026-04-03
B_2878,TXFB-102878,Bound,,,1,2519.03,2026-04-13
B_2879,TXFB-102879,Bound,,,1,1413.74,2026-04-10
B_2880,TXFB-102880,Bound,,,0,606.89,2026-04-15
B_2881,TXFB-102881,Bound,,,0,3306.97,2026-04-05
B_2882,TXFB-102882,Draft,,,1,2258.36,2026-04-06
B_2883,TXFB-102883,Bound,,,1,1394.43,2026-04-11
B_2884,TXFB-102884,Bound,,,1,947.41,2026-04-14
B_2885,TXFB-102885,Bound,,,1,2988.57,2026-04-13
B_2886,TXFB-102886,Draft,,,1,3009.56,2026-04-03
B_2887,TXFB-102887,Bound,,,1,2943.52,2026-04-03
B_2888,TXFB-102888,Bound,,,1,2435.25,2026-04-06
B_2889,TXFB-102889,Canceled,INT_03,2026-04-17,1,1598.05,2026-04-11
B_2890,TXFB-102890,Canceled,INT_08,2026-05-02,1,1412.21,2026-04-08
B_2891,TXFB-102891,Bound,,,1,525.66,2026-04-11
B_2892,TXFB-102892,Bound,,,1,3000.82,2026-04-11
B_2893,TXFB-102893,Canceled,INT_08,2026-04-27,1,762.3,2026-04-10
B_2894,TXFB-102894,Bound,,,1,2392.26,2026-04-09
B_2895,TXFB-102895,Bound,,,1,2012.22,2026-04-13
B_2896,TXFB-102896,Draft,,,1,2080.07,2026-04-09
B_2897,TXFB-102897,Bound,,,1,3280.14,2026-04-15
B_2898,TXFB-102898,Bound,,,1,594.85,2026-04-12
B_2899,TXFB-102899,Bound,,,1,2820.18,2026-04-15
B_2900,TXFB-102900,Bound,,,1,656.16,2026-04-14
B_2901,TXFB-102901,Bound,,,1,614.46,2026-04-06
B_2902,TXFB-102902,Canceled,INT_99,2026-05-03,1,1789.45,2026-04-06
B_2903,TXFB-102903,Bound,,,1,689.23,2026-04-01
B_2904,TXFB-102904,Bound,,,1,2867.43,2026-04-05
B_2905,TXFB-102905,Bound,,,0,2088.69,2026-04-08
B_2906,TXFB-102906,Bound,,,1,587.12,2026-04-09
B_2907,TXFB-102907,Withdrawn,,,1,621.5,2026-04-03
B_2908,TXFB-102908,Bound,,,1,2338.01,2026-04-07
B_2909,TXFB-102909,Bound,,,1,2918.34,2026-04-06
B_2910,TXFB-102910,Bound,,,1,1813.4,2026-04-13
B_2911,TXFB-102911,Bound,,,1,2163.74,2026-04-04
B_2912,TXFB-102912,Bound,,,1,2899.49,2026-04-04
B_2913,TXFB-102913,Canceled,INT_04,2026-04-12,1,2331.52,2026-04-03
B_2914,TXFB-102914,Withdrawn,,,0,1174.28,2026-04-16
B_2915,TXFB-102915,Bound,,,0,2339.16,2026-04-02
B_2916,TXFB-102916,Bound,,,1,2384.84,2026-04-01
B_2917,TXFB-102917,Canceled,INT_05,2026-05-02,1,2702.32,2026-04-13
B_2918,TXFB-102918,Canceled,INT_07,2026-05-02,1,2362.62,2026-04-03
B_2919,TXFB-102919,Bound,,,1,3407.73,2026-04-04
B_2920,TXFB-102920,Bound,,,1,1091.86,2026-04-09
B_2921,TXFB-102921,Bound,,,1,3353.27,2026-04-05
B_2922,TXFB-102922,Canceled,,2026-04-25,1,2115.02,2026-04-03
B_2923,TXFB-102923,Canceled,INT_02,2026-05-02,1,2515.87,2026-04-13
B_2924,TXFB-102924,Bound,,,0,798.38,2026-04-10
B_2925,TXFB-102925,Bound,,,1,1641.73,2026-04-08
B_2926,TXFB-102926,Draft,,,1,2808.14,2026-04-08
B_2927,TXFB-102927,Canceled,INT_02,2026-04-17,1,2620.73,2026-04-10
B_2928,TXFB-102928,Withdrawn,,,1,620.42,2026-04-15
B_2929,TXFB-102929,Canceled,INT_03,2026-04-24,1,2139.78,2026-04-05
B_2930,TXFB-102930,Bound,,,1,764.83,2026-04-05
B_2931,TXFB-102931,Bound,,,1,3487.57,2026-04-06
B_2932,TXFB-102932,Bound,,,1,3191.89,2026-04-01
B_2933,TXFB-102933,Bound,,,1,563.24,2026-04-02
B_2934,TXFB-102934,Bound,,,1,3075.95,2026-04-12
B_2935,TXFB-102935,Canceled,INT_05,2026-04-12,1,3258.29,2026-04-11
B_2936,TXFB-102936,Bound,,,1,1560.64,2026-04-16
B_2937,TXFB-102937,Canceled,INT_05,2026-05-02,1,2658.5,2026-04-15
B_2938,TXFB-102938,Bound,,,1,1826.31,2026-04-09
B_2939,TXFB-102939,Withdrawn,,,1,2465.7,2026-04-15
B_2940,TXFB-102940,Bound,,,1,1520.95,2026-04-05
B_2941,TXFB-102941,Bound,,,1,1467.68,2026-04-06
B_2942,TXFB-102942,Bound,,,1,1773.3,2026-04-15
B_2943,TXFB-102943,Bound,,,1,936.7,2026-04-14
B_2944,TXFB-102944,Canceled,INT_08,2026-05-05,1,2993.42,2026-04-10
B_2945,TXFB-102945,Canceled,INT_04,2026-05-01,1,1546.09,2026-04-12
B_2946,TXFB-102946,Bound,,,1,1700.45,2026-04-16
B_2947,TXFB-102947,Bound,,,1,3182.16,2026-04-08
B_2948,TXFB-102948,Bound,,,1,1989.87,2026-04-03
B_2949,TXFB-102949,Bound,,,1,2132.76,2026-04-15
B_2950,TXFB-102950,Draft,,,1,3369.49,2026-04-10
B_2951,TXFB-102951,Canceled,INT_03,2026-04-18,1,3160.18,2026-04-12
B_2952,TXFB-102952,Bound,,,0,1008.4,2026-04-14
B_2953,TXFB-102953,Canceled,INT_03,2026-04-23,1,1919.65,2026-04-09
B_2954,TXFB-102954,Bound,,,0,3413.89,2026-04-05
B_2955,TXFB-102955,Draft,,,1,1617.1,2026-04-10
B_2956,TXFB-102956,Bound,,,1,1614.72,2026-04-01
B_2957,TXFB-102957,Canceled,INT_05,2026-05-01,1,1085.09,2026-04-01
B_2958,TXFB-102958,Draft,,,1,842.97,2026-04-05
B_2959,TXFB-102959,Bound,,,1,2720.91,2026-04-12
B_2960,TXFB-102960,Canceled,INT_07,2026-04-13,0,2810.09,2026-04-10
B_2961,TXFB-102961,Bound,,,1,3407.04,2026-04-16
B_2962,TXFB-102962,Bound,,,1,2820.25,2026-04-01
B_2963,TXFB-102963,Bound,,,1,1230.06,2026-04-16
B_2964,TXFB-102964,Withdrawn,,,1,620.35,2026-04-16
B_2965,TXFB-102965,Draft,,,1,3456.31,2026-04-10
B_2966,TXFB-102966,Canceled,INT_05,2026-04-09,0,1521.35,2026-04-01
B_2967,TXFB-102967,Canceled,INT_05,2026-05-09,1,1435.91,2026-04-14
B_2968,TXFB-102968,Bound,,,0,3217.87,2026-04-10
B_2969,TXFB-102969,Draft,,,1,2255.3,2026-04-08
B_2970,TXFB-102970,Bound,,,1,1144.61,2026-04-01
B_2971,TXFB-102971,Bound,,,1,3167.29,2026-04-12
B_2972,TXFB-102972,Bound,,,1,3480.08,2026-04-07
B_2973,TXFB-102973,Canceled,INT_08,2026-04-30,1,760.04,2026-04-14
B_2974,TXFB-102974,Canceled,INT_08,2026-05-06,1,3086.75,2026-04-14
B_2975,TXFB-102975,Bound,,,1,1671.55,2026-04-13
B_2976,TXFB-102976,Bound,,,1,2072.22,2026-04-08
B_2977,TXFB-102977,Canceled,INT_06,2026-04-10,1,3244.45,2026-04-06
B_2978,TXFB-102978,Bound,,,1,3420.14,2026-04-13
B_2979,TXFB-102979,Canceled,INT_07,2026-05-12,1,1286.49,2026-04-13
B_2980,TXFB-102980,Withdrawn,,,1,1138.55,2026-04-08
B_2981,TXFB-102981,Bound,,,1,741.55,2026-04-09
B_2982,TXFB-102982,Bound,,,1,2185.39,2026-04-03
B_2983,TXFB-102983,Canceled,INT_06,2026-04-25,1,540.81,2026-04-14
B_2984,TXFB-102984,Canceled,INT_04,2026-04-09,1,1735.69,2026-04-08
B_2985,TXFB-102985,Bound,,,1,720.15,2026-04-09
B_2986,TXFB-102986,Withdrawn,,,1,1715.68,2026-04-10
B_2987,TXFB-102987,Bound,,,1,619.8,2026-04-09
B_2988,TXFB-102988,Bound,,,1,3005.65,2026-04-14
B_2989,TXFB-102989,Canceled,INT_04,2026-04-17,1,1129.22,2026-04-07
B_2990,TXFB-102990,Draft,,,1,1484.93,2026-04-03
B_2991,TXFB-102991,Bound,,,1,3110.14,2026-04-06
B_2992,TXFB-102992,Canceled,INT_07,2026-04-27,1,2738.8,2026-04-05
B_2993,TXFB-102993,Bound,,,1,1157.12,2026-04-10
B_2994,TXFB-102994,Bound,,,1,715.7,2026-04-04
B_2995,TXFB-102995,Bound,,,1,2647.02,2026-04-15
B_2996,TXFB-102996,Draft,,,1,1672.11,2026-04-15
B_2997,TXFB-102997,Bound,,,1,2798.24,2026-04-09
B_2998,TXFB-102998,Bound,,,1,1835.88,2026-04-16
B_2999,TXFB-102999,Bound,,,1,1538.01,2026-04-07
B_3000,TXFB-103000,Draft,,,1,1853.62,2026-04-11
B_3001,TXFB-103001,Bound,,,1,2745.68,2026-04-01
B_3002,TXFB-103002,Canceled,,2026-04-27,1,3206.66,2026-04-05
B_3003,TXFB-103003,Bound,,,0,649.3,2026-04-02
B_3004,TXFB-103004,Bound,,,1,2072.33,2026-04-01
B_3005,TXFB-103005,Bound,,,1,598.51,2026-04-06
B_3006,TXFB-103006,Canceled,INT_07,2026-04-08,1,1905.23,2026-04-04
B_3007,TXFB-103007,Draft,,,1,3155.85,2026-04-10
B_3008,TXFB-103008,Bound,,,1,1584.77,2026-04-09
B_3009,TXFB-103009,Bound,,,1,3297.35,2026-04-05
B_3010,TXFB-103010,Bound,,,0,2391.83,2026-04-15
B_3011,TXFB-103011,Bound,,,1,3302.47,2026-04-01
B_3012,TXFB-103012,Bound,,,1,2771.5,2026-04-08
B_3013,TXFB-103013,Bound,,,1,810.31,2026-04-03
B_3014,TXFB-103014,Bound,,,1,1193.45,2026-04-05
B_3015,TXFB-103015,Bound,,,1,1682.51,2026-04-01
B_3016,TXFB-103016,Bound,,,1,1010.32,2026-04-16
B_3017,TXFB-103017,Canceled,INT_03,2026-04-20,1,1984.73,2026-04-07
B_3018,TXFB-103018,Bound,,,1,1914.1,2026-04-11
B_3019,TXFB-103019,Bound,,,1,3368.78,2026-04-14
B_3020,TXFB-103020,Canceled,INT_01,2026-04-22,1,1801.18,2026-04-10
B_3021,TXFB-103021,Bound,,,1,2856.88,2026-04-16
B_3022,TXFB-103022,Bound,,,1,3325.73,2026-04-12
B_3023,TXFB-103023,Bound,,,1,3130.97,2026-04-15
B_3024,TXFB-103024,Bound,,,1,1126.0,2026-04-02
B_3025,TXFB-103025,Bound,,,1,1988.09,2026-04-11
B_3026,TXFB-103026,Bound,,,1,1543.22,2026-04-03
B_3027,TXFB-103027,Draft,,,1,1699.58,2026-04-05
B_3028,TXFB-103028,Bound,,,1,1582.42,2026-04-02
B_3029,TXFB-103029,Bound,,,1,2979.08,2026-04-09
B_3030,TXFB-103030,Bound,,,1,1856.42,2026-04-13
B_3031,TXFB-103031,Bound,,,1,2071.08,2026-04-03
B_3032,TXFB-103032,Bound,,,1,3447.34,2026-04-16
B_3033,TXFB-103033,Canceled,INT_99,2026-04-25,1,679.94,2026-04-06
B_3034,TXFB-103034,Bound,,,1,1963.87,2026-04-07
B_3035,TXFB-103035,Bound,,,1,2822.19,2026-04-09
B_3036,TXFB-103036,Bound,,,0,953.49,2026-04-13
B_3037,TXFB-103037,Bound,,,1,2334.59,2026-04-01
B_3038,TXFB-103038,Withdrawn,,,1,1218.39,2026-04-04
B_3039,TXFB-103039,Bound,,,1,3102.21,2026-04-08
B_3040,TXFB-103040,Bound,,,1,1481.3,2026-04-13
B_3041,TXFB-103041,Bound,,,1,1487.19,2026-04-15
B_3042,TXFB-103042,Withdrawn,,,1,2294.58,2026-04-08
B_3043,TXFB-103043,Bound,,,0,1050.69,2026-04-02
B_3044,TXFB-103044,Bound,,,1,1354.67,2026-04-07
B_3045,TXFB-103045,Canceled,INT_06,2026-05-15,1,1749.9,2026-04-15
B_3046,TXFB-103046,Canceled,INT_08,2026-04-08,1,1560.91,2026-04-04
B_3047,TXFB-103047,Bound,,,1,2074.63,2026-04-07
B_3048,TXFB-103048,Bound,,,0,2298.92,2026-04-16
B_3049,TXFB-103049,Bound,,,1,2200.0,2026-04-13
B_3050,TXFB-103050,Bound,,,1,2462.5,2026-04-10
B_3051,TXFB-103051,Bound,,,1,1423.25,2026-04-11
B_3052,TXFB-103052,Bound,,,1,879.28,2026-04-06
B_3053,TXFB-103053,Bound,,,1,2782.42,2026-04-02
B_3054,TXFB-103054,Bound,,,1,3052.34,2026-04-04
B_3055,TXFB-103055,Bound,,,1,1271.02,2026-04-09
B_3056,TXFB-103056,Withdrawn,,,1,1721.28,2026-04-16
B_3057,TXFB-103057,Bound,,,1,1995.71,2026-04-10
B_3058,TXFB-103058,Bound,,,1,2099.98,2026-04-07
B_3059,TXFB-103059,Bound,,,1,2478.47,2026-04-12
B_3060,TXFB-103060,Withdrawn,,,1,624.81,2026-04-02
B_3061,TXFB-103061,Bound,,,1,2664.43,2026-04-07
B_3062,TXFB-103062,Bound,,,1,685.91,2026-04-04
B_3063,TXFB-103063,Bound,,,1,1904.87,2026-04-08
B_3064,TXFB-103064,Bound,,,1,2983.01,2026-04-14
B_3065,TXFB-103065,Bound,,,1,1853.65,2026-04-11
B_3066,TXFB-103066,Bound,,,0,947.27,2026-04-01
B_3067,TXFB-103067,Bound,,,1,3455.1,2026-04-06
B_3068,TXFB-103068,Withdrawn,,,1,3167.86,2026-04-09
B_3069,TXFB-103069,Bound,,,1,2813.94,2026-04-04
B_3070,TXFB-103070,Bound,,,1,1734.53,2026-04-13
B_3071,TXFB-103071,Canceled,,2026-05-05,1,1051.54,2026-04-08
B_3072,TXFB-103072,Bound,,,1,3324.23,2026-04-01
B_3073,TXFB-103073,Bound,,,1,2097.05,2026-04-02
B_3074,TXFB-103074,Bound,,,1,3057.07,2026-04-16
B_3075,TXFB-103075,Bound,,,1,1526.29,2026-04-05
B_3076,TXFB-103076,Draft,,,1,1505.86,2026-04-12
B_3077,TXFB-103077,Draft,,,1,3456.62,2026-04-03
B_3078,TXFB-103078,Bound,,,1,2065.5,2026-04-08
B_3079,TXFB-103079,Bound,,,1,922.09,2026-04-06
B_3080,TXFB-103080,Draft,,,1,1159.02,2026-04-16
B_3081,TXFB-103081,Canceled,INT_01,2026-04-14,1,1945.83,2026-04-03
B_3082,TXFB-103082,Draft,,,1,627.41,2026-04-11
B_3083,TXFB-103083,Bound,,,1,1887.6,2026-04-02
B_3084,TXFB-103084,Bound,,,1,1756.82,2026-04-02
B_3085,TXFB-103085,Canceled,INT_07,2026-04-17,1,2838.01,2026-04-12
B_3086,TXFB-103086,Bound,,,1,1564.83,2026-04-05
B_3087,TXFB-103087,Bound,,,1,3447.65,2026-04-04
B_3088,TXFB-103088,Bound,,,1,1042.31,2026-04-05
B_3089,TXFB-103089,Bound,,,0,2272.96,2026-04-16
B_3090,TXFB-103090,Bound,,,1,769.1,2026-04-08
B_3091,TXFB-103091,Bound,,,1,2701.59,2026-04-11
B_3092,TXFB-103092,Withdrawn,,,1,3484.26,2026-04-12
B_3093,TXFB-103093,Bound,,,1,2957.42,2026-04-15
B_3094,TXFB-103094,Canceled,INT_03,2026-04-08,1,2167.11,2026-04-07
B_3095,TXFB-103095,Bound,,,1,1954.22,2026-04-01
B_3096,TXFB-103096,Bound,,,1,3005.09,2026-04-13
B_3097,TXFB-103097,Withdrawn,,,0,3307.92,2026-04-12
B_3098,TXFB-103098,Bound,,,1,3467.62,2026-04-05
B_3099,TXFB-103099,Bound,,,1,1689.62,2026-04-09
B_3100,TXFB-103100,Bound,,,1,3472.75,2026-04-02
B_3101,TXFB-103101,Bound,,,1,967.78,2026-04-16
B_3102,TXFB-103102,Canceled,,2026-04-18,1,1260.65,2026-04-15
B_3103,TXFB-103103,Draft,,,1,767.05,2026-04-10
B_3104,TXFB-103104,Bound,,,0,1315.22,2026-04-16
B_3105,TXFB-103105,Bound,,,1,2803.81,2026-04-07
B_3106,TXFB-103106,Bound,,,1,3058.77,2026-04-06
B_3107,TXFB-103107,Canceled,INT_05,2026-04-27,1,2836.68,2026-04-12
B_3108,TXFB-103108,Bound,,,1,2393.2,2026-04-11
B_3109,TXFB-103109,Bound,,,1,2041.9,2026-04-15
B_3110,TXFB-103110,Bound,,,1,2626.11,2026-04-09
B_3111,TXFB-103111,Bound,,,1,1672.5,2026-04-06
B_3112,TXFB-103112,Bound,,,1,3023.93,2026-04-03
B_3113,TXFB-103113,Canceled,INT_07,2026-05-02,1,2531.57,2026-04-05
B_3114,TXFB-103114,Bound,,,1,2593.41,2026-04-15
B_3115,TXFB-103115,Bound,,,1,2107.81,2026-04-10
B_3116,TXFB-103116,Draft,,,1,3155.69,2026-04-09
B_3117,TXFB-103117,Canceled,INT_06,2026-05-05,1,1256.04,2026-04-12
B_3118,TXFB-103118,Bound,,,1,1643.44,2026-04-15
B_3119,TXFB-103119,Bound,,,1,2832.93,2026-04-01
B_3120,TXFB-103120,Bound,,,1,1978.25,2026-04-13
B_3121,TXFB-103121,Bound,,,1,3167.64,2026-04-06
B_3122,TXFB-103122,Bound,,,1,1539.2,2026-04-01
B_3123,TXFB-103123,Bound,,,1,1607.99,2026-04-12
B_3124,TXFB-103124,Bound,,,1,3166.21,2026-04-08
B_3125,TXFB-103125,Canceled,INT_07,2026-05-03,1,1893.11,2026-04-11
B_3126,TXFB-103126,Bound,,,0,2048.37,2026-04-03
B_3127,TXFB-103127,Bound,,,1,1498.29,2026-04-13
B_3128,TXFB-103128,Bound,,,1,1330.01,2026-04-07
B_3129,TXFB-103129,Withdrawn,,,1,2467.85,2026-04-16
B_3130,TXFB-103130,Canceled,INT_08,2026-04-21,1,859.52,2026-04-05
B_3131,TXFB-103131,Canceled,INT_01,2026-04-25,1,3137.82,2026-04-10
B_3132,TXFB-103132,Canceled,INT_04,2026-05-02,1,2837.61,2026-04-11
B_3133,TXFB-103133,Draft,,,1,1072.24,2026-04-14
B_3134,TXFB-103134,Bound,,,1,2582.06,2026-04-11
B_3135,TXFB-103135,Bound,,,1,2307.9,2026-04-04
B_3136,TXFB-103136,Bound,,,0,1053.61,2026-04-04
B_3137,TXFB-103137,Canceled,INT_05,2026-04-12,1,1319.61,2026-04-03
B_3138,TXFB-103138,Canceled,INT_02,2026-04-22,1,1726.96,2026-04-02
B_3139,TXFB-103139,Bound,,,1,2597.73,2026-04-05
B_3140,TXFB-103140,Bound,,,1,2416.17,2026-04-06
B_3141,TXFB-103141,Bound,,,1,2096.7,2026-04-02
B_3142,TXFB-103142,Draft,,,1,2805.23,2026-04-07
B_3143,TXFB-103143,Bound,,,1,2773.81,2026-04-04
B_3144,TXFB-103144,Bound,,,1,2353.58,2026-04-16
B_3145,TXFB-103145,Bound,,,1,2860.97,2026-04-07
B_3146,TXFB-103146,Bound,,,0,1502.79,2026-04-04
B_3147,TXFB-103147,Draft,,,1,3143.75,2026-04-02
B_3148,TXFB-103148,Bound,,,1,2344.73,2026-04-13
B_3149,TXFB-103149,Canceled,INT_02,2026-05-08,1,2967.09,2026-04-16
B_3150,TXFB-103150,Bound,,,1,2138.84,2026-04-09
B_3151,TXFB-103151,Bound,,,1,1155.31,2026-04-02
B_3152,TXFB-103152,Bound,,,1,2127.23,2026-04-12
B_3153,TXFB-103153,Canceled,INT_02,2026-04-09,1,1613.33,2026-04-08
B_3154,TXFB-103154,Bound,,,1,2592.5,2026-04-03
B_3155,TXFB-103155,Bound,,,1,1927.38,2026-04-01
B_3156,TXFB-103156,Bound,,,1,3008.34,2026-04-07
B_3157,TXFB-103157,Draft,,,1,2534.22,2026-04-16
B_3158,TXFB-103158,Bound,,,1,2553.63,2026-04-03
B_3159,TXFB-103159,Canceled,INT_05,2026-04-26,1,1151.47,2026-04-15
B_3160,TXFB-103160,Bound,,,1,3452.75,2026-04-02
B_3161,TXFB-103161,Bound,,,1,3025.03,2026-04-12
B_3162,TXFB-103162,Bound,,,1,2867.01,2026-04-14
B_3163,TXFB-103163,Bound,,,1,1490.65,2026-04-12
B_3164,TXFB-103164,Bound,,,1,2106.89,2026-04-02
B_3165,TXFB-103165,Bound,,,1,911.31,2026-04-09
B_3166,TXFB-103166,Bound,,,1,2115.43,2026-04-02
B_3167,TXFB-103167,Draft,,,0,937.67,2026-04-03
B_3168,TXFB-103168,Bound,,,1,2159.11,2026-04-10
B_3169,TXFB-103169,Canceled,INT_01,2026-04-05,1,2446.17,2026-04-03
B_3170,TXFB-103170,Bound,,,1,1670.59,2026-04-07
B_3171,TXFB-103171,Bound,,,1,1995.63,2026-04-04
B_3172,TXFB-103172,Bound,,,1,3126.96,2026-04-04
B_3173,TXFB-103173,Bound,,,1,825.69,2026-04-08
B_3174,TXFB-103174,Bound,,,1,2875.2,2026-04-13
B_3175,TXFB-103175,Bound,,,1,1012.26,2026-04-07
B_3176,TXFB-103176,Bound,,,1,610.12,2026-04-07
B_3177,TXFB-103177,Bound,,,1,1056.72,2026-04-08
B_3178,TXFB-103178,Draft,,,1,2795.13,2026-04-06
B_3179,TXFB-103179,Canceled,INT_01,2026-05-05,0,1715.38,2026-04-14
B_3180,TXFB-103180,Bound,,,0,3117.56,2026-04-04
B_3181,TXFB-103181,Bound,,,0,2074.12,2026-04-12
B_3182,TXFB-103182,Bound,,,1,566.75,2026-04-15
B_3183,TXFB-103183,Bound,,,0,2650.14,2026-04-14
B_3184,TXFB-103184,Bound,,,1,830.7,2026-04-04
B_3185,TXFB-103185,Bound,,,1,2868.14,2026-04-06
B_3186,TXFB-103186,Bound,,,1,1004.31,2026-04-06
B_3187,TXFB-103187,Bound,,,1,1536.34,2026-04-13
B_3188,TXFB-103188,Bound,,,1,2783.81,2026-04-11
B_3189,TXFB-103189,Canceled,INT_06,2026-04-26,1,3362.69,2026-04-06
B_3190,TXFB-103190,Canceled,INT_04,2026-04-30,1,1614.3,2026-04-15
B_3191,TXFB-103191,Bound,,,1,2988.2,2026-04-12
B_3192,TXFB-103192,Draft,,,1,1072.38,2026-04-11
B_3193,TXFB-103193,Withdrawn,,,1,2921.54,2026-04-11
B_3194,TXFB-103194,Bound,,,1,2472.48,2026-04-12
B_3195,TXFB-103195,Bound,,,1,1078.23,2026-04-14
B_3196,TXFB-103196,Bound,,,1,1407.51,2026-04-14
B_3197,TXFB-103197,Draft,,,1,895.31,2026-04-11
B_3198,TXFB-103198,Draft,,,1,1648.9,2026-04-08
B_3199,TXFB-103199,Bound,,,1,1110.95,2026-04-07
B_3200,TXFB-103200,Bound,,,0,2431.99,2026-04-13
B_3201,TXFB-103201,Bound,,,1,3483.52,2026-04-09
B_3202,TXFB-103202,Bound,,,1,536.03,2026-04-12
B_3203,TXFB-103203,Bound,,,1,2122.76,2026-04-15
B_3204,TXFB-103204,Draft,,,1,2221.0,2026-04-15
B_3205,TXFB-103205,Bound,,,1,3242.63,2026-04-13
B_3206,TXFB-103206,Canceled,INT_03,2026-04-12,1,2018.02,2026-04-01
B_3207,TXFB-103207,Draft,,,1,2131.1,2026-04-02
B_3208,TXFB-103208,Canceled,INT_99,2026-05-04,0,1914.96,2026-04-10
B_3209,TXFB-103209,Bound,,,1,1306.71,2026-04-01
B_3210,TXFB-103210,Bound,,,1,668.09,2026-04-05
B_3211,TXFB-103211,Bound,,,1,1725.97,2026-04-10
B_3212,TXFB-103212,Bound,,,1,657.77,2026-04-01
B_3213,TXFB-103213,Bound,,,0,2151.48,2026-04-10
B_3214,TXFB-103214,Bound,,,1,1421.88,2026-04-08
B_3215,TXFB-103215,Bound,,,1,2100.81,2026-04-07
B_3216,TXFB-103216,Bound,,,1,902.89,2026-04-11
B_3217,TXFB-103217,Bound,,,1,3297.89,2026-04-01
B_3218,TXFB-103218,Bound,,,1,3183.56,2026-04-09
B_3219,TXFB-103219,Canceled,,2026-04-29,1,1069.99,2026-04-05
B_3220,TXFB-103220,Canceled,INT_04,2026-05-04,1,1530.33,2026-04-04
B_3221,TXFB-103221,Bound,,,1,2340.48,2026-04-02
B_3222,TXFB-103222,Bound,,,1,787.06,2026-04-15
B_3223,TXFB-103223,Bound,,,0,1563.7,2026-04-12
B_3224,TXFB-103224,Bound,,,1,1253.34,2026-04-05
B_3225,TXFB-103225,Bound,,,1,3246.55,2026-04-05
B_3226,TXFB-103226,Draft,,,1,3057.53,2026-04-09
B_3227,TXFB-103227,Bound,,,1,2239.5,2026-04-12
B_3228,TXFB-103228,Bound,,,1,2061.04,2026-04-08
B_3229,TXFB-103229,Bound,,,1,3292.18,2026-04-08
B_3230,TXFB-103230,Bound,,,1,3297.28,2026-04-09
B_3231,TXFB-103231,Bound,,,1,3407.99,2026-04-10
B_3232,TXFB-103232,Bound,,,1,876.14,2026-04-03
B_3233,TXFB-103233,Bound,,,1,981.67,2026-04-13
B_3234,TXFB-103234,Bound,,,1,2530.21,2026-04-07
B_3235,TXFB-103235,Bound,,,0,2124.3,2026-04-03
B_3236,TXFB-103236,Bound,,,1,555.4,2026-04-11
B_3237,TXFB-103237,Bound,,,1,685.93,2026-04-16
B_3238,TXFB-103238,Withdrawn,,,1,3164.24,2026-04-06
B_3239,TXFB-103239,Bound,,,1,3106.61,2026-04-16
B_3240,TXFB-103240,Bound,,,1,1571.81,2026-04-04
B_3241,TXFB-103241,Bound,,,1,3173.15,2026-04-10
B_3242,TXFB-103242,Bound,,,1,2281.03,2026-04-02
B_3243,TXFB-103243,Bound,,,0,2917.72,2026-04-13
B_3244,TXFB-103244,Bound,,,1,1782.29,2026-04-03
B_3245,TXFB-103245,Canceled,INT_03,2026-04-28,1,840.19,2026-04-02
B_3246,TXFB-103246,Bound,,,1,1801.18,2026-04-11
B_3247,TXFB-103247,Bound,,,1,1871.9,2026-04-12
B_3248,TXFB-103248,Bound,,,1,2152.83,2026-04-14
B_3249,TXFB-103249,Draft,,,1,816.75,2026-04-14
B_3250,TXFB-103250,Bound,,,1,3474.21,2026-04-04
B_3251,TXFB-103251,Bound,,,1,1232.41,2026-04-08
B_3252,TXFB-103252,Bound,,,1,1095.66,2026-04-01
B_3253,TXFB-103253,Bound,,,0,2080.41,2026-04-13
B_3254,TXFB-103254,Bound,,,1,2111.62,2026-04-02
B_3255,TXFB-103255,Bound,,,1,1819.46,2026-04-10
B_3256,TXFB-103256,Bound,,,1,2815.68,2026-04-02
B_3257,TXFB-103257,Bound,,,1,2049.96,2026-04-11
B_3258,TXFB-103258,Bound,,,1,2329.09,2026-04-05
B_3259,TXFB-103259,Bound,,,1,2671.24,2026-04-11
B_3260,TXFB-103260,Draft,,,1,575.08,2026-04-08
B_3261,TXFB-103261,Bound,,,0,2211.93,2026-04-05
B_3262,TXFB-103262,Bound,,,1,3152.58,2026-04-02
B_3263,TXFB-103263,Bound,,,1,552.17,2026-04-13
B_3264,TXFB-103264,Bound,,,0,1715.55,2026-04-15
B_3265,TXFB-103265,Canceled,INT_05,2026-04-22,1,3278.68,2026-04-03
B_3266,TXFB-103266,Bound,,,0,1559.46,2026-04-08
B_3267,TXFB-103267,Bound,,,1,1876.19,2026-04-14
B_3268,TXFB-103268,Bound,,,1,3444.62,2026-04-10
B_3269,TXFB-103269,Bound,,,1,1097.97,2026-04-13
B_3270,TXFB-103270,Bound,,,1,695.77,2026-04-05
B_3271,TXFB-103271,Bound,,,1,3078.27,2026-04-05
B_3272,TXFB-103272,Bound,,,1,3105.4,2026-04-11
B_3273,TXFB-103273,Canceled,INT_01,2026-04-08,0,1916.23,2026-04-03
B_3274,TXFB-103274,Bound,,,1,2042.62,2026-04-16
B_3275,TXFB-103275,Canceled,INT_08,2026-04-09,1,3007.42,2026-04-02
B_3276,TXFB-103276,Canceled,INT_03,2026-05-11,1,2715.68,2026-04-13
B_3277,TXFB-103277,Canceled,,2026-04-11,1,1295.45,2026-04-09
B_3278,TXFB-103278,Bound,,,1,550.68,2026-04-03
B_3279,TXFB-103279,Bound,,,1,1939.1,2026-04-13
B_3280,TXFB-103280,Canceled,INT_05,2026-05-10,0,3076.74,2026-04-14
B_3281,TXFB-103281,Bound,,,1,3187.5,2026-04-05
B_3282,TXFB-103282,Bound,,,1,3368.68,2026-04-05
B_3283,TXFB-103283,Draft,,,1,3138.69,2026-04-16
B_3284,TXFB-103284,Draft,,,1,2240.13,2026-04-07
B_3285,TXFB-103285,Bound,,,1,1833.82,2026-04-16
B_3286,TXFB-103286,Bound,,,1,2824.55,2026-04-13
B_3287,TXFB-103287,Bound,,,1,2719.46,2026-04-07
B_3288,TXFB-103288,Canceled,INT_07,2026-04-29,0,2114.43,2026-04-08
B_3289,TXFB-103289,Draft,,,0,761.98,2026-04-08
B_3290,TXFB-103290,Bound,,,1,3278.24,2026-04-03
B_3291,TXFB-103291,Bound,,,1,1866.81,2026-04-09
B_3292,TXFB-103292,Draft,,,1,1590.0,2026-04-14
B_3293,TXFB-103293,Bound,,,0,2388.7,2026-04-11
B_3294,TXFB-103294,Bound,,,1,2521.51,2026-04-03
B_3295,TXFB-103295,Withdrawn,,,1,1132.06,2026-04-04
B_3296,TXFB-103296,Bound,,,1,3010.82,2026-04-14
B_3297,TXFB-103297,Bound,,,1,1369.81,2026-04-14
B_3298,TXFB-103298,Bound,,,1,1060.05,2026-04-12
B_3299,TXFB-103299,Bound,,,0,1719.2,2026-04-12
B_3300,TXFB-103300,Canceled,INT_08,2026-04-17,1,2691.68,2026-04-07
B_3301,TXFB-103301,Bound,,,1,3396.37,2026-04-11
B_3302,TXFB-103302,Withdrawn,,,1,2927.84,2026-04-12
B_3303,TXFB-103303,Bound,,,1,3321.05,2026-04-01
B_3304,TXFB-103304,Bound,,,1,921.82,2026-04-10
B_3305,TXFB-103305,Bound,,,0,713.53,2026-04-06
B_3306,TXFB-103306,Bound,,,1,2173.11,2026-04-12
B_3307,TXFB-103307,Bound,,,1,1370.89,2026-04-15
B_3308,TXFB-103308,Bound,,,1,2984.16,2026-04-05
B_3309,TXFB-103309,Bound,,,1,2515.96,2026-04-15
B_3310,TXFB-103310,Bound,,,1,3412.18,2026-04-02
B_3311,TXFB-103311,Canceled,INT_04,2026-04-19,1,1264.38,2026-04-08
B_3312,TXFB-103312,Bound,,,1,1957.35,2026-04-07
B_3313,TXFB-103313,Canceled,INT_08,2026-05-08,0,2003.72,2026-04-12
B_3314,TXFB-103314,Bound,,,1,1217.53,2026-04-05
B_3315,TXFB-103315,Bound,,,1,2270.28,2026-04-03
B_3316,TXFB-103316,Bound,,,1,1829.86,2026-04-04
B_3317,TXFB-103317,Bound,,,1,1840.16,2026-04-02
B_3318,TXFB-103318,Bound,,,1,1588.21,2026-04-08
B_3319,TXFB-103319,Canceled,INT_99,2026-04-07,1,550.79,2026-04-05
B_3320,TXFB-103320,Canceled,INT_06,2026-05-04,1,2066.29,2026-04-10
B_3321,TXFB-103321,Bound,,,1,1505.74,2026-04-01
B_3322,TXFB-103322,Bound,,,1,503.96,2026-04-11
B_3323,TXFB-103323,Canceled,INT_05,2026-04-07,1,1423.83,2026-04-04
B_3324,TXFB-103324,Bound,,,1,1335.88,2026-04-10
B_3325,TXFB-103325,Canceled,,2026-05-03,0,1680.34,2026-04-15
B_3326,TXFB-103326,Canceled,INT_07,2026-05-06,1,895.56,2026-04-16
B_3327,TXFB-103327,Canceled,INT_01,2026-04-14,1,2023.05,2026-04-01
B_3328,TXFB-103328,Bound,,,1,2577.32,2026-04-11
B_3329,TXFB-103329,Bound,,,1,2390.56,2026-04-07
B_3330,TXFB-103330,Bound,,,1,2911.26,2026-04-07
B_3331,TXFB-103331,Bound,,,1,1856.02,2026-04-07
B_3332,TXFB-103332,Canceled,INT_08,2026-04-12,1,2057.28,2026-04-09
B_3333,TXFB-103333,Bound,,,1,2931.21,2026-04-16
B_3334,TXFB-103334,Bound,,,1,1783.1,2026-04-05
B_3335,TXFB-103335,Draft,,,1,2604.8,2026-04-01
B_3336,TXFB-103336,Canceled,INT_05,2026-04-26,1,1803.81,2026-04-13
B_3337,TXFB-103337,Draft,,,1,1753.21,2026-04-02
B_3338,TXFB-103338,Canceled,INT_04,2026-04-18,1,2780.62,2026-04-09
B_3339,TXFB-103339,Bound,,,1,1024.51,2026-04-06
B_3340,TXFB-103340,Bound,,,1,1515.76,2026-04-02
B_3341,TXFB-103341,Draft,,,1,1172.52,2026-04-10
B_3342,TXFB-103342,Bound,,,1,1577.33,2026-04-07
B_3343,TXFB-103343,Bound,,,1,1191.12,2026-04-09
B_3344,TXFB-103344,Bound,,,1,2238.22,2026-04-02
B_3345,TXFB-103345,Bound,,,1,2894.51,2026-04-15
B_3346,TXFB-103346,Canceled,INT_06,2026-04-07,1,2859.84,2026-04-01
B_3347,TXFB-103347,Bound,,,1,1593.5,2026-04-03
B_3348,TXFB-103348,Bound,,,0,3466.28,2026-04-13
B_3349,TXFB-103349,Bound,,,1,2281.56,2026-04-09
B_3350,TXFB-103350,Bound,,,1,1698.2,2026-04-12
B_3351,TXFB-103351,Bound,,,1,3006.62,2026-04-04
B_3352,TXFB-103352,Bound,,,0,2689.62,2026-04-01
B_3353,TXFB-103353,Draft,,,1,2747.83,2026-04-10
B_3354,TXFB-103354,Bound,,,1,1088.42,2026-04-13
B_3355,TXFB-103355,Bound,,,1,1904.97,2026-04-08
B_3356,TXFB-103356,Bound,,,1,3085.48,2026-04-13
B_3357,TXFB-103357,Bound,,,1,2012.11,2026-04-04
B_3358,TXFB-103358,Bound,,,1,2550.36,2026-04-11
B_3359,TXFB-103359,Canceled,INT_04,2026-04-24,0,2263.8,2026-04-16
B_3360,TXFB-103360,Bound,,,1,3027.07,2026-04-03
B_3361,TXFB-103361,Canceled,INT_03,2026-05-01,1,1353.68,2026-04-06
B_3362,TXFB-103362,Bound,,,1,2226.43,2026-04-07
B_3363,TXFB-103363,Bound,,,1,869.7,2026-04-15
B_3364,TXFB-103364,Bound,,,1,2570.63,2026-04-01
B_3365,TXFB-103365,Draft,,,1,2695.9,2026-04-02
B_3366,TXFB-103366,Bound,,,1,628.51,2026-04-08
B_3367,TXFB-103367,Bound,,,1,2527.37,2026-04-10
B_3368,TXFB-103368,Bound,,,1,1744.07,2026-04-11
B_3369,TXFB-103369,Bound,,,1,872.29,2026-04-16
B_3370,TXFB-103370,Bound,,,1,1759.72,2026-04-13
B_3371,TXFB-103371,Bound,,,1,1082.7,2026-04-06
B_3372,TXFB-103372,Bound,,,1,1746.68,2026-04-01
B_3373,TXFB-103373,Bound,,,1,1653.02,2026-04-12
B_3374,TXFB-103374,Bound,,,1,2715.17,2026-04-12
B_3375,TXFB-103375,Canceled,INT_01,2026-05-10,1,2822.65,2026-04-12
B_3376,TXFB-103376,Canceled,INT_08,2026-04-23,1,2321.09,2026-04-10
B_3377,TXFB-103377,Canceled,,2026-04-11,1,568.06,2026-04-08
B_3378,TXFB-103378,Bound,,,1,3293.07,2026-04-09
B_3379,TXFB-103379,Bound,,,1,2558.7,2026-04-02
B_3380,TXFB-103380,Bound,,,1,602.59,2026-04-09
B_3381,TXFB-103381,Bound,,,1,2956.5,2026-04-13
B_3382,TXFB-103382,Bound,,,1,1100.8,2026-04-01
B_3383,TXFB-103383,Bound,,,1,2237.66,2026-04-09
B_3384,TXFB-103384,Bound,,,1,1899.9,2026-04-08
B_3385,TXFB-103385,Bound,,,1,1759.52,2026-04-05
B_3386,TXFB-103386,Draft,,,1,3169.14,2026-04-11
B_3387,TXFB-103387,Bound,,,1,1812.08,2026-04-13
B_3388,TXFB-103388,Bound,,,1,726.03,2026-04-05
B_3389,TXFB-103389,Bound,,,1,3339.92,2026-04-03
B_3390,TXFB-103390,Bound,,,0,3261.61,2026-04-13
B_3391,TXFB-103391,Bound,,,1,2553.3,2026-04-08
B_3392,TXFB-103392,Draft,,,0,1903.68,2026-04-14
B_3393,TXFB-103393,Draft,,,1,778.58,2026-04-08
B_3394,TXFB-103394,Bound,,,1,2872.24,2026-04-05
B_3395,TXFB-103395,Draft,,,1,726.43,2026-04-14
B_3396,TXFB-103396,Withdrawn,,,1,705.8,2026-04-10
B_3397,TXFB-103397,Canceled,INT_03,2026-04-12,1,2112.15,2026-04-11
B_3398,TXFB-103398,Canceled,,2026-05-13,1,980.38,2026-04-15
B_3399,TXFB-103399,Bound,,,1,523.19,2026-04-05
B_3400,TXFB-103400,Bound,,,1,1769.34,2026-04-07
B_3401,TXFB-103401,Bound,,,1,911.65,2026-04-05
B_3402,TXFB-103402,Bound,,,1,981.55,2026-04-07
B_3403,TXFB-103403,Withdrawn,,,1,730.73,2026-04-05
B_3404,TXFB-103404,Bound,,,1,1115.28,2026-04-10
B_3405,TXFB-103405,Canceled,INT_07,2026-04-12,1,2646.45,2026-04-05
B_3406,TXFB-103406,Canceled,INT_99,2026-04-20,1,2926.78,2026-04-14
B_3407,TXFB-103407,Draft,,,0,1857.6,2026-04-05
B_3408,TXFB-103408,Withdrawn,,,1,2019.66,2026-04-06
B_3409,TXFB-103409,Bound,,,1,597.97,2026-04-11
B_3410,TXFB-103410,Bound,,,1,707.95,2026-04-03
B_3411,TXFB-103411,Bound,,,1,1272.7,2026-04-04
B_3412,TXFB-103412,Bound,,,1,2131.7,2026-04-06
B_3413,TXFB-103413,Bound,,,1,2718.65,2026-04-11
B_3414,TXFB-103414,Bound,,,1,2315.01,2026-04-05
B_3415,TXFB-103415,Canceled,INT_99,2026-04-14,1,1676.38,2026-04-01
B_3416,TXFB-103416,Bound,,,0,854.97,2026-04-11
B_3417,TXFB-103417,Bound,,,1,2842.32,2026-04-14
B_3418,TXFB-103418,Bound,,,1,1591.36,2026-04-14
B_3419,TXFB-103419,Bound,,,1,2708.16,2026-04-10
B_3420,TXFB-103420,Bound,,,1,2038.94,2026-04-15
B_3421,TXFB-103421,Canceled,INT_06,2026-05-04,1,2715.99,2026-04-09
B_3422,TXFB-103422,Bound,,,1,3221.87,2026-04-05
B_3423,TXFB-103423,Canceled,INT_05,2026-04-20,1,3263.09,2026-04-07
B_3424,TXFB-103424,Bound,,,0,2105.32,2026-04-04
B_3425,TXFB-103425,Canceled,INT_05,2026-04-15,1,2034.53,2026-04-05
B_3426,TXFB-103426,Bound,,,1,1297.04,2026-04-06
B_3427,TXFB-103427,Bound,,,1,3307.4,2026-04-01
B_3428,TXFB-103428,Bound,,,1,1873.76,2026-04-09
B_3429,TXFB-103429,Draft,,,1,882.77,2026-04-08
B_3430,TXFB-103430,Bound,,,1,1798.11,2026-04-08
B_3431,TXFB-103431,Bound,,,1,881.16,2026-04-08
B_3432,TXFB-103432,Withdrawn,,,1,2007.6,2026-04-01
B_3433,TXFB-103433,Canceled,INT_08,2026-05-03,0,2183.83,2026-04-12
B_3434,TXFB-103434,Bound,,,1,1513.27,2026-04-03
B_3435,TXFB-103435,Canceled,INT_05,2026-05-11,1,714.95,2026-04-16
B_3436,TXFB-103436,Bound,,,1,3330.51,2026-04-05
B_3437,TXFB-103437,Bound,,,1,2820.06,2026-04-16
B_3438,TXFB-103438,Bound,,,0,3016.64,2026-04-12
B_3439,TXFB-103439,Draft,,,1,1600.61,2026-04-06
B_3440,TXFB-103440,Draft,,,1,2782.49,2026-04-13
B_3441,TXFB-103441,Bound,,,1,1956.12,2026-04-16
B_3442,TXFB-103442,Bound,,,1,1103.25,2026-04-16
B_3443,TXFB-103443,Bound,,,1,873.27,2026-04-05
B_3444,TXFB-103444,Withdrawn,,,1,1535.15,2026-04-06
B_3445,TXFB-103445,Withdrawn,,,1,912.66,2026-04-07
B_3446,TXFB-103446,Bound,,,1,3494.81,2026-04-08
B_3447,TXFB-103447,Canceled,INT_06,2026-04-23,1,647.57,2026-04-02
B_3448,TXFB-103448,Canceled,INT_08,2026-04-19,1,1823.43,2026-04-14
B_3449,TXFB-103449,Bound,,,1,1856.28,2026-04-01
B_3450,TXFB-103450,Bound,,,1,1401.9,2026-04-09
B_3451,TXFB-103451,Bound,,,1,2214.05,2026-04-14
B_3452,TXFB-103452,Bound,,,1,949.93,2026-04-08
B_3453,TXFB-103453,Bound,,,1,2851.74,2026-04-07
B_3454,TXFB-103454,Bound,,,1,1497.34,2026-04-07
B_3455,TXFB-103455,Draft,,,1,2274.03,2026-04-03
B_3456,TXFB-103456,Bound,,,1,2646.92,2026-04-06
B_3457,TXFB-103457,Bound,,,1,3167.13,2026-04-15
B_3458,TXFB-103458,Bound,,,1,3007.36,2026-04-16
B_3459,TXFB-103459,Bound,,,1,2324.93,2026-04-11
B_3460,TXFB-103460,Bound,,,1,1665.18,2026-04-15
B_3461,TXFB-103461,Bound,,,1,2009.61,2026-04-08
B_3462,TXFB-103462,Bound,,,1,2806.2,2026-04-14
B_3463,TXFB-103463,Bound,,,1,3132.64,2026-04-13
B_3464,TXFB-103464,Bound,,,1,811.35,2026-04-02
B_3465,TXFB-103465,Bound,,,1,1654.57,2026-04-13
B_3466,TXFB-103466,Canceled,INT_03,2026-04-15,1,2828.35,2026-04-11
B_3467,TXFB-103467,Bound,,,1,1794.96,2026-04-13
B_3468,TXFB-103468,Bound,,,1,1496.68,2026-04-02
B_3469,TXFB-103469,Canceled,INT_04,2026-04-14,1,1733.97,2026-04-04
B_3470,TXFB-103470,Bound,,,0,2308.53,2026-04-15
B_3471,TXFB-103471,Bound,,,1,3499.42,2026-04-15
B_3472,TXFB-103472,Canceled,INT_07,2026-04-18,1,1978.98,2026-04-02
B_3473,TXFB-103473,Bound,,,1,1125.48,2026-04-08
B_3474,TXFB-103474,Bound,,,1,988.54,2026-04-13
B_3475,TXFB-103475,Canceled,INT_06,2026-04-28,1,627.05,2026-04-02
B_3476,TXFB-103476,Canceled,,2026-04-27,1,2176.45,2026-04-13
B_3477,TXFB-103477,Withdrawn,,,0,2133.72,2026-04-02
B_3478,TXFB-103478,Bound,,,1,1115.7,2026-04-07
B_3479,TXFB-103479,Bound,,,1,2585.99,2026-04-10
B_3480,TXFB-103480,Bound,,,1,2723.32,2026-04-15
B_3481,TXFB-103481,Bound,,,0,1277.29,2026-04-13
B_3482,TXFB-103482,Bound,,,1,1532.3,2026-04-10
B_3483,TXFB-103483,Bound,,,1,3471.42,2026-04-10
B_3484,TXFB-103484,Draft,,,1,1622.79,2026-04-15
B_3485,TXFB-103485,Bound,,,1,2782.41,2026-04-06
B_3486,TXFB-103486,Bound,,,1,1858.18,2026-04-14
B_3487,TXFB-103487,Bound,,,0,2880.03,2026-04-10
B_3488,TXFB-103488,Bound,,,1,2807.07,2026-04-02
B_3489,TXFB-103489,Bound,,,1,2503.27,2026-04-05
B_3490,TXFB-103490,Bound,,,1,3064.34,2026-04-15
B_3491,TXFB-103491,Bound,,,1,3317.66,2026-04-15
B_3492,TXFB-103492,Bound,,,1,2239.95,2026-04-03
B_3493,TXFB-103493,Draft,,,1,1212.41,2026-04-04
B_3494,TXFB-103494,Draft,,,1,1695.89,2026-04-06
B_3495,TXFB-103495,Bound,,,1,2774.92,2026-04-05
B_3496,TXFB-103496,Bound,,,1,2452.65,2026-04-13
B_3497,TXFB-103497,Draft,,,1,1033.4,2026-04-14
B_3498,TXFB-103498,Draft,,,1,653.72,2026-04-11
B_3499,TXFB-103499,Bound,,,1,2548.88,2026-04-15
B_3500,TXFB-103500,Canceled,INT_05,2026-04-25,1,1253.24,2026-04-01
B_3501,TXFB-103501,Bound,,,1,1999.01,2026-04-06
B_3502,TXFB-103502,Canceled,INT_08,2026-05-11,1,2740.24,2026-04-15
B_3503,TXFB-103503,Withdrawn,,,1,2188.0,2026-04-07
B_3504,TXFB-103504,Bound,,,1,749.91,2026-04-15
B_3505,TXFB-103505,Draft,,,1,1056.74,2026-04-03
B_3506,TXFB-103506,Bound,,,1,1157.98,2026-04-09
B_3507,TXFB-103507,Withdrawn,,,0,1273.59,2026-04-11
B_3508,TXFB-103508,Bound,,,1,2196.21,2026-04-06
B_3509,TXFB-103509,Canceled,INT_05,2026-05-04,1,2011.9,2026-04-04
B_3510,TXFB-103510,Bound,,,1,1109.48,2026-04-03
B_3511,TXFB-103511,Bound,,,1,702.66,2026-04-04
B_3512,TXFB-103512,Bound,,,1,1014.3,2026-04-15
B_3513,TXFB-103513,Withdrawn,,,1,3453.14,2026-04-12
B_3514,TXFB-103514,Canceled,INT_06,2026-04-13,1,1905.64,2026-04-03
B_3515,TXFB-103515,Draft,,,1,3102.04,2026-04-13
B_3516,TXFB-103516,Draft,,,1,3046.26,2026-04-06
B_3517,TXFB-103517,Bound,,,1,2034.56,2026-04-13
B_3518,TXFB-103518,Bound,,,1,2620.06,2026-04-13
B_3519,TXFB-103519,Bound,,,1,1078.26,2026-04-02
B_3520,TXFB-103520,Bound,,,1,2565.19,2026-04-06
B_3521,TXFB-103521,Bound,,,1,1317.15,2026-04-11
B_3522,TXFB-103522,Bound,,,1,2996.19,2026-04-05
B_3523,TXFB-103523,Bound,,,1,751.17,2026-04-06
B_3524,TXFB-103524,Bound,,,1,2819.42,2026-04-05
B_3525,TXFB-103525,Bound,,,1,799.81,2026-04-06
B_3526,TXFB-103526,Bound,,,0,3143.57,2026-04-02
B_3527,TXFB-103527,Withdrawn,,,1,1412.61,2026-04-14
B_3528,TXFB-103528,Canceled,INT_99,2026-05-09,1,2463.18,2026-04-10
B_3529,TXFB-103529,Withdrawn,,,1,1962.51,2026-04-10
B_3530,TXFB-103530,Bound,,,1,1598.91,2026-04-15
B_3531,TXFB-103531,Bound,,,1,2436.33,2026-04-10
B_3532,TXFB-103532,Canceled,INT_01,2026-04-28,0,3342.57,2026-04-06
B_3533,TXFB-103533,Bound,,,1,623.81,2026-04-04
B_3534,TXFB-103534,Bound,,,1,3256.56,2026-04-05
B_3535,TXFB-103535,Bound,,,1,2327.24,2026-04-07
B_3536,TXFB-103536,Bound,,,1,2921.94,2026-04-01
B_3537,TXFB-103537,Bound,,,1,1651.62,2026-04-09
B_3538,TXFB-103538,Bound,,,1,1915.53,2026-04-01
B_3539,TXFB-103539,Bound,,,1,3106.55,2026-04-15
B_3540,TXFB-103540,Bound,,,1,1744.54,2026-04-16
B_3541,TXFB-103541,Bound,,,1,2103.98,2026-04-16
B_3542,TXFB-103542,Canceled,INT_06,2026-04-21,1,560.58,2026-04-01
B_3543,TXFB-103543,Bound,,,1,975.79,2026-04-16
B_3544,TXFB-103544,Bound,,,1,2425.06,2026-04-08
B_3545,TXFB-103545,Draft,,,1,2650.93,2026-04-07
B_3546,TXFB-103546,Bound,,,1,2247.8,2026-04-16
B_3547,TXFB-103547,Bound,,,1,929.93,2026-04-15
B_3548,TXFB-103548,Bound,,,1,1836.22,2026-04-14
B_3549,TXFB-103549,Bound,,,1,1565.28,2026-04-15
B_3550,TXFB-103550,Bound,,,0,1986.98,2026-04-03
B_3551,TXFB-103551,Canceled,INT_04,2026-04-06,1,3110.99,2026-04-01
B_3552,TXFB-103552,Bound,,,0,2827.58,2026-04-08
B_3553,TXFB-103553,Bound,,,1,751.97,2026-04-09
B_3554,TXFB-103554,Bound,,,1,3170.93,2026-04-07
B_3555,TXFB-103555,Bound,,,1,1915.3,2026-04-02
B_3556,TXFB-103556,Bound,,,1,2731.59,2026-04-06
B_3557,TXFB-103557,Bound,,,0,920.12,2026-04-05
B_3558,TXFB-103558,Bound,,,1,2512.16,2026-04-02
B_3559,TXFB-103559,Bound,,,1,1208.98,2026-04-12
B_3560,TXFB-103560,Bound,,,1,1815.14,2026-04-02
B_3561,TXFB-103561,Bound,,,1,550.59,2026-04-05
B_3562,TXFB-103562,Canceled,INT_08,2026-04-14,1,954.83,2026-04-02
B_3563,TXFB-103563,Bound,,,1,776.24,2026-04-10
B_3564,TXFB-103564,Bound,,,1,1219.23,2026-04-11
B_3565,TXFB-103565,Bound,,,1,800.05,2026-04-03
B_3566,TXFB-103566,Canceled,INT_05,2026-04-24,1,2575.73,2026-04-02
B_3567,TXFB-103567,Bound,,,1,587.12,2026-04-04
B_3568,TXFB-103568,Bound,,,1,2353.22,2026-04-14
B_3569,TXFB-103569,Canceled,INT_02,2026-04-10,1,922.12,2026-04-06
B_3570,TXFB-103570,Draft,,,1,3335.48,2026-04-06
B_3571,TXFB-103571,Bound,,,1,3299.28,2026-04-10
B_3572,TXFB-103572,Bound,,,1,1176.51,2026-04-06
B_3573,TXFB-103573,Canceled,INT_99,2026-05-12,1,2343.26,2026-04-15
B_3574,TXFB-103574,Withdrawn,,,1,584.02,2026-04-12
B_3575,TXFB-103575,Draft,,,1,3295.37,2026-04-02
B_3576,TXFB-103576,Bound,,,0,2068.96,2026-04-03
B_3577,TXFB-103577,Bound,,,1,629.67,2026-04-10
B_3578,TXFB-103578,Bound,,,1,1527.5,2026-04-11
B_3579,TXFB-103579,Canceled,INT_05,2026-04-24,1,730.55,2026-04-12
B_3580,TXFB-103580,Bound,,,0,1678.83,2026-04-13
B_3581,TXFB-103581,Bound,,,1,2509.78,2026-04-03
B_3582,TXFB-103582,Canceled,INT_02,2026-05-01,1,1909.67,2026-04-14
B_3583,TXFB-103583,Bound,,,1,1651.17,2026-04-03
B_3584,TXFB-103584,Draft,,,1,857.47,2026-04-10
B_3585,TXFB-103585,Bound,,,1,1234.82,2026-04-16
B_3586,TXFB-103586,Bound,,,1,800.43,2026-04-05
B_3587,TXFB-103587,Bound,,,1,2922.5,2026-04-04
B_3588,TXFB-103588,Canceled,,2026-04-16,1,905.72,2026-04-09
B_3589,TXFB-103589,Bound,,,1,2286.12,2026-04-11
B_3590,TXFB-103590,Bound,,,1,1528.22,2026-04-14
B_3591,TXFB-103591,Withdrawn,,,1,1177.94,2026-04-07
B_3592,TXFB-103592,Bound,,,0,2418.41,2026-04-07
B_3593,TXFB-103593,Bound,,,1,1871.01,2026-04-02
B_3594,TXFB-103594,Bound,,,1,1700.44,2026-04-04
B_3595,TXFB-103595,Bound,,,1,2278.56,2026-04-03
B_3596,TXFB-103596,Bound,,,1,1973.8,2026-04-16
B_3597,TXFB-103597,Bound,,,1,1410.45,2026-04-10
B_3598,TXFB-103598,Bound,,,1,2177.18,2026-04-14
B_3599,TXFB-103599,Bound,,,1,2508.5,2026-04-11
B_3600,TXFB-103600,Bound,,,1,580.08,2026-04-09
B_3601,TXFB-103601,Bound,,,1,1897.62,2026-04-12
B_3602,TXFB-103602,Bound,,,1,673.05,2026-04-05
B_3603,TXFB-103603,Bound,,,1,1059.22,2026-04-16
B_3604,TXFB-103604,Bound,,,1,2181.53,2026-04-16
B_3605,TXFB-103605,Bound,,,1,3098.57,2026-04-16
B_3606,TXFB-103606,Bound,,,1,3148.42,2026-04-06
B_3607,TXFB-103607,Canceled,INT_03,2026-04-24,1,709.83,2026-04-08
B_3608,TXFB-103608,Bound,,,1,1757.32,2026-04-10
B_3609,TXFB-103609,Draft,,,1,2249.02,2026-04-07
B_3610,TXFB-103610,Withdrawn,,,1,941.21,2026-04-01
B_3611,TXFB-103611,Bound,,,1,2796.3,2026-04-04
B_3612,TXFB-103612,Bound,,,1,2732.71,2026-04-01
B_3613,TXFB-103613,Bound,,,1,3210.02,2026-04-15
B_3614,TXFB-103614,Canceled,INT_06,2026-04-19,1,525.46,2026-04-04
B_3615,TXFB-103615,Bound,,,1,1150.05,2026-04-07
B_3616,TXFB-103616,Bound,,,1,2981.56,2026-04-14
B_3617,TXFB-103617,Bound,,,1,2511.74,2026-04-14
B_3618,TXFB-103618,Canceled,INT_07,2026-05-01,0,3183.17,2026-04-02
B_3619,TXFB-103619,Canceled,INT_03,2026-04-24,0,671.54,2026-04-11
B_3620,TXFB-103620,Bound,,,1,2290.89,2026-04-12
B_3621,TXFB-103621,Bound,,,1,2207.14,2026-04-07
B_3622,TXFB-103622,Bound,,,1,607.02,2026-04-01
B_3623,TXFB-103623,Bound,,,1,2040.57,2026-04-07
B_3624,TXFB-103624,Draft,,,1,2328.56,2026-04-10
B_3625,TXFB-103625,Bound,,,0,1073.88,2026-04-09
B_3626,TXFB-103626,Bound,,,1,1319.99,2026-04-03
B_3627,TXFB-103627,Bound,,,1,2421.04,2026-04-10
B_3628,TXFB-103628,Draft,,,1,1904.9,2026-04-10
B_3629,TXFB-103629,Canceled,INT_02,2026-04-27,1,3074.04,2026-04-11
B_3630,TXFB-103630,Bound,,,1,1527.15,2026-04-01
B_3631,TXFB-103631,Canceled,INT_07,2026-04-13,1,1299.98,2026-04-04
B_3632,TXFB-103632,Bound,,,1,3454.6,2026-04-11
B_3633,TXFB-103633,Bound,,,0,3233.41,2026-04-11
B_3634,TXFB-103634,Bound,,,1,586.98,2026-04-13
B_3635,TXFB-103635,Bound,,,1,2812.19,2026-04-01
B_3636,TXFB-103636,Bound,,,1,831.0,2026-04-06
B_3637,TXFB-103637,Draft,,,1,582.46,2026-04-07
B_3638,TXFB-103638,Bound,,,1,1321.09,2026-04-11
B_3639,TXFB-103639,Bound,,,1,1308.04,2026-04-11
B_3640,TXFB-103640,Bound,,,1,2957.96,2026-04-16
B_3641,TXFB-103641,Bound,,,1,2632.0,2026-04-16
B_3642,TXFB-103642,Draft,,,1,3444.83,2026-04-02
B_3643,TXFB-103643,Bound,,,1,2634.54,2026-04-05
B_3644,TXFB-103644,Bound,,,1,1754.77,2026-04-16
B_3645,TXFB-103645,Canceled,INT_05,2026-04-24,1,2596.78,2026-04-05
B_3646,TXFB-103646,Bound,,,1,3498.38,2026-04-15
B_3647,TXFB-103647,Bound,,,1,2630.43,2026-04-11
B_3648,TXFB-103648,Bound,,,0,2785.04,2026-04-15
B_3649,TXFB-103649,Bound,,,1,3315.1,2026-04-14
B_3650,TXFB-103650,Withdrawn,,,1,840.95,2026-04-02
B_3651,TXFB-103651,Canceled,,2026-04-30,1,2614.35,2026-04-10
B_3652,TXFB-103652,Bound,,,1,3052.42,2026-04-11
B_3653,TXFB-103653,Canceled,INT_08,2026-04-15,1,3363.14,2026-04-01
B_3654,TXFB-103654,Bound,,,1,1132.91,2026-04-07
B_3655,TXFB-103655,Bound,,,1,2011.79,2026-04-11
B_3656,TXFB-103656,Bound,,,1,2541.66,2026-04-12
B_3657,TXFB-103657,Bound,,,1,1242.4,2026-04-03
B_3658,TXFB-103658,Bound,,,1,2301.42,2026-04-05
B_3659,TXFB-103659,Bound,,,1,1272.74,2026-04-09
B_3660,TXFB-103660,Draft,,,1,1500.37,2026-04-01
B_3661,TXFB-103661,Bound,,,1,1824.56,2026-04-11
B_3662,TXFB-103662,Bound,,,1,2087.57,2026-04-13
B_3663,TXFB-103663,Bound,,,0,1848.1,2026-04-06
B_3664,TXFB-103664,Bound,,,1,1979.59,2026-04-13
B_3665,TXFB-103665,Bound,,,1,1395.77,2026-04-06
B_3666,TXFB-103666,Bound,,,1,976.9,2026-04-04
B_3667,TXFB-103667,Canceled,INT_04,2026-04-13,1,642.05,2026-04-10
B_3668,TXFB-103668,Bound,,,1,1087.94,2026-04-11
B_3669,TXFB-103669,Bound,,,1,2245.83,2026-04-02
B_3670,TXFB-103670,Bound,,,1,2858.35,2026-04-09
B_3671,TXFB-103671,Bound,,,1,1007.74,2026-04-14
B_3672,TXFB-103672,Bound,,,1,825.67,2026-04-03
B_3673,TXFB-103673,Canceled,INT_02,2026-05-11,1,2747.87,2026-04-16
B_3674,TXFB-103674,Bound,,,1,1415.47,2026-04-08
B_3675,TXFB-103675,Bound,,,0,3354.5,2026-04-12
B_3676,TXFB-103676,Bound,,,1,2642.95,2026-04-15
B_3677,TXFB-103677,Bound,,,1,1480.27,2026-04-10
B_3678,TXFB-103678,Bound,,,1,1368.63,2026-04-07
B_3679,TXFB-103679,Canceled,INT_06,2026-04-24,1,2071.1,2026-04-10
B_3680,TXFB-103680,Bound,,,1,737.43,2026-04-06
B_3681,TXFB-103681,Canceled,INT_06,2026-04-30,0,853.03,2026-04-04
B_3682,TXFB-103682,Bound,,,1,1027.57,2026-04-12
B_3683,TXFB-103683,Canceled,,2026-04-14,1,2824.17,2026-04-02
B_3684,TXFB-103684,Bound,,,1,2041.57,2026-04-07
B_3685,TXFB-103685,Bound,,,1,531.7,2026-04-03
B_3686,TXFB-103686,Bound,,,1,2520.55,2026-04-15
B_3687,TXFB-103687,Draft,,,1,1771.07,2026-04-01
B_3688,TXFB-103688,Bound,,,0,2032.56,2026-04-16
B_3689,TXFB-103689,Bound,,,1,1142.35,2026-04-05
B_3690,TXFB-103690,Bound,,,1,2155.35,2026-04-07
B_3691,TXFB-103691,Canceled,INT_02,2026-05-01,1,3437.46,2026-04-11
B_3692,TXFB-103692,Bound,,,1,720.33,2026-04-16
B_3693,TXFB-103693,Canceled,INT_08,2026-04-16,1,1351.75,2026-04-10
B_3694,TXFB-103694,Bound,,,0,1228.99,2026-04-11
B_3695,TXFB-103695,Bound,,,1,1245.65,2026-04-05
B_3696,TXFB-103696,Bound,,,1,1636.12,2026-04-04
B_3697,TXFB-103697,Withdrawn,,,1,2954.33,2026-04-05
B_3698,TXFB-103698,Bound,,,1,3238.58,2026-04-07
B_3699,TXFB-103699,Draft,,,1,1106.65,2026-04-02
B_3700,TXFB-103700,Bound,,,1,2128.85,2026-04-15
B_3701,TXFB-103701,Bound,,,1,2410.7,2026-04-13
B_3702,TXFB-103702,Bound,,,1,2065.48,2026-04-04
B_3703,TXFB-103703,Bound,,,1,1802.23,2026-04-01
B_3704,TXFB-103704,Canceled,,2026-04-24,1,1075.93,2026-04-10
B_3705,TXFB-103705,Draft,,,1,1964.66,2026-04-02
B_3706,TXFB-103706,Draft,,,1,1703.64,2026-04-03
B_3707,TXFB-103707,Canceled,INT_01,2026-05-02,1,2886.69,2026-04-11
B_3708,TXFB-103708,Bound,,,1,2790.81,2026-04-15
B_3709,TXFB-103709,Bound,,,0,902.0,2026-04-02
B_3710,TXFB-103710,Withdrawn,,,1,765.56,2026-04-04
B_3711,TXFB-103711,Bound,,,1,3224.46,2026-04-10
B_3712,TXFB-103712,Canceled,,2026-04-15,1,2106.53,2026-04-01
B_3713,TXFB-103713,Canceled,INT_03,2026-04-13,1,3073.4,2026-04-10
B_3714,TXFB-103714,Bound,,,1,674.45,2026-04-07
B_3715,TXFB-103715,Withdrawn,,,1,2079.55,2026-04-11
B_3716,TXFB-103716,Bound,,,1,2118.28,2026-04-07
B_3717,TXFB-103717,Bound,,,1,3082.11,2026-04-07
B_3718,TXFB-103718,Bound,,,1,792.83,2026-04-10
B_3719,TXFB-103719,Bound,,,1,1221.34,2026-04-09
B_3720,TXFB-103720,Bound,,,1,1719.61,2026-04-11
B_3721,TXFB-103721,Bound,,,1,3097.52,2026-04-15
B_3722,TXFB-103722,Canceled,INT_04,2026-04-06,1,3316.65,2026-04-04
B_3723,TXFB-103723,Draft,,,1,3478.17,2026-04-09
B_3724,TXFB-103724,Bound,,,1,3377.58,2026-04-05
B_3725,TXFB-103725,Bound,,,1,517.83,2026-04-06
B_3726,TXFB-103726,Draft,,,1,643.13,2026-04-09
B_3727,TXFB-103727,Bound,,,1,942.82,2026-04-04
B_3728,TXFB-103728,Bound,,,1,1546.59,2026-04-01
B_3729,TXFB-103729,Bound,,,1,2989.75,2026-04-04
B_3730,TXFB-103730,Bound,,,1,3177.97,2026-04-07
B_3731,TXFB-103731,Bound,,,1,1060.5,2026-04-12
B_3732,TXFB-103732,Withdrawn,,,1,2358.99,2026-04-11
B_3733,TXFB-103733,Bound,,,1,3252.09,2026-04-09
B_3734,TXFB-103734,Bound,,,1,1891.2,2026-04-05
B_3735,TXFB-103735,Bound,,,1,810.63,2026-04-10
B_3736,TXFB-103736,Bound,,,1,1873.44,2026-04-08
B_3737,TXFB-103737,Bound,,,1,1627.38,2026-04-06
B_3738,TXFB-103738,Canceled,,2026-04-20,0,2232.97,2026-04-03
B_3739,TXFB-103739,Canceled,INT_04,2026-04-21,0,1815.98,2026-04-10
B_3740,TXFB-103740,Bound,,,1,552.04,2026-04-11
B_3741,TXFB-103741,Draft,,,1,3481.99,2026-04-15
B_3742,TXFB-103742,Canceled,INT_04,2026-04-17,1,2130.62,2026-04-02
B_3743,TXFB-103743,Canceled,INT_03,2026-04-27,1,1920.89,2026-04-05
B_3744,TXFB-103744,Bound,,,0,3363.85,2026-04-01
B_3745,TXFB-103745,Bound,,,1,967.58,2026-04-16
B_3746,TXFB-103746,Bound,,,1,1067.71,2026-04-02
B_3747,TXFB-103747,Bound,,,1,2924.04,2026-04-04
B_3748,TXFB-103748,Bound,,,1,1282.49,2026-04-13
B_3749,TXFB-103749,Bound,,,1,2897.68,2026-04-02
B_3750,TXFB-103750,Draft,,,1,1314.6,2026-04-03
B_3751,TXFB-103751,Draft,,,1,599.56,2026-04-14
B_3752,TXFB-103752,Draft,,,1,2051.04,2026-04-13
B_3753,TXFB-103753,Bound,,,1,1090.06,2026-04-06
B_3754,TXFB-103754,Bound,,,1,2773.54,2026-04-15
B_3755,TXFB-103755,Bound,,,1,2423.6,2026-04-12
B_3756,TXFB-103756,Bound,,,1,3270.81,2026-04-10
B_3757,TXFB-103757,Bound,,,1,2848.97,2026-04-11
B_3758,TXFB-103758,Bound,,,1,1042.33,2026-04-07
B_3759,TXFB-103759,Bound,,,1,2900.47,2026-04-03
B_3760,TXFB-103760,Canceled,INT_01,2026-04-23,1,2425.21,2026-04-15
B_3761,TXFB-103761,Bound,,,0,2506.85,2026-04-05
B_3762,TXFB-103762,Canceled,INT_03,2026-04-24,1,2996.79,2026-04-03
B_3763,TXFB-103763,Bound,,,1,2221.47,2026-04-15
B_3764,TXFB-103764,Bound,,,1,1898.01,2026-04-04
B_3765,TXFB-103765,Bound,,,1,2409.92,2026-04-15
B_3766,TXFB-103766,Bound,,,1,1393.87,2026-04-10
B_3767,TXFB-103767,Bound,,,1,1047.79,2026-04-15
B_3768,TXFB-103768,Bound,,,1,2349.76,2026-04-16
B_3769,TXFB-103769,Bound,,,1,1201.55,2026-04-08
B_3770,TXFB-103770,Bound,,,1,739.75,2026-04-08
B_3771,TXFB-103771,Bound,,,1,501.66,2026-04-05
B_3772,TXFB-103772,Draft,,,1,2324.96,2026-04-09
B_3773,TXFB-103773,Bound,,,1,1586.45,2026-04-12
B_3774,TXFB-103774,Canceled,INT_05,2026-05-05,1,2756.93,2026-04-13
B_3775,TXFB-103775,Bound,,,1,1625.53,2026-04-06
B_3776,TXFB-103776,Draft,,,1,1958.01,2026-04-11
B_3777,TXFB-103777,Canceled,INT_02,2026-05-04,1,1721.25,2026-04-11
B_3778,TXFB-103778,Bound,,,1,2451.72,2026-04-15
B_3779,TXFB-103779,Bound,,,1,1568.42,2026-04-16
B_3780,TXFB-103780,Draft,,,1,3391.3,2026-04-01
B_3781,TXFB-103781,Bound,,,1,3308.44,2026-04-03
B_3782,TXFB-103782,Bound,,,1,3044.08,2026-04-16
B_3783,TXFB-103783,Bound,,,1,3260.9,2026-04-04
B_3784,TXFB-103784,Canceled,INT_01,2026-04-17,1,1847.42,2026-04-12
B_3785,TXFB-103785,Canceled,INT_99,2026-05-16,1,2109.29,2026-04-16
B_3786,TXFB-103786,Bound,,,1,2726.28,2026-04-15
B_3787,TXFB-103787,Bound,,,1,2588.44,2026-04-06
B_3788,TXFB-103788,Bound,,,1,3172.04,2026-04-10
B_3789,TXFB-103789,Bound,,,0,2648.99,2026-04-12
B_3790,TXFB-103790,Withdrawn,,,1,3493.65,2026-04-05
B_3791,TXFB-103791,Bound,,,1,1545.52,2026-04-04
B_3792,TXFB-103792,Bound,,,0,2998.99,2026-04-13
B_3793,TXFB-103793,Bound,,,1,2592.9,2026-04-04
B_3794,TXFB-103794,Canceled,INT_04,2026-04-27,1,2574.16,2026-04-11
B_3795,TXFB-103795,Bound,,,1,1477.51,2026-04-03
B_3796,TXFB-103796,Bound,,,1,2856.81,2026-04-10
B_3797,TXFB-103797,Bound,,,1,3201.13,2026-04-15
B_3798,TXFB-103798,Bound,,,1,1155.65,2026-04-13
B_3799,TXFB-103799,Bound,,,1,2376.49,2026-04-14
B_3800,TXFB-103800,Bound,,,1,1676.4,2026-04-08
B_3801,TXFB-103801,Bound,,,1,3468.64,2026-04-08
B_3802,TXFB-103802,Draft,,,1,1936.5,2026-04-06
B_3803,TXFB-103803,Canceled,INT_01,2026-05-03,1,1184.96,2026-04-16
B_3804,TXFB-103804,Withdrawn,,,1,1645.57,2026-04-13
B_3805,TXFB-103805,Bound,,,1,2461.52,2026-04-03
B_3806,TXFB-103806,Withdrawn,,,1,728.27,2026-04-11
B_3807,TXFB-103807,Bound,,,1,2310.81,2026-04-07
B_3808,TXFB-103808,Bound,,,1,3293.67,2026-04-14
B_3809,TXFB-103809,Bound,,,0,3051.09,2026-04-14
B_3810,TXFB-103810,Bound,,,1,703.02,2026-04-11
B_3811,TXFB-103811,Bound,,,1,3480.17,2026-04-08
B_3812,TXFB-103812,Bound,,,1,2596.18,2026-04-06
B_3813,TXFB-103813,Bound,,,1,986.84,2026-04-03
B_3814,TXFB-103814,Bound,,,1,537.25,2026-04-16
B_3815,TXFB-103815,Bound,,,1,1013.85,2026-04-04
B_3816,TXFB-103816,Bound,,,1,3014.53,2026-04-15
B_3817,TXFB-103817,Bound,,,1,564.92,2026-04-11
B_3818,TXFB-103818,Canceled,INT_99,2026-04-25,1,1199.44,2026-04-04
B_3819,TXFB-103819,Canceled,,2026-05-06,1,2771.92,2026-04-15
B_3820,TXFB-103820,Bound,,,1,2258.33,2026-04-06
B_3821,TXFB-103821,Bound,,,0,2848.21,2026-04-10
B_3822,TXFB-103822,Bound,,,1,2738.45,2026-04-13
B_3823,TXFB-103823,Canceled,INT_02,2026-04-20,1,651.8,2026-04-03
B_3824,TXFB-103824,Bound,,,0,3177.53,2026-04-04
B_3825,TXFB-103825,Bound,,,1,1181.1,2026-04-13
B_3826,TXFB-103826,Bound,,,1,2160.18,2026-04-11
B_3827,TXFB-103827,Bound,,,1,2432.86,2026-04-16
B_3828,TXFB-103828,Bound,,,1,1005.88,2026-04-02
B_3829,TXFB-103829,Canceled,INT_08,2026-04-06,1,3428.69,2026-04-03
B_3830,TXFB-103830,Bound,,,1,1964.47,2026-04-07
B_3831,TXFB-103831,Bound,,,1,672.93,2026-04-05
B_3832,TXFB-103832,Canceled,INT_06,2026-04-11,1,3311.79,2026-04-01
B_3833,TXFB-103833,Canceled,INT_02,2026-04-20,1,2258.8,2026-04-05
B_3834,TXFB-103834,Bound,,,1,2597.58,2026-04-05
B_3835,TXFB-103835,Bound,,,1,2075.53,2026-04-15
B_3836,TXFB-103836,Bound,,,0,3004.21,2026-04-10
B_3837,TXFB-103837,Draft,,,1,599.4,2026-04-13
B_3838,TXFB-103838,Bound,,,1,1305.14,2026-04-15
B_3839,TXFB-103839,Draft,,,1,1908.95,2026-04-07
B_3840,TXFB-103840,Bound,,,0,729.81,2026-04-07
B_3841,TXFB-103841,Bound,,,1,2617.72,2026-04-11
B_3842,TXFB-103842,Bound,,,1,1680.99,2026-04-10
B_3843,TXFB-103843,Bound,,,1,1318.0,2026-04-10
B_3844,TXFB-103844,Bound,,,1,510.14,2026-04-14
B_3845,TXFB-103845,Bound,,,0,2659.49,2026-04-12
B_3846,TXFB-103846,Bound,,,1,3001.43,2026-04-03
B_3847,TXFB-103847,Withdrawn,,,1,1685.12,2026-04-01
B_3848,TXFB-103848,Bound,,,1,2192.65,2026-04-13
B_3849,TXFB-103849,Canceled,INT_04,2026-04-19,1,1183.06,2026-04-05
B_3850,TXFB-103850,Bound,,,0,2366.59,2026-04-10
B_3851,TXFB-103851,Bound,,,1,536.41,2026-04-02
B_3852,TXFB-103852,Bound,,,1,1965.93,2026-04-12
B_3853,TXFB-103853,Bound,,,0,2432.62,2026-04-02
B_3854,TXFB-103854,Draft,,,1,3254.58,2026-04-01
B_3855,TXFB-103855,Bound,,,1,1644.01,2026-04-12
B_3856,TXFB-103856,Bound,,,1,2795.57,2026-04-04
B_3857,TXFB-103857,Bound,,,1,2293.06,2026-04-10
B_3858,TXFB-103858,Bound,,,0,3281.04,2026-04-01
B_3859,TXFB-103859,Bound,,,1,1695.13,2026-04-08
B_3860,TXFB-103860,Canceled,INT_01,2026-04-17,1,1457.29,2026-04-14
B_3861,TXFB-103861,Canceled,INT_05,2026-05-13,1,3161.43,2026-04-13
B_3862,TXFB-103862,Bound,,,1,647.73,2026-04-11
B_3863,TXFB-103863,Bound,,,1,909.16,2026-04-13
B_3864,TXFB-103864,Bound,,,1,747.21,2026-04-13
B_3865,TXFB-103865,Bound,,,0,3029.33,2026-04-13
B_3866,TXFB-103866,Bound,,,1,531.82,2026-04-14
B_3867,TXFB-103867,Bound,,,1,3084.97,2026-04-07
B_3868,TXFB-103868,Bound,,,1,1853.8,2026-04-06
B_3869,TXFB-103869,Bound,,,1,512.08,2026-04-16
B_3870,TXFB-103870,Bound,,,1,1704.94,2026-04-05
B_3871,TXFB-103871,Bound,,,1,1060.4,2026-04-07
B_3872,TXFB-103872,Bound,,,1,2373.2,2026-04-13
B_3873,TXFB-103873,Bound,,,1,2538.08,2026-04-12
B_3874,TXFB-103874,Canceled,INT_01,2026-05-10,0,1962.58,2026-04-14
B_3875,TXFB-103875,Bound,,,1,621.56,2026-04-05
B_3876,TXFB-103876,Bound,,,1,2468.39,2026-04-10
B_3877,TXFB-103877,Bound,,,0,3026.12,2026-04-05
B_3878,TXFB-103878,Draft,,,1,2660.97,2026-04-05
B_3879,TXFB-103879,Bound,,,1,2989.87,2026-04-01
B_3880,TXFB-103880,Bound,,,1,1101.53,2026-04-03
B_3881,TXFB-103881,Bound,,,1,3166.66,2026-04-01
B_3882,TXFB-103882,Canceled,,2026-04-21,1,1466.58,2026-04-05
B_3883,TXFB-103883,Withdrawn,,,0,540.21,2026-04-16
B_3884,TXFB-103884,Bound,,,1,3030.17,2026-04-14
B_3885,TXFB-103885,Draft,,,1,3325.46,2026-04-05
B_3886,TXFB-103886,Draft,,,1,2466.67,2026-04-03
B_3887,TXFB-103887,Draft,,,1,1194.31,2026-04-05
B_3888,TXFB-103888,Bound,,,1,1255.23,2026-04-14
B_3889,TXFB-103889,Bound,,,1,1899.78,2026-04-15
B_3890,TXFB-103890,Bound,,,0,3193.49,2026-04-14
B_3891,TXFB-103891,Canceled,INT_07,2026-04-16,1,948.79,2026-04-06
B_3892,TXFB-103892,Bound,,,1,2977.92,2026-04-15
B_3893,TXFB-103893,Bound,,,1,1373.91,2026-04-14
B_3894,TXFB-103894,Bound,,,1,2925.76,2026-04-15
B_3895,TXFB-103895,Canceled,INT_02,2026-04-18,0,3260.81,2026-04-13
B_3896,TXFB-103896,Canceled,INT_08,2026-04-17,1,1782.48,2026-04-12
B_3897,TXFB-103897,Bound,,,1,1595.15,2026-04-08
B_3898,TXFB-103898,Canceled,,2026-04-28,1,2906.66,2026-04-06
B_3899,TXFB-103899,Bound,,,0,2088.45,2026-04-14
B_3900,TXFB-103900,Canceled,,2026-04-30,1,2553.35,2026-04-01
B_3901,TXFB-103901,Bound,,,1,2368.49,2026-04-16
B_3902,TXFB-103902,Bound,,,1,958.67,2026-04-08
B_3903,TXFB-103903,Draft,,,1,3034.37,2026-04-09
B_3904,TXFB-103904,Bound,,,1,1087.33,2026-04-14
B_3905,TXFB-103905,Canceled,INT_02,2026-04-22,1,3296.85,2026-04-12
B_3906,TXFB-103906,Bound,,,1,1251.71,2026-04-02
B_3907,TXFB-103907,Bound,,,1,2701.64,2026-04-02
B_3908,TXFB-103908,Bound,,,1,1353.97,2026-04-16
B_3909,TXFB-103909,Bound,,,1,1453.36,2026-04-12
B_3910,TXFB-103910,Bound,,,1,1430.01,2026-04-04
B_3911,TXFB-103911,Bound,,,1,2743.68,2026-04-16
B_3912,TXFB-103912,Bound,,,1,2170.45,2026-04-03
B_3913,TXFB-103913,Bound,,,1,3148.86,2026-04-05
B_3914,TXFB-103914,Withdrawn,,,1,1422.12,2026-04-09
B_3915,TXFB-103915,Withdrawn,,,0,2575.98,2026-04-15
B_3916,TXFB-103916,Bound,,,1,2758.85,2026-04-03
B_3917,TXFB-103917,Canceled,INT_99,2026-04-30,1,954.45,2026-04-03
B_3918,TXFB-103918,Bound,,,1,1701.77,2026-04-08
B_3919,TXFB-103919,Bound,,,1,1948.45,2026-04-16
B_3920,TXFB-103920,Canceled,INT_06,2026-04-11,1,1567.06,2026-04-03
B_3921,TXFB-103921,Draft,,,1,1466.34,2026-04-10
B_3922,TXFB-103922,Bound,,,0,2559.26,2026-04-02
B_3923,TXFB-103923,Canceled,INT_05,2026-04-28,1,1147.6,2026-04-11
B_3924,TXFB-103924,Bound,,,1,2628.17,2026-04-01
B_3925,TXFB-103925,Withdrawn,,,1,3305.13,2026-04-16
B_3926,TXFB-103926,Bound,,,1,2195.59,2026-04-15
B_3927,TXFB-103927,Bound,,,1,2334.3,2026-04-16
B_3928,TXFB-103928,Bound,,,1,706.8,2026-04-11
B_3929,TXFB-103929,Bound,,,1,3093.43,2026-04-14
B_3930,TXFB-103930,Bound,,,1,1356.34,2026-04-12
B_3931,TXFB-103931,Draft,,,1,2345.15,2026-04-10
B_3932,TXFB-103932,Bound,,,1,3437.34,2026-04-10
B_3933,TXFB-103933,Bound,,,1,2286.51,2026-04-06
B_3934,TXFB-103934,Bound,,,1,2674.13,2026-04-02
B_3935,TXFB-103935,Bound,,,1,1835.96,2026-04-10
B_3936,TXFB-103936,Bound,,,1,681.1,2026-04-09
B_3937,TXFB-103937,Bound,,,0,2892.8,2026-04-02
B_3938,TXFB-103938,Bound,,,1,605.0,2026-04-16
B_3939,TXFB-103939,Bound,,,1,2601.97,2026-04-06
B_3940,TXFB-103940,Bound,,,1,568.76,2026-04-02
B_3941,TXFB-103941,Canceled,INT_07,2026-04-24,1,3086.92,2026-04-10
B_3942,TXFB-103942,Draft,,,1,972.91,2026-04-01
B_3943,TXFB-103943,Bound,,,1,2042.81,2026-04-10
B_3944,TXFB-103944,Bound,,,1,2291.45,2026-04-16
B_3945,TXFB-103945,Bound,,,1,1872.64,2026-04-03
B_3946,TXFB-103946,Bound,,,1,1522.29,2026-04-05
B_3947,TXFB-103947,Bound,,,1,1903.44,2026-04-03
B_3948,TXFB-103948,Bound,,,1,1434.25,2026-04-09
B_3949,TXFB-103949,Bound,,,1,1814.37,2026-04-09
B_3950,TXFB-103950,Bound,,,1,1576.74,2026-04-05
B_3951,TXFB-103951,Bound,,,1,2198.61,2026-04-09
B_3952,TXFB-103952,Canceled,,2026-04-19,1,1213.77,2026-04-09
B_3953,TXFB-103953,Withdrawn,,,0,3465.97,2026-04-09
B_3954,TXFB-103954,Bound,,,1,2002.61,2026-04-01
B_3955,TXFB-103955,Bound,,,1,1082.49,2026-04-04
B_3956,TXFB-103956,Draft,,,1,1931.2,2026-04-06
B_3957,TXFB-103957,Draft,,,1,3099.25,2026-04-05
B_3958,TXFB-103958,Bound,,,1,565.42,2026-04-15
B_3959,TXFB-103959,Bound,,,1,2538.66,2026-04-12
B_3960,TXFB-103960,Bound,,,1,2143.9,2026-04-06
B_3961,TXFB-103961,Bound,,,1,1008.67,2026-04-09
B_3962,TXFB-103962,Bound,,,1,2952.43,2026-04-08
B_3963,TXFB-103963,Bound,,,1,1606.65,2026-04-16
B_3964,TXFB-103964,Bound,,,0,1381.41,2026-04-06
B_3965,TXFB-103965,Bound,,,1,2984.38,2026-04-02
B_3966,TXFB-103966,Canceled,INT_04,2026-04-30,1,2415.58,2026-04-11
B_3967,TXFB-103967,Bound,,,1,3194.78,2026-04-03
B_3968,TXFB-103968,Bound,,,1,2389.65,2026-04-05
B_3969,TXFB-103969,Bound,,,1,2722.45,2026-04-05
B_3970,TXFB-103970,Bound,,,0,3009.34,2026-04-16
B_3971,TXFB-103971,Withdrawn,,,1,664.22,2026-04-14
B_3972,TXFB-103972,Bound,,,1,2828.15,2026-04-13
B_3973,TXFB-103973,Bound,,,1,2341.12,2026-04-08
B_3974,TXFB-103974,Canceled,INT_04,2026-04-17,0,708.52,2026-04-15
B_3975,TXFB-103975,Bound,,,1,2025.73,2026-04-06
B_3976,TXFB-103976,Draft,,,1,747.37,2026-04-07
B_3977,TXFB-103977,Bound,,,1,2707.84,2026-04-12
B_3978,TXFB-103978,Bound,,,1,2139.51,2026-04-02
B_3979,TXFB-103979,Bound,,,1,3360.72,2026-04-09
B_3980,TXFB-103980,Bound,,,1,1049.41,2026-04-04
B_3981,TXFB-103981,Canceled,INT_08,2026-04-20,1,2318.1,2026-04-02
B_3982,TXFB-103982,Canceled,INT_02,2026-04-09,1,1134.75,2026-04-06
B_3983,TXFB-103983,Bound,,,1,2342.19,2026-04-15
B_3984,TXFB-103984,Bound,,,1,2667.95,2026-04-13
B_3985,TXFB-103985,Canceled,INT_06,2026-05-16,0,2666.91,2026-04-16
B_3986,TXFB-103986,Draft,,,1,2945.22,2026-04-10
B_3987,TXFB-103987,Bound,,,1,3060.65,2026-04-16
B_3988,TXFB-103988,Bound,,,1,731.82,2026-04-08
B_3989,TXFB-103989,Bound,,,1,1529.8,2026-04-13
B_3990,TXFB-103990,Draft,,,1,2561.37,2026-04-13
B_3991,TXFB-103991,Bound,,,1,1995.76,2026-04-16
B_3992,TXFB-103992,Bound,,,1,1072.03,2026-04-09
B_3993,TXFB-103993,Canceled,INT_06,2026-04-07,1,2158.13,2026-04-05
B_3994,TXFB-103994,Bound,,,1,1722.31,2026-04-14
B_3995,TXFB-103995,Bound,,,1,1670.11,2026-04-01
B_3996,TXFB-103996,Bound,,,1,2929.26,2026-04-10
B_3997,TXFB-103997,Bound,,,1,1722.8,2026-04-15
B_3998,TXFB-103998,Bound,,,1,579.36,2026-04-13
B_3999,TXFB-103999,Bound,,,1,674.19,2026-04-11
B_4000,TXFB-104000,Bound,,,1,3068.73,2026-04-02
B_4001,TXFB-104001,Bound,,,1,3381.8,2026-04-04
B_4002,TXFB-104002,Canceled,INT_08,2026-04-29,1,2565.23,2026-04-12
B_4003,TXFB-104003,Canceled,,2026-04-18,1,1593.1,2026-04-14
B_4004,TXFB-104004,Bound,,,1,3315.8,2026-04-09
B_4005,TXFB-104005,Bound,,,1,2488.41,2026-04-11
B_4006,TXFB-104006,Bound,,,1,3033.0,2026-04-09
B_4007,TXFB-104007,Bound,,,1,2797.56,2026-04-09
B_4008,TXFB-104008,Bound,,,1,1637.42,2026-04-04
B_4009,TXFB-104009,Bound,,,1,1936.11,2026-04-09
B_4010,TXFB-104010,Bound,,,1,1058.4,2026-04-13
B_4011,TXFB-104011,Bound,,,1,1376.04,2026-04-15
B_4012,TXFB-104012,Bound,,,1,2834.38,2026-04-08
B_4013,TXFB-104013,Bound,,,0,3181.94,2026-04-07
B_4014,TXFB-104014,Bound,,,0,2673.38,2026-04-11
B_4015,TXFB-104015,Bound,,,1,1895.52,2026-04-06
B_4016,TXFB-104016,Bound,,,0,759.53,2026-04-11
B_4017,TXFB-104017,Draft,,,1,670.84,2026-04-01
B_4018,TXFB-104018,Draft,,,1,1622.98,2026-04-01
B_4019,TXFB-104019,Bound,,,0,1891.47,2026-04-03
B_4020,TXFB-104020,Bound,,,1,2327.36,2026-04-01
B_4021,TXFB-104021,Bound,,,1,519.47,2026-04-14
B_4022,TXFB-104022,Bound,,,1,3469.17,2026-04-04
B_4023,TXFB-104023,Bound,,,1,1591.82,2026-04-04
B_4024,TXFB-104024,Canceled,INT_02,2026-05-02,1,3044.28,2026-04-15
B_4025,TXFB-104025,Bound,,,1,2104.9,2026-04-12
B_4026,TXFB-104026,Canceled,INT_06,2026-04-22,1,891.32,2026-04-08
B_4027,TXFB-104027,Bound,,,1,2892.7,2026-04-10
B_4028,TXFB-104028,Bound,,,1,2629.48,2026-04-09
B_4029,TXFB-104029,Canceled,INT_01,2026-04-21,1,2082.31,2026-04-07
B_4030,TXFB-104030,Bound,,,1,2043.66,2026-04-02
B_4031,TXFB-104031,Bound,,,1,762.44,2026-04-01
B_4032,TXFB-104032,Bound,,,1,2467.55,2026-04-03
B_4033,TXFB-104033,Bound,,,1,3233.74,2026-04-02
B_4034,TXFB-104034,Withdrawn,,,1,779.73,2026-04-07
B_4035,TXFB-104035,Bound,,,1,1290.53,2026-04-04
B_4036,TXFB-104036,Withdrawn,,,1,3206.92,2026-04-04
B_4037,TXFB-104037,Withdrawn,,,1,1353.03,2026-04-03
B_4038,TXFB-104038,Canceled,INT_06,2026-04-09,1,2461.83,2026-04-05
B_4039,TXFB-104039,Bound,,,1,2104.45,2026-04-13
B_4040,TXFB-104040,Bound,,,1,2288.98,2026-04-06
B_4041,TXFB-104041,Draft,,,1,1747.37,2026-04-04
B_4042,TXFB-104042,Bound,,,1,1399.97,2026-04-06
B_4043,TXFB-104043,Bound,,,1,645.6,2026-04-09
B_4044,TXFB-104044,Bound,,,1,2732.84,2026-04-10
B_4045,TXFB-104045,Bound,,,1,2738.28,2026-04-15
B_4046,TXFB-104046,Bound,,,0,2512.18,2026-04-03
B_4047,TXFB-104047,Bound,,,1,2430.9,2026-04-15
B_4048,TXFB-104048,Bound,,,1,1231.15,2026-04-09
B_4049,TXFB-104049,Draft,,,1,567.03,2026-04-14
B_4050,TXFB-104050,Bound,,,1,2926.15,2026-04-11
B_4051,TXFB-104051,Draft,,,1,1973.42,2026-04-09
B_4052,TXFB-104052,Bound,,,1,1420.51,2026-04-06
B_4053,TXFB-104053,Canceled,INT_07,2026-04-18,0,805.8,2026-04-03
B_4054,TXFB-104054,Bound,,,1,688.16,2026-04-09
B_4055,TXFB-104055,Canceled,INT_07,2026-04-24,1,1546.6,2026-04-02
B_4056,TXFB-104056,Bound,,,1,2914.21,2026-04-13
B_4057,TXFB-104057,Canceled,INT_01,2026-05-07,1,3256.17,2026-04-13
B_4058,TXFB-104058,Bound,,,1,3190.25,2026-04-11
B_4059,TXFB-104059,Draft,,,1,3260.0,2026-04-02
B_4060,TXFB-104060,Withdrawn,,,1,3223.18,2026-04-09
B_4061,TXFB-104061,Bound,,,1,2081.67,2026-04-09
B_4062,TXFB-104062,Bound,,,1,1158.25,2026-04-06
B_4063,TXFB-104063,Canceled,INT_05,2026-05-04,1,2894.14,2026-04-15
B_4064,TXFB-104064,Bound,,,1,1141.14,2026-04-03
B_4065,TXFB-104065,Draft,,,1,1301.62,2026-04-16
B_4066,TXFB-104066,Bound,,,1,1199.76,2026-04-07
B_4067,TXFB-104067,Bound,,,1,2044.95,2026-04-13
B_4068,TXFB-104068,Withdrawn,,,1,1465.48,2026-04-06
B_4069,TXFB-104069,Bound,,,0,962.47,2026-04-16
B_4070,TXFB-104070,Canceled,INT_04,2026-05-01,1,1859.52,2026-04-04
B_4071,TXFB-104071,Bound,,,1,3121.72,2026-04-05
B_4072,TXFB-104072,Bound,,,1,2211.66,2026-04-14
B_4073,TXFB-104073,Bound,,,1,3135.01,2026-04-07
B_4074,TXFB-104074,Bound,,,1,1087.62,2026-04-04
B_4075,TXFB-104075,Bound,,,1,1000.92,2026-04-15
B_4076,TXFB-104076,Bound,,,1,2226.73,2026-04-09
B_4077,TXFB-104077,Bound,,,1,1889.99,2026-04-04
B_4078,TXFB-104078,Bound,,,1,2480.52,2026-04-02
B_4079,TXFB-104079,Canceled,INT_99,2026-04-12,1,2883.88,2026-04-03
B_4080,TXFB-104080,Bound,,,1,2753.92,2026-04-03
B_4081,TXFB-104081,Bound,,,1,3326.78,2026-04-09
B_4082,TXFB-104082,Bound,,,1,1694.77,2026-04-15
B_4083,TXFB-104083,Bound,,,1,1119.16,2026-04-01
B_4084,TXFB-104084,Canceled,INT_02,2026-04-28,1,2152.74,2026-04-16
B_4085,TXFB-104085,Bound,,,1,832.23,2026-04-05
B_4086,TXFB-104086,Bound,,,1,1366.55,2026-04-01
B_4087,TXFB-104087,Bound,,,1,1123.66,2026-04-02
B_4088,TXFB-104088,Bound,,,1,1689.69,2026-04-13
B_4089,TXFB-104089,Canceled,INT_06,2026-04-18,1,833.65,2026-04-09
B_4090,TXFB-104090,Bound,,,1,595.53,2026-04-05
B_4091,TXFB-104091,Canceled,INT_99,2026-04-30,1,2470.38,2026-04-11
B_4092,TXFB-104092,Bound,,,0,2330.75,2026-04-13
B_4093,TXFB-104093,Bound,,,1,2625.08,2026-04-01
B_4094,TXFB-104094,Draft,,,1,2481.16,2026-04-16
B_4095,TXFB-104095,Bound,,,1,842.88,2026-04-16
B_4096,TXFB-104096,Bound,,,1,1373.24,2026-04-14
B_4097,TXFB-104097,Bound,,,1,888.58,2026-04-13
B_4098,TXFB-104098,Bound,,,0,3028.92,2026-04-03
B_4099,TXFB-104099,Bound,,,1,2740.71,2026-04-08
B_4100,TXFB-104100,Bound,,,1,1104.58,2026-04-01
B_4101,TXFB-104101,Bound,,,1,1523.93,2026-04-13
B_4102,TXFB-104102,Bound,,,1,3399.84,2026-04-16
B_4103,TXFB-104103,Bound,,,1,2282.48,2026-04-04
B_4104,TXFB-104104,Bound,,,1,2903.47,2026-04-12
B_4105,TXFB-104105,Bound,,,1,1293.77,2026-04-11
B_4106,TXFB-104106,Bound,,,1,1130.16,2026-04-10
B_4107,TXFB-104107,Withdrawn,,,1,2851.75,2026-04-13
B_4108,TXFB-104108,Bound,,,1,2557.62,2026-04-02
B_4109,TXFB-104109,Draft,,,1,2542.93,2026-04-03
B_4110,TXFB-104110,Bound,,,1,2157.9,2026-04-12
B_4111,TXFB-104111,Bound,,,1,2190.74,2026-04-11
B_4112,TXFB-104112,Bound,,,1,2707.09,2026-04-03
B_4113,TXFB-104113,Bound,,,1,1310.01,2026-04-15
B_4114,TXFB-104114,Bound,,,1,1558.31,2026-04-10
B_4115,TXFB-104115,Bound,,,1,3114.91,2026-04-07
B_4116,TXFB-104116,Bound,,,1,1426.6,2026-04-06
B_4117,TXFB-104117,Draft,,,1,2138.93,2026-04-02
B_4118,TXFB-104118,Bound,,,1,2607.92,2026-04-13
B_4119,TXFB-104119,Bound,,,1,3499.77,2026-04-07
B_4120,TXFB-104120,Canceled,INT_04,2026-04-13,1,1805.87,2026-04-10
B_4121,TXFB-104121,Bound,,,1,1784.28,2026-04-13
B_4122,TXFB-104122,Bound,,,1,3027.77,2026-04-04
B_4123,TXFB-104123,Bound,,,1,2916.51,2026-04-12
B_4124,TXFB-104124,Draft,,,1,2693.23,2026-04-16
B_4125,TXFB-104125,Canceled,INT_01,2026-04-28,1,1889.69,2026-04-03
B_4126,TXFB-104126,Bound,,,1,1471.82,2026-04-15
B_4127,TXFB-104127,Bound,,,1,2326.19,2026-04-07
B_4128,TXFB-104128,Draft,,,1,3128.67,2026-04-05
B_4129,TXFB-104129,Bound,,,1,3151.33,2026-04-02
B_4130,TXFB-104130,Bound,,,1,825.5,2026-04-07
B_4131,TXFB-104131,Bound,,,1,1785.05,2026-04-01
B_4132,TXFB-104132,Bound,,,1,1894.17,2026-04-08
B_4133,TXFB-104133,Bound,,,1,3432.85,2026-04-16
B_4134,TXFB-104134,Bound,,,1,2533.99,2026-04-13
B_4135,TXFB-104135,Bound,,,1,1721.74,2026-04-03
B_4136,TXFB-104136,Bound,,,1,578.17,2026-04-10
B_4137,TXFB-104137,Canceled,INT_05,2026-05-03,1,2196.16,2026-04-16
B_4138,TXFB-104138,Bound,,,1,788.23,2026-04-15
B_4139,TXFB-104139,Bound,,,1,3003.35,2026-04-01
B_4140,TXFB-104140,Bound,,,1,2757.56,2026-04-02
B_4141,TXFB-104141,Bound,,,1,1881.53,2026-04-11
B_4142,TXFB-104142,Bound,,,1,1787.63,2026-04-02
B_4143,TXFB-104143,Bound,,,1,3192.02,2026-04-11
B_4144,TXFB-104144,Canceled,,2026-04-03,1,1365.38,2026-04-02
B_4145,TXFB-104145,Draft,,,1,1247.06,2026-04-13
B_4146,TXFB-104146,Bound,,,1,3317.59,2026-04-04
B_4147,TXFB-104147,Bound,,,1,2927.74,2026-04-07
B_4148,TXFB-104148,Bound,,,1,2961.88,2026-04-15
B_4149,TXFB-104149,Canceled,INT_05,2026-04-09,1,1085.58,2026-04-05
B_4150,TXFB-104150,Canceled,INT_06,2026-05-02,1,929.89,2026-04-08
B_4151,TXFB-104151,Bound,,,1,578.09,2026-04-03
B_4152,TXFB-104152,Bound,,,1,1211.12,2026-04-02
B_4153,TXFB-104153,Canceled,,2026-04-27,1,2822.57,2026-04-05
B_4154,TXFB-104154,Bound,,,1,1220.12,2026-04-16
B_4155,TXFB-104155,Bound,,,1,2687.31,2026-04-01
B_4156,TXFB-104156,Bound,,,1,1255.72,2026-04-16
B_4157,TXFB-104157,Bound,,,1,1685.88,2026-04-02
B_4158,TXFB-104158,Draft,,,1,3449.49,2026-04-08
B_4159,TXFB-104159,Withdrawn,,,1,1234.44,2026-04-05
B_4160,TXFB-104160,Bound,,,1,1629.11,2026-04-01
B_4161,TXFB-104161,Bound,,,1,1403.26,2026-04-06
B_4162,TXFB-104162,Bound,,,1,828.87,2026-04-02
B_4163,TXFB-104163,Bound,,,1,1969.68,2026-04-10
B_4164,TXFB-104164,Bound,,,1,1636.07,2026-04-04
B_4165,TXFB-104165,Bound,,,1,2584.66,2026-04-15
B_4166,TXFB-104166,Bound,,,1,2952.78,2026-04-06
B_4167,TXFB-104167,Bound,,,1,2132.75,2026-04-03
B_4168,TXFB-104168,Bound,,,1,596.59,2026-04-04
B_4169,TXFB-104169,Bound,,,1,2356.77,2026-04-04
B_4170,TXFB-104170,Bound,,,1,666.17,2026-04-16
B_4171,TXFB-104171,Bound,,,1,2349.07,2026-04-08
B_4172,TXFB-104172,Withdrawn,,,1,2555.09,2026-04-03
B_4173,TXFB-104173,Bound,,,0,1093.3,2026-04-07
B_4174,TXFB-104174,Bound,,,0,2958.04,2026-04-14
B_4175,TXFB-104175,Draft,,,1,3233.26,2026-04-11
B_4176,TXFB-104176,Withdrawn,,,1,2939.26,2026-04-13
B_4177,TXFB-104177,Bound,,,1,1415.33,2026-04-11
B_4178,TXFB-104178,Canceled,INT_07,2026-04-19,1,2259.93,2026-04-04
B_4179,TXFB-104179,Bound,,,1,3244.45,2026-04-05
B_4180,TXFB-104180,Bound,,,0,1461.99,2026-04-11
B_4181,TXFB-104181,Bound,,,1,2960.08,2026-04-07
B_4182,TXFB-104182,Bound,,,1,528.43,2026-04-02
B_4183,TXFB-104183,Bound,,,1,510.94,2026-04-06
B_4184,TXFB-104184,Bound,,,1,2779.13,2026-04-11
B_4185,TXFB-104185,Bound,,,1,2784.34,2026-04-03
B_4186,TXFB-104186,Bound,,,1,2866.93,2026-04-04
B_4187,TXFB-104187,Bound,,,1,3290.08,2026-04-09
B_4188,TXFB-104188,Bound,,,0,853.72,2026-04-05
B_4189,TXFB-104189,Bound,,,1,1195.95,2026-04-14
B_4190,TXFB-104190,Canceled,,2026-04-12,1,3211.17,2026-04-06
B_4191,TXFB-104191,Canceled,INT_01,2026-05-08,1,1031.71,2026-04-12
B_4192,TXFB-104192,Draft,,,0,2546.69,2026-04-06
B_4193,TXFB-104193,Bound,,,1,2091.39,2026-04-15
B_4194,TXFB-104194,Canceled,,2026-04-14,1,749.58,2026-04-08
B_4195,TXFB-104195,Bound,,,1,1355.79,2026-04-02
B_4196,TXFB-104196,Bound,,,0,2061.12,2026-04-05
B_4197,TXFB-104197,Bound,,,1,3057.05,2026-04-04
B_4198,TXFB-104198,Bound,,,1,2622.62,2026-04-13
B_4199,TXFB-104199,Bound,,,1,2365.65,2026-04-06
B_4200,TXFB-104200,Bound,,,1,1988.1,2026-04-01
B_4201,TXFB-104201,Canceled,INT_07,2026-05-13,1,1396.05,2026-04-16
B_4202,TXFB-104202,Bound,,,1,857.73,2026-04-03
B_4203,TXFB-104203,Bound,,,1,1727.23,2026-04-01
B_4204,TXFB-104204,Withdrawn,,,1,585.56,2026-04-01
B_4205,TXFB-104205,Bound,,,1,1133.17,2026-04-06
B_4206,TXFB-104206,Bound,,,0,1797.45,2026-04-03
B_4207,TXFB-104207,Bound,,,1,1755.82,2026-04-10
B_4208,TXFB-104208,Bound,,,1,632.89,2026-04-14
B_4209,TXFB-104209,Bound,,,1,2267.18,2026-04-16
B_4210,TXFB-104210,Bound,,,1,2149.05,2026-04-05
B_4211,TXFB-104211,Bound,,,1,734.31,2026-04-07
B_4212,TXFB-104212,Bound,,,1,3329.49,2026-04-05
B_4213,TXFB-104213,Bound,,,0,798.15,2026-04-09
B_4214,TXFB-104214,Bound,,,1,3064.5,2026-04-15
B_4215,TXFB-104215,Bound,,,0,500.93,2026-04-14
B_4216,TXFB-104216,Canceled,INT_06,2026-04-21,1,3146.84,2026-04-08
B_4217,TXFB-104217,Bound,,,1,559.16,2026-04-06
B_4218,TXFB-104218,Bound,,,1,2773.44,2026-04-02
B_4219,TXFB-104219,Bound,,,1,1585.07,2026-04-06
B_4220,TXFB-104220,Bound,,,1,2714.65,2026-04-16
B_4221,TXFB-104221,Bound,,,0,1705.24,2026-04-03
B_4222,TXFB-104222,Bound,,,1,712.72,2026-04-10
B_4223,TXFB-104223,Draft,,,1,2802.52,2026-04-12
B_4224,TXFB-104224,Canceled,INT_99,2026-04-16,1,713.76,2026-04-14
B_4225,TXFB-104225,Bound,,,1,3266.36,2026-04-01
B_4226,TXFB-104226,Canceled,INT_06,2026-04-11,1,652.92,2026-04-08
B_4227,TXFB-104227,Bound,,,1,1937.98,2026-04-07
B_4228,TXFB-104228,Bound,,,1,2669.1,2026-04-04
B_4229,TXFB-104229,Bound,,,1,1679.74,2026-04-04
B_4230,TXFB-104230,Bound,,,1,1151.7,2026-04-12
B_4231,TXFB-104231,Canceled,INT_02,2026-04-22,1,2777.27,2026-04-08
B_4232,TXFB-104232,Bound,,,1,2852.88,2026-04-15
B_4233,TXFB-104233,Bound,,,1,3268.08,2026-04-07
B_4234,TXFB-104234,Draft,,,1,1628.5,2026-04-09
B_4235,TXFB-104235,Bound,,,1,2018.76,2026-04-02
B_4236,TXFB-104236,Bound,,,1,1589.39,2026-04-07
B_4237,TXFB-104237,Bound,,,0,1271.25,2026-04-04
B_4238,TXFB-104238,Canceled,INT_03,2026-05-04,1,2753.1,2026-04-05
B_4239,TXFB-104239,Canceled,INT_99,2026-05-09,1,1518.96,2026-04-16
B_4240,TXFB-104240,Bound,,,1,1784.45,2026-04-16
B_4241,TXFB-104241,Bound,,,1,1711.02,2026-04-06
B_4242,TXFB-104242,Bound,,,1,2637.98,2026-04-06
B_4243,TXFB-104243,Canceled,INT_02,2026-04-12,1,3253.39,2026-04-02
B_4244,TXFB-104244,Bound,,,1,2500.27,2026-04-02
B_4245,TXFB-104245,Bound,,,1,1914.75,2026-04-12
B_4246,TXFB-104246,Draft,,,1,2837.62,2026-04-10
B_4247,TXFB-104247,Bound,,,1,2422.91,2026-04-07
B_4248,TXFB-104248,Bound,,,1,681.83,2026-04-14
B_4249,TXFB-104249,Bound,,,1,786.99,2026-04-09
B_4250,TXFB-104250,Withdrawn,,,1,613.75,2026-04-11
B_4251,TXFB-104251,Bound,,,0,1870.45,2026-04-15
B_4252,TXFB-104252,Bound,,,1,2977.56,2026-04-02
B_4253,TXFB-104253,Bound,,,1,1439.25,2026-04-04
B_4254,TXFB-104254,Bound,,,1,1652.48,2026-04-02
B_4255,TXFB-104255,Bound,,,1,3228.43,2026-04-06
B_4256,TXFB-104256,Bound,,,1,3010.71,2026-04-06
B_4257,TXFB-104257,Withdrawn,,,1,2495.14,2026-04-01
B_4258,TXFB-104258,Bound,,,1,1300.41,2026-04-16
B_4259,TXFB-104259,Bound,,,1,851.12,2026-04-04
B_4260,TXFB-104260,Bound,,,1,548.18,2026-04-03
B_4261,TXFB-104261,Bound,,,1,821.03,2026-04-08
B_4262,TXFB-104262,Draft,,,1,1377.79,2026-04-15
B_4263,TXFB-104263,Bound,,,1,2155.37,2026-04-11
B_4264,TXFB-104264,Bound,,,1,692.0,2026-04-14
B_4265,TXFB-104265,Bound,,,1,908.68,2026-04-07
B_4266,TXFB-104266,Bound,,,0,1043.24,2026-04-11
B_4267,TXFB-104267,Bound,,,1,2395.95,2026-04-08
B_4268,TXFB-104268,Bound,,,1,2347.37,2026-04-04
B_4269,TXFB-104269,Canceled,INT_07,2026-04-22,1,2152.3,2026-04-11
B_4270,TXFB-104270,Draft,,,1,1251.5,2026-04-08
B_4271,TXFB-104271,Bound,,,1,1613.36,2026-04-04
B_4272,TXFB-104272,Withdrawn,,,1,790.07,2026-04-08
B_4273,TXFB-104273,Bound,,,1,1179.38,2026-04-14
B_4274,TXFB-104274,Bound,,,1,3193.12,2026-04-07
B_4275,TXFB-104275,Bound,,,1,3439.08,2026-04-13
B_4276,TXFB-104276,Bound,,,1,2442.98,2026-04-08
B_4277,TXFB-104277,Bound,,,1,3250.47,2026-04-03
B_4278,TXFB-104278,Bound,,,1,2428.23,2026-04-16
B_4279,TXFB-104279,Bound,,,0,599.59,2026-04-16
B_4280,TXFB-104280,Bound,,,0,3490.29,2026-04-02
B_4281,TXFB-104281,Bound,,,1,796.86,2026-04-14
B_4282,TXFB-104282,Canceled,INT_08,2026-04-24,1,2547.93,2026-04-05
B_4283,TXFB-104283,Bound,,,1,1258.51,2026-04-07
B_4284,TXFB-104284,Bound,,,0,1675.94,2026-04-15
B_4285,TXFB-104285,Bound,,,1,2437.8,2026-04-06
B_4286,TXFB-104286,Bound,,,1,1809.46,2026-04-13
B_4287,TXFB-104287,Draft,,,1,1251.64,2026-04-12
B_4288,TXFB-104288,Bound,,,1,1503.34,2026-04-05
B_4289,TXFB-104289,Bound,,,1,1524.64,2026-04-15
B_4290,TXFB-104290,Canceled,INT_04,2026-05-01,1,3377.97,2026-04-07
B_4291,TXFB-104291,Bound,,,1,2895.84,2026-04-12
B_4292,TXFB-104292,Bound,,,1,1875.65,2026-04-09
B_4293,TXFB-104293,Bound,,,1,1099.46,2026-04-07
B_4294,TXFB-104294,Draft,,,1,2933.05,2026-04-11
B_4295,TXFB-104295,Bound,,,1,971.55,2026-04-05
B_4296,TXFB-104296,Bound,,,1,1131.39,2026-04-02
B_4297,TXFB-104297,Bound,,,1,1598.04,2026-04-02
B_4298,TXFB-104298,Bound,,,1,3141.04,2026-04-09
B_4299,TXFB-104299,Bound,,,1,895.36,2026-04-05
B_4300,TXFB-104300,Bound,,,0,866.7,2026-04-04
B_4301,TXFB-104301,Bound,,,1,1981.92,2026-04-15
B_4302,TXFB-104302,Draft,,,1,1329.23,2026-04-15
B_4303,TXFB-104303,Canceled,INT_02,2026-04-29,1,2206.18,2026-04-14
B_4304,TXFB-104304,Bound,,,1,1854.91,2026-04-06
B_4305,TXFB-104305,Canceled,INT_02,2026-05-06,1,1804.88,2026-04-11
B_4306,TXFB-104306,Bound,,,1,835.92,2026-04-08
B_4307,TXFB-104307,Bound,,,1,923.15,2026-04-10
B_4308,TXFB-104308,Bound,,,1,2963.24,2026-04-06
B_4309,TXFB-104309,Canceled,INT_08,2026-04-28,1,3157.65,2026-04-06
B_4310,TXFB-104310,Canceled,INT_05,2026-04-23,1,1204.05,2026-04-08
B_4311,TXFB-104311,Bound,,,1,840.38,2026-04-03
B_4312,TXFB-104312,Draft,,,1,660.25,2026-04-14
B_4313,TXFB-104313,Bound,,,1,2324.89,2026-04-16
B_4314,TXFB-104314,Draft,,,1,2646.06,2026-04-07
B_4315,TXFB-104315,Withdrawn,,,1,1618.43,2026-04-16
B_4316,TXFB-104316,Bound,,,0,2539.03,2026-04-15
B_4317,TXFB-104317,Canceled,,2026-04-29,1,2638.88,2026-04-09
B_4318,TXFB-104318,Bound,,,1,3306.03,2026-04-01
B_4319,TXFB-104319,Bound,,,1,694.62,2026-04-14
B_4320,TXFB-104320,Bound,,,1,1076.88,2026-04-08
B_4321,TXFB-104321,Bound,,,1,705.58,2026-04-08
B_4322,TXFB-104322,Draft,,,1,3103.98,2026-04-11
B_4323,TXFB-104323,Bound,,,1,2877.76,2026-04-14
B_4324,TXFB-104324,Bound,,,1,2223.93,2026-04-08
B_4325,TXFB-104325,Canceled,INT_01,2026-05-01,1,750.99,2026-04-05
B_4326,TXFB-104326,Withdrawn,,,1,1319.94,2026-04-01
B_4327,TXFB-104327,Bound,,,1,1393.16,2026-04-14
B_4328,TXFB-104328,Withdrawn,,,1,2182.23,2026-04-02
B_4329,TXFB-104329,Bound,,,1,1274.13,2026-04-02
B_4330,TXFB-104330,Canceled,,2026-04-25,1,718.88,2026-04-16
B_4331,TXFB-104331,Bound,,,1,2692.29,2026-04-02
B_4332,TXFB-104332,Bound,,,1,1397.24,2026-04-14
B_4333,TXFB-104333,Bound,,,1,1857.12,2026-04-13
B_4334,TXFB-104334,Bound,,,1,883.0,2026-04-16
B_4335,TXFB-104335,Bound,,,1,2907.64,2026-04-04
B_4336,TXFB-104336,Bound,,,1,2196.6,2026-04-15
B_4337,TXFB-104337,Bound,,,1,3204.76,2026-04-16
B_4338,TXFB-104338,Draft,,,1,1986.41,2026-04-08
B_4339,TXFB-104339,Bound,,,1,3324.28,2026-04-03
B_4340,TXFB-104340,Bound,,,1,3175.6,2026-04-01
B_4341,TXFB-104341,Bound,,,1,2229.38,2026-04-14
B_4342,TXFB-104342,Bound,,,1,3301.68,2026-04-07
B_4343,TXFB-104343,Canceled,INT_04,2026-04-16,1,1469.27,2026-04-05
B_4344,TXFB-104344,Canceled,INT_05,2026-05-12,1,1596.93,2026-04-12
B_4345,TXFB-104345,Bound,,,0,636.43,2026-04-10
B_4346,TXFB-104346,Bound,,,1,2267.6,2026-04-08
B_4347,TXFB-104347,Canceled,INT_02,2026-05-01,1,2665.77,2026-04-03
B_4348,TXFB-104348,Bound,,,1,2820.56,2026-04-01
B_4349,TXFB-104349,Canceled,,2026-05-12,1,949.45,2026-04-16
B_4350,TXFB-104350,Bound,,,1,1832.48,2026-04-10
B_4351,TXFB-104351,Canceled,INT_03,2026-04-12,1,1030.59,2026-04-06
B_4352,TXFB-104352,Bound,,,1,2486.38,2026-04-15
B_4353,TXFB-104353,Bound,,,1,973.84,2026-04-01
B_4354,TXFB-104354,Withdrawn,,,1,3212.49,2026-04-15
B_4355,TXFB-104355,Bound,,,0,1191.9,2026-04-15
B_4356,TXFB-104356,Bound,,,1,1374.21,2026-04-05
B_4357,TXFB-104357,Bound,,,1,3052.72,2026-04-13
B_4358,TXFB-104358,Bound,,,1,1875.4,2026-04-06
B_4359,TXFB-104359,Bound,,,1,571.99,2026-04-12
B_4360,TXFB-104360,Bound,,,1,1983.76,2026-04-15
B_4361,TXFB-104361,Bound,,,1,753.63,2026-04-01
B_4362,TXFB-104362,Bound,,,1,3456.03,2026-04-03
B_4363,TXFB-104363,Canceled,INT_99,2026-04-20,1,2264.33,2026-04-13
B_4364,TXFB-104364,Bound,,,1,1269.6,2026-04-11
B_4365,TXFB-104365,Bound,,,1,2191.15,2026-04-02
B_4366,TXFB-104366,Bound,,,1,730.6,2026-04-10
B_4367,TXFB-104367,Bound,,,1,2899.67,2026-04-14
B_4368,TXFB-104368,Bound,,,1,3275.98,2026-04-09
B_4369,TXFB-104369,Bound,,,1,3123.33,2026-04-07
B_4370,TXFB-104370,Bound,,,1,1525.27,2026-04-03
B_4371,TXFB-104371,Bound,,,1,1477.3,2026-04-11
B_4372,TXFB-104372,Bound,,,1,605.26,2026-04-02
B_4373,TXFB-104373,Bound,,,0,2454.2,2026-04-12
B_4374,TXFB-104374,Bound,,,1,2104.71,2026-04-02
B_4375,TXFB-104375,Bound,,,0,1878.04,2026-04-04
B_4376,TXFB-104376,Bound,,,1,3222.89,2026-04-13
B_4377,TXFB-104377,Bound,,,1,1003.64,2026-04-12
B_4378,TXFB-104378,Canceled,INT_04,2026-04-21,1,529.0,2026-04-15
B_4379,TXFB-104379,Bound,,,1,719.95,2026-04-02
B_4380,TXFB-104380,Bound,,,1,1170.11,2026-04-12
B_4381,TXFB-104381,Bound,,,0,599.86,2026-04-12
B_4382,TXFB-104382,Bound,,,1,2008.53,2026-04-06
B_4383,TXFB-104383,Bound,,,1,1442.27,2026-04-03
B_4384,TXFB-104384,Bound,,,1,1041.45,2026-04-07
B_4385,TXFB-104385,Draft,,,1,2750.25,2026-04-05
B_4386,TXFB-104386,Bound,,,1,1113.35,2026-04-11
B_4387,TXFB-104387,Withdrawn,,,1,2562.82,2026-04-08
B_4388,TXFB-104388,Bound,,,1,1547.79,2026-04-04
B_4389,TXFB-104389,Bound,,,1,2035.48,2026-04-16
B_4390,TXFB-104390,Bound,,,1,3301.6,2026-04-07
B_4391,TXFB-104391,Bound,,,1,612.05,2026-04-08
B_4392,TXFB-104392,Bound,,,1,2000.79,2026-04-11
B_4393,TXFB-104393,Bound,,,1,3063.27,2026-04-12
B_4394,TXFB-104394,Bound,,,1,2263.92,2026-04-09
B_4395,TXFB-104395,Draft,,,1,1330.61,2026-04-14
B_4396,TXFB-104396,Canceled,INT_06,2026-04-12,0,1693.04,2026-04-09
B_4397,TXFB-104397,Bound,,,0,2540.8,2026-04-02
B_4398,TXFB-104398,Bound,,,1,3172.44,2026-04-03
B_4399,TXFB-104399,Bound,,,1,623.2,2026-04-12
B_4400,TXFB-104400,Bound,,,0,714.62,2026-04-12
B_4401,TXFB-104401,Bound,,,1,1475.15,2026-04-15
B_4402,TXFB-104402,Bound,,,1,1198.34,2026-04-16
B_4403,TXFB-104403,Bound,,,1,1294.79,2026-04-04
B_4404,TXFB-104404,Bound,,,1,1163.81,2026-04-16
B_4405,TXFB-104405,Withdrawn,,,1,1087.48,2026-04-10
B_4406,TXFB-104406,Bound,,,1,891.87,2026-04-15
B_4407,TXFB-104407,Draft,,,1,3301.86,2026-04-12
B_4408,TXFB-104408,Bound,,,1,932.57,2026-04-03
B_4409,TXFB-104409,Bound,,,1,1113.21,2026-04-07
B_4410,TXFB-104410,Bound,,,1,1238.8,2026-04-15
B_4411,TXFB-104411,Bound,,,1,3299.04,2026-04-03
B_4412,TXFB-104412,Bound,,,1,2767.14,2026-04-03
B_4413,TXFB-104413,Bound,,,1,2869.1,2026-04-13
B_4414,TXFB-104414,Bound,,,1,814.27,2026-04-06
B_4415,TXFB-104415,Bound,,,1,3008.93,2026-04-10
B_4416,TXFB-104416,Bound,,,0,1724.58,2026-04-03
B_4417,TXFB-104417,Bound,,,1,1288.47,2026-04-04
B_4418,TXFB-104418,Bound,,,1,2227.25,2026-04-06
B_4419,TXFB-104419,Bound,,,1,2966.55,2026-04-09
B_4420,TXFB-104420,Bound,,,1,2835.96,2026-04-04
B_4421,TXFB-104421,Bound,,,1,3169.99,2026-04-05
B_4422,TXFB-104422,Withdrawn,,,1,3284.4,2026-04-16
B_4423,TXFB-104423,Bound,,,1,1214.37,2026-04-05
B_4424,TXFB-104424,Canceled,,2026-05-01,1,1771.57,2026-04-07
B_4425,TXFB-104425,Bound,,,1,543.89,2026-04-01
B_4426,TXFB-104426,Bound,,,1,3137.96,2026-04-10
B_4427,TXFB-104427,Bound,,,1,963.72,2026-04-14
B_4428,TXFB-104428,Bound,,,1,3084.42,2026-04-05
B_4429,TXFB-104429,Bound,,,1,1488.16,2026-04-16
B_4430,TXFB-104430,Canceled,INT_01,2026-05-02,1,1604.4,2026-04-12
B_4431,TXFB-104431,Bound,,,1,617.4,2026-04-14
B_4432,TXFB-104432,Bound,,,1,1480.64,2026-04-15
B_4433,TXFB-104433,Bound,,,1,3165.09,2026-04-01
B_4434,TXFB-104434,Draft,,,1,576.64,2026-04-10
B_4435,TXFB-104435,Bound,,,1,1718.98,2026-04-07
B_4436,TXFB-104436,Bound,,,1,594.2,2026-04-03
B_4437,TXFB-104437,Bound,,,1,1612.77,2026-04-01
B_4438,TXFB-104438,Canceled,INT_08,2026-04-17,1,1017.92,2026-04-08
B_4439,TXFB-104439,Withdrawn,,,0,1256.66,2026-04-11
B_4440,TXFB-104440,Bound,,,1,3132.8,2026-04-14
B_4441,TXFB-104441,Draft,,,1,1808.15,2026-04-11
B_4442,TXFB-104442,Canceled,INT_06,2026-05-09,1,1321.39,2026-04-11
B_4443,TXFB-104443,Bound,,,1,2268.02,2026-04-16
B_4444,TXFB-104444,Bound,,,1,926.32,2026-04-15
B_4445,TXFB-104445,Bound,,,1,1278.17,2026-04-15
B_4446,TXFB-104446,Withdrawn,,,0,2138.74,2026-04-10
B_4447,TXFB-104447,Bound,,,1,1212.57,2026-04-05
B_4448,TXFB-104448,Canceled,INT_07,2026-05-02,1,2537.38,2026-04-10
B_4449,TXFB-104449,Bound,,,1,1974.47,2026-04-06
B_4450,TXFB-104450,Canceled,INT_07,2026-04-13,1,2815.97,2026-04-09
B_4451,TXFB-104451,Bound,,,1,3344.73,2026-04-08
B_4452,TXFB-104452,Bound,,,1,847.41,2026-04-16
B_4453,TXFB-104453,Canceled,INT_07,2026-04-26,1,1504.0,2026-04-12
B_4454,TXFB-104454,Canceled,,2026-04-28,1,1458.65,2026-04-10
B_4455,TXFB-104455,Draft,,,1,953.55,2026-04-02
B_4456,TXFB-104456,Bound,,,1,2930.91,2026-04-05
B_4457,TXFB-104457,Bound,,,1,2779.64,2026-04-12
B_4458,TXFB-104458,Bound,,,1,1953.28,2026-04-10
B_4459,TXFB-104459,Bound,,,1,2113.31,2026-04-15
B_4460,TXFB-104460,Bound,,,1,678.63,2026-04-06
B_4461,TXFB-104461,Bound,,,1,2166.52,2026-04-06
B_4462,TXFB-104462,Bound,,,0,2874.02,2026-04-10
B_4463,TXFB-104463,Withdrawn,,,1,2221.48,2026-04-06
B_4464,TXFB-104464,Bound,,,1,1295.92,2026-04-06
B_4465,TXFB-104465,Bound,,,1,2502.64,2026-04-05
B_4466,TXFB-104466,Bound,,,1,1584.47,2026-04-06
B_4467,TXFB-104467,Bound,,,1,2134.62,2026-04-08
B_4468,TXFB-104468,Bound,,,1,1962.7,2026-04-04
B_4469,TXFB-104469,Draft,,,1,1643.53,2026-04-02
B_4470,TXFB-104470,Draft,,,1,2656.63,2026-04-11
B_4471,TXFB-104471,Draft,,,1,3151.63,2026-04-05
B_4472,TXFB-104472,Withdrawn,,,1,515.64,2026-04-15
B_4473,TXFB-104473,Bound,,,1,3300.85,2026-04-09
B_4474,TXFB-104474,Bound,,,1,2034.55,2026-04-12
B_4475,TXFB-104475,Bound,,,1,2602.2,2026-04-06
B_4476,TXFB-104476,Bound,,,1,3066.87,2026-04-07
B_4477,TXFB-104477,Bound,,,1,1901.31,2026-04-02
B_4478,TXFB-104478,Bound,,,1,3004.92,2026-04-11
B_4479,TXFB-104479,Bound,,,1,1032.86,2026-04-12
B_4480,TXFB-104480,Bound,,,1,977.5,2026-04-05
B_4481,TXFB-104481,Bound,,,1,2472.41,2026-04-12
B_4482,TXFB-104482,Bound,,,1,3110.43,2026-04-15
B_4483,TXFB-104483,Bound,,,1,3177.28,2026-04-06
B_4484,TXFB-104484,Bound,,,1,2431.22,2026-04-10
B_4485,TXFB-104485,Bound,,,1,2076.47,2026-04-04
B_4486,TXFB-104486,Canceled,INT_08,2026-04-02,1,1494.18,2026-04-01
B_4487,TXFB-104487,Bound,,,0,3440.0,2026-04-13
B_4488,TXFB-104488,Bound,,,1,1459.09,2026-04-16
B_4489,TXFB-104489,Canceled,INT_06,2026-04-06,0,2732.56,2026-04-05
B_4490,TXFB-104490,Bound,,,1,2095.95,2026-04-15
B_4491,TXFB-104491,Bound,,,1,2325.54,2026-04-11
B_4492,TXFB-104492,Bound,,,0,1680.44,2026-04-05
B_4493,TXFB-104493,Bound,,,1,3394.47,2026-04-01
B_4494,TXFB-104494,Canceled,,2026-04-24,1,2215.05,2026-04-11
B_4495,TXFB-104495,Canceled,INT_04,2026-04-14,1,3313.36,2026-04-10
B_4496,TXFB-104496,Bound,,,1,522.77,2026-04-16
B_4497,TXFB-104497,Bound,,,1,2218.01,2026-04-10
B_4498,TXFB-104498,Bound,,,1,2651.56,2026-04-05
B_4499,TXFB-104499,Bound,,,1,2735.24,2026-04-15
B_4500,TXFB-104500,Bound,,,1,3214.93,2026-04-11
B_4501,TXFB-104501,Bound,,,1,513.2,2026-04-04
B_4502,TXFB-104502,Bound,,,1,500.99,2026-04-16
B_4503,TXFB-104503,Bound,,,1,1916.79,2026-04-02
B_4504,TXFB-104504,Bound,,,1,587.88,2026-04-05
B_4505,TXFB-104505,Bound,,,1,3423.6,2026-04-04
B_4506,TXFB-104506,Bound,,,1,1166.2,2026-04-10
B_4507,TXFB-104507,Canceled,INT_07,2026-04-02,0,1917.99,2026-04-01
B_4508,TXFB-104508,Bound,,,1,683.41,2026-04-13
B_4509,TXFB-104509,Bound,,,1,2066.15,2026-04-08
B_4510,TXFB-104510,Draft,,,1,1639.87,2026-04-15
B_4511,TXFB-104511,Bound,,,1,633.98,2026-04-12
B_4512,TXFB-104512,Bound,,,1,1505.37,2026-04-03
B_4513,TXFB-104513,Bound,,,0,1674.31,2026-04-11
B_4514,TXFB-104514,Bound,,,1,3469.76,2026-04-02
B_4515,TXFB-104515,Bound,,,1,1123.66,2026-04-07
B_4516,TXFB-104516,Bound,,,1,2134.34,2026-04-08
B_4517,TXFB-104517,Bound,,,1,3461.95,2026-04-09
B_4518,TXFB-104518,Draft,,,1,2876.06,2026-04-07
B_4519,TXFB-104519,Bound,,,1,3480.1,2026-04-01
B_4520,TXFB-104520,Bound,,,1,3404.89,2026-04-03
B_4521,TXFB-104521,Draft,,,1,1968.62,2026-04-15
B_4522,TXFB-104522,Bound,,,1,2589.13,2026-04-03
B_4523,TXFB-104523,Draft,,,1,831.33,2026-04-13
B_4524,TXFB-104524,Bound,,,1,1823.45,2026-04-07
B_4525,TXFB-104525,Canceled,INT_07,2026-04-22,0,2927.06,2026-04-16
B_4526,TXFB-104526,Bound,,,1,2016.01,2026-04-11
B_4527,TXFB-104527,Canceled,INT_06,2026-04-23,1,2608.1,2026-04-02
B_4528,TXFB-104528,Draft,,,0,2737.25,2026-04-12
B_4529,TXFB-104529,Bound,,,1,1260.41,2026-04-13
B_4530,TXFB-104530,Bound,,,1,3127.1,2026-04-05
B_4531,TXFB-104531,Bound,,,0,1879.47,2026-04-14
B_4532,TXFB-104532,Bound,,,1,1130.56,2026-04-12
B_4533,TXFB-104533,Bound,,,1,3096.25,2026-04-13
B_4534,TXFB-104534,Bound,,,1,1753.46,2026-04-12
B_4535,TXFB-104535,Bound,,,1,2750.94,2026-04-01
B_4536,TXFB-104536,Bound,,,1,2144.1,2026-04-10
B_4537,TXFB-104537,Bound,,,1,1645.62,2026-04-12
B_4538,TXFB-104538,Bound,,,1,2929.63,2026-04-12
B_4539,TXFB-104539,Bound,,,0,2253.41,2026-04-10
B_4540,TXFB-104540,Bound,,,1,1671.69,2026-04-15
B_4541,TXFB-104541,Bound,,,1,828.79,2026-04-03
B_4542,TXFB-104542,Bound,,,1,3186.34,2026-04-07
B_4543,TXFB-104543,Bound,,,1,606.41,2026-04-15
B_4544,TXFB-104544,Bound,,,1,3089.56,2026-04-14
B_4545,TXFB-104545,Bound,,,1,1579.88,2026-04-15
B_4546,TXFB-104546,Canceled,INT_03,2026-04-26,1,2418.02,2026-04-10
B_4547,TXFB-104547,Bound,,,1,3266.6,2026-04-06
B_4548,TXFB-104548,Bound,,,0,955.12,2026-04-14
B_4549,TXFB-104549,Bound,,,1,2200.85,2026-04-14
B_4550,TXFB-104550,Canceled,,2026-04-20,1,2793.3,2026-04-05
B_4551,TXFB-104551,Draft,,,1,2772.75,2026-04-03
B_4552,TXFB-104552,Bound,,,1,2076.9,2026-04-05
B_4553,TXFB-104553,Bound,,,1,2374.22,2026-04-07
B_4554,TXFB-104554,Draft,,,1,2772.58,2026-04-10
B_4555,TXFB-104555,Bound,,,1,3023.08,2026-04-16
B_4556,TXFB-104556,Bound,,,1,2785.44,2026-04-11
B_4557,TXFB-104557,Bound,,,1,1562.01,2026-04-03
B_4558,TXFB-104558,Bound,,,1,3490.18,2026-04-13
B_4559,TXFB-104559,Draft,,,1,1803.51,2026-04-03
B_4560,TXFB-104560,Withdrawn,,,1,573.39,2026-04-01
B_4561,TXFB-104561,Canceled,INT_04,2026-05-07,1,1587.85,2026-04-14
B_4562,TXFB-104562,Bound,,,0,883.35,2026-04-09
B_4563,TXFB-104563,Draft,,,1,864.33,2026-04-14
B_4564,TXFB-104564,Bound,,,1,1344.61,2026-04-06
B_4565,TXFB-104565,Bound,,,1,660.13,2026-04-15
B_4566,TXFB-104566,Draft,,,1,2565.54,2026-04-05
B_4567,TXFB-104567,Bound,,,1,721.97,2026-04-07
B_4568,TXFB-104568,Bound,,,1,1109.87,2026-04-06
B_4569,TXFB-104569,Bound,,,1,778.7,2026-04-13
B_4570,TXFB-104570,Draft,,,1,689.5,2026-04-10
B_4571,TXFB-104571,Bound,,,1,1303.25,2026-04-16
B_4572,TXFB-104572,Bound,,,1,2215.7,2026-04-02
B_4573,TXFB-104573,Bound,,,0,3394.06,2026-04-10
B_4574,TXFB-104574,Canceled,INT_06,2026-04-23,0,3126.67,2026-04-10
B_4575,TXFB-104575,Canceled,INT_03,2026-05-14,1,3127.8,2026-04-16
B_4576,TXFB-104576,Bound,,,1,1028.2,2026-04-15
B_4577,TXFB-104577,Bound,,,1,1294.72,2026-04-08
B_4578,TXFB-104578,Bound,,,1,729.18,2026-04-01
B_4579,TXFB-104579,Withdrawn,,,0,2835.41,2026-04-01
B_4580,TXFB-104580,Bound,,,1,709.45,2026-04-05
B_4581,TXFB-104581,Draft,,,1,2170.09,2026-04-09
B_4582,TXFB-104582,Bound,,,1,1243.63,2026-04-10
B_4583,TXFB-104583,Canceled,INT_03,2026-05-08,1,1230.34,2026-04-16
B_4584,TXFB-104584,Canceled,INT_03,2026-04-28,1,3472.18,2026-04-04
B_4585,TXFB-104585,Bound,,,1,2770.34,2026-04-10
B_4586,TXFB-104586,Withdrawn,,,1,3010.82,2026-04-14
B_4587,TXFB-104587,Bound,,,1,2215.95,2026-04-06
B_4588,TXFB-104588,Bound,,,1,3113.04,2026-04-16
B_4589,TXFB-104589,Bound,,,1,2436.47,2026-04-08
B_4590,TXFB-104590,Canceled,INT_02,2026-04-21,1,3338.52,2026-04-01
B_4591,TXFB-104591,Bound,,,1,1344.02,2026-04-04
B_4592,TXFB-104592,Bound,,,1,2285.96,2026-04-09
B_4593,TXFB-104593,Bound,,,1,2570.39,2026-04-16
B_4594,TXFB-104594,Bound,,,1,1678.81,2026-04-03
B_4595,TXFB-104595,Bound,,,1,3139.12,2026-04-12
B_4596,TXFB-104596,Bound,,,1,3439.41,2026-04-16
B_4597,TXFB-104597,Canceled,INT_99,2026-05-08,1,1981.31,2026-04-14
B_4598,TXFB-104598,Bound,,,1,1671.92,2026-04-09
B_4599,TXFB-104599,Bound,,,1,1915.81,2026-04-16
B_4600,TXFB-104600,Bound,,,1,3058.21,2026-04-04
B_4601,TXFB-104601,Bound,,,0,2436.41,2026-04-12
B_4602,TXFB-104602,Canceled,INT_08,2026-04-17,1,634.32,2026-04-01
B_4603,TXFB-104603,Draft,,,1,2126.51,2026-04-09
B_4604,TXFB-104604,Bound,,,0,551.9,2026-04-06
B_4605,TXFB-104605,Canceled,INT_08,2026-04-12,1,2835.61,2026-04-02
B_4606,TXFB-104606,Draft,,,1,1484.94,2026-04-05
B_4607,TXFB-104607,Canceled,INT_06,2026-05-01,1,1916.02,2026-04-11
B_4608,TXFB-104608,Bound,,,1,2896.03,2026-04-15
B_4609,TXFB-104609,Withdrawn,,,1,639.35,2026-04-05
B_4610,TXFB-104610,Bound,,,1,975.62,2026-04-12
B_4611,TXFB-104611,Bound,,,1,1693.88,2026-04-06
B_4612,TXFB-104612,Bound,,,1,1189.78,2026-04-02
B_4613,TXFB-104613,Bound,,,1,1513.7,2026-04-09
B_4614,TXFB-104614,Bound,,,1,3494.52,2026-04-12
B_4615,TXFB-104615,Bound,,,1,2976.24,2026-04-14
B_4616,TXFB-104616,Bound,,,1,3151.71,2026-04-12
B_4617,TXFB-104617,Canceled,INT_06,2026-04-29,1,3311.16,2026-04-02
B_4618,TXFB-104618,Draft,,,1,1522.81,2026-04-10
B_4619,TXFB-104619,Bound,,,1,1391.23,2026-04-10
B_4620,TXFB-104620,Draft,,,1,1202.19,2026-04-03
B_4621,TXFB-104621,Draft,,,1,2990.35,2026-04-07
B_4622,TXFB-104622,Canceled,INT_99,2026-04-26,0,2538.66,2026-04-06
B_4623,TXFB-104623,Bound,,,1,1208.52,2026-04-04
B_4624,TXFB-104624,Bound,,,1,1630.98,2026-04-06
B_4625,TXFB-104625,Draft,,,1,2020.14,2026-04-11
B_4626,TXFB-104626,Bound,,,1,2084.42,2026-04-11
B_4627,TXFB-104627,Bound,,,1,3166.18,2026-04-10
B_4628,TXFB-104628,Bound,,,1,1641.7,2026-04-09
B_4629,TXFB-104629,Bound,,,0,3225.57,2026-04-12
B_4630,TXFB-104630,Bound,,,1,1824.1,2026-04-04
B_4631,TXFB-104631,Bound,,,1,2739.12,2026-04-12
B_4632,TXFB-104632,Bound,,,1,3290.76,2026-04-05
B_4633,TXFB-104633,Canceled,,2026-04-13,1,3222.73,2026-04-01
B_4634,TXFB-104634,Draft,,,1,670.86,2026-04-05
B_4635,TXFB-104635,Bound,,,1,1117.11,2026-04-10
B_4636,TXFB-104636,Withdrawn,,,1,1930.72,2026-04-12
B_4637,TXFB-104637,Bound,,,1,1794.66,2026-04-16
B_4638,TXFB-104638,Bound,,,0,2422.67,2026-04-14
B_4639,TXFB-104639,Canceled,INT_05,2026-05-04,1,3334.13,2026-04-11
B_4640,TXFB-104640,Canceled,INT_01,2026-04-28,0,837.21,2026-04-06
B_4641,TXFB-104641,Draft,,,1,1855.58,2026-04-04
B_4642,TXFB-104642,Bound,,,1,1077.23,2026-04-07
B_4643,TXFB-104643,Draft,,,1,3182.32,2026-04-05
B_4644,TXFB-104644,Bound,,,1,3393.74,2026-04-08
B_4645,TXFB-104645,Canceled,INT_02,2026-04-30,1,1936.11,2026-04-07
B_4646,TXFB-104646,Canceled,INT_08,2026-04-26,1,812.03,2026-04-04
B_4647,TXFB-104647,Bound,,,1,2855.88,2026-04-14
B_4648,TXFB-104648,Bound,,,1,2591.42,2026-04-15
B_4649,TXFB-104649,Draft,,,1,1564.01,2026-04-03
B_4650,TXFB-104650,Bound,,,1,3162.22,2026-04-04
B_4651,TXFB-104651,Bound,,,1,3427.5,2026-04-05
B_4652,TXFB-104652,Canceled,,2026-04-14,1,2173.56,2026-04-01
B_4653,TXFB-104653,Bound,,,1,2197.18,2026-04-16
B_4654,TXFB-104654,Canceled,INT_05,2026-05-08,1,1392.54,2026-04-12
B_4655,TXFB-104655,Bound,,,1,2253.52,2026-04-10
B_4656,TXFB-104656,Bound,,,1,1818.93,2026-04-12
B_4657,TXFB-104657,Canceled,,2026-04-15,1,1406.57,2026-04-05
B_4658,TXFB-104658,Bound,,,1,701.56,2026-04-15
B_4659,TXFB-104659,Bound,,,1,1258.12,2026-04-11
B_4660,TXFB-104660,Canceled,INT_02,2026-04-09,1,1093.56,2026-04-06
B_4661,TXFB-104661,Bound,,,1,2126.13,2026-04-10
B_4662,TXFB-104662,Bound,,,1,2305.01,2026-04-01
B_4663,TXFB-104663,Bound,,,1,2325.72,2026-04-04
B_4664,TXFB-104664,Canceled,INT_07,2026-04-13,0,1664.54,2026-04-08
B_4665,TXFB-104665,Canceled,INT_01,2026-04-10,1,1763.69,2026-04-05
B_4666,TXFB-104666,Canceled,INT_04,2026-04-06,1,3002.72,2026-04-05
B_4667,TXFB-104667,Bound,,,0,1928.7,2026-04-08
B_4668,TXFB-104668,Canceled,INT_08,2026-04-17,1,3463.32,2026-04-10
B_4669,TXFB-104669,Bound,,,1,1818.85,2026-04-05
B_4670,TXFB-104670,Bound,,,1,2448.74,2026-04-07
B_4671,TXFB-104671,Bound,,,1,651.09,2026-04-05
B_4672,TXFB-104672,Draft,,,1,2460.02,2026-04-03
B_4673,TXFB-104673,Canceled,INT_01,2026-04-18,1,3054.28,2026-04-14
B_4674,TXFB-104674,Bound,,,1,3327.37,2026-04-04
B_4675,TXFB-104675,Bound,,,1,3491.96,2026-04-03
B_4676,TXFB-104676,Draft,,,1,1346.54,2026-04-01
B_4677,TXFB-104677,Bound,,,1,2226.11,2026-04-16
B_4678,TXFB-104678,Withdrawn,,,0,1852.15,2026-04-14
B_4679,TXFB-104679,Bound,,,1,2191.45,2026-04-02
B_4680,TXFB-104680,Bound,,,1,972.36,2026-04-07
B_4681,TXFB-104681,Bound,,,1,3068.45,2026-04-04
B_4682,TXFB-104682,Bound,,,0,3228.71,2026-04-02
B_4683,TXFB-104683,Draft,,,1,1848.98,2026-04-02
B_4684,TXFB-104684,Bound,,,1,1341.29,2026-04-16
B_4685,TXFB-104685,Canceled,INT_06,2026-05-01,1,922.5,2026-04-04
B_4686,TXFB-104686,Bound,,,1,2551.29,2026-04-09
B_4687,TXFB-104687,Bound,,,1,1436.7,2026-04-02
B_4688,TXFB-104688,Bound,,,1,3228.62,2026-04-03
B_4689,TXFB-104689,Bound,,,1,2513.04,2026-04-10
B_4690,TXFB-104690,Withdrawn,,,1,2437.06,2026-04-01
B_4691,TXFB-104691,Bound,,,1,2178.21,2026-04-04
B_4692,TXFB-104692,Bound,,,1,637.33,2026-04-04
B_4693,TXFB-104693,Bound,,,1,3295.77,2026-04-07
B_4694,TXFB-104694,Bound,,,1,2383.81,2026-04-07
B_4695,TXFB-104695,Bound,,,1,3482.19,2026-04-06
B_4696,TXFB-104696,Draft,,,1,2112.07,2026-04-12
B_4697,TXFB-104697,Bound,,,1,2630.33,2026-04-01
B_4698,TXFB-104698,Bound,,,1,668.63,2026-04-03
B_4699,TXFB-104699,Bound,,,1,2395.21,2026-04-05
B_4700,TXFB-104700,Withdrawn,,,1,2793.95,2026-04-09
B_4701,TXFB-104701,Bound,,,1,2835.54,2026-04-12
B_4702,TXFB-104702,Bound,,,1,2810.33,2026-04-12
B_4703,TXFB-104703,Bound,,,1,1178.85,2026-04-06
B_4704,TXFB-104704,Bound,,,1,3426.2,2026-04-08
B_4705,TXFB-104705,Bound,,,1,3485.55,2026-04-03
B_4706,TXFB-104706,Bound,,,1,726.79,2026-04-04
B_4707,TXFB-104707,Canceled,INT_02,2026-04-02,0,3309.34,2026-04-01
B_4708,TXFB-104708,Bound,,,1,1368.35,2026-04-07
B_4709,TXFB-104709,Canceled,INT_03,2026-04-30,1,2567.85,2026-04-07
B_4710,TXFB-104710,Bound,,,1,1514.33,2026-04-10
B_4711,TXFB-104711,Bound,,,1,3403.26,2026-04-06
B_4712,TXFB-104712,Bound,,,1,804.51,2026-04-01
B_4713,TXFB-104713,Bound,,,1,1993.24,2026-04-04
B_4714,TXFB-104714,Canceled,,2026-04-14,1,1784.14,2026-04-07
B_4715,TXFB-104715,Bound,,,1,1478.07,2026-04-16
B_4716,TXFB-104716,Bound,,,1,2436.6,2026-04-12
B_4717,TXFB-104717,Bound,,,1,893.17,2026-04-06
B_4718,TXFB-104718,Withdrawn,,,1,2649.99,2026-04-15
B_4719,TXFB-104719,Bound,,,1,3441.78,2026-04-04
B_4720,TXFB-104720,Draft,,,1,2913.68,2026-04-06
B_4721,TXFB-104721,Bound,,,1,3080.05,2026-04-12
B_4722,TXFB-104722,Bound,,,1,1578.91,2026-04-13
B_4723,TXFB-104723,Bound,,,1,1474.66,2026-04-14
B_4724,TXFB-104724,Bound,,,1,2051.15,2026-04-07
B_4725,TXFB-104725,Bound,,,1,637.18,2026-04-08
B_4726,TXFB-104726,Bound,,,1,3336.07,2026-04-14
B_4727,TXFB-104727,Draft,,,1,931.36,2026-04-04
B_4728,TXFB-104728,Canceled,INT_08,2026-05-09,1,3209.04,2026-04-11
B_4729,TXFB-104729,Canceled,INT_03,2026-04-05,1,750.75,2026-04-04
B_4730,TXFB-104730,Bound,,,1,2967.87,2026-04-15
B_4731,TXFB-104731,Bound,,,1,955.89,2026-04-04
B_4732,TXFB-104732,Bound,,,1,614.39,2026-04-05
B_4733,TXFB-104733,Canceled,INT_05,2026-04-23,1,2658.47,2026-04-16
B_4734,TXFB-104734,Draft,,,1,1340.8,2026-04-12
B_4735,TXFB-104735,Bound,,,1,2643.49,2026-04-10
B_4736,TXFB-104736,Bound,,,1,2165.26,2026-04-02
B_4737,TXFB-104737,Bound,,,1,826.42,2026-04-03
B_4738,TXFB-104738,Bound,,,0,3296.39,2026-04-11
B_4739,TXFB-104739,Bound,,,1,1856.94,2026-04-16
B_4740,TXFB-104740,Bound,,,1,2703.34,2026-04-04
B_4741,TXFB-104741,Canceled,INT_06,2026-04-29,0,2003.06,2026-04-13
B_4742,TXFB-104742,Bound,,,0,2313.08,2026-04-10
B_4743,TXFB-104743,Bound,,,1,1408.32,2026-04-15
B_4744,TXFB-104744,Withdrawn,,,1,1101.08,2026-04-10
B_4745,TXFB-104745,Bound,,,1,2127.71,2026-04-15
B_4746,TXFB-104746,Bound,,,1,1820.66,2026-04-08
B_4747,TXFB-104747,Bound,,,1,1670.34,2026-04-14
B_4748,TXFB-104748,Bound,,,1,2517.7,2026-04-10
B_4749,TXFB-104749,Bound,,,0,2571.52,2026-04-14
B_4750,TXFB-104750,Canceled,INT_01,2026-04-28,1,637.76,2026-04-07
B_4751,TXFB-104751,Bound,,,1,1516.23,2026-04-03
B_4752,TXFB-104752,Bound,,,1,1735.29,2026-04-16
B_4753,TXFB-104753,Bound,,,1,790.68,2026-04-12
B_4754,TXFB-104754,Bound,,,1,1207.7,2026-04-06
B_4755,TXFB-104755,Draft,,,1,654.93,2026-04-01
B_4756,TXFB-104756,Draft,,,1,3488.73,2026-04-16
B_4757,TXFB-104757,Bound,,,1,2709.67,2026-04-04
B_4758,TXFB-104758,Canceled,INT_06,2026-04-18,1,762.35,2026-04-13
B_4759,TXFB-104759,Bound,,,1,560.75,2026-04-15
B_4760,TXFB-104760,Withdrawn,,,1,2657.86,2026-04-03
B_4761,TXFB-104761,Bound,,,1,1817.58,2026-04-04
B_4762,TXFB-104762,Withdrawn,,,1,2860.39,2026-04-05
B_4763,TXFB-104763,Canceled,,2026-05-04,1,3270.43,2026-04-13
B_4764,TXFB-104764,Bound,,,1,2297.9,2026-04-13
B_4765,TXFB-104765,Bound,,,1,1061.33,2026-04-04
B_4766,TXFB-104766,Withdrawn,,,1,2846.58,2026-04-06
B_4767,TXFB-104767,Draft,,,1,3367.44,2026-04-03
B_4768,TXFB-104768,Bound,,,1,2240.69,2026-04-12
B_4769,TXFB-104769,Canceled,,2026-04-15,1,2545.99,2026-04-07
B_4770,TXFB-104770,Bound,,,1,1512.42,2026-04-11
B_4771,TXFB-104771,Bound,,,1,1644.58,2026-04-07
B_4772,TXFB-104772,Bound,,,1,2703.96,2026-04-13
B_4773,TXFB-104773,Bound,,,1,3283.31,2026-04-04
B_4774,TXFB-104774,Canceled,INT_05,2026-04-22,1,2386.97,2026-04-08
B_4775,TXFB-104775,Bound,,,1,2869.54,2026-04-14
B_4776,TXFB-104776,Canceled,INT_03,2026-05-13,1,1014.91,2026-04-16
B_4777,TXFB-104777,Bound,,,1,1135.88,2026-04-09
B_4778,TXFB-104778,Bound,,,1,2096.1,2026-04-09
B_4779,TXFB-104779,Bound,,,1,1029.66,2026-04-13
B_4780,TXFB-104780,Bound,,,1,2404.99,2026-04-12
B_4781,TXFB-104781,Bound,,,1,1374.96,2026-04-16
B_4782,TXFB-104782,Bound,,,1,2874.6,2026-04-13
B_4783,TXFB-104783,Bound,,,1,2924.33,2026-04-16
B_4784,TXFB-104784,Bound,,,1,1891.36,2026-04-09
B_4785,TXFB-104785,Bound,,,1,1042.43,2026-04-05
B_4786,TXFB-104786,Bound,,,1,2440.32,2026-04-15
B_4787,TXFB-104787,Draft,,,0,3478.36,2026-04-04
B_4788,TXFB-104788,Draft,,,1,2367.77,2026-04-04
B_4789,TXFB-104789,Bound,,,1,607.32,2026-04-09
B_4790,TXFB-104790,Bound,,,0,551.88,2026-04-16
B_4791,TXFB-104791,Bound,,,1,1461.09,2026-04-16
B_4792,TXFB-104792,Withdrawn,,,1,1087.35,2026-04-08
B_4793,TXFB-104793,Bound,,,0,2939.15,2026-04-05
B_4794,TXFB-104794,Bound,,,1,3034.42,2026-04-01
B_4795,TXFB-104795,Bound,,,1,1275.86,2026-04-04
B_4796,TXFB-104796,Bound,,,1,1476.93,2026-04-02
B_4797,TXFB-104797,Bound,,,1,1208.74,2026-04-03
B_4798,TXFB-104798,Canceled,INT_03,2026-05-07,1,3225.15,2026-04-16
B_4799,TXFB-104799,Bound,,,1,2007.95,2026-04-01
B_4800,TXFB-104800,Bound,,,1,2468.41,2026-04-06
B_4801,TXFB-104801,Bound,,,1,1746.45,2026-04-13
B_4802,TXFB-104802,Bound,,,1,2393.04,2026-04-11
B_4803,TXFB-104803,Draft,,,1,1657.57,2026-04-05
B_4804,TXFB-104804,Bound,,,1,1519.04,2026-04-10
B_4805,TXFB-104805,Canceled,INT_05,2026-05-02,1,2403.44,2026-04-04
B_4806,TXFB-104806,Bound,,,1,2273.19,2026-04-03
B_4807,TXFB-104807,Bound,,,1,1380.58,2026-04-16
B_4808,TXFB-104808,Withdrawn,,,1,948.05,2026-04-15
B_4809,TXFB-104809,Bound,,,1,1605.73,2026-04-07
B_4810,TXFB-104810,Draft,,,1,1745.59,2026-04-10
B_4811,TXFB-104811,Bound,,,1,2386.05,2026-04-16
B_4812,TXFB-104812,Draft,,,1,3243.59,2026-04-16
B_4813,TXFB-104813,Bound,,,1,608.55,2026-04-09
B_4814,TXFB-104814,Bound,,,1,1230.98,2026-04-11
B_4815,TXFB-104815,Canceled,INT_07,2026-04-27,1,1081.15,2026-04-01
B_4816,TXFB-104816,Draft,,,1,2006.88,2026-04-02
B_4817,TXFB-104817,Draft,,,1,1789.1,2026-04-14
B_4818,TXFB-104818,Canceled,INT_99,2026-04-22,1,2687.11,2026-04-04
B_4819,TXFB-104819,Draft,,,1,1227.25,2026-04-13
B_4820,TXFB-104820,Bound,,,1,2283.5,2026-04-15
B_4821,TXFB-104821,Bound,,,1,3151.57,2026-04-11
B_4822,TXFB-104822,Bound,,,1,3232.03,2026-04-13
B_4823,TXFB-104823,Bound,,,1,3376.35,2026-04-15
B_4824,TXFB-104824,Bound,,,1,2819.78,2026-04-15
B_4825,TXFB-104825,Bound,,,1,3217.96,2026-04-02
B_4826,TXFB-104826,Bound,,,1,1203.59,2026-04-02
B_4827,TXFB-104827,Bound,,,1,1092.74,2026-04-06
B_4828,TXFB-104828,Bound,,,1,519.46,2026-04-10
B_4829,TXFB-104829,Bound,,,1,2620.53,2026-04-06
B_4830,TXFB-104830,Bound,,,1,3312.4,2026-04-16
B_4831,TXFB-104831,Canceled,INT_02,2026-04-21,1,1060.81,2026-04-14
B_4832,TXFB-104832,Canceled,INT_07,2026-04-08,1,2410.83,2026-04-05
B_4833,TXFB-104833,Bound,,,1,2739.38,2026-04-10
B_4834,TXFB-104834,Bound,,,1,3282.84,2026-04-13
B_4835,TXFB-104835,Bound,,,1,2440.58,2026-04-16
B_4836,TXFB-104836,Bound,,,0,3410.88,2026-04-04
B_4837,TXFB-104837,Bound,,,1,1534.02,2026-04-16
B_4838,TXFB-104838,Bound,,,1,1549.79,2026-04-16
B_4839,TXFB-104839,Bound,,,1,2129.04,2026-04-16
B_4840,TXFB-104840,Bound,,,1,1650.51,2026-04-06
B_4841,TXFB-104841,Withdrawn,,,1,504.28,2026-04-02
B_4842,TXFB-104842,Withdrawn,,,1,2695.32,2026-04-13
B_4843,TXFB-104843,Bound,,,1,2755.15,2026-04-09
B_4844,TXFB-104844,Bound,,,1,2740.92,2026-04-16
B_4845,TXFB-104845,Bound,,,1,1535.06,2026-04-13
B_4846,TXFB-104846,Bound,,,1,2066.87,2026-04-12
B_4847,TXFB-104847,Draft,,,1,1579.92,2026-04-10
B_4848,TXFB-104848,Bound,,,1,548.11,2026-04-11
B_4849,TXFB-104849,Canceled,INT_06,2026-04-12,1,2187.35,2026-04-02
B_4850,TXFB-104850,Bound,,,1,871.28,2026-04-01
B_4851,TXFB-104851,Withdrawn,,,1,740.12,2026-04-02
B_4852,TXFB-104852,Bound,,,1,2766.5,2026-04-05
B_4853,TXFB-104853,Canceled,INT_02,2026-05-07,0,528.52,2026-04-12
B_4854,TXFB-104854,Bound,,,1,3377.03,2026-04-12
B_4855,TXFB-104855,Bound,,,1,2045.77,2026-04-01
B_4856,TXFB-104856,Bound,,,1,3449.05,2026-04-11
B_4857,TXFB-104857,Bound,,,0,673.99,2026-04-13
B_4858,TXFB-104858,Draft,,,1,2250.59,2026-04-04
B_4859,TXFB-104859,Draft,,,1,1547.98,2026-04-14
B_4860,TXFB-104860,Draft,,,1,3030.45,2026-04-12
B_4861,TXFB-104861,Bound,,,1,1583.67,2026-04-12
B_4862,TXFB-104862,Canceled,INT_07,2026-04-29,1,1281.46,2026-04-14
B_4863,TXFB-104863,Bound,,,1,3072.66,2026-04-12
B_4864,TXFB-104864,Bound,,,1,1623.96,2026-04-02
B_4865,TXFB-104865,Bound,,,1,550.5,2026-04-08
B_4866,TXFB-104866,Bound,,,0,1670.87,2026-04-08
B_4867,TXFB-104867,Bound,,,1,2463.57,2026-04-08
B_4868,TXFB-104868,Bound,,,1,1263.08,2026-04-10
B_4869,TXFB-104869,Bound,,,1,1795.96,2026-04-03
B_4870,TXFB-104870,Canceled,INT_01,2026-04-08,1,670.15,2026-04-03
B_4871,TXFB-104871,Bound,,,1,2264.28,2026-04-10
B_4872,TXFB-104872,Bound,,,1,2768.88,2026-04-04
B_4873,TXFB-104873,Bound,,,1,1739.94,2026-04-11
B_4874,TXFB-104874,Bound,,,1,1760.7,2026-04-06
B_4875,TXFB-104875,Bound,,,1,764.85,2026-04-01
B_4876,TXFB-104876,Bound,,,0,1105.82,2026-04-11
B_4877,TXFB-104877,Bound,,,0,964.03,2026-04-02
B_4878,TXFB-104878,Bound,,,1,1945.06,2026-04-15
B_4879,TXFB-104879,Bound,,,1,2087.77,2026-04-14
B_4880,TXFB-104880,Canceled,INT_03,2026-04-30,1,3346.82,2026-04-14
B_4881,TXFB-104881,Bound,,,1,719.69,2026-04-09
B_4882,TXFB-104882,Bound,,,1,2299.6,2026-04-01
B_4883,TXFB-104883,Canceled,INT_06,2026-04-30,1,2079.5,2026-04-16
B_4884,TXFB-104884,Bound,,,1,2048.7,2026-04-01
B_4885,TXFB-104885,Bound,,,0,3119.48,2026-04-11
B_4886,TXFB-104886,Draft,,,1,1116.62,2026-04-13
B_4887,TXFB-104887,Bound,,,1,622.32,2026-04-13
B_4888,TXFB-104888,Bound,,,1,2516.81,2026-04-11
B_4889,TXFB-104889,Bound,,,1,1535.47,2026-04-04
B_4890,TXFB-104890,Bound,,,1,552.77,2026-04-16
B_4891,TXFB-104891,Bound,,,1,1254.12,2026-04-04
B_4892,TXFB-104892,Bound,,,0,1427.98,2026-04-07
B_4893,TXFB-104893,Bound,,,1,2350.52,2026-04-11
B_4894,TXFB-104894,Bound,,,1,1017.76,2026-04-16
B_4895,TXFB-104895,Bound,,,1,1739.16,2026-04-11
B_4896,TXFB-104896,Bound,,,1,1947.43,2026-04-06
B_4897,TXFB-104897,Bound,,,1,1877.71,2026-04-10
B_4898,TXFB-104898,Bound,,,1,3421.82,2026-04-12
B_4899,TXFB-104899,Bound,,,1,636.51,2026-04-14
B_4900,TXFB-104900,Draft,,,0,3352.9,2026-04-07
B_4901,TXFB-104901,Bound,,,0,2245.81,2026-04-16
B_4902,TXFB-104902,Bound,,,1,2887.18,2026-04-03
B_4903,TXFB-104903,Bound,,,1,1791.18,2026-04-07
B_4904,TXFB-104904,Bound,,,1,1861.51,2026-04-10
B_4905,TXFB-104905,Draft,,,1,3137.98,2026-04-09
B_4906,TXFB-104906,Bound,,,1,3187.8,2026-04-02
B_4907,TXFB-104907,Withdrawn,,,1,1216.07,2026-04-10
B_4908,TXFB-104908,Bound,,,0,1097.73,2026-04-13
B_4909,TXFB-104909,Canceled,INT_08,2026-04-09,1,1988.71,2026-04-08
B_4910,TXFB-104910,Bound,,,0,3200.83,2026-04-03
B_4911,TXFB-104911,Draft,,,1,1467.07,2026-04-04
B_4912,TXFB-104912,Bound,,,1,2456.04,2026-04-11
B_4913,TXFB-104913,Bound,,,0,2624.46,2026-04-09
B_4914,TXFB-104914,Bound,,,1,2836.02,2026-04-03
B_4915,TXFB-104915,Bound,,,1,2191.77,2026-04-16
B_4916,TXFB-104916,Draft,,,1,1707.37,2026-04-14
B_4917,TXFB-104917,Bound,,,1,3401.05,2026-04-07
B_4918,TXFB-104918,Bound,,,1,2333.99,2026-04-12
B_4919,TXFB-104919,Canceled,INT_99,2026-04-07,0,2685.7,2026-04-03
B_4920,TXFB-104920,Bound,,,1,1534.95,2026-04-10
B_4921,TXFB-104921,Withdrawn,,,1,2509.85,2026-04-10
B_4922,TXFB-104922,Canceled,INT_03,2026-04-20,1,1273.39,2026-04-14
B_4923,TXFB-104923,Bound,,,1,1235.29,2026-04-11
B_4924,TXFB-104924,Draft,,,1,2644.17,2026-04-07
B_4925,TXFB-104925,Bound,,,1,2064.18,2026-04-14
B_4926,TXFB-104926,Bound,,,0,2549.83,2026-04-13
B_4927,TXFB-104927,Bound,,,1,1308.32,2026-04-09
B_4928,TXFB-104928,Bound,,,1,2296.17,2026-04-15
B_4929,TXFB-104929,Canceled,,2026-05-05,1,1831.8,2026-04-06
B_4930,TXFB-104930,Draft,,,1,2290.88,2026-04-01
B_4931,TXFB-104931,Bound,,,1,1372.64,2026-04-06
B_4932,TXFB-104932,Bound,,,1,2646.35,2026-04-16
B_4933,TXFB-104933,Withdrawn,,,1,2917.79,2026-04-07
B_4934,TXFB-104934,Bound,,,0,1279.75,2026-04-15
B_4935,TXFB-104935,Bound,,,1,1401.86,2026-04-09
B_4936,TXFB-104936,Bound,,,1,2483.46,2026-04-14
B_4937,TXFB-104937,Draft,,,1,2586.76,2026-04-02
B_4938,TXFB-104938,Bound,,,1,2612.3,2026-04-07
B_4939,TXFB-104939,Canceled,INT_02,2026-04-17,1,2548.1,2026-04-12
B_4940,TXFB-104940,Canceled,INT_01,2026-05-09,1,1678.42,2026-04-15
B_4941,TXFB-104941,Bound,,,1,1684.56,2026-04-05
B_4942,TXFB-104942,Bound,,,0,1264.45,2026-04-08
B_4943,TXFB-104943,Canceled,INT_03,2026-04-28,0,970.5,2026-04-05
B_4944,TXFB-104944,Bound,,,1,2577.73,2026-04-10
B_4945,TXFB-104945,Canceled,INT_03,2026-04-29,1,779.57,2026-04-14
B_4946,TXFB-104946,Draft,,,1,3313.38,2026-04-14
B_4947,TXFB-104947,Bound,,,1,2980.06,2026-04-11
B_4948,TXFB-104948,Canceled,INT_99,2026-04-19,1,3072.52,2026-04-03
B_4949,TXFB-104949,Canceled,INT_03,2026-04-23,1,3220.01,2026-04-07
B_4950,TXFB-104950,Canceled,INT_01,2026-04-15,1,1725.81,2026-04-14
B_4951,TXFB-104951,Bound,,,1,3040.1,2026-04-09
B_4952,TXFB-104952,Bound,,,1,974.18,2026-04-10
B_4953,TXFB-104953,Bound,,,1,564.93,2026-04-06
B_4954,TXFB-104954,Bound,,,1,2854.67,2026-04-09
B_4955,TXFB-104955,Bound,,,1,724.39,2026-04-08
B_4956,TXFB-104956,Canceled,INT_04,2026-05-11,1,3465.57,2026-04-13
B_4957,TXFB-104957,Bound,,,1,2524.39,2026-04-08
B_4958,TXFB-104958,Bound,,,1,2760.35,2026-04-04
B_4959,TXFB-104959,Bound,,,1,1237.41,2026-04-05
B_4960,TXFB-104960,Canceled,INT_05,2026-04-22,1,2521.6,2026-04-07
B_4961,TXFB-104961,Bound,,,1,629.66,2026-04-01
B_4962,TXFB-104962,Bound,,,1,3013.48,2026-04-08
B_4963,TXFB-104963,Bound,,,1,1008.87,2026-04-10
B_4964,TXFB-104964,Canceled,INT_08,2026-05-04,1,2592.07,2026-04-15
B_4965,TXFB-104965,Bound,,,1,1173.44,2026-04-16
B_4966,TXFB-104966,Bound,,,1,705.36,2026-04-14
B_4967,TXFB-104967,Withdrawn,,,1,1944.48,2026-04-14
B_4968,TXFB-104968,Canceled,INT_04,2026-04-10,1,1007.86,2026-04-02
B_4969,TXFB-104969,Withdrawn,,,1,2688.33,2026-04-07
B_4970,TXFB-104970,Bound,,,1,1212.7,2026-04-06
B_4971,TXFB-104971,Bound,,,0,1527.42,2026-04-09
B_4972,TXFB-104972,Draft,,,1,2202.32,2026-04-05
B_4973,TXFB-104973,Bound,,,1,1354.9,2026-04-01
B_4974,TXFB-104974,Canceled,INT_08,2026-04-16,0,1633.96,2026-04-09
B_4975,TXFB-104975,Bound,,,1,2946.87,2026-04-09
B_4976,TXFB-104976,Bound,,,1,1037.63,2026-04-06
B_4977,TXFB-104977,Bound,,,1,746.6,2026-04-02
B_4978,TXFB-104978,Bound,,,1,1485.07,2026-04-16
B_4979,TXFB-104979,Bound,,,1,1773.13,2026-04-01
B_4980,TXFB-104980,Bound,,,1,2127.98,2026-04-02
B_4981,TXFB-104981,Withdrawn,,,1,1617.27,2026-04-03
B_4982,TXFB-104982,Bound,,,1,2869.74,2026-04-11
B_4983,TXFB-104983,Bound,,,1,617.96,2026-04-10
B_4984,TXFB-104984,Canceled,INT_04,2026-04-13,1,1795.3,2026-04-03
B_4985,TXFB-104985,Bound,,,1,1646.77,2026-04-14
B_4986,TXFB-104986,Bound,,,1,2442.74,2026-04-12
B_4987,TXFB-104987,Canceled,INT_08,2026-04-22,1,3398.83,2026-04-03
B_4988,TXFB-104988,Bound,,,1,2031.13,2026-04-13
B_4989,TXFB-104989,Canceled,INT_05,2026-05-02,0,3460.63,2026-04-05
B_4990,TXFB-104990,Canceled,INT_07,2026-05-05,1,1406.75,2026-04-08
B_4991,TXFB-104991,Withdrawn,,,1,592.6,2026-04-04
B_4992,TXFB-104992,Bound,,,1,996.99,2026-04-04
B_4993,TXFB-104993,Bound,,,1,1685.37,2026-04-09
B_4994,TXFB-104994,Bound,,,1,1449.0,2026-04-16
B_4995,TXFB-104995,Bound,,,1,791.16,2026-04-03
B_4996,TXFB-104996,Draft,,,1,1797.98,2026-04-08
B_4997,TXFB-104997,Bound,,,1,1514.35,2026-04-04
B_4998,TXFB-104998,Bound,,,1,867.86,2026-04-11
B_4999,TXFB-104999,Canceled,INT_04,2026-04-24,1,1388.35,2026-04-11
B_5000,TXFB-105000,Bound,,,1,3159.31,2026-04-13
B_5001,TXFB-200000,Bound,,,1,1406.15,2026-04-10
B_5002,TXFB-200001,Bound,,,1,2641.87,2026-04-10
B_5003,TXFB-200002,Bound,,,1,2336.14,2026-04-10
B_5004,TXFB-200003,Bound,,,1,1781.54,2026-04-10
B_5005,TXFB-200004,Bound,,,1,1217.08,2026-04-10
B_5006,TXFB-200005,Bound,,,1,1607.04,2026-04-10
B_5007,TXFB-200006,Bound,,,0,2276.32,2026-04-10
B_5008,TXFB-200007,Bound,,,1,1552.26,2026-04-10
B_5009,TXFB-200008,Bound,,,1,1144.69,2026-04-10
B_5010,TXFB-200009,Bound,,,1,849.39,2026-04-10
B_5011,TXFB-200010,Bound,,,1,3139.3,2026-04-10
B_5012,TXFB-200011,Bound,,,1,1820.94,2026-04-10
B_5013,TXFB-200012,Bound,,,1,2375.62,2026-04-10
B_5014,TXFB-200013,Bound,,,1,1971.23,2026-04-10
B_5015,TXFB-200014,Bound,,,1,3117.7,2026-04-10
B_5016,TXFB-200015,Bound,,,0,2140.8,2026-04-10
B_5017,TXFB-200016,Bound,,,0,1942.34,2026-04-10
B_5018,TXFB-200017,Bound,,,1,3273.8,2026-04-10
B_5019,TXFB-200018,Bound,,,1,2659.07,2026-04-10
B_5020,TXFB-200019,Bound,,,1,834.65,2026-04-10
B_5021,TXFB-200020,Bound,,,1,1033.11,2026-04-10
B_5022,TXFB-200021,Bound,,,0,2861.37,2026-04-10
B_5023,TXFB-200022,Bound,,,1,3007.55,2026-04-10
B_5024,TXFB-200023,Bound,,,0,2135.57,2026-04-10
B_5025,TXFB-200024,Bound,,,1,2163.37,2026-04-10
B_5026,TXFB-200025,Bound,,,1,2395.8,2026-04-10
B_5027,TXFB-200026,Bound,,,1,1817.35,2026-04-10
B_5028,TXFB-200027,Bound,,,1,2540.6,2026-04-10
B_5029,TXFB-200028,Bound,,,1,825.44,2026-04-10
B_5030,TXFB-200029,Bound,,,1,3383.84,2026-04-10
B_5031,TXFB-200030,Bound,,,0,2750.46,2026-04-10
B_5032,TXFB-200031,Bound,,,1,2393.52,2026-04-10
B_5033,TXFB-200032,Bound,,,1,1448.97,2026-04-10
B_5034,TXFB-200033,Bound,,,1,982.87,2026-04-10
B_5035,TXFB-200034,Bound,,,1,1728.03,2026-04-10
B_5036,TXFB-200035,Bound,,,1,2484.73,2026-04-10
B_5037,TXFB-200036,Bound,,,1,2401.13,2026-04-10
B_5038,TXFB-200037,Bound,,,1,1647.92,2026-04-10
B_5039,TXFB-200038,Bound,,,1,2339.86,2026-04-10
B_5040,TXFB-200039,Bound,,,0,2941.24,2026-04-10
B_5041,TXFB-200040,Bound,,,1,578.85,2026-04-10
B_5042,TXFB-200041,Bound,,,1,1851.86,2026-04-10
B_5043,TXFB-200042,Bound,,,1,2775.67,2026-04-10
B_5044,TXFB-200043,Bound,,,1,2138.43,2026-04-10
B_5045,TXFB-200044,Bound,,,1,2454.43,2026-04-10
B_5046,TXFB-200045,Bound,,,1,2050.03,2026-04-10
B_5047,TXFB-200046,Bound,,,1,3475.62,2026-04-10
B_5048,TXFB-200047,Bound,,,0,663.86,2026-04-10
B_5049,TXFB-200048,Bound,,,1,1973.13,2026-04-10
B_5050,TXFB-200049,Bound,,,1,774.25,2026-04-10
B_5051,TXFB-200050,Bound,,,1,979.36,2026-04-10
B_5052,TXFB-200051,Bound,,,1,1649.12,2026-04-10
B_5053,TXFB-200052,Bound,,,1,966.62,2026-04-10
B_5054,TXFB-200053,Bound,,,1,3391.06,2026-04-10
B_5055,TXFB-200054,Bound,,,1,3340.37,2026-04-10
B_5056,TXFB-200055,Bound,,,1,1508.33,2026-04-10
B_5057,TXFB-200056,Bound,,,1,2419.24,2026-04-10
B_5058,TXFB-200057,Bound,,,1,2101.26,2026-04-10
B_5059,TXFB-200058,Bound,,,1,2946.76,2026-04-10
B_5060,TXFB-200059,Bound,,,1,2382.34,2026-04-10
B_5061,TXFB-200060,Bound,,,1,500.76,2026-04-10
B_5062,TXFB-200061,Bound,,,0,2789.52,2026-04-10
B_5063,TXFB-200062,Bound,,,1,2740.54,2026-04-10
B_5064,TXFB-200063,Bound,,,1,2029.17,2026-04-10
B_5065,TXFB-200064,Bound,,,1,3208.76,2026-04-10
B_5066,TXFB-200065,Bound,,,1,3225.34,2026-04-10
B_5067,TXFB-200066,Bound,,,1,2071.74,2026-04-10
B_5068,TXFB-200067,Bound,,,1,2323.96,2026-04-10
B_5069,TXFB-200068,Bound,,,1,3489.57,2026-04-10
B_5070,TXFB-200069,Bound,,,1,1396.46,2026-04-10
B_5071,TXFB-200070,Bound,,,1,1473.85,2026-04-10
B_5072,TXFB-200071,Bound,,,1,1048.32,2026-04-10
B_5073,TXFB-200072,Bound,,,1,3187.6,2026-04-10
B_5074,TXFB-200073,Bound,,,1,2733.47,2026-04-10
B_5075,TXFB-200074,Bound,,,1,816.93,2026-04-10
B_5076,TXFB-200075,Bound,,,1,3445.3,2026-04-10
B_5077,TXFB-200076,Bound,,,1,2692.89,2026-04-10
B_5078,TXFB-200077,Bound,,,1,3051.57,2026-04-10
B_5079,TXFB-200078,Bound,,,0,644.45,2026-04-10
B_5080,TXFB-200079,Bound,,,1,2014.88,2026-04-10
B_5081,TXFB-200080,Bound,,,1,2595.79,2026-04-10
B_5082,TXFB-200081,Bound,,,1,2128.84,2026-04-10
B_5083,TXFB-200082,Bound,,,1,2499.94,2026-04-10
B_5084,TXFB-200083,Bound,,,1,2953.62,2026-04-10
B_5085,TXFB-200084,Bound,,,0,1623.01,2026-04-10
B_5086,TXFB-200085,Bound,,,1,3046.01,2026-04-10
B_5087,TXFB-200086,Bound,,,1,988.75,2026-04-10
B_5088,TXFB-200087,Bound,,,1,1312.66,2026-04-10
B_5089,TXFB-200088,Bound,,,1,630.04,2026-04-10
B_5090,TXFB-200089,Bound,,,1,1593.28,2026-04-10
B_5091,TXFB-200090,Bound,,,1,1639.73,2026-04-10
B_5092,TXFB-200091,Bound,,,1,2915.81,2026-04-10
B_5093,TXFB-200092,Bound,,,1,2459.39,2026-04-10
B_5094,TXFB-200093,Bound,,,1,1810.17,2026-04-10
B_5095,TXFB-200094,Bound,,,1,2456.34,2026-04-10
B_5096,TXFB-200095,Bound,,,1,658.35,2026-04-10
B_5097,TXFB-200096,Bound,,,1,1040.81,2026-04-10
B_5098,TXFB-200097,Bound,,,1,2380.84,2026-04-10
B_5099,TXFB-200098,Bound,,,1,2424.1,2026-04-10
B_5100,TXFB-200099,Bound,,,1,2822.4,2026-04-10
B_5101,TXFB-200100,Bound,,,1,1709.0,2026-04-10
B_5102,TXFB-200101,Bound,,,1,2667.66,2026-04-10
B_5103,TXFB-200102,Bound,,,1,2551.94,2026-04-10
B_5104,TXFB-200103,Bound,,,1,3390.18,2026-04-10
B_5105,TXFB-200104,Bound,,,1,1145.39,2026-04-10
B_5106,TXFB-200105,Bound,,,1,2155.04,2026-04-10
B_5107,TXFB-200106,Bound,,,1,2305.29,2026-04-10
B_5108,TXFB-200107,Bound,,,1,3495.94,2026-04-10
B_5109,TXFB-200108,Bound,,,1,1103.55,2026-04-10
B_5110,TXFB-200109,Bound,,,1,2069.65,2026-04-10
B_5111,TXFB-200110,Bound,,,1,1538.56,2026-04-10
B_5112,TXFB-200111,Bound,,,0,2077.68,2026-04-10
B_5113,TXFB-200112,Bound,,,1,1196.39,2026-04-10
B_5114,TXFB-200113,Bound,,,1,642.84,2026-04-10
B_5115,TXFB-200114,Bound,,,0,2217.7,2026-04-10
B_5116,TXFB-200115,Bound,,,1,1507.56,2026-04-10
B_5117,TXFB-200116,Bound,,,1,1045.82,2026-04-10
B_5118,TXFB-200117,Bound,,,1,1471.81,2026-04-10
B_5119,TXFB-200118,Bound,,,0,647.84,2026-04-10
B_5120,TXFB-200119,Bound,,,1,3351.33,2026-04-10
B_5121,TXFB-200120,Bound,,,0,2243.44,2026-04-10
B_5122,TXFB-200121,Bound,,,1,2944.31,2026-04-10
B_5123,TXFB-200122,Bound,,,1,1769.35,2026-04-10
B_5124,TXFB-200123,Bound,,,1,3209.94,2026-04-10
B_5125,TXFB-200124,Bound,,,0,1949.95,2026-04-10
B_5126,TXFB-200125,Bound,,,1,2221.84,2026-04-10
B_5127,TXFB-200126,Bound,,,1,1975.38,2026-04-10
B_5128,TXFB-200127,Bound,,,1,2699.83,2026-04-10
B_5129,TXFB-200128,Bound,,,1,2199.97,2026-04-10
B_5130,TXFB-200129,Bound,,,1,1314.8,2026-04-10
B_5131,TXFB-200130,Bound,,,1,936.62,2026-04-10
B_5132,TXFB-200131,Bound,,,1,2318.37,2026-04-10
B_5133,TXFB-200132,Bound,,,1,1967.54,2026-04-10
B_5134,TXFB-200133,Bound,,,1,787.93,2026-04-10
B_5135,TXFB-200134,Bound,,,0,1686.85,2026-04-10
B_5136,TXFB-200135,Bound,,,0,2044.33,2026-04-10
B_5137,TXFB-200136,Bound,,,1,2980.68,2026-04-10
B_5138,TXFB-200137,Bound,,,1,728.3,2026-04-10
B_5139,TXFB-200138,Bound,,,1,1545.49,2026-04-10
B_5140,TXFB-200139,Bound,,,1,2967.97,2026-04-10
B_5141,TXFB-200140,Bound,,,0,2445.27,2026-04-10
B_5142,TXFB-200141,Bound,,,1,1369.87,2026-04-10
B_5143,TXFB-200142,Bound,,,1,3036.01,2026-04-10
B_5144,TXFB-200143,Bound,,,1,1979.88,2026-04-10
B_5145,TXFB-200144,Bound,,,1,1995.06,2026-04-10
B_5146,TXFB-200145,Bound,,,1,3429.76,2026-04-10
B_5147,TXFB-200146,Bound,,,1,3341.35,2026-04-10
B_5148,TXFB-200147,Bound,,,1,1575.6,2026-04-10
B_5149,TXFB-200148,Bound,,,1,921.74,2026-04-10
B_5150,TXFB-200149,Bound,,,1,1477.0,2026-04-10
B_5151,TXFB-200150,Bound,,,1,591.45,2026-04-10
B_5152,TXFB-200151,Bound,,,1,562.3,2026-04-10
B_5153,TXFB-200152,Bound,,,1,1686.57,2026-04-10
B_5154,TXFB-200153,Bound,,,0,3323.06,2026-04-10
B_5155,TXFB-200154,Bound,,,1,3114.07,2026-04-10
B_5156,TXFB-200155,Bound,,,1,2034.33,2026-04-10
B_5157,TXFB-200156,Bound,,,1,2195.68,2026-04-10
B_5158,TXFB-200157,Bound,,,1,517.8,2026-04-10
B_5159,TXFB-200158,Bound,,,1,1146.5,2026-04-10
B_5160,TXFB-200159,Bound,,,1,574.32,2026-04-10
B_5161,TXFB-200160,Bound,,,1,2763.62,2026-04-10
B_5162,TXFB-200161,Bound,,,1,936.94,2026-04-10
B_5163,TXFB-200162,Bound,,,1,3107.14,2026-04-10
B_5164,TXFB-200163,Bound,,,1,2429.97,2026-04-10
B_5165,TXFB-200164,Bound,,,1,1188.26,2026-04-10
B_5166,TXFB-200165,Bound,,,1,973.16,2026-04-10
B_5167,TXFB-200166,Bound,,,1,2382.87,2026-04-10
B_5168,TXFB-200167,Bound,,,1,3202.51,2026-04-10
B_5169,TXFB-200168,Bound,,,1,2655.08,2026-04-10
B_5170,TXFB-200169,Bound,,,1,1545.64,2026-04-10
B_5171,TXFB-200170,Bound,,,1,2262.15,2026-04-10
B_5172,TXFB-200171,Bound,,,1,1432.29,2026-04-10
B_5173,TXFB-200172,Bound,,,1,3497.45,2026-04-10
B_5174,TXFB-200173,Bound,,,1,2746.52,2026-04-10
B_5175,TXFB-200174,Bound,,,1,2343.14,2026-04-10
B_5176,TXFB-200175,Bound,,,0,1769.78,2026-04-10
B_5177,TXFB-200176,Bound,,,1,2354.46,2026-04-10
B_5178,TXFB-200177,Bound,,,1,1524.85,2026-04-10
B_5179,TXFB-200178,Bound,,,1,586.59,2026-04-10
B_5180,TXFB-200179,Bound,,,1,1685.27,2026-04-10
B_5181,TXFB-200180,Bound,,,1,3291.44,2026-04-10
B_5182,TXFB-200181,Bound,,,1,2378.9,2026-04-10
B_5183,TXFB-200182,Bound,,,1,751.87,2026-04-10
B_5184,TXFB-200183,Bound,,,1,3154.98,2026-04-10
B_5185,TXFB-200184,Bound,,,1,1306.62,2026-04-10
B_5186,TXFB-200185,Bound,,,1,1231.31,2026-04-10
B_5187,TXFB-200186,Bound,,,1,1391.27,2026-04-10
B_5188,TXFB-200187,Bound,,,1,2231.61,2026-04-10
B_5189,TXFB-200188,Bound,,,1,2134.06,2026-04-10
B_5190,TXFB-200189,Bound,,,1,1974.24,2026-04-10
B_5191,TXFB-200190,Bound,,,1,2652.61,2026-04-10
B_5192,TXFB-200191,Bound,,,1,1449.61,2026-04-10
B_5193,TXFB-200192,Bound,,,0,2846.19,2026-04-10
B_5194,TXFB-200193,Bound,,,1,1025.97,2026-04-10
B_5195,TXFB-200194,Bound,,,1,2847.86,2026-04-10
B_5196,TXFB-200195,Bound,,,1,2491.43,2026-04-10
B_5197,TXFB-200196,Bound,,,1,2549.62,2026-04-10
B_5198,TXFB-200197,Bound,,,1,1944.66,2026-04-10
B_5199,TXFB-200198,Bound,,,1,2501.0,2026-04-10
B_5200,TXFB-200199,Bound,,,1,739.39,2026-04-10
B_5201,TXFB-200200,Bound,,,1,3054.65,2026-04-10
B_5202,TXFB-200201,Bound,,,1,666.64,2026-04-10
B_5203,TXFB-200202,Bound,,,1,946.22,2026-04-10
B_5204,TXFB-200203,Bound,,,1,2230.37,2026-04-10
B_5205,TXFB-200204,Bound,,,1,2718.23,2026-04-10
B_5206,TXFB-200205,Bound,,,1,728.75,2026-04-10
B_5207,TXFB-200206,Bound,,,1,3262.29,2026-04-10
B_5208,TXFB-200207,Bound,,,1,3420.82,2026-04-10
B_5209,TXFB-200208,Bound,,,0,2317.85,2026-04-10
B_5210,TXFB-200209,Bound,,,1,1943.73,2026-04-10
B_5211,TXFB-200210,Bound,,,1,2724.18,2026-04-10
B_5212,TXFB-200211,Bound,,,1,1485.07,2026-04-10
B_5213,TXFB-200212,Bound,,,1,1979.79,2026-04-10
B_5214,TXFB-200213,Bound,,,1,3248.45,2026-04-10
B_5215,TXFB-200214,Bound,,,1,3366.97,2026-04-10
B_5216,TXFB-200215,Bound,,,1,3281.21,2026-04-10
B_5217,TXFB-200216,Bound,,,1,1287.34,2026-04-10
B_5218,TXFB-200217,Bound,,,1,1197.41,2026-04-10
B_5219,TXFB-200218,Bound,,,1,1392.99,2026-04-10
B_5220,TXFB-200219,Bound,,,0,1823.93,2026-04-10
B_5221,TXFB-200220,Bound,,,1,1442.5,2026-04-10
B_5222,TXFB-200221,Bound,,,1,1622.64,2026-04-10
B_5223,TXFB-200222,Bound,,,1,2361.91,2026-04-10
B_5224,TXFB-200223,Bound,,,1,2787.58,2026-04-10
B_5225,TXFB-200224,Bound,,,0,2706.67,2026-04-10
B_5226,TXFB-200225,Bound,,,1,2943.27,2026-04-10
B_5227,TXFB-200226,Bound,,,1,596.55,2026-04-10
B_5228,TXFB-200227,Bound,,,1,643.2,2026-04-10
B_5229,TXFB-200228,Bound,,,1,2868.15,2026-04-10
B_5230,TXFB-200229,Bound,,,1,2099.24,2026-04-10
B_5231,TXFB-200230,Bound,,,1,2234.42,2026-04-10
B_5232,TXFB-200231,Bound,,,1,657.76,2026-04-10
B_5233,TXFB-200232,Bound,,,1,1265.94,2026-04-10
B_5234,TXFB-200233,Bound,,,1,2415.06,2026-04-10
B_5235,TXFB-200234,Bound,,,1,3077.55,2026-04-10
B_5236,TXFB-200235,Bound,,,1,3250.95,2026-04-10
B_5237,TXFB-200236,Bound,,,1,2001.26,2026-04-10
B_5238,TXFB-200237,Bound,,,1,2136.42,2026-04-10
B_5239,TXFB-200238,Bound,,,1,2999.15,2026-04-10
B_5240,TXFB-200239,Bound,,,1,2112.87,2026-04-10
B_5241,TXFB-200240,Bound,,,1,2050.58,2026-04-10
B_5242,TXFB-200241,Bound,,,1,3215.25,2026-04-10
B_5243,TXFB-200242,Bound,,,1,2869.8,2026-04-10
B_5244,TXFB-200243,Bound,,,1,3227.22,2026-04-10
B_5245,TXFB-200244,Bound,,,1,1154.74,2026-04-10
B_5246,TXFB-200245,Bound,,,1,2073.13,2026-04-10
B_5247,TXFB-200246,Bound,,,1,3027.42,2026-04-10
B_5248,TXFB-200247,Bound,,,1,833.44,2026-04-10
B_5249,TXFB-200248,Bound,,,1,2883.99,2026-04-10
B_5250,TXFB-200249,Bound,,,0,1048.92,2026-04-10
B_5251,TXFB-200250,Bound,,,1,2924.36,2026-04-10
B_5252,TXFB-200251,Bound,,,1,2336.0,2026-04-10
B_5253,TXFB-200252,Bound,,,0,1079.71,2026-04-10
B_5254,TXFB-200253,Bound,,,1,1920.06,2026-04-10
B_5255,TXFB-200254,Bound,,,1,2545.72,2026-04-10
B_5256,TXFB-200255,Bound,,,0,2401.56,2026-04-10
B_5257,TXFB-200256,Bound,,,1,1781.74,2026-04-10
B_5258,TXFB-200257,Bound,,,1,3198.1,2026-04-10
B_5259,TXFB-200258,Bound,,,1,2057.79,2026-04-10
B_5260,TXFB-200259,Bound,,,0,2017.6,2026-04-10
B_5261,TXFB-200260,Bound,,,1,686.75,2026-04-10
B_5262,TXFB-200261,Bound,,,1,3266.36,2026-04-10
B_5263,TXFB-200262,Bound,,,1,1031.35,2026-04-10
B_5264,TXFB-200263,Bound,,,1,2085.03,2026-04-10
B_5265,TXFB-200264,Bound,,,1,2910.7,2026-04-10
B_5266,TXFB-200265,Bound,,,0,1146.36,2026-04-10
B_5267,TXFB-200266,Bound,,,1,2082.12,2026-04-10
B_5268,TXFB-200267,Bound,,,1,1222.05,2026-04-10
B_5269,TXFB-200268,Bound,,,1,2779.08,2026-04-10
B_5270,TXFB-200269,Bound,,,1,2193.02,2026-04-10
B_5271,TXFB-200270,Bound,,,1,3067.93,2026-04-10
B_5272,TXFB-200271,Bound,,,1,3183.67,2026-04-10
B_5273,TXFB-200272,Bound,,,1,2446.2,2026-04-10
B_5274,TXFB-200273,Bound,,,0,2676.17,2026-04-10
B_5275,TXFB-200274,Bound,,,1,2147.66,2026-04-10
B_5276,TXFB-200275,Bound,,,1,1653.29,2026-04-10
B_5277,TXFB-200276,Bound,,,1,2444.35,2026-04-10
B_5278,TXFB-200277,Bound,,,1,3224.87,2026-04-10
B_5279,TXFB-200278,Bound,,,1,1750.04,2026-04-10
B_5280,TXFB-200279,Bound,,,1,1443.23,2026-04-10
B_5281,TXFB-200280,Bound,,,1,1665.31,2026-04-10
B_5282,TXFB-200281,Bound,,,1,1806.19,2026-04-10
B_5283,TXFB-200282,Bound,,,1,720.68,2026-04-10
B_5284,TXFB-200283,Bound,,,1,1995.33,2026-04-10
B_5285,TXFB-200284,Bound,,,1,1982.94,2026-04-10
B_5286,TXFB-200285,Bound,,,1,2265.33,2026-04-10
B_5287,TXFB-200286,Bound,,,1,1588.46,2026-04-10
B_5288,TXFB-200287,Bound,,,0,2339.32,2026-04-10
B_5289,TXFB-200288,Bound,,,1,3134.65,2026-04-10
B_5290,TXFB-200289,Bound,,,1,3366.41,2026-04-10
B_5291,TXFB-200290,Bound,,,1,2250.84,2026-04-10
B_5292,TXFB-200291,Bound,,,0,627.77,2026-04-10
B_5293,TXFB-200292,Bound,,,1,3407.71,2026-04-10
B_5294,TXFB-200293,Bound,,,1,2617.59,2026-04-10
B_5295,TXFB-200294,Bound,,,1,1507.89,2026-04-10
B_5296,TXFB-200295,Bound,,,1,941.47,2026-04-10
B_5297,TXFB-200296,Bound,,,1,930.26,2026-04-10
B_5298,TXFB-200297,Bound,,,1,1003.23,2026-04-10
B_5299,TXFB-200298,Bound,,,0,636.72,2026-04-10
B_5300,TXFB-200299,Bound,,,1,3206.46,2026-04-10
B_5301,TXFB-200300,Bound,,,1,2122.3,2026-04-10
B_5302,TXFB-200301,Bound,,,1,2599.88,2026-04-10
B_5303,TXFB-200302,Bound,,,1,2984.33,2026-04-10
B_5304,TXFB-200303,Bound,,,1,2874.62,2026-04-10
B_5305,TXFB-200304,Bound,,,1,3147.82,2026-04-10
B_5306,TXFB-200305,Bound,,,1,3401.76,2026-04-10
B_5307,TXFB-200306,Bound,,,1,1817.21,2026-04-10
B_5308,TXFB-200307,Bound,,,1,3351.01,2026-04-10
B_5309,TXFB-200308,Bound,,,1,2669.87,2026-04-10
B_5310,TXFB-200309,Bound,,,1,712.0,2026-04-10
B_5311,TXFB-200310,Bound,,,1,2545.35,2026-04-10
B_5312,TXFB-200311,Bound,,,1,2560.15,2026-04-10
B_5313,TXFB-200312,Bound,,,1,3217.58,2026-04-10
B_5314,TXFB-200313,Bound,,,0,1618.8,2026-04-10
B_5315,TXFB-200314,Bound,,,1,2254.73,2026-04-10
B_5316,TXFB-200315,Bound,,,1,536.56,2026-04-10
B_5317,TXFB-200316,Bound,,,1,1496.23,2026-04-10
B_5318,TXFB-200317,Bound,,,1,686.73,2026-04-10
B_5319,TXFB-200318,Bound,,,1,2065.62,2026-04-10
B_5320,TXFB-200319,Bound,,,1,2952.34,2026-04-10
B_5321,TXFB-200320,Bound,,,1,1119.33,2026-04-10
B_5322,TXFB-200321,Bound,,,1,2082.32,2026-04-10
B_5323,TXFB-200322,Bound,,,1,1112.03,2026-04-10
B_5324,TXFB-200323,Bound,,,0,862.07,2026-04-10
B_5325,TXFB-200324,Bound,,,1,2032.99,2026-04-10
B_5326,TXFB-200325,Bound,,,1,737.45,2026-04-10
B_5327,TXFB-200326,Bound,,,1,2262.06,2026-04-10
B_5328,TXFB-200327,Bound,,,1,594.01,2026-04-10
B_5329,TXFB-200328,Bound,,,1,820.14,2026-04-10
B_5330,TXFB-200329,Bound,,,1,2149.99,2026-04-10
B_5331,TXFB-200330,Bound,,,1,2274.22,2026-04-10
B_5332,TXFB-200331,Bound,,,1,586.96,2026-04-10
B_5333,TXFB-200332,Bound,,,0,2220.13,2026-04-10
B_5334,TXFB-200333,Bound,,,1,3015.51,2026-04-10
B_5335,TXFB-200334,Bound,,,1,2666.95,2026-04-10
B_5336,TXFB-200335,Bound,,,1,893.56,2026-04-10
B_5337,TXFB-200336,Bound,,,1,2277.42,2026-04-10
B_5338,TXFB-200337,Bound,,,1,2516.76,2026-04-10
B_5339,TXFB-200338,Bound,,,1,611.69,2026-04-10
B_5340,TXFB-200339,Bound,,,1,3066.04,2026-04-10
B_5341,TXFB-200340,Bound,,,1,3218.8,2026-04-10
B_5342,TXFB-200341,Bound,,,1,3051.36,2026-04-10
B_5343,TXFB-200342,Bound,,,1,2973.89,2026-04-10
B_5344,TXFB-200343,Bound,,,1,2734.9,2026-04-10
B_5345,TXFB-200344,Bound,,,1,2400.3,2026-04-10
B_5346,TXFB-200345,Bound,,,1,2535.88,2026-04-10
B_5347,TXFB-200346,Bound,,,1,2919.19,2026-04-10
B_5348,TXFB-200347,Bound,,,1,2487.5,2026-04-10
B_5349,TXFB-200348,Bound,,,1,1483.18,2026-04-10
B_5350,TXFB-200349,Bound,,,1,1627.88,2026-04-10
B_5351,TXFB-200350,Bound,,,1,3191.17,2026-04-10
B_5352,TXFB-200351,Bound,,,1,551.37,2026-04-10
B_5353,TXFB-200352,Bound,,,1,2596.46,2026-04-10
B_5354,TXFB-200353,Bound,,,1,3364.33,2026-04-10
B_5355,TXFB-200354,Bound,,,1,2618.68,2026-04-10
B_5356,TXFB-200355,Bound,,,0,3481.74,2026-04-10
B_5357,TXFB-200356,Bound,,,1,2562.63,2026-04-10
B_5358,TXFB-200357,Bound,,,1,603.09,2026-04-10
B_5359,TXFB-200358,Bound,,,1,2981.03,2026-04-10
B_5360,TXFB-200359,Bound,,,1,1353.89,2026-04-10
B_5361,TXFB-200360,Bound,,,1,1838.17,2026-04-10
B_5362,TXFB-200361,Bound,,,1,1436.28,2026-04-10
B_5363,TXFB-200362,Bound,,,1,1305.66,2026-04-10
B_5364,TXFB-200363,Bound,,,1,1794.22,2026-04-10
B_5365,TXFB-200364,Bound,,,0,1636.25,2026-04-10
B_5366,TXFB-200365,Bound,,,1,2400.02,2026-04-10
B_5367,TXFB-200366,Bound,,,1,2939.45,2026-04-10
B_5368,TXFB-200367,Bound,,,1,1391.27,2026-04-10
B_5369,TXFB-200368,Bound,,,1,1141.16,2026-04-10
B_5370,TXFB-200369,Bound,,,1,2500.69,2026-04-10
B_5371,TXFB-200370,Bound,,,1,2510.96,2026-04-10
B_5372,TXFB-200371,Bound,,,1,3203.39,2026-04-10
B_5373,TXFB-200372,Bound,,,1,547.84,2026-04-10
B_5374,TXFB-200373,Bound,,,1,3059.12,2026-04-10
B_5375,TXFB-200374,Bound,,,1,2063.01,2026-04-10
B_5376,TXFB-200375,Bound,,,1,2363.91,2026-04-10
B_5377,TXFB-200376,Bound,,,1,774.11,2026-04-10
B_5378,TXFB-200377,Bound,,,1,1797.84,2026-04-10
B_5379,TXFB-200378,Bound,,,1,1181.91,2026-04-10
B_5380,TXFB-200379,Bound,,,1,1262.68,2026-04-10
B_5381,TXFB-200380,Bound,,,1,2012.29,2026-04-10
B_5382,TXFB-200381,Bound,,,1,2937.37,2026-04-10
B_5383,TXFB-200382,Bound,,,1,2731.34,2026-04-10
B_5384,TXFB-200383,Bound,,,1,2273.0,2026-04-10
B_5385,TXFB-200384,Bound,,,1,2118.25,2026-04-10
B_5386,TXFB-200385,Bound,,,1,1781.92,2026-04-10
B_5387,TXFB-200386,Bound,,,1,3418.13,2026-04-10
B_5388,TXFB-200387,Bound,,,1,2180.58,2026-04-10
B_5389,TXFB-200388,Bound,,,1,1261.9,2026-04-10
B_5390,TXFB-200389,Bound,,,1,1190.27,2026-04-10
B_5391,TXFB-200390,Bound,,,1,2334.06,2026-04-10
B_5392,TXFB-200391,Bound,,,1,2068.48,2026-04-10
B_5393,TXFB-200392,Bound,,,1,523.09,2026-04-10
B_5394,TXFB-200393,Bound,,,1,2990.2,2026-04-10
B_5395,TXFB-200394,Bound,,,0,2612.37,2026-04-10
B_5396,TXFB-200395,Bound,,,1,2485.49,2026-04-10
B_5397,TXFB-200396,Bound,,,1,706.34,2026-04-10
B_5398,TXFB-200397,Bound,,,1,1586.17,2026-04-10
B_5399,TXFB-200398,Bound,,,1,3306.15,2026-04-10
B_5400,TXFB-200399,Bound,,,1,3087.77,2026-04-10
B_5401,TXFB-200400,Bound,,,1,1356.63,2026-04-10
B_5402,TXFB-200401,Bound,,,1,971.18,2026-04-10
B_5403,TXFB-200402,Bound,,,1,1847.26,2026-04-10
B_5404,TXFB-200403,Bound,,,1,1567.49,2026-04-10
B_5405,TXFB-200404,Bound,,,1,2546.68,2026-04-10
B_5406,TXFB-200405,Bound,,,1,3399.3,2026-04-10
B_5407,TXFB-200406,Bound,,,1,1589.0,2026-04-10
B_5408,TXFB-200407,Bound,,,1,686.67,2026-04-10
B_5409,TXFB-200408,Bound,,,1,3192.84,2026-04-10
B_5410,TXFB-200409,Bound,,,1,613.85,2026-04-10
B_5411,TXFB-200410,Bound,,,1,3358.3,2026-04-10
B_5412,TXFB-200411,Bound,,,1,2493.74,2026-04-10
B_5413,TXFB-200412,Bound,,,1,3325.07,2026-04-10
B_5414,TXFB-200413,Bound,,,1,1098.98,2026-04-10
B_5415,TXFB-200414,Bound,,,1,622.1,2026-04-10
B_5416,TXFB-200415,Bound,,,1,1964.63,2026-04-10
B_5417,TXFB-200416,Bound,,,1,1851.87,2026-04-10
B_5418,TXFB-200417,Bound,,,0,1494.48,2026-04-10
B_5419,TXFB-200418,Bound,,,1,3372.97,2026-04-10
B_5420,TXFB-200419,Bound,,,1,2967.75,2026-04-10
B_5421,TXFB-200420,Bound,,,1,2484.75,2026-04-10
B_5422,TXFB-200421,Bound,,,1,988.57,2026-04-10
B_5423,TXFB-200422,Bound,,,1,2702.97,2026-04-10
B_5424,TXFB-200423,Bound,,,1,2681.04,2026-04-10
B_5425,TXFB-200424,Bound,,,1,1775.2,2026-04-10
B_5426,TXFB-200425,Bound,,,1,3274.36,2026-04-10
B_5427,TXFB-200426,Bound,,,1,1000.93,2026-04-10
B_5428,TXFB-200427,Bound,,,1,1302.01,2026-04-10
B_5429,TXFB-200428,Bound,,,1,689.67,2026-04-10
B_5430,TXFB-200429,Bound,,,1,2886.35,2026-04-10
B_5431,TXFB-200430,Bound,,,1,2365.28,2026-04-10
B_5432,TXFB-200431,Bound,,,0,1444.82,2026-04-10
B_5433,TXFB-200432,Bound,,,1,991.44,2026-04-10
B_5434,TXFB-200433,Bound,,,1,620.44,2026-04-10
B_5435,TXFB-200434,Bound,,,1,1000.24,2026-04-10
B_5436,TXFB-200435,Bound,,,1,1859.85,2026-04-10
B_5437,TXFB-200436,Bound,,,1,1241.53,2026-04-10
B_5438,TXFB-200437,Bound,,,1,1276.95,2026-04-10
B_5439,TXFB-200438,Bound,,,1,3126.73,2026-04-10
B_5440,TXFB-200439,Bound,,,1,2045.41,2026-04-10
B_5441,TXFB-200440,Bound,,,1,2687.76,2026-04-10
B_5442,TXFB-200441,Bound,,,1,607.13,2026-04-10
B_5443,TXFB-200442,Bound,,,1,1595.49,2026-04-10
B_5444,TXFB-200443,Bound,,,1,1937.51,2026-04-10
B_5445,TXFB-200444,Bound,,,1,1059.25,2026-04-10
B_5446,TXFB-200445,Bound,,,1,860.57,2026-04-10
B_5447,TXFB-200446,Bound,,,1,3110.91,2026-04-10
B_5448,TXFB-200447,Bound,,,1,3318.29,2026-04-10
B_5449,TXFB-200448,Bound,,,1,736.42,2026-04-10
B_5450,TXFB-200449,Bound,,,1,1547.06,2026-04-10
B_5451,TXFB-200450,Bound,,,1,3374.86,2026-04-10
B_5452,TXFB-200451,Bound,,,1,749.49,2026-04-10
B_5453,TXFB-200452,Bound,,,1,2430.92,2026-04-10
B_5454,TXFB-200453,Bound,,,1,3416.66,2026-04-10
B_5455,TXFB-200454,Bound,,,1,3434.67,2026-04-10
B_5456,TXFB-200455,Bound,,,1,1913.67,2026-04-10
B_5457,TXFB-200456,Bound,,,1,988.25,2026-04-10
B_5458,TXFB-200457,Bound,,,1,1106.25,2026-04-10
B_5459,TXFB-200458,Bound,,,0,3168.8,2026-04-10
B_5460,TXFB-200459,Bound,,,1,3235.05,2026-04-10
B_5461,TXFB-200460,Bound,,,1,2323.64,2026-04-10
B_5462,TXFB-200461,Bound,,,1,2798.53,2026-04-10
B_5463,TXFB-200462,Bound,,,1,2719.79,2026-04-10
B_5464,TXFB-200463,Bound,,,1,2485.46,2026-04-10
B_5465,TXFB-200464,Bound,,,1,2981.83,2026-04-10
B_5466,TXFB-200465,Bound,,,1,2556.22,2026-04-10
B_5467,TXFB-200466,Bound,,,1,2102.01,2026-04-10
B_5468,TXFB-200467,Bound,,,1,1210.87,2026-04-10
B_5469,TXFB-200468,Bound,,,1,2731.66,2026-04-10
B_5470,TXFB-200469,Bound,,,1,1920.31,2026-04-10
B_5471,TXFB-200470,Bound,,,1,1384.38,2026-04-10
B_5472,TXFB-200471,Bound,,,1,2905.84,2026-04-10
B_5473,TXFB-200472,Bound,,,1,2590.14,2026-04-10
B_5474,TXFB-200473,Bound,,,1,3312.02,2026-04-10
B_5475,TXFB-200474,Bound,,,1,996.32,2026-04-10
B_5476,TXFB-200475,Bound,,,1,2447.57,2026-04-10
B_5477,TXFB-200476,Bound,,,1,1232.72,2026-04-10
B_5478,TXFB-200477,Bound,,,0,3210.75,2026-04-10
B_5479,TXFB-200478,Bound,,,1,798.5,2026-04-10
B_5480,TXFB-200479,Bound,,,1,2468.49,2026-04-10
B_5481,TXFB-200480,Bound,,,1,2873.26,2026-04-10
B_5482,TXFB-200481,Bound,,,1,1564.75,2026-04-10
B_5483,TXFB-200482,Bound,,,1,3362.41,2026-04-10
B_5484,TXFB-200483,Bound,,,1,3052.19,2026-04-10
B_5485,TXFB-200484,Bound,,,0,1383.85,2026-04-10
B_5486,TXFB-200485,Bound,,,1,522.62,2026-04-10
B_5487,TXFB-200486,Bound,,,0,1389.97,2026-04-10
B_5488,TXFB-200487,Bound,,,1,1343.93,2026-04-10
B_5489,TXFB-200488,Bound,,,1,3169.89,2026-04-10
B_5490,TXFB-200489,Bound,,,1,3401.36,2026-04-10
B_5491,TXFB-200490,Bound,,,1,711.32,2026-04-10
B_5492,TXFB-200491,Bound,,,0,1913.88,2026-04-10
B_5493,TXFB-200492,Bound,,,1,2145.0,2026-04-10
B_5494,TXFB-200493,Bound,,,1,778.73,2026-04-10
B_5495,TXFB-200494,Bound,,,1,1632.49,2026-04-10
B_5496,TXFB-200495,Bound,,,1,1451.25,2026-04-10
B_5497,TXFB-200496,Bound,,,1,2108.17,2026-04-10
B_5498,TXFB-200497,Bound,,,1,2483.57,2026-04-10
B_5499,TXFB-200498,Bound,,,1,2610.46,2026-04-10
B_5500,TXFB-200499,Bound,,,0,910.27,2026-04-10
B_5501,TXFB-200500,Bound,,,0,2938.84,2026-04-10
B_5502,TXFB-200501,Bound,,,0,2535.63,2026-04-10
B_5503,TXFB-200502,Bound,,,1,3167.22,2026-04-10
B_5504,TXFB-200503,Bound,,,1,1848.01,2026-04-10
B_5505,TXFB-200504,Bound,,,1,3181.67,2026-04-10
B_5506,TXFB-200505,Bound,,,1,3097.32,2026-04-10
B_5507,TXFB-200506,Bound,,,1,1815.23,2026-04-10
B_5508,TXFB-200507,Bound,,,1,1643.43,2026-04-10
B_5509,TXFB-200508,Bound,,,1,3298.44,2026-04-10
B_5510,TXFB-200509,Bound,,,1,2645.49,2026-04-10
B_5511,TXFB-200510,Bound,,,1,3284.74,2026-04-10
B_5512,TXFB-200511,Bound,,,1,2890.92,2026-04-10
B_5513,TXFB-200512,Bound,,,1,2327.89,2026-04-10
B_5514,TXFB-200513,Bound,,,1,847.56,2026-04-10
B_5515,TXFB-200514,Bound,,,1,1374.44,2026-04-10
B_5516,TXFB-200515,Bound,,,1,3406.53,2026-04-10
B_5517,TXFB-200516,Bound,,,1,1458.27,2026-04-10
B_5518,TXFB-200517,Bound,,,1,779.76,2026-04-10
B_5519,TXFB-200518,Bound,,,1,2622.66,2026-04-10
B_5520,TXFB-200519,Bound,,,1,2702.01,2026-04-10
B_5521,TXFB-200520,Bound,,,1,1356.37,2026-04-10
B_5522,TXFB-200521,Bound,,,1,1393.02,2026-04-10
B_5523,TXFB-200522,Bound,,,1,1906.68,2026-04-10
B_5524,TXFB-200523,Bound,,,1,565.37,2026-04-10
B_5525,TXFB-200524,Bound,,,1,2867.97,2026-04-10
B_5526,TXFB-200525,Bound,,,1,1451.27,2026-04-10
B_5527,TXFB-200526,Bound,,,1,3061.29,2026-04-10
B_5528,TXFB-200527,Bound,,,0,2907.89,2026-04-10
B_5529,TXFB-200528,Bound,,,1,2484.21,2026-04-10
B_5530,TXFB-200529,Bound,,,0,1474.62,2026-04-10
B_5531,TXFB-200530,Bound,,,1,2048.95,2026-04-10
B_5532,TXFB-200531,Bound,,,1,1834.49,2026-04-10
B_5533,TXFB-200532,Bound,,,1,1516.65,2026-04-10
B_5534,TXFB-200533,Bound,,,0,3044.41,2026-04-10
B_5535,TXFB-200534,Bound,,,1,1950.52,2026-04-10
B_5536,TXFB-200535,Bound,,,1,2998.17,2026-04-10
B_5537,TXFB-200536,Bound,,,1,815.66,2026-04-10
B_5538,TXFB-200537,Bound,,,0,923.07,2026-04-10
B_5539,TXFB-200538,Bound,,,1,3431.96,2026-04-10
B_5540,TXFB-200539,Bound,,,1,2263.31,2026-04-10
B_5541,TXFB-200540,Bound,,,1,2029.31,2026-04-10
B_5542,TXFB-200541,Bound,,,1,2069.47,2026-04-10
B_5543,TXFB-200542,Bound,,,1,1145.81,2026-04-10
B_5544,TXFB-200543,Bound,,,1,2656.11,2026-04-10
B_5545,TXFB-200544,Bound,,,1,754.34,2026-04-10
B_5546,TXFB-200545,Bound,,,1,2219.97,2026-04-10
B_5547,TXFB-200546,Bound,,,1,2212.31,2026-04-10
B_5548,TXFB-200547,Bound,,,1,3242.57,2026-04-10
B_5549,TXFB-200548,Bound,,,1,2078.55,2026-04-10
B_5550,TXFB-200549,Bound,,,1,911.19,2026-04-10
B_5551,TXFB-200550,Bound,,,1,2218.26,2026-04-10
B_5552,TXFB-200551,Bound,,,1,773.98,2026-04-10
B_5553,TXFB-200552,Bound,,,1,1111.38,2026-04-10
B_5554,TXFB-200553,Bound,,,1,593.33,2026-04-10
B_5555,TXFB-200554,Bound,,,1,2039.88,2026-04-10
B_5556,TXFB-200555,Bound,,,1,753.6,2026-04-10
B_5557,TXFB-200556,Bound,,,1,1908.18,2026-04-10
B_5558,TXFB-200557,Bound,,,1,3298.84,2026-04-10
B_5559,TXFB-200558,Bound,,,1,2659.28,2026-04-10
B_5560,TXFB-200559,Bound,,,1,732.24,2026-04-10
B_5561,TXFB-200560,Bound,,,1,1172.63,2026-04-10
B_5562,TXFB-200561,Bound,,,1,2520.99,2026-04-10
B_5563,TXFB-200562,Bound,,,0,3184.11,2026-04-10
B_5564,TXFB-200563,Bound,,,1,598.76,2026-04-10
B_5565,TXFB-200564,Bound,,,0,2937.35,2026-04-10
B_5566,TXFB-200565,Bound,,,1,2185.44,2026-04-10
B_5567,TXFB-200566,Bound,,,1,2138.27,2026-04-10
B_5568,TXFB-200567,Bound,,,1,3373.44,2026-04-10
B_5569,TXFB-200568,Bound,,,1,2742.93,2026-04-10
B_5570,TXFB-200569,Bound,,,1,3050.36,2026-04-10
B_5571,TXFB-200570,Bound,,,1,1561.99,2026-04-10
B_5572,TXFB-200571,Bound,,,1,2163.09,2026-04-10
B_5573,TXFB-200572,Bound,,,1,2346.22,2026-04-10
B_5574,TXFB-200573,Bound,,,1,1464.75,2026-04-10
B_5575,TXFB-200574,Bound,,,1,2210.74,2026-04-10
B_5576,TXFB-200575,Bound,,,1,1209.97,2026-04-10
B_5577,TXFB-200576,Bound,,,1,930.13,2026-04-10
B_5578,TXFB-200577,Bound,,,1,1621.91,2026-04-10
B_5579,TXFB-200578,Bound,,,1,2717.87,2026-04-10
B_5580,TXFB-200579,Bound,,,1,3248.56,2026-04-10
B_5581,TXFB-200580,Bound,,,1,1873.14,2026-04-10
B_5582,TXFB-200581,Bound,,,1,2428.47,2026-04-10
B_5583,TXFB-200582,Bound,,,1,809.11,2026-04-10
B_5584,TXFB-200583,Bound,,,1,3213.39,2026-04-10
B_5585,TXFB-200584,Bound,,,1,2205.81,2026-04-10
B_5586,TXFB-200585,Bound,,,1,2841.01,2026-04-10
B_5587,TXFB-200586,Bound,,,0,2883.32,2026-04-10
B_5588,TXFB-200587,Bound,,,1,1269.44,2026-04-10
B_5589,TXFB-200588,Bound,,,1,2087.52,2026-04-10
B_5590,TXFB-200589,Bound,,,1,3381.44,2026-04-10
B_5591,TXFB-200590,Bound,,,1,768.9,2026-04-10
B_5592,TXFB-200591,Bound,,,1,2549.15,2026-04-10
B_5593,TXFB-200592,Bound,,,1,3386.79,2026-04-10
B_5594,TXFB-200593,Bound,,,1,1401.73,2026-04-10
B_5595,TXFB-200594,Bound,,,1,3084.34,2026-04-10
B_5596,TXFB-200595,Bound,,,1,3300.97,2026-04-10
B_5597,TXFB-200596,Bound,,,1,2741.26,2026-04-10
B_5598,TXFB-200597,Bound,,,1,1193.98,2026-04-10
B_5599,TXFB-200598,Bound,,,0,1502.0,2026-04-10
B_5600,TXFB-200599,Bound,,,1,607.43,2026-04-10
B_5601,TXFB-200600,Bound,,,1,2994.36,2026-04-10
B_5602,TXFB-200601,Bound,,,1,3048.83,2026-04-10
B_5603,TXFB-200602,Bound,,,1,2398.13,2026-04-10
B_5604,TXFB-200603,Bound,,,1,1557.58,2026-04-10
B_5605,TXFB-200604,Bound,,,1,730.43,2026-04-10
B_5606,TXFB-200605,Bound,,,1,2759.17,2026-04-10
B_5607,TXFB-200606,Bound,,,1,2679.58,2026-04-10
B_5608,TXFB-200607,Bound,,,1,3237.81,2026-04-10
B_5609,TXFB-200608,Bound,,,1,2691.6,2026-04-10
B_5610,TXFB-200609,Bound,,,1,2986.08,2026-04-10
B_5611,TXFB-200610,Bound,,,1,2737.86,2026-04-10
B_5612,TXFB-200611,Bound,,,1,2392.06,2026-04-10
B_5613,TXFB-200612,Bound,,,1,1780.9,2026-04-10
B_5614,TXFB-200613,Bound,,,1,3206.35,2026-04-10
B_5615,TXFB-200614,Bound,,,1,2452.91,2026-04-10
B_5616,TXFB-200615,Bound,,,1,1695.07,2026-04-10
B_5617,TXFB-200616,Bound,,,1,750.41,2026-04-10
B_5618,TXFB-200617,Bound,,,1,1372.11,2026-04-10
B_5619,TXFB-200618,Bound,,,1,2131.18,2026-04-10
B_5620,TXFB-200619,Bound,,,1,1326.91,2026-04-10
B_5621,TXFB-200620,Bound,,,1,1163.71,2026-04-10
B_5622,TXFB-200621,Bound,,,1,2082.18,2026-04-10
B_5623,TXFB-200622,Bound,,,1,1009.46,2026-04-10
B_5624,TXFB-200623,Bound,,,1,2901.23,2026-04-10
B_5625,TXFB-200624,Bound,,,1,1953.1,2026-04-10
B_5626,TXFB-200625,Bound,,,1,2221.59,2026-04-10
B_5627,TXFB-200626,Bound,,,1,942.15,2026-04-10
B_5628,TXFB-200627,Bound,,,1,1473.73,2026-04-10
B_5629,TXFB-200628,Bound,,,1,1730.27,2026-04-10
B_5630,TXFB-200629,Bound,,,1,2924.64,2026-04-10
B_5631,TXFB-200630,Bound,,,1,2810.48,2026-04-10
B_5632,TXFB-200631,Bound,,,1,1168.93,2026-04-10
B_5633,TXFB-200632,Bound,,,1,2348.54,2026-04-10
B_5634,TXFB-200633,Bound,,,1,1230.37,2026-04-10
B_5635,TXFB-200634,Bound,,,1,3464.74,2026-04-10
B_5636,TXFB-200635,Bound,,,1,3356.37,2026-04-10
B_5637,TXFB-200636,Bound,,,1,2189.79,2026-04-10
B_5638,TXFB-200637,Bound,,,1,2596.71,2026-04-10
B_5639,TXFB-200638,Bound,,,1,2904.29,2026-04-10
B_5640,TXFB-200639,Bound,,,1,2663.0,2026-04-10
B_5641,TXFB-200640,Bound,,,1,2599.49,2026-04-10
B_5642,TXFB-200641,Bound,,,1,3375.66,2026-04-10
B_5643,TXFB-200642,Bound,,,1,2289.37,2026-04-10
B_5644,TXFB-200643,Bound,,,1,2408.91,2026-04-10
B_5645,TXFB-200644,Bound,,,1,3047.81,2026-04-10
B_5646,TXFB-200645,Bound,,,0,2509.67,2026-04-10
B_5647,TXFB-200646,Bound,,,1,2698.8,2026-04-10
B_5648,TXFB-200647,Bound,,,1,1202.51,2026-04-10
B_5649,TXFB-200648,Bound,,,1,1613.8,2026-04-10
B_5650,TXFB-200649,Bound,,,1,941.9,2026-04-10
B_5651,TXFB-200650,Bound,,,1,2017.3,2026-04-10
B_5652,TXFB-200651,Bound,,,1,1867.18,2026-04-10
B_5653,TXFB-200652,Bound,,,1,3491.49,2026-04-10
B_5654,TXFB-200653,Bound,,,1,2333.63,2026-04-10
B_5655,TXFB-200654,Bound,,,1,2859.33,2026-04-10
B_5656,TXFB-200655,Bound,,,1,1502.04,2026-04-10
B_5657,TXFB-200656,Bound,,,1,2994.64,2026-04-10
B_5658,TXFB-200657,Bound,,,1,2345.25,2026-04-10
B_5659,TXFB-200658,Bound,,,1,2590.98,2026-04-10
B_5660,TXFB-200659,Bound,,,1,1383.29,2026-04-10
B_5661,TXFB-200660,Bound,,,1,2145.92,2026-04-10
B_5662,TXFB-200661,Bound,,,0,2402.11,2026-04-10
B_5663,TXFB-200662,Bound,,,1,2267.28,2026-04-10
B_5664,TXFB-200663,Bound,,,1,3245.58,2026-04-10
B_5665,TXFB-200664,Bound,,,1,3194.82,2026-04-10
B_5666,TXFB-200665,Bound,,,1,3412.95,2026-04-10
B_5667,TXFB-200666,Bound,,,0,2502.28,2026-04-10
B_5668,TXFB-200667,Bound,,,1,3415.74,2026-04-10
B_5669,TXFB-200668,Bound,,,1,2997.43,2026-04-10
B_5670,TXFB-200669,Bound,,,0,1312.5,2026-04-10
B_5671,TXFB-200670,Bound,,,1,1782.31,2026-04-10
B_5672,TXFB-200671,Bound,,,1,1215.18,2026-04-10
B_5673,TXFB-200672,Bound,,,1,512.59,2026-04-10
B_5674,TXFB-200673,Bound,,,1,1064.15,2026-04-10
B_5675,TXFB-200674,Bound,,,0,512.18,2026-04-10
B_5676,TXFB-200675,Bound,,,1,2659.52,2026-04-10
B_5677,TXFB-200676,Bound,,,1,1776.6,2026-04-10
B_5678,TXFB-200677,Bound,,,1,1437.72,2026-04-10
B_5679,TXFB-200678,Bound,,,1,2785.16,2026-04-10
B_5680,TXFB-200679,Bound,,,1,2997.46,2026-04-10
B_5681,TXFB-200680,Bound,,,1,3425.9,2026-04-10
B_5682,TXFB-200681,Bound,,,1,2426.04,2026-04-10
B_5683,TXFB-200682,Bound,,,1,1884.59,2026-04-10
B_5684,TXFB-200683,Bound,,,1,1415.79,2026-04-10
B_5685,TXFB-200684,Bound,,,1,1166.95,2026-04-10
B_5686,TXFB-200685,Bound,,,1,1138.78,2026-04-10
B_5687,TXFB-200686,Bound,,,1,1727.57,2026-04-10
B_5688,TXFB-200687,Bound,,,0,3475.36,2026-04-10
B_5689,TXFB-200688,Bound,,,1,502.56,2026-04-10
B_5690,TXFB-200689,Bound,,,1,1091.62,2026-04-10
B_5691,TXFB-200690,Bound,,,1,1065.18,2026-04-10
B_5692,TXFB-200691,Bound,,,0,2651.36,2026-04-10
B_5693,TXFB-200692,Bound,,,1,1557.45,2026-04-10
B_5694,TXFB-200693,Bound,,,1,1871.78,2026-04-10
B_5695,TXFB-200694,Bound,,,1,945.87,2026-04-10
B_5696,TXFB-200695,Bound,,,1,1714.99,2026-04-10
B_5697,TXFB-200696,Bound,,,1,809.6,2026-04-10
B_5698,TXFB-200697,Bound,,,1,2099.13,2026-04-10
B_5699,TXFB-200698,Bound,,,1,793.82,2026-04-10
B_5700,TXFB-200699,Bound,,,1,2871.53,2026-04-10
B_5701,TXFB-200700,Bound,,,1,2199.81,2026-04-10
B_5702,TXFB-200701,Bound,,,1,2671.9,2026-04-10
B_5703,TXFB-200702,Bound,,,1,1755.55,2026-04-10
B_5704,TXFB-200703,Bound,,,1,1644.47,2026-04-10
B_5705,TXFB-200704,Bound,,,0,794.63,2026-04-10
B_5706,TXFB-200705,Bound,,,1,2071.57,2026-04-10
B_5707,TXFB-200706,Bound,,,1,2043.51,2026-04-10
B_5708,TXFB-200707,Bound,,,1,1904.31,2026-04-10
B_5709,TXFB-200708,Bound,,,1,2721.56,2026-04-10
B_5710,TXFB-200709,Bound,,,1,2997.51,2026-04-10
B_5711,TXFB-200710,Bound,,,1,2752.37,2026-04-10
B_5712,TXFB-200711,Bound,,,1,931.6,2026-04-10
B_5713,TXFB-200712,Bound,,,1,2366.18,2026-04-10
B_5714,TXFB-200713,Bound,,,1,740.97,2026-04-10
B_5715,TXFB-200714,Bound,,,1,2583.87,2026-04-10
B_5716,TXFB-200715,Bound,,,0,1645.52,2026-04-10
B_5717,TXFB-200716,Bound,,,1,897.5,2026-04-10
B_5718,TXFB-200717,Bound,,,1,3086.15,2026-04-10
B_5719,TXFB-200718,Bound,,,0,2342.03,2026-04-10
B_5720,TXFB-200719,Bound,,,1,1564.17,2026-04-10
B_5721,TXFB-200720,Bound,,,1,592.18,2026-04-10
B_5722,TXFB-200721,Bound,,,1,2111.93,2026-04-10
B_5723,TXFB-200722,Bound,,,1,3269.68,2026-04-10
B_5724,TXFB-200723,Bound,,,1,2289.14,2026-04-10
B_5725,TXFB-200724,Bound,,,1,3414.95,2026-04-10
B_5726,TXFB-200725,Bound,,,1,909.35,2026-04-10
B_5727,TXFB-200726,Bound,,,1,2204.92,2026-04-10
B_5728,TXFB-200727,Bound,,,1,2894.38,2026-04-10
B_5729,TXFB-200728,Bound,,,1,2076.62,2026-04-10
B_5730,TXFB-200729,Bound,,,1,773.2,2026-04-10
B_5731,TXFB-200730,Bound,,,1,2248.66,2026-04-10
B_5732,TXFB-200731,Bound,,,1,2335.21,2026-04-10
B_5733,TXFB-200732,Bound,,,1,2686.13,2026-04-10
B_5734,TXFB-200733,Bound,,,1,2783.63,2026-04-10
B_5735,TXFB-200734,Bound,,,1,2812.32,2026-04-10
B_5736,TXFB-200735,Bound,,,1,2490.33,2026-04-10
B_5737,TXFB-200736,Bound,,,1,1147.43,2026-04-10
B_5738,TXFB-200737,Bound,,,1,1712.71,2026-04-10
B_5739,TXFB-200738,Bound,,,1,2828.39,2026-04-10
B_5740,TXFB-200739,Bound,,,1,3360.28,2026-04-10
B_5741,TXFB-200740,Bound,,,1,736.84,2026-04-10
B_5742,TXFB-200741,Bound,,,1,2106.61,2026-04-10
B_5743,TXFB-200742,Bound,,,1,1437.57,2026-04-10
B_5744,TXFB-200743,Bound,,,1,1176.18,2026-04-10
B_5745,TXFB-200744,Bound,,,1,2017.43,2026-04-10
B_5746,TXFB-200745,Bound,,,1,2318.27,2026-04-10
B_5747,TXFB-200746,Bound,,,1,529.32,2026-04-10
B_5748,TXFB-200747,Bound,,,1,2840.62,2026-04-10
B_5749,TXFB-200748,Bound,,,1,2959.65,2026-04-10
B_5750,TXFB-200749,Bound,,,0,3396.53,2026-04-10
B_5751,TXFB-200750,Bound,,,1,1041.93,2026-04-10
B_5752,TXFB-200751,Bound,,,1,2283.66,2026-04-10
B_5753,TXFB-200752,Bound,,,1,1779.88,2026-04-10
B_5754,TXFB-200753,Bound,,,1,1504.48,2026-04-10
B_5755,TXFB-200754,Bound,,,1,2196.9,2026-04-10
B_5756,TXFB-200755,Bound,,,1,2847.15,2026-04-10
B_5757,TXFB-200756,Bound,,,1,569.16,2026-04-10
B_5758,TXFB-200757,Bound,,,1,3408.2,2026-04-10
B_5759,TXFB-200758,Bound,,,1,2929.64,2026-04-10
B_5760,TXFB-200759,Bound,,,1,2753.46,2026-04-10
B_5761,TXFB-200760,Bound,,,0,2781.16,2026-04-10
B_5762,TXFB-200761,Bound,,,1,1667.18,2026-04-10
B_5763,TXFB-200762,Bound,,,1,2754.86,2026-04-10
B_5764,TXFB-200763,Bound,,,1,1660.31,2026-04-10
B_5765,TXFB-200764,Bound,,,1,3196.12,2026-04-10
B_5766,TXFB-200765,Bound,,,1,1031.67,2026-04-10
B_5767,TXFB-200766,Bound,,,1,1377.04,2026-04-10
B_5768,TXFB-200767,Bound,,,1,2154.01,2026-04-10
B_5769,TXFB-200768,Bound,,,1,1457.63,2026-04-10
B_5770,TXFB-200769,Bound,,,1,1772.71,2026-04-10
B_5771,TXFB-200770,Bound,,,1,1977.27,2026-04-10
B_5772,TXFB-200771,Bound,,,1,3069.06,2026-04-10
B_5773,TXFB-200772,Bound,,,1,2069.58,2026-04-10
B_5774,TXFB-200773,Bound,,,1,1587.38,2026-04-10
B_5775,TXFB-200774,Bound,,,1,1243.21,2026-04-10
B_5776,TXFB-200775,Bound,,,0,1726.03,2026-04-10
B_5777,TXFB-200776,Bound,,,1,2047.21,2026-04-10
B_5778,TXFB-200777,Bound,,,1,2738.34,2026-04-10
B_5779,TXFB-200778,Bound,,,1,863.15,2026-04-10
B_5780,TXFB-200779,Bound,,,1,1164.83,2026-04-10
B_5781,TXFB-200780,Bound,,,1,1638.96,2026-04-10
B_5782,TXFB-200781,Bound,,,1,1581.2,2026-04-10
B_5783,TXFB-200782,Bound,,,1,1675.24,2026-04-10
B_5784,TXFB-200783,Bound,,,1,2880.56,2026-04-10
B_5785,TXFB-200784,Bound,,,1,1472.46,2026-04-10
B_5786,TXFB-200785,Bound,,,0,2005.69,2026-04-10
B_5787,TXFB-200786,Bound,,,1,2371.72,2026-04-10
B_5788,TXFB-200787,Bound,,,0,1196.54,2026-04-10
B_5789,TXFB-200788,Bound,,,1,2656.09,2026-04-10
B_5790,TXFB-200789,Bound,,,1,2141.33,2026-04-10
B_5791,TXFB-200790,Bound,,,1,1840.34,2026-04-10
B_5792,TXFB-200791,Bound,,,1,2929.35,2026-04-10
B_5793,TXFB-200792,Bound,,,1,1230.49,2026-04-10
B_5794,TXFB-200793,Bound,,,1,3149.53,2026-04-10
B_5795,TXFB-200794,Bound,,,1,2183.15,2026-04-10
B_5796,TXFB-200795,Bound,,,1,2327.52,2026-04-10
B_5797,TXFB-200796,Bound,,,1,3125.18,2026-04-10
B_5798,TXFB-200797,Bound,,,1,2952.75,2026-04-10
B_5799,TXFB-200798,Bound,,,1,2304.69,2026-04-10
B_5800,TXFB-200799,Bound,,,0,2759.56,2026-04-10
B_5801,TXFB-200800,Bound,,,1,1799.96,2026-04-10
B_5802,TXFB-200801,Bound,,,1,2142.13,2026-04-10
B_5803,TXFB-200802,Bound,,,0,686.21,2026-04-10
B_5804,TXFB-200803,Bound,,,1,769.57,2026-04-10
B_5805,TXFB-200804,Bound,,,1,2988.28,2026-04-10
B_5806,TXFB-200805,Bound,,,0,679.01,2026-04-10
B_5807,TXFB-200806,Bound,,,1,1008.2,2026-04-10
B_5808,TXFB-200807,Bound,,,1,2887.5,2026-04-10
B_5809,TXFB-200808,Bound,,,1,503.44,2026-04-10
B_5810,TXFB-200809,Bound,,,1,1347.21,2026-04-10
B_5811,TXFB-200810,Bound,,,1,2252.12,2026-04-10
B_5812,TXFB-200811,Bound,,,1,2286.35,2026-04-10
B_5813,TXFB-200812,Bound,,,1,2831.46,2026-04-10
B_5814,TXFB-200813,Bound,,,1,2017.78,2026-04-10
B_5815,TXFB-200814,Bound,,,1,2028.21,2026-04-10
B_5816,TXFB-200815,Bound,,,1,2675.93,2026-04-10
B_5817,TXFB-200816,Bound,,,1,1995.87,2026-04-10
B_5818,TXFB-200817,Bound,,,1,2325.47,2026-04-10
B_5819,TXFB-200818,Bound,,,1,3193.32,2026-04-10
B_5820,TXFB-200819,Bound,,,1,1704.35,2026-04-10
B_5821,TXFB-200820,Bound,,,1,1655.38,2026-04-10
B_5822,TXFB-200821,Bound,,,0,510.65,2026-04-10
B_5823,TXFB-200822,Bound,,,1,2340.28,2026-04-10
B_5824,TXFB-200823,Bound,,,1,589.32,2026-04-10
B_5825,TXFB-200824,Bound,,,1,2012.45,2026-04-10
B_5826,TXFB-200825,Bound,,,1,2912.7,2026-04-10
B_5827,TXFB-200826,Bound,,,0,2149.76,2026-04-10
B_5828,TXFB-200827,Bound,,,1,1308.91,2026-04-10
B_5829,TXFB-200828,Bound,,,1,2858.51,2026-04-10
B_5830,TXFB-200829,Bound,,,1,1309.15,2026-04-10
B_5831,TXFB-200830,Bound,,,1,2699.1,2026-04-10
B_5832,TXFB-200831,Bound,,,1,2330.78,2026-04-10
B_5833,TXFB-200832,Bound,,,1,1009.99,2026-04-10
B_5834,TXFB-200833,Bound,,,1,3215.4,2026-04-10
B_5835,TXFB-200834,Bound,,,1,1101.93,2026-04-10
B_5836,TXFB-200835,Bound,,,1,3468.76,2026-04-10
B_5837,TXFB-200836,Bound,,,1,521.93,2026-04-10
B_5838,TXFB-200837,Bound,,,1,1290.45,2026-04-10
B_5839,TXFB-200838,Bound,,,1,1099.58,2026-04-10
B_5840,TXFB-200839,Bound,,,1,541.98,2026-04-10
B_5841,TXFB-200840,Bound,,,1,2697.1,2026-04-10
B_5842,TXFB-200841,Bound,,,1,2580.28,2026-04-10
B_5843,TXFB-200842,Bound,,,1,2877.05,2026-04-10
B_5844,TXFB-200843,Bound,,,1,1270.1,2026-04-10
B_5845,TXFB-200844,Bound,,,1,1833.01,2026-04-10
B_5846,TXFB-200845,Bound,,,1,2477.34,2026-04-10
B_5847,TXFB-200846,Bound,,,1,1819.31,2026-04-10
B_5848,TXFB-200847,Bound,,,1,2591.98,2026-04-10
B_5849,TXFB-200848,Bound,,,1,2401.92,2026-04-10
B_5850,TXFB-200849,Bound,,,0,843.94,2026-04-10
B_5851,TXFB-200850,Bound,,,1,2843.13,2026-04-10
B_5852,TXFB-200851,Bound,,,1,2662.03,2026-04-10
B_5853,TXFB-200852,Bound,,,1,2467.5,2026-04-10
B_5854,TXFB-200853,Bound,,,1,965.28,2026-04-10
B_5855,TXFB-200854,Bound,,,1,1303.99,2026-04-10
B_5856,TXFB-200855,Bound,,,1,1679.53,2026-04-10
B_5857,TXFB-200856,Bound,,,1,1339.79,2026-04-10
B_5858,TXFB-200857,Bound,,,1,1183.43,2026-04-10
B_5859,TXFB-200858,Bound,,,1,2916.07,2026-04-10
B_5860,TXFB-200859,Bound,,,1,2414.7,2026-04-10
B_5861,TXFB-200860,Bound,,,1,2196.42,2026-04-10
B_5862,TXFB-200861,Bound,,,1,1177.86,2026-04-10
B_5863,TXFB-200862,Bound,,,1,3254.23,2026-04-10
B_5864,TXFB-200863,Bound,,,1,1073.55,2026-04-10
B_5865,TXFB-200864,Bound,,,0,2884.85,2026-04-10
B_5866,TXFB-200865,Bound,,,1,3400.02,2026-04-10
B_5867,TXFB-200866,Bound,,,0,2681.28,2026-04-10
B_5868,TXFB-200867,Bound,,,1,3478.58,2026-04-10
B_5869,TXFB-200868,Bound,,,1,2453.15,2026-04-10
B_5870,TXFB-200869,Bound,,,1,1152.38,2026-04-10
B_5871,TXFB-200870,Bound,,,0,1111.46,2026-04-10
B_5872,TXFB-200871,Bound,,,1,1473.69,2026-04-10
B_5873,TXFB-200872,Bound,,,1,521.39,2026-04-10
B_5874,TXFB-200873,Bound,,,1,2545.1,2026-04-10
B_5875,TXFB-200874,Bound,,,1,1306.0,2026-04-10
B_5876,TXFB-200875,Bound,,,1,2945.55,2026-04-10
B_5877,TXFB-200876,Bound,,,1,1577.52,2026-04-10
B_5878,TXFB-200877,Bound,,,1,1939.87,2026-04-10
B_5879,TXFB-200878,Bound,,,1,3397.07,2026-04-10
B_5880,TXFB-200879,Bound,,,1,1226.52,2026-04-10
B_5881,TXFB-200880,Bound,,,1,2663.76,2026-04-10
B_5882,TXFB-200881,Bound,,,0,2765.35,2026-04-10
B_5883,TXFB-200882,Bound,,,1,1162.99,2026-04-10
B_5884,TXFB-200883,Bound,,,1,2002.99,2026-04-10
B_5885,TXFB-200884,Bound,,,1,1550.61,2026-04-10
B_5886,TXFB-200885,Bound,,,1,2815.72,2026-04-10
B_5887,TXFB-200886,Bound,,,0,2367.45,2026-04-10
B_5888,TXFB-200887,Bound,,,1,1927.95,2026-04-10
B_5889,TXFB-200888,Bound,,,1,2838.09,2026-04-10
B_5890,TXFB-200889,Bound,,,0,1205.47,2026-04-10
B_5891,TXFB-200890,Bound,,,1,2760.87,2026-04-10
B_5892,TXFB-200891,Bound,,,0,3096.12,2026-04-10
B_5893,TXFB-200892,Bound,,,1,3135.86,2026-04-10
B_5894,TXFB-200893,Bound,,,1,2851.02,2026-04-10
B_5895,TXFB-200894,Bound,,,1,1724.04,2026-04-10
B_5896,TXFB-200895,Bound,,,1,3445.42,2026-04-10
B_5897,TXFB-200896,Bound,,,0,1638.78,2026-04-10
B_5898,TXFB-200897,Bound,,,1,2415.88,2026-04-10
B_5899,TXFB-200898,Bound,,,1,983.22,2026-04-10
B_5900,TXFB-200899,Bound,,,1,3441.35,2026-04-10
B_5901,TXFB-200900,Bound,,,1,2611.96,2026-04-10
B_5902,TXFB-200901,Bound,,,1,2760.13,2026-04-10
B_5903,TXFB-200902,Bound,,,1,697.33,2026-04-10
B_5904,TXFB-200903,Bound,,,1,2790.25,2026-04-10
B_5905,TXFB-200904,Bound,,,1,2824.17,2026-04-10
B_5906,TXFB-200905,Bound,,,1,2515.32,2026-04-10
B_5907,TXFB-200906,Bound,,,1,1375.73,2026-04-10
B_5908,TXFB-200907,Bound,,,1,1969.07,2026-04-10
B_5909,TXFB-200908,Bound,,,1,831.3,2026-04-10
B_5910,TXFB-200909,Bound,,,1,1914.76,2026-04-10
B_5911,TXFB-200910,Bound,,,0,1231.47,2026-04-10
B_5912,TXFB-200911,Bound,,,1,1547.29,2026-04-10
B_5913,TXFB-200912,Bound,,,1,987.8,2026-04-10
B_5914,TXFB-200913,Bound,,,1,1190.16,2026-04-10
B_5915,TXFB-200914,Bound,,,1,729.71,2026-04-10
B_5916,TXFB-200915,Bound,,,0,3259.7,2026-04-10
B_5917,TXFB-200916,Bound,,,1,2091.23,2026-04-10
B_5918,TXFB-200917,Bound,,,1,1690.23,2026-04-10
B_5919,TXFB-200918,Bound,,,1,2105.09,2026-04-10
B_5920,TXFB-200919,Bound,,,1,2384.88,2026-04-10
B_5921,TXFB-200920,Bound,,,1,3265.64,2026-04-10
B_5922,TXFB-200921,Bound,,,1,1036.08,2026-04-10
B_5923,TXFB-200922,Bound,,,1,1386.66,2026-04-10
B_5924,TXFB-200923,Bound,,,0,3427.37,2026-04-10
B_5925,TXFB-200924,Bound,,,1,1613.58,2026-04-10
B_5926,TXFB-200925,Bound,,,1,567.68,2026-04-10
B_5927,TXFB-200926,Bound,,,1,942.93,2026-04-10
B_5928,TXFB-200927,Bound,,,1,579.02,2026-04-10
B_5929,TXFB-200928,Bound,,,1,3469.77,2026-04-10
B_5930,TXFB-200929,Bound,,,1,1336.61,2026-04-10
B_5931,TXFB-200930,Bound,,,1,3270.63,2026-04-10
B_5932,TXFB-200931,Bound,,,1,3487.66,2026-04-10
B_5933,TXFB-200932,Bound,,,1,2299.52,2026-04-10
B_5934,TXFB-200933,Bound,,,1,599.59,2026-04-10
B_5935,TXFB-200934,Bound,,,1,744.77,2026-04-10
B_5936,TXFB-200935,Bound,,,1,1944.77,2026-04-10
B_5937,TXFB-200936,Bound,,,1,1718.52,2026-04-10
B_5938,TXFB-200937,Bound,,,1,2318.53,2026-04-10
B_5939,TXFB-200938,Bound,,,0,1816.54,2026-04-10
B_5940,TXFB-200939,Bound,,,0,3302.23,2026-04-10
B_5941,TXFB-200940,Bound,,,1,2104.22,2026-04-10
B_5942,TXFB-200941,Bound,,,1,2581.18,2026-04-10
B_5943,TXFB-200942,Bound,,,1,3189.46,2026-04-10
B_5944,TXFB-200943,Bound,,,1,940.62,2026-04-10
B_5945,TXFB-200944,Bound,,,1,1189.2,2026-04-10
B_5946,TXFB-200945,Bound,,,1,821.96,2026-04-10
B_5947,TXFB-200946,Bound,,,0,918.92,2026-04-10
B_5948,TXFB-200947,Bound,,,1,2037.75,2026-04-10
B_5949,TXFB-200948,Bound,,,1,1463.54,2026-04-10
B_5950,TXFB-200949,Bound,,,1,1769.52,2026-04-10
B_5951,TXFB-200950,Bound,,,1,3447.47,2026-04-10
B_5952,TXFB-200951,Bound,,,1,970.11,2026-04-10
B_5953,TXFB-200952,Bound,,,1,2122.44,2026-04-10
B_5954,TXFB-200953,Bound,,,0,796.61,2026-04-10
B_5955,TXFB-200954,Bound,,,1,1455.49,2026-04-10
B_5956,TXFB-200955,Bound,,,1,2082.58,2026-04-10
B_5957,TXFB-200956,Bound,,,1,3339.9,2026-04-10
B_5958,TXFB-200957,Bound,,,1,1673.68,2026-04-10
B_5959,TXFB-200958,Bound,,,1,694.72,2026-04-10
B_5960,TXFB-200959,Bound,,,1,1664.48,2026-04-10
B_5961,TXFB-200960,Bound,,,1,937.22,2026-04-10
B_5962,TXFB-200961,Bound,,,1,1189.97,2026-04-10
B_5963,TXFB-200962,Bound,,,1,2354.27,2026-04-10
B_5964,TXFB-200963,Bound,,,1,702.27,2026-04-10
B_5965,TXFB-200964,Bound,,,1,1894.17,2026-04-10
B_5966,TXFB-200965,Bound,,,1,2328.38,2026-04-10
B_5967,TXFB-200966,Bound,,,1,1765.58,2026-04-10
B_5968,TXFB-200967,Bound,,,1,557.38,2026-04-10
B_5969,TXFB-200968,Bound,,,1,3456.56,2026-04-10
B_5970,TXFB-200969,Bound,,,1,1601.35,2026-04-10
B_5971,TXFB-200970,Bound,,,1,2835.73,2026-04-10
B_5972,TXFB-200971,Bound,,,1,1476.94,2026-04-10
B_5973,TXFB-200972,Bound,,,1,1925.05,2026-04-10
B_5974,TXFB-200973,Bound,,,1,1665.39,2026-04-10
B_5975,TXFB-200974,Bound,,,1,1527.62,2026-04-10
B_5976,TXFB-200975,Bound,,,1,565.55,2026-04-10
B_5977,TXFB-200976,Bound,,,1,1580.06,2026-04-10
B_5978,TXFB-200977,Bound,,,1,3168.47,2026-04-10
B_5979,TXFB-200978,Bound,,,1,2571.18,2026-04-10
B_5980,TXFB-200979,Bound,,,1,936.27,2026-04-10
B_5981,TXFB-200980,Bound,,,1,2273.47,2026-04-10
B_5982,TXFB-200981,Bound,,,1,3176.69,2026-04-10
B_5983,TXFB-200982,Bound,,,1,2600.1,2026-04-10
B_5984,TXFB-200983,Bound,,,1,946.05,2026-04-10
B_5985,TXFB-200984,Bound,,,1,3103.5,2026-04-10
B_5986,TXFB-200985,Bound,,,1,1404.63,2026-04-10
B_5987,TXFB-200986,Bound,,,0,1862.23,2026-04-10
B_5988,TXFB-200987,Bound,,,0,2078.43,2026-04-10
B_5989,TXFB-200988,Bound,,,1,3051.52,2026-04-10
B_5990,TXFB-200989,Bound,,,1,3294.82,2026-04-10
B_5991,TXFB-200990,Bound,,,1,3288.96,2026-04-10
B_5992,TXFB-200991,Bound,,,1,523.86,2026-04-10
B_5993,TXFB-200992,Bound,,,1,3265.67,2026-04-10
B_5994,TXFB-200993,Bound,,,1,663.16,2026-04-10
B_5995,TXFB-200994,Bound,,,1,1297.32,2026-04-10
B_5996,TXFB-200995,Bound,,,1,2044.96,2026-04-10
B_5997,TXFB-200996,Bound,,,1,1939.78,2026-04-10
B_5998,TXFB-200997,Bound,,,1,2314.13,2026-04-10
B_5999,TXFB-200998,Bound,,,1,1938.34,2026-04-10
B_6000,TXFB-200999,Bound,,,1,3303.13,2026-04-10
B_6001,TXFB-201000,Bound,,,1,1221.65,2026-04-10
B_6002,TXFB-201001,Bound,,,1,1322.07,2026-04-10
B_6003,TXFB-201002,Bound,,,1,3262.21,2026-04-10
B_6004,TXFB-201003,Bound,,,1,730.22,2026-04-10
B_6005,TXFB-201004,Bound,,,0,2328.68,2026-04-10
B_6006,TXFB-201005,Bound,,,1,2545.21,2026-04-10
B_6007,TXFB-201006,Bound,,,1,2016.63,2026-04-10
B_6008,TXFB-201007,Bound,,,1,2582.7,2026-04-10
B_6009,TXFB-201008,Bound,,,1,1018.26,2026-04-10
B_6010,TXFB-201009,Bound,,,1,3057.9,2026-04-10
B_6011,TXFB-201010,Bound,,,1,920.08,2026-04-10
B_6012,TXFB-201011,Bound,,,1,1702.44,2026-04-10
B_6013,TXFB-201012,Bound,,,1,725.77,2026-04-10
B_6014,TXFB-201013,Bound,,,1,2135.63,2026-04-10
B_6015,TXFB-201014,Bound,,,1,2509.24,2026-04-10
B_6016,TXFB-201015,Bound,,,1,3323.66,2026-04-10
B_6017,TXFB-201016,Bound,,,1,2718.01,2026-04-10
B_6018,TXFB-201017,Bound,,,1,2123.31,2026-04-10
B_6019,TXFB-201018,Bound,,,1,3297.85,2026-04-10
B_6020,TXFB-201019,Bound,,,1,1935.31,2026-04-10
B_6021,TXFB-201020,Bound,,,1,2183.62,2026-04-10
B_6022,TXFB-201021,Bound,,,0,2288.3,2026-04-10
B_6023,TXFB-201022,Bound,,,1,1729.94,2026-04-10
B_6024,TXFB-201023,Bound,,,1,3015.45,2026-04-10
B_6025,TXFB-201024,Bound,,,1,1055.53,2026-04-10
B_6026,TXFB-201025,Bound,,,1,2164.53,2026-04-10
B_6027,TXFB-201026,Bound,,,1,2666.7,2026-04-10
B_6028,TXFB-201027,Bound,,,1,3211.93,2026-04-10
B_6029,TXFB-201028,Bound,,,1,3151.76,2026-04-10
B_6030,TXFB-201029,Bound,,,0,2026.22,2026-04-10
B_6031,TXFB-201030,Bound,,,1,2429.48,2026-04-10
B_6032,TXFB-201031,Bound,,,0,1682.71,2026-04-10
B_6033,TXFB-201032,Bound,,,1,1904.53,2026-04-10
B_6034,TXFB-201033,Bound,,,1,3218.8,2026-04-10
B_6035,TXFB-201034,Bound,,,1,3292.11,2026-04-10
B_6036,TXFB-201035,Bound,,,1,3186.24,2026-04-10
B_6037,TXFB-201036,Bound,,,1,915.11,2026-04-10
B_6038,TXFB-201037,Bound,,,1,3050.25,2026-04-10
B_6039,TXFB-201038,Bound,,,1,3345.09,2026-04-10
B_6040,TXFB-201039,Bound,,,1,1583.75,2026-04-10
B_6041,TXFB-201040,Bound,,,1,2055.94,2026-04-10
B_6042,TXFB-201041,Bound,,,1,2837.29,2026-04-10
B_6043,TXFB-201042,Bound,,,1,2186.23,2026-04-10
B_6044,TXFB-201043,Bound,,,1,3480.45,2026-04-10
B_6045,TXFB-201044,Bound,,,1,1867.14,2026-04-10
B_6046,TXFB-201045,Bound,,,1,2641.83,2026-04-10
B_6047,TXFB-201046,Bound,,,0,2877.77,2026-04-10
B_6048,TXFB-201047,Bound,,,1,1982.3,2026-04-10
B_6049,TXFB-201048,Bound,,,1,3070.95,2026-04-10
B_6050,TXFB-201049,Bound,,,1,2138.46,2026-04-10
B_6051,TXFB-201050,Bound,,,0,1734.95,2026-04-10
B_6052,TXFB-201051,Bound,,,1,823.47,2026-04-10
B_6053,TXFB-201052,Bound,,,1,1680.24,2026-04-10
B_6054,TXFB-201053,Bound,,,1,2701.81,2026-04-10
B_6055,TXFB-201054,Bound,,,1,3263.86,2026-04-10
B_6056,TXFB-201055,Bound,,,1,1255.04,2026-04-10
B_6057,TXFB-201056,Bound,,,1,1565.71,2026-04-10
B_6058,TXFB-201057,Bound,,,1,961.88,2026-04-10
B_6059,TXFB-201058,Bound,,,1,2572.17,2026-04-10
B_6060,TXFB-201059,Bound,,,1,3380.57,2026-04-10
B_6061,TXFB-201060,Bound,,,1,2422.86,2026-04-10
B_6062,TXFB-201061,Bound,,,0,2351.23,2026-04-10
B_6063,TXFB-201062,Bound,,,1,2160.47,2026-04-10
B_6064,TXFB-201063,Bound,,,1,765.37,2026-04-10
B_6065,TXFB-201064,Bound,,,0,2688.51,2026-04-10
B_6066,TXFB-201065,Bound,,,0,2306.15,2026-04-10
B_6067,TXFB-201066,Bound,,,0,2484.43,2026-04-10
B_6068,TXFB-201067,Bound,,,1,3196.43,2026-04-10
B_6069,TXFB-201068,Bound,,,1,2851.88,2026-04-10
B_6070,TXFB-201069,Bound,,,1,2842.75,2026-04-10
B_6071,TXFB-201070,Bound,,,1,3281.55,2026-04-10
B_6072,TXFB-201071,Bound,,,1,3469.8,2026-04-10
B_6073,TXFB-201072,Bound,,,1,2243.85,2026-04-10
B_6074,TXFB-201073,Bound,,,0,826.64,2026-04-10
B_6075,TXFB-201074,Bound,,,1,1877.39,2026-04-10
B_6076,TXFB-201075,Bound,,,1,2862.8,2026-04-10
B_6077,TXFB-201076,Bound,,,1,583.18,2026-04-10
B_6078,TXFB-201077,Bound,,,1,670.66,2026-04-10
B_6079,TXFB-201078,Bound,,,1,701.47,2026-04-10
B_6080,TXFB-201079,Bound,,,1,2693.11,2026-04-10
B_6081,TXFB-201080,Bound,,,1,2003.5,2026-04-10
B_6082,TXFB-201081,Bound,,,1,1606.69,2026-04-10
B_6083,TXFB-201082,Bound,,,1,816.85,2026-04-10
B_6084,TXFB-201083,Bound,,,1,2696.72,2026-04-10
B_6085,TXFB-201084,Bound,,,1,1463.06,2026-04-10
B_6086,TXFB-201085,Bound,,,1,1295.97,2026-04-10
B_6087,TXFB-201086,Bound,,,1,2456.96,2026-04-10
B_6088,TXFB-201087,Bound,,,1,2177.03,2026-04-10
B_6089,TXFB-201088,Bound,,,1,1587.23,2026-04-10
B_6090,TXFB-201089,Bound,,,1,2424.46,2026-04-10
B_6091,TXFB-201090,Bound,,,1,1313.66,2026-04-10
B_6092,TXFB-201091,Bound,,,1,2884.49,2026-04-10
B_6093,TXFB-201092,Bound,,,0,1187.96,2026-04-10
B_6094,TXFB-201093,Bound,,,1,976.51,2026-04-10
B_6095,TXFB-201094,Bound,,,1,2847.32,2026-04-10
B_6096,TXFB-201095,Bound,,,1,2623.68,2026-04-10
B_6097,TXFB-201096,Bound,,,1,1047.92,2026-04-10
B_6098,TXFB-201097,Bound,,,1,848.74,2026-04-10
B_6099,TXFB-201098,Bound,,,1,3015.2,2026-04-10
B_6100,TXFB-201099,Bound,,,1,2829.8,2026-04-10
B_6101,TXFB-201100,Bound,,,1,1481.77,2026-04-10
B_6102,TXFB-201101,Bound,,,1,2474.59,2026-04-10
B_6103,TXFB-201102,Bound,,,1,872.48,2026-04-10
B_6104,TXFB-201103,Bound,,,1,2021.14,2026-04-10
B_6105,TXFB-201104,Bound,,,1,556.19,2026-04-10
B_6106,TXFB-201105,Bound,,,1,1674.81,2026-04-10
B_6107,TXFB-201106,Bound,,,1,724.53,2026-04-10
B_6108,TXFB-201107,Bound,,,1,1925.44,2026-04-10
B_6109,TXFB-201108,Bound,,,1,1765.04,2026-04-10
B_6110,TXFB-201109,Bound,,,1,1833.16,2026-04-10
B_6111,TXFB-201110,Bound,,,1,635.99,2026-04-10
B_6112,TXFB-201111,Bound,,,1,1584.85,2026-04-10
B_6113,TXFB-201112,Bound,,,0,2769.45,2026-04-10
B_6114,TXFB-201113,Bound,,,1,1606.74,2026-04-10
B_6115,TXFB-201114,Bound,,,1,2645.52,2026-04-10
B_6116,TXFB-201115,Bound,,,1,1608.44,2026-04-10
B_6117,TXFB-201116,Bound,,,1,1769.72,2026-04-10
B_6118,TXFB-201117,Bound,,,1,2191.68,2026-04-10
B_6119,TXFB-201118,Bound,,,1,3352.05,2026-04-10
B_6120,TXFB-201119,Bound,,,1,826.58,2026-04-10
B_6121,TXFB-201120,Bound,,,1,598.74,2026-04-10
B_6122,TXFB-201121,Bound,,,1,2323.87,2026-04-10
B_6123,TXFB-201122,Bound,,,1,3347.29,2026-04-10
B_6124,TXFB-201123,Bound,,,1,3469.17,2026-04-10
B_6125,TXFB-201124,Bound,,,0,1952.49,2026-04-10
B_6126,TXFB-201125,Bound,,,1,1904.24,2026-04-10
B_6127,TXFB-201126,Bound,,,1,2434.89,2026-04-10
B_6128,TXFB-201127,Bound,,,1,2166.9,2026-04-10
B_6129,TXFB-201128,Bound,,,1,2402.26,2026-04-10
B_6130,TXFB-201129,Bound,,,1,3122.0,2026-04-10
B_6131,TXFB-201130,Bound,,,1,2738.92,2026-04-10
B_6132,TXFB-201131,Bound,,,1,1990.63,2026-04-10
B_6133,TXFB-201132,Bound,,,1,1885.59,2026-04-10
B_6134,TXFB-201133,Bound,,,1,2418.81,2026-04-10
B_6135,TXFB-201134,Bound,,,1,1867.12,2026-04-10
B_6136,TXFB-201135,Bound,,,1,1873.34,2026-04-10
B_6137,TXFB-201136,Bound,,,1,548.92,2026-04-10
B_6138,TXFB-201137,Bound,,,1,1022.19,2026-04-10
B_6139,TXFB-201138,Bound,,,1,1965.54,2026-04-10
B_6140,TXFB-201139,Bound,,,1,2967.96,2026-04-10
B_6141,TXFB-201140,Bound,,,1,1336.18,2026-04-10
B_6142,TXFB-201141,Bound,,,1,2067.93,2026-04-10
B_6143,TXFB-201142,Bound,,,1,1534.89,2026-04-10
B_6144,TXFB-201143,Bound,,,1,814.41,2026-04-10
B_6145,TXFB-201144,Bound,,,0,3374.9,2026-04-10
B_6146,TXFB-201145,Bound,,,1,3064.02,2026-04-10
B_6147,TXFB-201146,Bound,,,1,735.48,2026-04-10
B_6148,TXFB-201147,Bound,,,1,2659.36,2026-04-10
B_6149,TXFB-201148,Bound,,,1,1542.74,2026-04-10
B_6150,TXFB-201149,Bound,,,1,3484.55,2026-04-10
B_6151,TXFB-201150,Bound,,,0,1407.2,2026-04-10
B_6152,TXFB-201151,Bound,,,1,1216.22,2026-04-10
B_6153,TXFB-201152,Bound,,,1,2203.67,2026-04-10
B_6154,TXFB-201153,Bound,,,1,3005.38,2026-04-10
B_6155,TXFB-201154,Bound,,,1,1077.56,2026-04-10
B_6156,TXFB-201155,Bound,,,1,2628.21,2026-04-10
B_6157,TXFB-201156,Bound,,,1,684.22,2026-04-10
B_6158,TXFB-201157,Bound,,,1,3256.8,2026-04-10
B_6159,TXFB-201158,Bound,,,1,743.22,2026-04-10
B_6160,TXFB-201159,Bound,,,1,3242.69,2026-04-10
B_6161,TXFB-201160,Bound,,,1,1972.42,2026-04-10
B_6162,TXFB-201161,Bound,,,1,1844.27,2026-04-10
B_6163,TXFB-201162,Bound,,,1,3419.92,2026-04-10
B_6164,TXFB-201163,Bound,,,1,3471.15,2026-04-10
B_6165,TXFB-201164,Bound,,,1,2450.53,2026-04-10
B_6166,TXFB-201165,Bound,,,1,881.36,2026-04-10
B_6167,TXFB-201166,Bound,,,0,2018.51,2026-04-10
B_6168,TXFB-201167,Bound,,,1,2087.49,2026-04-10
B_6169,TXFB-201168,Bound,,,1,2043.34,2026-04-10
B_6170,TXFB-201169,Bound,,,0,2208.48,2026-04-10
B_6171,TXFB-201170,Bound,,,1,556.17,2026-04-10
B_6172,TXFB-201171,Bound,,,1,2633.68,2026-04-10
B_6173,TXFB-201172,Bound,,,1,2637.18,2026-04-10
B_6174,TXFB-201173,Bound,,,1,846.41,2026-04-10
B_6175,TXFB-201174,Bound,,,1,2210.72,2026-04-10
B_6176,TXFB-201175,Bound,,,1,2205.08,2026-04-10
B_6177,TXFB-201176,Bound,,,1,2547.35,2026-04-10
B_6178,TXFB-201177,Bound,,,1,756.19,2026-04-10
B_6179,TXFB-201178,Bound,,,1,2379.51,2026-04-10
B_6180,TXFB-201179,Bound,,,0,1342.26,2026-04-10
B_6181,TXFB-201180,Bound,,,1,2021.01,2026-04-10
B_6182,TXFB-201181,Bound,,,1,2819.97,2026-04-10
B_6183,TXFB-201182,Bound,,,1,2616.94,2026-04-10
B_6184,TXFB-201183,Bound,,,1,856.71,2026-04-10
B_6185,TXFB-201184,Bound,,,1,2273.55,2026-04-10
B_6186,TXFB-201185,Bound,,,1,3407.35,2026-04-10
B_6187,TXFB-201186,Bound,,,0,970.31,2026-04-10
B_6188,TXFB-201187,Bound,,,1,3058.72,2026-04-10
B_6189,TXFB-201188,Bound,,,1,2607.64,2026-04-10
B_6190,TXFB-201189,Bound,,,1,2822.01,2026-04-10
B_6191,TXFB-201190,Bound,,,1,1345.87,2026-04-10
B_6192,TXFB-201191,Bound,,,1,1363.67,2026-04-10
B_6193,TXFB-201192,Bound,,,1,3218.06,2026-04-10
B_6194,TXFB-201193,Bound,,,1,1579.5,2026-04-10
B_6195,TXFB-201194,Bound,,,1,689.05,2026-04-10
B_6196,TXFB-201195,Bound,,,1,2301.79,2026-04-10
B_6197,TXFB-201196,Bound,,,1,874.45,2026-04-10
B_6198,TXFB-201197,Bound,,,1,2889.79,2026-04-10
B_6199,TXFB-201198,Bound,,,1,2425.24,2026-04-10
B_6200,TXFB-201199,Bound,,,1,3124.18,2026-04-10
B_6201,TXFB-201200,Bound,,,1,2854.51,2026-04-10
B_6202,TXFB-201201,Bound,,,1,836.34,2026-04-10
B_6203,TXFB-201202,Bound,,,1,1643.21,2026-04-10
B_6204,TXFB-201203,Bound,,,1,2823.68,2026-04-10
B_6205,TXFB-201204,Bound,,,1,1752.02,2026-04-10
B_6206,TXFB-201205,Bound,,,1,3417.1,2026-04-10
B_6207,TXFB-201206,Bound,,,1,2707.22,2026-04-10
B_6208,TXFB-201207,Bound,,,1,546.5,2026-04-10
B_6209,TXFB-201208,Bound,,,0,3139.96,2026-04-10
B_6210,TXFB-201209,Bound,,,1,802.41,2026-04-10
B_6211,TXFB-201210,Bound,,,1,921.57,2026-04-10
B_6212,TXFB-201211,Bound,,,1,2703.48,2026-04-10
B_6213,TXFB-201212,Bound,,,1,3094.91,2026-04-10
B_6214,TXFB-201213,Bound,,,0,2109.05,2026-04-10
B_6215,TXFB-201214,Bound,,,1,1367.15,2026-04-10
B_6216,TXFB-201215,Bound,,,1,1553.95,2026-04-10
B_6217,TXFB-201216,Bound,,,1,1528.67,2026-04-10
B_6218,TXFB-201217,Bound,,,1,1480.03,2026-04-10
B_6219,TXFB-201218,Bound,,,1,1228.73,2026-04-10
B_6220,TXFB-201219,Bound,,,1,2326.6,2026-04-10
B_6221,TXFB-201220,Bound,,,0,3201.22,2026-04-10
B_6222,TXFB-201221,Bound,,,1,1421.25,2026-04-10
B_6223,TXFB-201222,Bound,,,1,1060.08,2026-04-10
B_6224,TXFB-201223,Bound,,,1,3015.73,2026-04-10
B_6225,TXFB-201224,Bound,,,1,2725.35,2026-04-10
B_6226,TXFB-201225,Bound,,,1,3292.51,2026-04-10
B_6227,TXFB-201226,Bound,,,1,996.56,2026-04-10
B_6228,TXFB-201227,Bound,,,1,932.75,2026-04-10
B_6229,TXFB-201228,Bound,,,1,2124.29,2026-04-10
B_6230,TXFB-201229,Bound,,,1,2343.3,2026-04-10
B_6231,TXFB-201230,Bound,,,1,1940.52,2026-04-10
B_6232,TXFB-201231,Bound,,,1,2296.9,2026-04-10
B_6233,TXFB-201232,Bound,,,1,1041.14,2026-04-10
B_6234,TXFB-201233,Bound,,,1,1938.84,2026-04-10
B_6235,TXFB-201234,Bound,,,1,2474.28,2026-04-10
B_6236,TXFB-201235,Bound,,,1,1798.12,2026-04-10
B_6237,TXFB-201236,Bound,,,1,2538.34,2026-04-10
B_6238,TXFB-201237,Bound,,,1,1853.57,2026-04-10
B_6239,TXFB-201238,Bound,,,1,1500.8,2026-04-10
B_6240,TXFB-201239,Bound,,,1,1410.82,2026-04-10
B_6241,TXFB-201240,Bound,,,1,1732.71,2026-04-10
B_6242,TXFB-201241,Bound,,,1,569.27,2026-04-10
B_6243,TXFB-201242,Bound,,,1,2505.58,2026-04-10
B_6244,TXFB-201243,Bound,,,1,3035.32,2026-04-10
B_6245,TXFB-201244,Bound,,,1,1563.88,2026-04-10
B_6246,TXFB-201245,Bound,,,1,638.1,2026-04-10
B_6247,TXFB-201246,Bound,,,1,3460.33,2026-04-10
B_6248,TXFB-201247,Bound,,,1,1291.09,2026-04-10
B_6249,TXFB-201248,Bound,,,1,879.86,2026-04-10
B_6250,TXFB-201249,Bound,,,1,1609.26,2026-04-10
B_6251,TXFB-201250,Bound,,,1,2715.67,2026-04-10
B_6252,TXFB-201251,Bound,,,1,1381.75,2026-04-10
B_6253,TXFB-201252,Bound,,,1,2224.11,2026-04-10
B_6254,TXFB-201253,Bound,,,1,1746.68,2026-04-10
B_6255,TXFB-201254,Bound,,,1,853.29,2026-04-10
B_6256,TXFB-201255,Bound,,,1,1490.86,2026-04-10
B_6257,TXFB-201256,Bound,,,0,2674.61,2026-04-10
B_6258,TXFB-201257,Bound,,,1,2336.01,2026-04-10
B_6259,TXFB-201258,Bound,,,1,859.34,2026-04-10
B_6260,TXFB-201259,Bound,,,1,989.97,2026-04-10
B_6261,TXFB-201260,Bound,,,1,2422.2,2026-04-10
B_6262,TXFB-201261,Bound,,,1,2940.25,2026-04-10
B_6263,TXFB-201262,Bound,,,1,1548.42,2026-04-10
B_6264,TXFB-201263,Bound,,,1,2285.93,2026-04-10
B_6265,TXFB-201264,Bound,,,1,1011.93,2026-04-10
B_6266,TXFB-201265,Bound,,,1,1434.13,2026-04-10
B_6267,TXFB-201266,Bound,,,1,560.81,2026-04-10
B_6268,TXFB-201267,Bound,,,1,2804.83,2026-04-10
B_6269,TXFB-201268,Bound,,,1,1703.03,2026-04-10
B_6270,TXFB-201269,Bound,,,1,2948.38,2026-04-10
B_6271,TXFB-201270,Bound,,,1,2625.12,2026-04-10
B_6272,TXFB-201271,Bound,,,0,2986.23,2026-04-10
B_6273,TXFB-201272,Bound,,,1,1356.98,2026-04-10
B_6274,TXFB-201273,Bound,,,1,1055.33,2026-04-10
B_6275,TXFB-201274,Bound,,,1,3415.72,2026-04-10
B_6276,TXFB-201275,Bound,,,1,2651.98,2026-04-10
B_6277,TXFB-201276,Bound,,,1,3002.13,2026-04-10
B_6278,TXFB-201277,Bound,,,1,539.4,2026-04-10
B_6279,TXFB-201278,Bound,,,1,1563.38,2026-04-10
B_6280,TXFB-201279,Bound,,,1,2728.45,2026-04-10
B_6281,TXFB-201280,Bound,,,1,733.95,2026-04-10
B_6282,TXFB-201281,Bound,,,1,2202.02,2026-04-10
B_6283,TXFB-201282,Bound,,,1,1787.22,2026-04-10
B_6284,TXFB-201283,Bound,,,0,552.85,2026-04-10
B_6285,TXFB-201284,Bound,,,1,1207.93,2026-04-10
B_6286,TXFB-201285,Bound,,,1,1354.38,2026-04-10
B_6287,TXFB-201286,Bound,,,1,835.58,2026-04-10
B_6288,TXFB-201287,Bound,,,1,2394.61,2026-04-10
B_6289,TXFB-201288,Bound,,,1,1227.19,2026-04-10
B_6290,TXFB-201289,Bound,,,1,1332.86,2026-04-10
B_6291,TXFB-201290,Bound,,,1,3194.72,2026-04-10
B_6292,TXFB-201291,Bound,,,1,1901.37,2026-04-10
B_6293,TXFB-201292,Bound,,,1,1676.38,2026-04-10
B_6294,TXFB-201293,Bound,,,1,2671.61,2026-04-10
B_6295,TXFB-201294,Bound,,,0,3228.84,2026-04-10
B_6296,TXFB-201295,Bound,,,0,575.11,2026-04-10
B_6297,TXFB-201296,Bound,,,1,1844.72,2026-04-10
B_6298,TXFB-201297,Bound,,,1,2332.34,2026-04-10
B_6299,TXFB-201298,Bound,,,1,1455.69,2026-04-10
B_6300,TXFB-201299,Bound,,,1,2817.22,2026-04-10
B_6301,TXFB-201300,Bound,,,1,3414.43,2026-04-10
B_6302,TXFB-201301,Bound,,,1,3330.28,2026-04-10
B_6303,TXFB-201302,Bound,,,1,1297.95,2026-04-10
B_6304,TXFB-201303,Bound,,,1,1179.01,2026-04-10
B_6305,TXFB-201304,Bound,,,0,3372.47,2026-04-10
B_6306,TXFB-201305,Bound,,,0,1875.89,2026-04-10
B_6307,TXFB-201306,Bound,,,1,1124.89,2026-04-10
B_6308,TXFB-201307,Bound,,,1,2620.99,2026-04-10
B_6309,TXFB-201308,Bound,,,1,1353.26,2026-04-10
B_6310,TXFB-201309,Bound,,,0,1301.74,2026-04-10
B_6311,TXFB-201310,Bound,,,1,3137.75,2026-04-10
B_6312,TXFB-201311,Bound,,,1,987.44,2026-04-10
B_6313,TXFB-201312,Bound,,,1,693.18,2026-04-10
B_6314,TXFB-201313,Bound,,,1,1307.56,2026-04-10
B_6315,TXFB-201314,Bound,,,1,2320.84,2026-04-10
B_6316,TXFB-201315,Bound,,,1,869.26,2026-04-10
B_6317,TXFB-201316,Bound,,,1,1914.78,2026-04-10
B_6318,TXFB-201317,Bound,,,1,2382.01,2026-04-10
B_6319,TXFB-201318,Bound,,,1,3046.21,2026-04-10
B_6320,TXFB-201319,Bound,,,1,1189.61,2026-04-10
B_6321,TXFB-201320,Bound,,,1,2952.04,2026-04-10
B_6322,TXFB-201321,Bound,,,1,1204.72,2026-04-10
B_6323,TXFB-201322,Bound,,,1,2530.3,2026-04-10
B_6324,TXFB-201323,Bound,,,0,1792.02,2026-04-10
B_6325,TXFB-201324,Bound,,,1,844.04,2026-04-10
B_6326,TXFB-201325,Bound,,,1,2642.79,2026-04-10
B_6327,TXFB-201326,Bound,,,1,1153.29,2026-04-10
B_6328,TXFB-201327,Bound,,,1,1029.87,2026-04-10
B_6329,TXFB-201328,Bound,,,1,1574.97,2026-04-10
B_6330,TXFB-201329,Bound,,,0,2459.87,2026-04-10
B_6331,TXFB-201330,Bound,,,1,1201.99,2026-04-10
B_6332,TXFB-201331,Bound,,,1,1050.98,2026-04-10
B_6333,TXFB-201332,Bound,,,1,529.86,2026-04-10
B_6334,TXFB-201333,Bound,,,1,1914.93,2026-04-10
B_6335,TXFB-201334,Bound,,,1,1785.94,2026-04-10
B_6336,TXFB-201335,Bound,,,1,1201.6,2026-04-10
B_6337,TXFB-201336,Bound,,,1,660.96,2026-04-10
B_6338,TXFB-201337,Bound,,,1,1787.77,2026-04-10
B_6339,TXFB-201338,Bound,,,1,2864.62,2026-04-10
B_6340,TXFB-201339,Bound,,,1,2645.85,2026-04-10
B_6341,TXFB-201340,Bound,,,1,3082.38,2026-04-10
B_6342,TXFB-201341,Bound,,,1,528.75,2026-04-10
B_6343,TXFB-201342,Bound,,,1,3399.26,2026-04-10
B_6344,TXFB-201343,Bound,,,1,1524.24,2026-04-10
B_6345,TXFB-201344,Bound,,,1,3471.19,2026-04-10
B_6346,TXFB-201345,Bound,,,1,1257.86,2026-04-10
B_6347,TXFB-201346,Bound,,,1,1914.61,2026-04-10
B_6348,TXFB-201347,Bound,,,1,1561.78,2026-04-10
B_6349,TXFB-201348,Bound,,,1,1567.28,2026-04-10
B_6350,TXFB-201349,Bound,,,1,3026.85,2026-04-10
B_6351,TXFB-201350,Bound,,,1,2739.26,2026-04-10
B_6352,TXFB-201351,Bound,,,0,3476.45,2026-04-10
B_6353,TXFB-201352,Bound,,,1,2340.54,2026-04-10
B_6354,TXFB-201353,Bound,,,1,1889.77,2026-04-10
B_6355,TXFB-201354,Bound,,,1,770.22,2026-04-10
B_6356,TXFB-201355,Bound,,,1,3489.68,2026-04-10
B_6357,TXFB-201356,Bound,,,1,2154.59,2026-04-10
B_6358,TXFB-201357,Bound,,,1,2601.43,2026-04-10
B_6359,TXFB-201358,Bound,,,1,1720.23,2026-04-10
B_6360,TXFB-201359,Bound,,,1,2143.15,2026-04-10
B_6361,TXFB-201360,Bound,,,1,3327.73,2026-04-10
B_6362,TXFB-201361,Bound,,,1,999.26,2026-04-10
B_6363,TXFB-201362,Bound,,,1,1377.12,2026-04-10
B_6364,TXFB-201363,Bound,,,1,956.18,2026-04-10
B_6365,TXFB-201364,Bound,,,1,2876.65,2026-04-10
B_6366,TXFB-201365,Bound,,,1,686.14,2026-04-10
B_6367,TXFB-201366,Bound,,,1,744.89,2026-04-10
B_6368,TXFB-201367,Bound,,,1,1395.48,2026-04-10
B_6369,TXFB-201368,Bound,,,1,2042.56,2026-04-10
B_6370,TXFB-201369,Bound,,,1,1718.82,2026-04-10
B_6371,TXFB-201370,Bound,,,1,634.45,2026-04-10
B_6372,TXFB-201371,Bound,,,1,3372.47,2026-04-10
B_6373,TXFB-201372,Bound,,,1,3358.61,2026-04-10
B_6374,TXFB-201373,Bound,,,1,1338.07,2026-04-10
B_6375,TXFB-201374,Bound,,,1,2694.58,2026-04-10
B_6376,TXFB-201375,Bound,,,1,2235.73,2026-04-10
B_6377,TXFB-201376,Bound,,,1,1212.43,2026-04-10
B_6378,TXFB-201377,Bound,,,1,1286.51,2026-04-10
B_6379,TXFB-201378,Bound,,,1,1973.46,2026-04-10
B_6380,TXFB-201379,Bound,,,1,1757.71,2026-04-10
B_6381,TXFB-201380,Bound,,,1,1373.69,2026-04-10
B_6382,TXFB-201381,Bound,,,1,2922.53,2026-04-10
B_6383,TXFB-201382,Bound,,,1,1944.39,2026-04-10
B_6384,TXFB-201383,Bound,,,1,2464.54,2026-04-10
B_6385,TXFB-201384,Bound,,,1,1067.82,2026-04-10
B_6386,TXFB-201385,Bound,,,1,2100.52,2026-04-10
B_6387,TXFB-201386,Bound,,,0,1453.93,2026-04-10
B_6388,TXFB-201387,Bound,,,1,2079.24,2026-04-10
B_6389,TXFB-201388,Bound,,,1,2842.48,2026-04-10
B_6390,TXFB-201389,Bound,,,1,2806.74,2026-04-10
B_6391,TXFB-201390,Bound,,,0,1562.66,2026-04-10
B_6392,TXFB-201391,Bound,,,1,2582.83,2026-04-10
B_6393,TXFB-201392,Bound,,,1,3323.87,2026-04-10
B_6394,TXFB-201393,Bound,,,1,2377.01,2026-04-10
B_6395,TXFB-201394,Bound,,,1,945.23,2026-04-10
B_6396,TXFB-201395,Bound,,,1,2539.13,2026-04-10
B_6397,TXFB-201396,Bound,,,1,814.71,2026-04-10
B_6398,TXFB-201397,Bound,,,1,3116.33,2026-04-10
B_6399,TXFB-201398,Bound,,,1,2049.98,2026-04-10
B_6400,TXFB-201399,Bound,,,1,1655.42,2026-04-10
B_6401,TXFB-201400,Bound,,,1,671.02,2026-04-10
B_6402,TXFB-201401,Bound,,,1,1642.35,2026-04-10
B_6403,TXFB-201402,Bound,,,1,3209.62,2026-04-10
B_6404,TXFB-201403,Bound,,,1,562.95,2026-04-10
B_6405,TXFB-201404,Bound,,,1,1923.94,2026-04-10
B_6406,TXFB-201405,Bound,,,1,3293.47,2026-04-10
B_6407,TXFB-201406,Bound,,,1,1684.52,2026-04-10
B_6408,TXFB-201407,Bound,,,1,1784.53,2026-04-10
B_6409,TXFB-201408,Bound,,,1,2235.68,2026-04-10
B_6410,TXFB-201409,Bound,,,1,1888.81,2026-04-10
B_6411,TXFB-201410,Bound,,,1,1005.81,2026-04-10
B_6412,TXFB-201411,Bound,,,1,555.67,2026-04-10
B_6413,TXFB-201412,Bound,,,0,2329.43,2026-04-10
B_6414,TXFB-201413,Bound,,,0,3262.42,2026-04-10
B_6415,TXFB-201414,Bound,,,1,819.09,2026-04-10
B_6416,TXFB-201415,Bound,,,1,1132.86,2026-04-10
B_6417,TXFB-201416,Bound,,,1,1610.69,2026-04-10
B_6418,TXFB-201417,Bound,,,1,2926.23,2026-04-10
B_6419,TXFB-201418,Bound,,,1,1307.78,2026-04-10
B_6420,TXFB-201419,Bound,,,1,3146.16,2026-04-10
B_6421,TXFB-201420,Bound,,,1,664.87,2026-04-10
B_6422,TXFB-201421,Bound,,,1,3322.87,2026-04-10
B_6423,TXFB-201422,Bound,,,1,2182.24,2026-04-10
B_6424,TXFB-201423,Bound,,,1,2476.33,2026-04-10
B_6425,TXFB-201424,Bound,,,1,1603.07,2026-04-10
B_6426,TXFB-201425,Bound,,,1,2845.98,2026-04-10
B_6427,TXFB-201426,Bound,,,1,999.7,2026-04-10
B_6428,TXFB-201427,Bound,,,1,646.74,2026-04-10
B_6429,TXFB-201428,Bound,,,0,1686.55,2026-04-10
B_6430,TXFB-201429,Bound,,,1,3061.09,2026-04-10
B_6431,TXFB-201430,Bound,,,1,2764.78,2026-04-10
B_6432,TXFB-201431,Bound,,,1,2051.47,2026-04-10
B_6433,TXFB-201432,Bound,,,1,2216.41,2026-04-10
B_6434,TXFB-201433,Bound,,,1,889.68,2026-04-10
B_6435,TXFB-201434,Bound,,,1,3022.04,2026-04-10
B_6436,TXFB-201435,Bound,,,1,2860.88,2026-04-10
B_6437,TXFB-201436,Bound,,,1,2469.41,2026-04-10
B_6438,TXFB-201437,Bound,,,1,1898.57,2026-04-10
B_6439,TXFB-201438,Bound,,,1,3393.38,2026-04-10
B_6440,TXFB-201439,Bound,,,1,3137.1,2026-04-10
B_6441,TXFB-201440,Bound,,,1,2433.29,2026-04-10
B_6442,TXFB-201441,Bound,,,1,1615.4,2026-04-10
B_6443,TXFB-201442,Bound,,,1,2354.07,2026-04-10
B_6444,TXFB-201443,Bound,,,1,2226.32,2026-04-10
B_6445,TXFB-201444,Bound,,,1,1682.73,2026-04-10
B_6446,TXFB-201445,Bound,,,1,1420.02,2026-04-10
B_6447,TXFB-201446,Bound,,,1,1721.03,2026-04-10
B_6448,TXFB-201447,Bound,,,1,2221.73,2026-04-10
B_6449,TXFB-201448,Bound,,,0,1784.4,2026-04-10
B_6450,TXFB-201449,Bound,,,1,1290.72,2026-04-10
B_6451,TXFB-201450,Bound,,,1,2782.89,2026-04-10
B_6452,TXFB-201451,Bound,,,1,2094.4,2026-04-10
B_6453,TXFB-201452,Bound,,,0,703.03,2026-04-10
B_6454,TXFB-201453,Bound,,,1,1604.95,2026-04-10
B_6455,TXFB-201454,Bound,,,1,3154.74,2026-04-10
B_6456,TXFB-201455,Bound,,,1,2765.71,2026-04-10
B_6457,TXFB-201456,Bound,,,1,1469.74,2026-04-10
B_6458,TXFB-201457,Bound,,,1,3314.55,2026-04-10
B_6459,TXFB-201458,Bound,,,1,729.81,2026-04-10
B_6460,TXFB-201459,Bound,,,1,3383.7,2026-04-10
B_6461,TXFB-201460,Bound,,,1,1237.12,2026-04-10
B_6462,TXFB-201461,Bound,,,0,527.28,2026-04-10
B_6463,TXFB-201462,Bound,,,1,1801.42,2026-04-10
B_6464,TXFB-201463,Bound,,,1,1576.91,2026-04-10
B_6465,TXFB-201464,Bound,,,1,2117.27,2026-04-10
B_6466,TXFB-201465,Bound,,,0,2890.32,2026-04-10
B_6467,TXFB-201466,Bound,,,1,3027.29,2026-04-10
B_6468,TXFB-201467,Bound,,,1,1703.69,2026-04-10
B_6469,TXFB-201468,Bound,,,1,1789.54,2026-04-10
B_6470,TXFB-201469,Bound,,,1,944.53,2026-04-10
B_6471,TXFB-201470,Bound,,,0,642.64,2026-04-10
B_6472,TXFB-201471,Bound,,,1,2423.64,2026-04-10
B_6473,TXFB-201472,Bound,,,1,693.31,2026-04-10
B_6474,TXFB-201473,Bound,,,1,2701.49,2026-04-10
B_6475,TXFB-201474,Bound,,,1,2117.27,2026-04-10
B_6476,TXFB-201475,Bound,,,1,1095.75,2026-04-10
B_6477,TXFB-201476,Bound,,,1,2118.57,2026-04-10
B_6478,TXFB-201477,Bound,,,1,1048.99,2026-04-10
B_6479,TXFB-201478,Bound,,,1,1816.21,2026-04-10
B_6480,TXFB-201479,Bound,,,1,2898.68,2026-04-10
B_6481,TXFB-201480,Bound,,,1,1885.76,2026-04-10
B_6482,TXFB-201481,Bound,,,1,946.1,2026-04-10
B_6483,TXFB-201482,Bound,,,1,2671.49,2026-04-10
B_6484,TXFB-201483,Bound,,,1,1060.31,2026-04-10
B_6485,TXFB-201484,Bound,,,1,2715.65,2026-04-10
B_6486,TXFB-201485,Bound,,,1,1938.06,2026-04-10
B_6487,TXFB-201486,Bound,,,1,1861.23,2026-04-10
B_6488,TXFB-201487,Bound,,,1,3054.31,2026-04-10
B_6489,TXFB-201488,Bound,,,1,2625.81,2026-04-10
B_6490,TXFB-201489,Bound,,,1,598.73,2026-04-10
B_6491,TXFB-201490,Bound,,,1,1388.52,2026-04-10
B_6492,TXFB-201491,Bound,,,1,3112.76,2026-04-10
B_6493,TXFB-201492,Bound,,,1,554.98,2026-04-10
B_6494,TXFB-201493,Bound,,,1,2135.76,2026-04-10
B_6495,TXFB-201494,Bound,,,1,2683.48,2026-04-10
B_6496,TXFB-201495,Bound,,,1,2365.57,2026-04-10
B_6497,TXFB-201496,Bound,,,0,2781.6,2026-04-10
B_6498,TXFB-201497,Bound,,,1,2677.08,2026-04-10
B_6499,TXFB-201498,Bound,,,1,2576.09,2026-04-10
B_6500,TXFB-201499,Bound,,,1,2964.62,2026-04-10
