PolicyNumber,TotalPremium
TXFB-100001,1425.07
TXFB-100002,3136.351082487973
TXFB-100003,2528.7
TXFB-100004,1522.75
TXFB-100005,2130.6
TXFB-100006,3021.61
TXFB-100007,3150.1
TXFB-100008,981.18
TXFB-100009,1518.72
TXFB-100010,1505.67
TXFB-100011,626.13
TXFB-100012,2294.71
TXFB-100013,3064.46
TXFB-100014,1644.72
TXFB-100015,2720.11
TXFB-100016,2383.1
TXFB-100017,1626.95
TXFB-100018,923.18
TXFB-100019,2627.97
TXFB-100020,3063.7
TXFB-100021,2557.56
TXFB-100022,553.64
TXFB-100023,1148.7
TXFB-100024,708.44
TXFB-100025,2211.16
TXFB-100026,2769.43
TXFB-100027,802.8237640309301
TXFB-100028,3015.01
TXFB-100029,2166.53
TXFB-100030,2569.91
TXFB-100031,3414.21
TXFB-100032,751.04
TXFB-100033,3203.67
TXFB-100034,878.31
TXFB-100035,1678.88
TXFB-100036,3054.32
TXFB-100037,3218.76
TXFB-100038,2019.12
TXFB-100039,2282.31
TXFB-100040,2624.44
TXFB-100041,2998.28
TXFB-100042,864.53
TXFB-100043,2930.21
TXFB-100044,1943.83
TXFB-100045,1851.87
TXFB-100046,1771.7
TXFB-100047,2027.63
TXFB-100048,3335.15
TXFB-100049,2144.61
TXFB-100050,3359.53
TXFB-100051,1040.87
TXFB-100052,2672.41
TXFB-100053,2936.72
TXFB-100054,2537.39
TXFB-100055,2320.77
TXFB-100056,2194.44
TXFB-100057,3082.79
TXFB-100058,2964.94
TXFB-100059,866.87
TXFB-100060,3045.76
TXFB-100061,1742.21
TXFB-100062,1261.09
TXFB-100063,3109.31
TXFB-100064,1796.07
TXFB-100065,2925.09
TXFB-100066,1290.21
TXFB-100067,511.79
TXFB-100068,1986.38
TXFB-100069,800.68
TXFB-100070,2763.13
TXFB-100071,1328.23
TXFB-100072,1830.94
TXFB-100073,761.1
TXFB-100074,1359.98
TXFB-100075,2844.47
TXFB-100076,954.76
TXFB-100077,2441.48
TXFB-100078,3252.28
TXFB-100079,2539.51
TXFB-100080,2933.07
TXFB-100081,826.91
TXFB-100082,1252.2
TXFB-100083,3183.62
TXFB-100084,2645.32
TXFB-100085,2418.66
TXFB-100086,2491.3
TXFB-100087,1742.6
TXFB-100088,633.67
TXFB-100089,2853.32
TXFB-100090,2536.14
TXFB-100091,1918.41
TXFB-100092,3155.1643612589583
TXFB-100093,1508.48
TXFB-100094,1382.97
TXFB-100095,3118.39
TXFB-100096,2890.96
TXFB-100097,2044.94
TXFB-100098,892.2
TXFB-100099,1145.21
TXFB-100100,2468.68
TXFB-100101,1655.12
TXFB-100102,3009.42
TXFB-100103,3349.87
TXFB-100104,2916.91
TXFB-100105,1632.64
TXFB-100106,2866.06
TXFB-100107,1554.33
TXFB-100108,1001.3
TXFB-100109,600.18
TXFB-100110,1657.15
TXFB-100111,3210.68
TXFB-100112,1216.96
TXFB-100113,1119.54
TXFB-100114,3409.46
TXFB-100115,575.01
TXFB-100116,2857.35
TXFB-100117,1464.11
TXFB-100118,612.46
TXFB-100119,3155.4289062781813
TXFB-100120,918.93
TXFB-100121,2155.34
TXFB-100122,1322.16
TXFB-100123,695.58
TXFB-100124,649.77
TXFB-100125,846.67
TXFB-100126,714.1
TXFB-100127,2781.67
TXFB-100128,1956.7
TXFB-100129,1528.68
TXFB-100130,1755.11
TXFB-100131,3286.84
TXFB-100132,3232.26
TXFB-100133,2647.03
TXFB-100134,3154.05
TXFB-100135,1458.94
TXFB-100136,1643.33
TXFB-100137,2341.14
TXFB-100138,2370.88
TXFB-100139,1945.1
TXFB-100140,1701.97
TXFB-100141,3458.54
TXFB-100142,2963.37
TXFB-100143,1804.94
TXFB-100144,2681.88
TXFB-100145,1308.69
TXFB-100146,800.51
TXFB-100147,1557.29
TXFB-100148,1708.92
TXFB-100149,549.61
TXFB-100150,2944.38
TXFB-100151,1577.58
TXFB-100152,2241.25
TXFB-100153,721.89
TXFB-100154,1024.99
TXFB-100155,3169.08
TXFB-100156,2326.06
TXFB-100157,3350.85
TXFB-100158,3496.25
TXFB-100159,1615.58
TXFB-100160,1396.41
TXFB-100161,3075.07
TXFB-100162,3495.83
TXFB-100163,2388.92
TXFB-100164,2885.42
TXFB-100165,2845.24
TXFB-100166,1566.02
TXFB-100167,2222.81
TXFB-100168,2999.17
TXFB-100169,2564.34
TXFB-100170,563.49
TXFB-100171,1510.12
TXFB-100172,933.43
TXFB-100173,1198.92
TXFB-100174,3216.47
TXFB-100175,610.68
TXFB-100176,1159.4
TXFB-100177,1384.8263358169775
TXFB-100178,2350.65
TXFB-100179,2102.31
TXFB-100180,1154.81
TXFB-100181,992.72
TXFB-100182,1210.39
TXFB-100183,2007.59
TXFB-100184,1313.53
TXFB-100185,3342.81
TXFB-100186,1891.6
TXFB-100187,676.39
TXFB-100188,2687.8
TXFB-100189,1486.54
TXFB-100190,2460.47
TXFB-100191,1338.78
TXFB-100192,2212.23
TXFB-100193,2816.46
TXFB-100194,3284.03
TXFB-100195,1283.38
TXFB-100196,1504.57
TXFB-100197,1892.8
TXFB-100198,3281.52
TXFB-100199,3204.16
TXFB-100200,769.63
TXFB-100201,895.79
TXFB-100202,1986.53
TXFB-100203,819.86
TXFB-100204,1536.74
TXFB-100205,945.16
TXFB-100206,2408.12
TXFB-100207,3348.49
TXFB-100208,3490.2
TXFB-100209,1625.72
TXFB-100210,2297.04
TXFB-100211,3068.8
TXFB-100212,852.39
TXFB-100213,2568.69
TXFB-100214,1726.53
TXFB-100215,1118.44
TXFB-100216,1708.26
TXFB-100217,727.88
TXFB-100218,2586.22
TXFB-100219,1258.23
TXFB-100220,1434.22
TXFB-100221,863.24
TXFB-100222,3028.8152754708135
TXFB-100223,1980.33
TXFB-100224,2216.44
TXFB-100225,2208.3
TXFB-100226,1731.48
TXFB-100227,1077.59
TXFB-100228,2735.4
TXFB-100229,881.17
TXFB-100230,811.62
TXFB-100231,2630.44
TXFB-100232,1126.51
TXFB-100233,1420.32
TXFB-100234,1925.68
TXFB-100235,1848.05
TXFB-100236,2625.74
TXFB-100237,2370.3
TXFB-100238,2348.6798881651907
TXFB-100239,2642.16
TXFB-100240,1377.84
TXFB-100241,1467.0
TXFB-100242,1813.99
TXFB-100243,1422.39
TXFB-100244,3454.81
TXFB-100245,2942.16
TXFB-100246,993.96
TXFB-100247,516.78
TXFB-100248,628.35
TXFB-100249,1232.19
TXFB-100250,842.87
TXFB-100251,2100.01
TXFB-100252,3073.99
TXFB-100253,2710.25
TXFB-100254,1146.83
TXFB-100255,1697.9
TXFB-100256,2023.68
TXFB-100257,2930.62
TXFB-100258,3017.36
TXFB-100259,3229.15
TXFB-100260,2027.74
TXFB-100261,2582.82
TXFB-100262,835.4
TXFB-100263,2195.87
TXFB-100264,1246.08
TXFB-100265,1795.15
TXFB-100266,2402.15
TXFB-100267,1270.96
TXFB-100268,656.56
TXFB-100269,530.7
TXFB-100270,566.48
TXFB-100271,525.05
TXFB-100272,831.07
TXFB-100273,1218.47
TXFB-100274,1163.66
TXFB-100275,3460.39
TXFB-100276,1418.02
TXFB-100277,882.26
TXFB-100278,2136.69
TXFB-100279,3073.87
TXFB-100280,2534.18
TXFB-100281,1388.25
TXFB-100282,2184.85
TXFB-100283,2644.57
TXFB-100284,2684.31
TXFB-100285,2436.5652651447526
TXFB-100286,3112.43
TXFB-100287,3110.32
TXFB-100288,2236.81
TXFB-100289,1789.57
TXFB-100290,2424.71
TXFB-100291,2954.64
TXFB-100292,516.96
TXFB-100293,3475.99
TXFB-100294,1048.68
TXFB-100295,1910.75
TXFB-100296,3116.09
TXFB-100297,1175.12
TXFB-100298,1930.39
TXFB-100299,897.75
TXFB-100300,1685.23
TXFB-100301,1031.41
TXFB-100302,1590.88
TXFB-100303,1620.39
TXFB-100304,3479.51
TXFB-100305,3484.44
TXFB-100306,844.36
TXFB-100307,2677.91
TXFB-100308,655.24
TXFB-100309,590.58
TXFB-100310,816.0
TXFB-100311,3396.46
TXFB-100312,3322.59
TXFB-100313,1081.78
TXFB-100314,985.02
TXFB-100315,1221.61
TXFB-100316,2046.64
TXFB-100317,2209.11
TXFB-100318,1164.78
TXFB-100319,2769.87
TXFB-100320,1428.66
TXFB-100321,3266.39
TXFB-100322,2470.17
TXFB-100323,1809.05
TXFB-100324,2869.74
TXFB-100325,2953.74
TXFB-100326,1371.44
TXFB-100327,1519.14
TXFB-100328,3307.87
TXFB-100329,994.22
TXFB-100330,626.45
TXFB-100331,1862.17
TXFB-100332,2903.63
TXFB-100333,2815.0
TXFB-100334,3258.59
TXFB-100335,2099.6
TXFB-100336,800.19
TXFB-100337,2266.07
TXFB-100338,2835.19
TXFB-100339,760.7720582752404
TXFB-100340,1017.97
TXFB-100341,536.87
TXFB-100342,2280.96
TXFB-100343,3160.2
TXFB-100344,2511.99
TXFB-100345,3446.12
TXFB-100346,689.1
TXFB-100347,3209.0
TXFB-100348,2942.2
TXFB-100349,1442.72
TXFB-100350,3420.58
TXFB-100351,1363.81
TXFB-100352,3167.91
TXFB-100353,3142.25
TXFB-100354,2772.97
TXFB-100355,2190.41
TXFB-100356,860.01
TXFB-100357,2095.92
TXFB-100358,1570.39
TXFB-100359,2876.65
TXFB-100360,2774.39
TXFB-100361,3231.84
TXFB-100362,544.49
TXFB-100363,2927.31
TXFB-100364,3231.970716352757
TXFB-100365,2867.9
TXFB-100366,890.58
TXFB-100367,743.84
TXFB-100368,562.54
TXFB-100369,2319.9234742226586
TXFB-100370,2389.02
TXFB-100371,3460.74
TXFB-100372,1694.13
TXFB-100373,1495.72
TXFB-100374,2373.27
TXFB-100375,2976.83
TXFB-100376,3310.32
TXFB-100377,2909.37
TXFB-100378,1780.02
TXFB-100379,2404.74
TXFB-100380,3068.9
TXFB-100381,1971.83
TXFB-100382,1150.06
TXFB-100383,1009.17
TXFB-100384,500.47
TXFB-100385,2654.71
TXFB-100386,833.29
TXFB-100387,1231.52
TXFB-100388,1336.2629908958384
TXFB-100389,2181.14
TXFB-100390,1693.87
TXFB-100391,2524.02
TXFB-100392,666.92
TXFB-100393,871.82
TXFB-100394,1997.63
TXFB-100395,1510.89
TXFB-100396,1387.44
TXFB-100397,701.08
TXFB-100398,3187.16
TXFB-100399,2575.46
TXFB-100400,864.85
TXFB-100401,695.14
TXFB-100402,3424.62
TXFB-100403,2543.52
TXFB-100404,1752.37
TXFB-100405,2605.19
TXFB-100406,2769.0
TXFB-100407,2839.89
TXFB-100408,1933.63
TXFB-100409,1789.65
TXFB-100410,533.08
TXFB-100411,3279.67
TXFB-100412,2309.92
TXFB-100413,1109.46
TXFB-100414,3258.81
TXFB-100415,3244.8
TXFB-100416,3467.55
TXFB-100417,3122.17
TXFB-100418,3493.35
TXFB-100419,1234.06
TXFB-100420,3026.75
TXFB-100421,2969.08
TXFB-100422,1192.82
TXFB-100423,795.31
TXFB-100424,3438.26
TXFB-100425,1388.07
TXFB-100426,3112.68
TXFB-100427,439.0305396442667
TXFB-100428,563.07
TXFB-100429,1897.61
TXFB-100430,1216.14
TXFB-100431,2569.52
TXFB-100432,2196.69
TXFB-100433,732.46
TXFB-100434,987.88
TXFB-100435,1664.15
TXFB-100436,1056.81
TXFB-100437,2876.67
TXFB-100438,1748.21
TXFB-100439,780.3
TXFB-100440,1953.03
TXFB-100441,772.51
TXFB-100442,886.81
TXFB-100443,1218.83
TXFB-100444,3078.58
TXFB-100445,3273.84
TXFB-100446,2978.77
TXFB-100447,1502.23
TXFB-100448,1317.34
TXFB-100449,2147.47
TXFB-100450,2665.56
TXFB-100451,3480.12
TXFB-100452,894.71
TXFB-100453,647.88
TXFB-100454,2583.07
TXFB-100455,2996.68
TXFB-100456,3039.05
TXFB-100457,2535.39
TXFB-100458,3362.05
TXFB-100459,2033.01
TXFB-100460,3191.6483838224476
TXFB-100461,3403.44
TXFB-100462,3041.47
TXFB-100463,1429.28
TXFB-100464,1088.65
TXFB-100465,2144.36
TXFB-100466,1859.04
TXFB-100467,3133.28
TXFB-100468,800.1
TXFB-100469,1273.22
TXFB-100470,2721.954412235752
TXFB-100471,784.96
TXFB-100472,1462.29
TXFB-100473,1661.47
TXFB-100474,2367.78
TXFB-100475,974.4
TXFB-100476,3081.81
TXFB-100477,1842.63
TXFB-100478,3251.07
TXFB-100479,1903.61
TXFB-100480,1325.12
TXFB-100481,925.49
TXFB-100482,511.24
TXFB-100483,2096.47
TXFB-100484,821.47
TXFB-100485,1675.18
TXFB-100486,2267.82
TXFB-100487,1327.06
TXFB-100488,1025.67
TXFB-100489,2824.16
TXFB-100490,3340.37
TXFB-100491,801.32
TXFB-100492,875.1242364746604
TXFB-100493,3380.04
TXFB-100494,613.35
TXFB-100495,3432.9
TXFB-100496,513.93
TXFB-100497,3121.01
TXFB-100498,1421.98
TXFB-100499,3315.77
TXFB-100500,1450.84
TXFB-100501,2462.92
TXFB-100502,740.1
TXFB-100503,1226.99
TXFB-100504,2821.04
TXFB-100505,2047.2739652326022
TXFB-100506,3283.91
TXFB-100507,1786.25
TXFB-100508,3109.44
TXFB-100509,1846.87
TXFB-100510,3437.74
TXFB-100511,3379.5
TXFB-100512,1487.41
TXFB-100513,3157.77
TXFB-100514,3042.83
TXFB-100515,1132.04
TXFB-100516,2372.87
TXFB-100517,718.05
TXFB-100518,3010.13
TXFB-100519,1023.64
TXFB-100520,712.44
TXFB-100521,1700.66
TXFB-100522,2230.77
TXFB-100523,3064.75
TXFB-100524,3422.73
TXFB-100525,1818.48
TXFB-100526,681.34
TXFB-100527,2747.35
TXFB-100528,2195.52
TXFB-100529,1843.67
TXFB-100530,1427.81
TXFB-100531,2007.2
TXFB-100532,1516.04
TXFB-100533,2771.04
TXFB-100534,2131.68
TXFB-100535,3130.54
TXFB-100536,2130.63
TXFB-100537,1214.79
TXFB-100538,3053.28
TXFB-100539,2171.66
TXFB-100540,1120.52
TXFB-100541,2370.52
TXFB-100542,1573.15
TXFB-100543,3033.22
TXFB-100544,1859.9
TXFB-100545,2679.32
TXFB-100546,786.61
TXFB-100547,1688.07
TXFB-100548,3449.72
TXFB-100549,2925.38
TXFB-100550,979.82
TXFB-100551,1333.29
TXFB-100552,1489.45
TXFB-100553,2451.1
TXFB-100554,2770.98
TXFB-100555,2748.58
TXFB-100556,2029.62
TXFB-100557,2932.46
TXFB-100558,1811.23
TXFB-100559,871.64
TXFB-100560,2193.33
TXFB-100561,3356.9
TXFB-100562,2878.98
TXFB-100563,2236.1
TXFB-100564,2440.42
TXFB-100565,3291.69
TXFB-100566,1785.03
TXFB-100567,1494.18
TXFB-100568,3431.72
TXFB-100569,3090.33
TXFB-100570,1469.13
TXFB-100571,1891.34
TXFB-100572,1745.23
TXFB-100573,947.29
TXFB-100574,3373.46
TXFB-100575,1712.94
TXFB-100576,3125.99
TXFB-100577,1068.07
TXFB-100578,2143.61
TXFB-100579,571.88
TXFB-100580,2792.66
TXFB-100581,2242.74
TXFB-100582,2376.77
TXFB-100583,655.16
TXFB-100584,1133.11
TXFB-100585,722.99
TXFB-100586,1366.74
TXFB-100587,2382.32
TXFB-100588,2198.56
TXFB-100589,2336.45
TXFB-100590,2147.75
TXFB-100591,1319.09
TXFB-100592,1233.52
TXFB-100593,911.18
TXFB-100594,3047.21
TXFB-100595,2349.44
TXFB-100596,965.1829553514651
TXFB-100597,1031.63
TXFB-100598,3119.11
TXFB-100599,2728.19
TXFB-100600,2478.2
TXFB-100601,1720.59
TXFB-100602,1285.93
TXFB-100603,3438.35
TXFB-100604,2891.72
TXFB-100605,1405.34
TXFB-100606,3042.69
TXFB-100607,2776.8
TXFB-100608,1391.24
TXFB-100609,1779.66
TXFB-100610,1057.86
TXFB-100611,833.16
TXFB-100612,2668.29
TXFB-100613,1302.54
TXFB-100614,2960.18
TXFB-100615,3486.83
TXFB-100616,729.86
TXFB-100617,1919.11
TXFB-100618,2906.19
TXFB-100619,2866.85
TXFB-100620,2779.99
TXFB-100621,1546.98
TXFB-100622,1861.56
TXFB-100623,2284.91
TXFB-100624,3421.82
TXFB-100625,1482.64
TXFB-100626,3269.43
TXFB-100627,1308.07
TXFB-100628,3467.22
TXFB-100629,2510.79
TXFB-100630,1890.53
TXFB-100631,2340.17
TXFB-100632,1317.59
TXFB-100633,1322.52
TXFB-100634,840.66
TXFB-100635,842.15
TXFB-100636,1543.02
TXFB-100637,2788.57
TXFB-100638,2323.91
TXFB-100639,807.75
TXFB-100640,3056.71
TXFB-100641,2304.1
TXFB-100642,3382.57
TXFB-100643,2510.56
TXFB-100644,1025.52
TXFB-100645,1921.35
TXFB-100646,2445.49
TXFB-100647,584.79
TXFB-100648,544.73
TXFB-100649,888.21
TXFB-100650,1254.99
TXFB-100651,1777.3814153882477
TXFB-100652,1962.32
TXFB-100653,914.08
TXFB-100654,2520.17
TXFB-100655,2288.41
TXFB-100656,1383.39
TXFB-100657,540.98
TXFB-100658,732.94
TXFB-100659,1675.08
TXFB-100660,961.92
TXFB-100661,1630.46
TXFB-100662,2384.55
TXFB-100663,2141.71
TXFB-100664,1193.53
TXFB-100665,1531.47
TXFB-100666,2342.09
TXFB-100667,3082.57
TXFB-100668,2759.64
TXFB-100669,2160.2
TXFB-100670,1586.88
TXFB-100671,1595.15
TXFB-100672,3095.7855536212214
TXFB-100673,617.73
TXFB-100674,3463.95
TXFB-100675,2493.13
TXFB-100676,2543.41
TXFB-100677,613.99
TXFB-100678,2316.59
TXFB-100679,1954.33
TXFB-100680,817.34
TXFB-100681,1333.77
TXFB-100682,3170.94
TXFB-100683,2149.97
TXFB-100684,1740.25
TXFB-100685,718.05
TXFB-100686,2642.36
TXFB-100687,2608.55
TXFB-100688,2342.13
TXFB-100689,2030.79
TXFB-100690,1801.35
TXFB-100691,2279.81
TXFB-100692,1200.19
TXFB-100693,3323.78
TXFB-100694,2266.38
TXFB-100695,1433.58
TXFB-100696,1849.04
TXFB-100697,2917.05
TXFB-100698,984.85
TXFB-100699,1378.51
TXFB-100700,2538.52
TXFB-100701,1446.47
TXFB-100702,2877.51
TXFB-100703,891.36
TXFB-100704,2788.06
TXFB-100705,705.06
TXFB-100706,537.78
TXFB-100707,3194.67
TXFB-100708,2244.02
TXFB-100709,1555.48
TXFB-100710,1133.324877392236
TXFB-100711,2350.66
TXFB-100712,2027.01
TXFB-100713,3474.79
TXFB-100714,3449.65
TXFB-100715,2405.07
TXFB-100716,1828.61
TXFB-100717,1973.42
TXFB-100718,2547.44
TXFB-100719,804.72
TXFB-100720,1485.06
TXFB-100721,725.82
TXFB-100722,720.08
TXFB-100723,1087.52
TXFB-100724,1955.76
TXFB-100725,2854.32
TXFB-100726,1956.49
TXFB-100727,1506.43
TXFB-100728,747.06
TXFB-100729,2150.89
TXFB-100730,1313.81
TXFB-100731,2344.8
TXFB-100732,3431.56
TXFB-100733,833.94
TXFB-100734,1136.38
TXFB-100735,1919.28
TXFB-100736,3405.84
TXFB-100737,2815.43
TXFB-100738,3194.69
TXFB-100739,1501.14
TXFB-100740,3476.12
TXFB-100741,808.5
TXFB-100742,658.92
TXFB-100743,3066.81
TXFB-100744,3281.79
TXFB-100745,771.76
TXFB-100746,840.28
TXFB-100747,599.52
TXFB-100748,813.52
TXFB-100749,1128.26
TXFB-100750,3410.23
TXFB-100751,2503.58
TXFB-100752,2835.66
TXFB-100753,2828.42
TXFB-100754,2105.22
TXFB-100755,2892.47
TXFB-100756,2287.42
TXFB-100757,1443.64
TXFB-100758,2183.33
TXFB-100759,2100.53
TXFB-100760,2970.36
TXFB-100761,3445.18
TXFB-100762,1733.13
TXFB-100763,2790.17
TXFB-100764,799.29
TXFB-100765,2830.49
TXFB-100766,1614.25
TXFB-100767,618.17
TXFB-100768,1589.74
TXFB-100769,2331.93
TXFB-100770,857.75
TXFB-100771,3272.1
TXFB-100772,733.02
TXFB-100773,3290.02
TXFB-100774,2621.41
TXFB-100775,1489.14
TXFB-100776,1672.25
TXFB-100777,2722.43
TXFB-100778,2304.41
TXFB-100779,2514.93
TXFB-100780,1667.49
TXFB-100781,1963.44
TXFB-100782,3469.6
TXFB-100783,1141.77
TXFB-100784,1753.57
TXFB-100785,1375.47
TXFB-100786,2795.33
TXFB-100787,2792.04
TXFB-100788,1377.34
TXFB-100789,684.4361218532098
TXFB-100790,534.3
TXFB-100791,1782.35
TXFB-100792,1731.01
TXFB-100793,3465.17
TXFB-100794,1909.41
TXFB-100795,1269.26
TXFB-100796,3173.69
TXFB-100797,1973.2
TXFB-100798,2227.0958534855654
TXFB-100799,787.01
TXFB-100800,1648.75
TXFB-100801,3332.67
TXFB-100802,2268.52
TXFB-100803,1533.51
TXFB-100804,2377.0
TXFB-100805,3231.23
TXFB-100806,1321.97
TXFB-100807,2015.35
TXFB-100808,3376.07
TXFB-100809,1017.19
TXFB-100810,2658.99
TXFB-100811,2343.44
TXFB-100812,2539.03
TXFB-100813,1553.66
TXFB-100814,1441.64
TXFB-100815,2552.63
TXFB-100816,1146.63
TXFB-100817,1758.96
TXFB-100818,1064.52
TXFB-100819,524.91
TXFB-100820,3410.17
TXFB-100821,1795.11
TXFB-100822,3408.05
TXFB-100823,920.97
TXFB-100824,2262.1
TXFB-100825,1102.92
TXFB-100826,2870.22
TXFB-100827,2851.11
TXFB-100828,837.82
TXFB-100829,3236.19
TXFB-100830,1083.89
TXFB-100831,2338.93
TXFB-100832,3456.9
TXFB-100833,3147.19
TXFB-100834,3369.69
TXFB-100835,1527.8
TXFB-100836,816.73
TXFB-100837,1065.04
TXFB-100838,2001.48
TXFB-100839,2879.69
TXFB-100840,950.46
TXFB-100841,2479.19
TXFB-100842,1470.73
TXFB-100843,1523.61
TXFB-100844,2485.75
TXFB-100845,1901.0
TXFB-100846,2936.1
TXFB-100847,967.76
TXFB-100848,2869.84
TXFB-100849,692.71
TXFB-100850,1082.16
TXFB-100851,2468.45
TXFB-100852,3064.78
TXFB-100853,1258.04
TXFB-100854,1481.57
TXFB-100855,2111.36
TXFB-100856,1134.72
TXFB-100857,2933.47
TXFB-100858,2820.91
TXFB-100859,935.88
TXFB-100860,1891.49
TXFB-100861,2824.48
TXFB-100862,1511.99
TXFB-100863,2399.32
TXFB-100864,650.64
TXFB-100865,2326.07
TXFB-100866,957.96
TXFB-100867,2991.75
TXFB-100868,1566.35
TXFB-100869,1344.66
TXFB-100870,3022.67
TXFB-100871,650.43
TXFB-100872,1689.83
TXFB-100873,1610.01
TXFB-100874,1354.4
TXFB-100875,3235.26
TXFB-100876,2725.898464411452
TXFB-100877,691.77
TXFB-100878,2644.06
TXFB-100879,2081.9
TXFB-100880,3202.6
TXFB-100881,1438.84
TXFB-100882,2222.49
TXFB-100883,2002.27
TXFB-100884,1968.68
TXFB-100885,1868.32
TXFB-100886,1116.89
TXFB-100887,2738.8815688341824
TXFB-100888,1854.01
TXFB-100889,3375.55
TXFB-100890,1282.43
TXFB-100891,2548.23
TXFB-100892,3322.15
TXFB-100893,2490.37
TXFB-100894,3113.82
TXFB-100895,2982.44
TXFB-100896,1580.35
TXFB-100897,2300.37
TXFB-100898,968.78
TXFB-100899,2074.8986368261208
TXFB-100900,1191.27
TXFB-100901,2731.21
TXFB-100902,2084.18
TXFB-100903,1733.68
TXFB-100904,1306.39
TXFB-100905,3496.1
TXFB-100906,715.13
TXFB-100907,630.68
TXFB-100908,1151.77
TXFB-100909,3413.22
TXFB-100910,3437.71
TXFB-100911,2464.78
TXFB-100912,3140.32
TXFB-100913,1141.89
TXFB-100914,3416.13
TXFB-100915,928.35
TXFB-100916,803.38
TXFB-100917,836.63
TXFB-100918,2219.38
TXFB-100919,2842.92
TXFB-100920,1600.0
TXFB-100921,3433.69
TXFB-100922,1803.26
TXFB-100923,951.35
TXFB-100924,1897.9
TXFB-100925,2537.11
TXFB-100926,2948.424463305992
TXFB-100927,1876.3
TXFB-100928,2280.82
TXFB-100929,1302.03
TXFB-100930,2437.75
TXFB-100931,3457.92
TXFB-100932,647.16
TXFB-100933,3159.59
TXFB-100934,2186.85
TXFB-100935,1256.3
TXFB-100936,3364.67
TXFB-100937,1950.06
TXFB-100938,1495.07
TXFB-100939,1044.49
TXFB-100940,1233.36
TXFB-100941,2998.55
TXFB-100942,2343.23
TXFB-100943,3239.74
TXFB-100944,1195.91
TXFB-100945,863.42
TXFB-100946,518.26
TXFB-100947,2023.59
TXFB-100948,3494.92
TXFB-100949,2584.9
TXFB-100950,1425.18
TXFB-100951,3130.58
TXFB-100952,2845.17
TXFB-100953,546.25
TXFB-100954,2950.58
TXFB-100955,1401.58
TXFB-100956,907.8066019006619
TXFB-100957,1178.99
TXFB-100958,1905.74
TXFB-100959,1774.6
TXFB-100960,1366.66
TXFB-100961,1016.65
TXFB-100962,2786.69
TXFB-100963,3470.33
TXFB-100964,2833.37
TXFB-100965,1387.81
TXFB-100966,1234.43
TXFB-100967,1153.0
TXFB-100968,910.09
TXFB-100969,2153.99
TXFB-100970,2316.2
TXFB-100971,2616.51
TXFB-100972,2540.64
TXFB-100973,1377.0
TXFB-100974,1490.93
TXFB-100975,2544.54
TXFB-100976,1548.34
TXFB-100977,1137.87
TXFB-100978,1623.01
TXFB-100979,1316.25
TXFB-100980,764.94
TXFB-100981,2990.42
TXFB-100982,3059.33
TXFB-100983,1159.25
TXFB-100984,694.32
TXFB-100985,2716.48
TXFB-100986,1134.59
TXFB-100987,1680.31
TXFB-100988,692.41
TXFB-100989,1178.81
TXFB-100990,2878.71
TXFB-100991,2913.19
TXFB-100992,1121.25
TXFB-100993,1507.74
TXFB-100994,902.72
TXFB-100995,722.52
TXFB-100996,3476.52
TXFB-100997,2466.78
TXFB-100998,2126.29
TXFB-100999,2796.5
TXFB-101000,3020.23
TXFB-101001,2920.14
TXFB-101002,549.62
TXFB-101003,1060.42
TXFB-101004,2464.72
TXFB-101005,1627.28
TXFB-101006,3447.45
TXFB-101007,2496.21
TXFB-101008,3369.65
TXFB-101009,1104.34
TXFB-101010,3091.87
TXFB-101011,1464.06
TXFB-101012,3468.69
TXFB-101013,973.07
TXFB-101014,2049.02
TXFB-101015,2878.53
TXFB-101016,1797.93
TXFB-101017,1904.25
TXFB-101018,3459.07
TXFB-101019,1775.92
TXFB-101020,2312.22
TXFB-101021,663.62
TXFB-101022,3026.63
TXFB-101023,2444.5
TXFB-101024,1712.06
TXFB-101025,548.51
TXFB-101026,2275.01
TXFB-101027,537.97
TXFB-101028,503.61
TXFB-101029,2348.3
TXFB-101030,1067.05
TXFB-101031,1075.66
TXFB-101032,2459.81
TXFB-101033,661.09
TXFB-101034,1440.22
TXFB-101035,948.3
TXFB-101036,2240.53
TXFB-101037,2485.3
TXFB-101038,2663.41
TXFB-101039,1265.69
TXFB-101040,767.75
TXFB-101041,736.05
TXFB-101042,1778.45
TXFB-101043,3337.53
TXFB-101044,1153.19
TXFB-101045,1270.22
TXFB-101046,802.67
TXFB-101047,2316.71
TXFB-101048,2539.62
TXFB-101049,2428.79
TXFB-101050,3083.39
TXFB-101051,1959.28
TXFB-101052,833.147477603306
TXFB-101053,1368.22
TXFB-101054,2487.29
TXFB-101055,2339.37
TXFB-101056,2093.01
TXFB-101057,2548.89
TXFB-101058,2412.17
TXFB-101059,3143.97
TXFB-101060,2258.05
TXFB-101061,2835.8
TXFB-101062,1246.12
TXFB-101063,2534.55
TXFB-101064,3206.58
TXFB-101065,1657.2
TXFB-101066,2837.31
TXFB-101067,2674.37
TXFB-101068,678.58
TXFB-101069,2244.52
TXFB-101070,890.57
TXFB-101071,3401.96
TXFB-101072,2934.22
TXFB-101073,829.17
TXFB-101074,865.26
TXFB-101075,2283.42
TXFB-101076,1534.67
TXFB-101077,604.72
TXFB-101078,2124.92
TXFB-101079,1663.54
TXFB-101080,803.23
TXFB-101081,2905.76
TXFB-101082,3245.23
TXFB-101083,2769.78
TXFB-101084,2953.671887847741
TXFB-101085,1127.7164721633592
TXFB-101086,1290.72
TXFB-101087,1125.58
TXFB-101088,2795.19
TXFB-101089,3343.75
TXFB-101090,2650.51
TXFB-101091,3144.4
TXFB-101092,2416.1
TXFB-101093,1662.98
TXFB-101094,1721.1421608690046
TXFB-101095,725.96
TXFB-101096,594.37
TXFB-101097,2586.43
TXFB-101098,1815.29
TXFB-101099,2156.65
TXFB-101100,2172.98
TXFB-101101,1332.13
TXFB-101102,1927.68
TXFB-101103,1912.28
TXFB-101104,1665.28
TXFB-101105,2962.03
TXFB-101106,1853.49
TXFB-101107,2310.93
TXFB-101108,3134.992454413378
TXFB-101109,3098.7
TXFB-101110,3171.27
TXFB-101111,1310.01
TXFB-101112,604.95
TXFB-101113,1283.2
TXFB-101114,1336.12
TXFB-101115,3228.08
TXFB-101116,2447.73
TXFB-101117,745.11
TXFB-101118,906.14
TXFB-101119,967.03
TXFB-101120,2391.27
TXFB-101121,2706.24
TXFB-101122,3078.93
TXFB-101123,3321.91
TXFB-101124,1105.11
TXFB-101125,1429.32
TXFB-101126,1220.97
TXFB-101127,1576.28
TXFB-101128,3244.0
TXFB-101129,2225.34
TXFB-101130,2714.58
TXFB-101131,1970.36
TXFB-101132,586.57
TXFB-101133,692.59
TXFB-101134,2113.77
TXFB-101135,2656.37
TXFB-101136,1145.99
TXFB-101137,2665.73
TXFB-101138,2932.0
TXFB-101139,1735.69
TXFB-101140,2739.26
TXFB-101141,1712.09
TXFB-101142,2535.05
TXFB-101143,2791.99
TXFB-101144,3475.78
TXFB-101145,1536.19
TXFB-101146,1733.12
TXFB-101147,996.86
TXFB-101148,1112.22
TXFB-101149,2580.19
TXFB-101150,3251.14
TXFB-101151,1683.81
TXFB-101152,1039.53
TXFB-101153,1355.3
TXFB-101154,1865.16
TXFB-101155,1371.95
TXFB-101156,1200.74
TXFB-101157,2707.95
TXFB-101158,523.53
TXFB-101159,2117.69
TXFB-101160,2881.3
TXFB-101161,1298.68
TXFB-101162,2309.87
TXFB-101163,2506.7
TXFB-101164,2465.07
TXFB-101165,1837.55
TXFB-101166,1539.73
TXFB-101167,3007.77
TXFB-101168,2775.34
TXFB-101169,1463.77
TXFB-101170,809.06
TXFB-101171,655.8623860259013
TXFB-101172,782.83
TXFB-101173,2248.61
TXFB-101174,654.99
TXFB-101175,1510.78
TXFB-101176,2759.6
TXFB-101177,1383.04
TXFB-101178,2789.92
TXFB-101179,2736.4
TXFB-101180,1237.48
TXFB-101181,2686.47
TXFB-101182,2743.33
TXFB-101183,1692.36
TXFB-101184,1131.26
TXFB-101185,2063.81
TXFB-101186,3264.19
TXFB-101187,2418.85
TXFB-101188,1018.77
TXFB-101189,2548.27
TXFB-101190,1781.61
TXFB-101191,2274.59
TXFB-101192,2702.19
TXFB-101193,2044.84
TXFB-101194,2941.95
TXFB-101195,2666.47
TXFB-101196,2345.22
TXFB-101197,952.38
TXFB-101198,3007.85
TXFB-101199,3307.72
TXFB-101200,910.9
TXFB-101201,1964.72
TXFB-101202,1276.67
TXFB-101203,2763.57
TXFB-101204,2664.89
TXFB-101205,922.66
TXFB-101206,3131.08
TXFB-101207,1042.92
TXFB-101208,2891.78
TXFB-101209,1870.94
TXFB-101210,1484.82
TXFB-101211,974.72
TXFB-101212,1002.84
TXFB-101213,2485.67
TXFB-101214,2151.29
TXFB-101215,866.26
TXFB-101216,838.09
TXFB-101217,716.93
TXFB-101218,2731.3
TXFB-101219,2635.65
TXFB-101220,675.29
TXFB-101221,2180.81
TXFB-101222,673.6358394037436
TXFB-101223,3211.24
TXFB-101224,3221.35
TXFB-101225,2594.7
TXFB-101226,3278.57
TXFB-101227,2934.36
TXFB-101228,2985.62
TXFB-101229,2209.12
TXFB-101230,1418.18
TXFB-101231,1153.4
TXFB-101232,1481.6
TXFB-101233,2385.49
TXFB-101234,1017.97
TXFB-101235,1275.92
TXFB-101236,1904.18
TXFB-101237,1199.15
TXFB-101238,2265.93
TXFB-101239,3269.53
TXFB-101240,2744.27
TXFB-101241,2499.28
TXFB-101242,2248.16
TXFB-101243,1963.84
TXFB-101244,1059.69
TXFB-101245,3184.13
TXFB-101246,1245.61
TXFB-101247,773.93
TXFB-101248,2750.05
TXFB-101249,1026.85
TXFB-101250,1615.69
TXFB-101251,584.85
TXFB-101252,911.2
TXFB-101253,1019.61
TXFB-101254,663.23
TXFB-101255,2469.97
TXFB-101256,3011.02
TXFB-101257,1619.95
TXFB-101258,3123.73
TXFB-101259,1140.04
TXFB-101260,1476.17
TXFB-101261,952.21
TXFB-101262,2361.68
TXFB-101263,1759.61
TXFB-101264,2339.85
TXFB-101265,2685.631806271042
TXFB-101266,2137.11
TXFB-101267,2382.89
TXFB-101268,3305.75
TXFB-101269,1397.19
TXFB-101270,1577.49
TXFB-101271,2653.11
TXFB-101272,2333.92
TXFB-101273,1035.6
TXFB-101274,1628.44
TXFB-101275,1903.51
TXFB-101276,1758.17
TXFB-101277,1034.82
TXFB-101278,3186.240941623198
TXFB-101279,2786.96
TXFB-101280,1944.07
TXFB-101281,2540.18
TXFB-101282,3191.85
TXFB-101283,908.52
TXFB-101284,1230.8687995456507
TXFB-101285,2128.1
TXFB-101286,2897.03
TXFB-101287,608.76
TXFB-101288,3452.05
TXFB-101289,1864.72
TXFB-101290,1577.69
TXFB-101291,1378.17
TXFB-101292,1023.07
TXFB-101293,2874.72
TXFB-101294,3366.24
TXFB-101295,1740.93
TXFB-101296,3357.26
TXFB-101297,2971.39
TXFB-101298,1881.6755773581347
TXFB-101299,2507.5171731179344
TXFB-101300,1804.95
TXFB-101301,2176.17
TXFB-101302,674.14
TXFB-101303,2588.79
TXFB-101304,658.47
TXFB-101305,2951.25
TXFB-101306,2974.84
TXFB-101307,1211.23
TXFB-101308,1410.0623210934998
TXFB-101309,1943.93
TXFB-101310,2289.99
TXFB-101311,1362.06
TXFB-101312,2277.46
TXFB-101313,1393.36
TXFB-101314,648.941645258415
TXFB-101315,507.58
TXFB-101316,803.45
TXFB-101317,2876.75
TXFB-101318,3384.29
TXFB-101319,1780.9
TXFB-101320,2038.05
TXFB-101321,940.54
TXFB-101322,2153.09
TXFB-101323,933.96
TXFB-101324,2333.64
TXFB-101325,3299.78
TXFB-101326,1087.1
TXFB-101327,2793.69
TXFB-101328,570.51
TXFB-101329,1626.49
TXFB-101330,832.25
TXFB-101331,1557.43
TXFB-101332,1020.61
TXFB-101333,1619.91
TXFB-101334,1752.57
TXFB-101335,1401.77
TXFB-101336,2469.87
TXFB-101337,3256.56
TXFB-101338,1701.79
TXFB-101339,1077.03
TXFB-101340,1312.17
TXFB-101341,3062.0
TXFB-101342,2214.92
TXFB-101343,1865.03
TXFB-101344,948.91
TXFB-101345,1849.18
TXFB-101346,1335.48
TXFB-101347,3329.49
TXFB-101348,3152.21
TXFB-101349,751.71
TXFB-101350,2049.96
TXFB-101351,1175.18
TXFB-101352,1732.33
TXFB-101353,3130.54
TXFB-101354,2082.54
TXFB-101355,1502.65
TXFB-101356,1123.67
TXFB-101357,2900.97
TXFB-101358,2299.377508961735
TXFB-101359,1904.2
TXFB-101360,1152.45
TXFB-101361,1502.74
TXFB-101362,3379.53
TXFB-101363,2060.27
TXFB-101364,1702.1
TXFB-101365,2064.27
TXFB-101366,2836.97
TXFB-101367,1520.33
TXFB-101368,1036.12
TXFB-101369,2254.81
TXFB-101370,2495.61
TXFB-101371,2638.15
TXFB-101372,3145.96
TXFB-101373,1613.52
TXFB-101374,726.06
TXFB-101375,3375.05
TXFB-101376,1805.04
TXFB-101377,2369.77
TXFB-101378,2498.92
TXFB-101379,2139.54
TXFB-101380,1115.77
TXFB-101381,2765.43
TXFB-101382,2911.26
TXFB-101383,2158.93
TXFB-101384,1965.68
TXFB-101385,841.81
TXFB-101386,751.85
TXFB-101387,1518.69
TXFB-101388,1432.54
TXFB-101389,3360.97
TXFB-101390,2850.87
TXFB-101391,2479.77
TXFB-101392,2052.94
TXFB-101393,1002.1
TXFB-101394,3435.37
TXFB-101395,1625.12
TXFB-101396,820.78
TXFB-101397,1981.4
TXFB-101398,3121.99
TXFB-101399,3161.87
TXFB-101400,532.9
TXFB-101401,3158.89
TXFB-101402,1314.45
TXFB-101403,616.92
TXFB-101404,3043.37
TXFB-101405,3091.6
TXFB-101406,2288.69
TXFB-101407,2223.3
TXFB-101408,2939.36
TXFB-101409,2858.93
TXFB-101410,3170.32
TXFB-101411,2158.24
TXFB-101412,3402.94
TXFB-101413,3488.44
TXFB-101414,849.63
TXFB-101415,3048.63
TXFB-101416,1999.47
TXFB-101417,1662.7
TXFB-101418,2339.22
TXFB-101419,667.9
TXFB-101420,2019.38
TXFB-101421,3112.67
TXFB-101422,1140.38
TXFB-101423,1779.17
TXFB-101424,3318.44
TXFB-101425,1785.69
TXFB-101426,1575.1
TXFB-101427,1821.61
TXFB-101428,2058.36
TXFB-101429,2395.97
TXFB-101430,2902.08
TXFB-101431,1856.31
TXFB-101432,2952.44
TXFB-101433,2101.16
TXFB-101434,1515.44
TXFB-101435,2473.85
TXFB-101436,2653.17
TXFB-101437,2174.15
TXFB-101438,669.84
TXFB-101439,1009.65
TXFB-101440,1355.89
TXFB-101441,1276.2372554546898
TXFB-101442,2520.26
TXFB-101443,555.05
TXFB-101444,2767.05
TXFB-101445,1296.03
TXFB-101446,1430.07
TXFB-101447,2083.73
TXFB-101448,1147.78
TXFB-101449,3153.41
TXFB-101450,756.11
TXFB-101451,1803.124655800744
TXFB-101452,3048.27
TXFB-101453,2347.53
TXFB-101454,1376.99
TXFB-101455,1762.28
TXFB-101456,2620.08
TXFB-101457,3404.343707825612
TXFB-101458,3179.42
TXFB-101459,1527.3
TXFB-101460,3494.59
TXFB-101461,510.51
TXFB-101462,582.89
TXFB-101463,2971.52
TXFB-101464,1098.39
TXFB-101465,682.31
TXFB-101466,1211.44
TXFB-101467,1778.3
TXFB-101468,2691.7
TXFB-101469,2373.01
TXFB-101470,1212.86
TXFB-101471,2009.81
TXFB-101472,3278.64
TXFB-101473,2945.02
TXFB-101474,1469.57
TXFB-101475,3446.79
TXFB-101476,2625.86
TXFB-101477,687.35
TXFB-101478,605.48
TXFB-101479,1005.22
TXFB-101480,2683.57
TXFB-101481,1051.22
TXFB-101482,2034.46
TXFB-101483,779.78
TXFB-101484,3262.66
TXFB-101485,1531.88
TXFB-101486,3224.4
TXFB-101487,3334.63
TXFB-101488,518.39
TXFB-101489,1892.41
TXFB-101490,573.97
TXFB-101491,3226.08
TXFB-101492,2055.22
TXFB-101493,724.83
TXFB-101494,830.83
TXFB-101495,1650.53
TXFB-101496,3320.7
TXFB-101497,2578.73
TXFB-101498,3102.86
TXFB-101499,1599.37
TXFB-101500,629.64
TXFB-101501,3422.95
TXFB-101502,551.52
TXFB-101503,3342.95
TXFB-101504,1606.03
TXFB-101505,530.27
TXFB-101506,2567.47
TXFB-101507,3441.62
TXFB-101508,3396.88
TXFB-101509,982.81
TXFB-101510,947.6621286529378
TXFB-101511,2196.62
TXFB-101512,2411.91
TXFB-101513,2718.25
TXFB-101514,979.3666413510831
TXFB-101515,3377.02
TXFB-101516,2416.22
TXFB-101517,3041.14
TXFB-101518,2120.2
TXFB-101519,1742.83
TXFB-101520,3431.55
TXFB-101521,2246.36
TXFB-101522,3100.62
TXFB-101523,3359.88
TXFB-101524,2526.06
TXFB-101525,2146.82
TXFB-101526,510.53
TXFB-101527,620.06
TXFB-101528,1102.55
TXFB-101529,1058.03
TXFB-101530,1264.28
TXFB-101531,1414.8
TXFB-101532,1580.2
TXFB-101533,1761.61
TXFB-101534,796.6
TXFB-101535,627.09
TXFB-101536,2521.83
TXFB-101537,2112.0
TXFB-101538,1832.43
TXFB-101539,2403.32
TXFB-101540,2983.04
TXFB-101541,1783.08
TXFB-101542,2423.36
TXFB-101543,3360.72
TXFB-101544,3018.87
TXFB-101545,1778.0
TXFB-101546,2434.15
TXFB-101547,1031.21
TXFB-101548,2181.57
TXFB-101549,3443.98
TXFB-101550,2054.95
TXFB-101551,3282.91
TXFB-101552,1692.000599522392
TXFB-101553,3496.53
TXFB-101554,2237.66
TXFB-101555,626.81
TXFB-101556,2200.652239520436
TXFB-101557,1323.72
TXFB-101558,597.44
TXFB-101559,2962.56
TXFB-101560,1232.9420227839078
TXFB-101561,2889.65
TXFB-101562,1364.65
TXFB-101563,1082.98
TXFB-101564,3421.81
TXFB-101565,1584.94
TXFB-101566,2304.13
TXFB-101567,2329.94
TXFB-101568,2181.42
TXFB-101569,3244.09
TXFB-101570,2442.6106836229865
TXFB-101571,1711.2
TXFB-101572,3087.14
TXFB-101573,1043.19
TXFB-101574,2132.71
TXFB-101575,3351.65
TXFB-101576,2376.19
TXFB-101577,2950.91
TXFB-101578,2460.68
TXFB-101579,3018.11
TXFB-101580,3333.46
TXFB-101581,1318.77
TXFB-101582,1008.98
TXFB-101583,1951.97
TXFB-101584,2605.59
TXFB-101585,1181.57
TXFB-101586,512.3
TXFB-101587,1528.81
TXFB-101588,3406.58
TXFB-101589,2584.9
TXFB-101590,1703.98
TXFB-101591,1077.73
TXFB-101592,1568.27
TXFB-101593,1009.52
TXFB-101594,818.92
TXFB-101595,3220.23
TXFB-101596,3492.95
TXFB-101597,992.34
TXFB-101598,663.57
TXFB-101599,1489.19
TXFB-101600,1845.5722077856808
TXFB-101601,1114.46
TXFB-101602,1404.27
TXFB-101603,1102.61
TXFB-101604,2822.78
TXFB-101605,2637.73
TXFB-101606,2404.85
TXFB-101607,1661.65
TXFB-101608,3227.12
TXFB-101609,3408.6
TXFB-101610,1020.92
TXFB-101611,1169.04
TXFB-101612,2076.89
TXFB-101613,773.75
TXFB-101614,1809.35
TXFB-101615,2245.37
TXFB-101616,2066.22
TXFB-101617,1492.73
TXFB-101618,2127.34
TXFB-101619,3376.4
TXFB-101620,1118.05
TXFB-101621,2464.49
TXFB-101622,630.19
TXFB-101623,699.25
TXFB-101624,2155.48
TXFB-101625,814.82
TXFB-101626,567.04
TXFB-101627,1014.54
TXFB-101628,2194.55
TXFB-101629,2610.02
TXFB-101630,1107.44
TXFB-101631,2504.78
TXFB-101632,1047.43
TXFB-101633,2340.37
TXFB-101634,1735.88
TXFB-101635,2461.4
TXFB-101636,3485.16
TXFB-101637,3313.45
TXFB-101638,512.85
TXFB-101639,3156.32
TXFB-101640,699.47
TXFB-101641,3359.14
TXFB-101642,1345.48
TXFB-101643,1646.1
TXFB-101644,774.91
TXFB-101645,836.82
TXFB-101646,2680.22
TXFB-101647,3333.0
TXFB-101648,2332.25
TXFB-101649,2647.55
TXFB-101650,2785.91
TXFB-101651,1288.44
TXFB-101652,635.69
TXFB-101653,505.62
TXFB-101654,1551.95
TXFB-101655,1224.39
TXFB-101656,686.95
TXFB-101657,1038.58
TXFB-101658,873.5
TXFB-101659,3244.64
TXFB-101660,833.3731804151535
TXFB-101661,2112.95
TXFB-101662,2279.32
TXFB-101663,2130.47
TXFB-101664,797.17
TXFB-101665,1456.4
TXFB-101666,653.81
TXFB-101667,1687.01
TXFB-101668,1065.8
TXFB-101669,2184.9
TXFB-101670,2578.43
TXFB-101671,2096.36
TXFB-101672,1802.71
TXFB-101673,1662.0
TXFB-101674,3025.08
TXFB-101675,1158.1
TXFB-101676,2702.66
TXFB-101677,2772.45
TXFB-101678,1757.6
TXFB-101679,1391.9
TXFB-101680,1911.62
TXFB-101681,779.64
TXFB-101682,637.79
TXFB-101683,834.81
TXFB-101684,1061.44
TXFB-101685,2012.53
TXFB-101686,3047.41
TXFB-101687,1206.93
TXFB-101688,3305.49
TXFB-101689,3364.72
TXFB-101690,3376.71
TXFB-101691,3012.69
TXFB-101692,1591.48
TXFB-101693,718.05
TXFB-101694,2206.46
TXFB-101695,2176.04
TXFB-101696,3049.93
TXFB-101697,3487.97
TXFB-101698,2024.47
TXFB-101699,1535.61
TXFB-101700,1057.71
TXFB-101701,514.4
TXFB-101702,2027.34
TXFB-101703,2166.56
TXFB-101704,2974.82
TXFB-101705,2013.73
TXFB-101706,3249.41
TXFB-101707,2384.25
TXFB-101708,3021.01
TXFB-101709,944.91
TXFB-101710,3066.01
TXFB-101711,2525.43
TXFB-101712,1010.7
TXFB-101713,1069.29
TXFB-101714,3279.5
TXFB-101715,596.65
TXFB-101716,1887.6
TXFB-101717,1440.43
TXFB-101718,2495.23
TXFB-101719,3018.89
TXFB-101720,1581.13
TXFB-101721,1780.71
TXFB-101722,3445.75
TXFB-101723,2851.75
TXFB-101724,3191.61
TXFB-101725,1816.29
TXFB-101726,1202.23
TXFB-101727,1735.59
TXFB-101728,2648.28
TXFB-101729,828.29
TXFB-101730,1311.41
TXFB-101731,639.91
TXFB-101732,1797.04
TXFB-101733,2982.34
TXFB-101734,573.99
TXFB-101735,2525.97
TXFB-101736,3297.49
TXFB-101737,1210.78
TXFB-101738,2580.9
TXFB-101739,3425.31
TXFB-101740,3386.83
TXFB-101741,1204.79
TXFB-101742,800.99
TXFB-101743,944.85
TXFB-101744,2606.11
TXFB-101745,2677.28
TXFB-101746,2522.71
TXFB-101747,1508.24
TXFB-101748,1009.33
TXFB-101749,2242.28
TXFB-101750,1951.04
TXFB-101751,2686.5
TXFB-101752,1824.08
TXFB-101753,1515.92
TXFB-101754,1380.44
TXFB-101755,1134.41
TXFB-101756,1297.24
TXFB-101757,784.49
TXFB-101758,1540.57
TXFB-101759,609.71
TXFB-101760,1059.24
TXFB-101761,2740.31
TXFB-101762,1476.41
TXFB-101763,2504.71
TXFB-101764,2650.65
TXFB-101765,2243.56
TXFB-101766,3376.09
TXFB-101767,564.32
TXFB-101768,2715.96
TXFB-101769,3376.36
TXFB-101770,3086.82
TXFB-101771,1003.68
TXFB-101772,1480.46
TXFB-101773,1017.36
TXFB-101774,2303.93
TXFB-101775,2636.56
TXFB-101776,1451.22
TXFB-101777,2118.52
TXFB-101778,2572.76
TXFB-101779,1764.02
TXFB-101780,3062.05
TXFB-101781,2814.65
TXFB-101782,694.0
TXFB-101783,2363.38
TXFB-101784,1205.98
TXFB-101785,2172.55
TXFB-101786,3370.67
TXFB-101787,3137.19
TXFB-101788,1713.55
TXFB-101789,1374.54
TXFB-101790,1203.22
TXFB-101791,2097.54
TXFB-101792,842.75
TXFB-101793,2147.83
TXFB-101794,504.0
TXFB-101795,1471.55
TXFB-101796,1159.8
TXFB-101797,3413.66
TXFB-101798,2681.73
TXFB-101799,1548.96
TXFB-101800,778.54
TXFB-101801,2050.4
TXFB-101802,1140.34
TXFB-101803,2109.29
TXFB-101804,3006.09
TXFB-101805,2347.38
TXFB-101806,2401.37
TXFB-101807,2123.09
TXFB-101808,3281.8
TXFB-101809,3295.71
TXFB-101810,2038.17
TXFB-101811,1417.28
TXFB-101812,1878.76
TXFB-101813,1059.67
TXFB-101814,2409.03
TXFB-101815,2000.28
TXFB-101816,809.9
TXFB-101817,1092.94
TXFB-101818,1938.9
TXFB-101819,3162.77
TXFB-101820,2199.17
TXFB-101821,2544.61
TXFB-101822,1517.09
TXFB-101823,2214.23
TXFB-101824,1842.14
TXFB-101825,2477.39
TXFB-101826,651.73
TXFB-101827,1979.9
TXFB-101828,1387.98
TXFB-101829,1478.56
TXFB-101830,3382.75
TXFB-101831,1048.08
TXFB-101832,1433.74
TXFB-101833,2029.68
TXFB-101834,3089.08
TXFB-101835,1750.01
TXFB-101836,2731.6
TXFB-101837,3069.12
TXFB-101838,1430.05
TXFB-101839,1678.25
TXFB-101840,1569.67
TXFB-101841,2998.57
TXFB-101842,633.04
TXFB-101843,1425.26
TXFB-101844,2538.23
TXFB-101845,2196.33
TXFB-101846,1808.87
TXFB-101847,2119.84
TXFB-101848,1092.75
TXFB-101849,1792.15
TXFB-101850,2005.11
TXFB-101851,3203.57
TXFB-101852,1282.51
TXFB-101853,3020.55381100596
TXFB-101854,2432.72
TXFB-101855,561.02
TXFB-101856,2673.89
TXFB-101857,606.66
TXFB-101858,3492.14
TXFB-101859,3117.91
TXFB-101860,1392.03
TXFB-101861,1272.23
TXFB-101862,1644.32
TXFB-101863,1568.5
TXFB-101864,1617.01
TXFB-101865,1454.83
TXFB-101866,2309.8478688073933
TXFB-101867,992.79
TXFB-101868,3037.94
TXFB-101869,2937.21
TXFB-101870,1929.45
TXFB-101871,3058.19
TXFB-101872,1241.44
TXFB-101873,552.7
TXFB-101874,2357.62
TXFB-101875,1873.73
TXFB-101876,2201.49
TXFB-101877,3198.02
TXFB-101878,3409.78
TXFB-101879,2403.36
TXFB-101880,2792.17
TXFB-101881,751.43
TXFB-101882,982.15
TXFB-101883,2699.61
TXFB-101884,1794.1
TXFB-101885,1837.9
TXFB-101886,1425.82
TXFB-101887,2322.07
TXFB-101888,1055.5
TXFB-101889,2380.75
TXFB-101890,1021.4
TXFB-101891,691.48
TXFB-101892,1491.07
TXFB-101893,1193.42
TXFB-101894,3166.97
TXFB-101895,664.86
TXFB-101896,1029.84
TXFB-101897,2146.16
TXFB-101898,1943.2
TXFB-101899,637.56
TXFB-101900,521.76
TXFB-101901,3464.2
TXFB-101902,2476.5
TXFB-101903,1537.9999825497403
TXFB-101904,1911.3
TXFB-101905,1299.65
TXFB-101906,1534.62
TXFB-101907,2447.13
TXFB-101908,3148.44
TXFB-101909,1052.39
TXFB-101910,3021.08
TXFB-101911,864.67
TXFB-101912,1144.98
TXFB-101913,611.53
TXFB-101914,922.44
TXFB-101915,3251.91
TXFB-101916,1878.32
TXFB-101917,733.0
TXFB-101918,3379.18
TXFB-101919,3136.98
TXFB-101920,2764.05
TXFB-101921,3300.42
TXFB-101922,1160.39
TXFB-101923,3009.11
TXFB-101924,2569.97
TXFB-101925,3109.28
TXFB-101926,2890.73
TXFB-101927,1539.49
TXFB-101928,2823.2
TXFB-101929,1287.37
TXFB-101930,1485.78
TXFB-101931,823.72
TXFB-101932,3305.23
TXFB-101933,1373.01
TXFB-101934,2061.87
TXFB-101935,1674.0
TXFB-101936,3379.78
TXFB-101937,1505.15
TXFB-101938,2835.64
TXFB-101939,3066.25
TXFB-101940,1806.82
TXFB-101941,1634.52
TXFB-101942,2658.8108486981573
TXFB-101943,3238.69
TXFB-101944,2764.8
TXFB-101945,1181.38
TXFB-101946,3164.92
TXFB-101947,1662.75
TXFB-101948,2228.69
TXFB-101949,2994.31
TXFB-101950,1065.18
TXFB-101951,2853.53
TXFB-101952,2288.49
TXFB-101953,3180.02
TXFB-101954,1015.91
TXFB-101955,1762.05
TXFB-101956,2998.53
TXFB-101957,557.7
TXFB-101958,836.6
TXFB-101959,3471.7
TXFB-101960,1263.1353388208784
TXFB-101961,3426.63
TXFB-101962,1047.59
TXFB-101963,1583.28
TXFB-101964,2758.61
TXFB-101965,2473.34
TXFB-101966,2243.37
TXFB-101967,2089.7
TXFB-101968,3030.32
TXFB-101969,1204.85
TXFB-101970,1827.41
TXFB-101971,966.36
TXFB-101972,2210.1850945736865
TXFB-101973,1251.63
TXFB-101974,1501.53
TXFB-101975,1913.75
TXFB-101976,580.31
TXFB-101977,775.81
TXFB-101978,2557.79
TXFB-101979,1786.91
TXFB-101980,3094.37
TXFB-101981,2584.02
TXFB-101982,524.3
TXFB-101983,2350.14
TXFB-101984,781.17
TXFB-101985,2842.8
TXFB-101986,3474.52
TXFB-101987,2093.6
TXFB-101988,2548.34
TXFB-101989,1211.94
TXFB-101990,1812.79
TXFB-101991,3068.29
TXFB-101992,1002.27
TXFB-101993,1296.61
TXFB-101994,1836.3
TXFB-101995,2636.75
TXFB-101996,1588.7654050072808
TXFB-101997,3283.2
TXFB-101998,783.37
TXFB-101999,1612.41
TXFB-102000,2626.86
TXFB-102001,1177.96
TXFB-102002,2469.24
TXFB-102003,992.65
TXFB-102004,667.94
TXFB-102005,863.05
TXFB-102006,3289.95
TXFB-102007,2155.25
TXFB-102008,2889.04
TXFB-102009,1497.96
TXFB-102010,2277.98
TXFB-102011,1984.86
TXFB-102012,3337.21
TXFB-102013,2742.72
TXFB-102014,2691.63
TXFB-102015,639.06
TXFB-102016,2149.01
TXFB-102017,1900.97
TXFB-102018,3283.53
TXFB-102019,1272.03
TXFB-102020,1309.5
TXFB-102021,1734.04
TXFB-102022,1150.3845605984436
TXFB-102023,887.55
TXFB-102024,3072.24
TXFB-102025,2174.83
TXFB-102026,3084.09
TXFB-102027,2993.4
TXFB-102028,1346.13
TXFB-102029,2143.21
TXFB-102030,749.65
TXFB-102031,3245.76
TXFB-102032,1712.79
TXFB-102033,1681.03
TXFB-102034,1408.27
TXFB-102035,1881.99
TXFB-102036,1255.28
TXFB-102037,1624.56
TXFB-102038,2899.84
TXFB-102039,3002.77
TXFB-102040,1412.55
TXFB-102041,1907.04
TXFB-102042,3121.46
TXFB-102043,658.02
TXFB-102044,3167.43
TXFB-102045,1146.2991260399735
TXFB-102046,2535.62
TXFB-102047,2247.66
TXFB-102048,2158.82
TXFB-102049,3078.08
TXFB-102050,804.72
TXFB-102051,1541.08
TXFB-102052,2114.76
TXFB-102053,2933.87
TXFB-102054,1149.33
TXFB-102055,2908.79
TXFB-102056,1698.92
TXFB-102057,1066.74
TXFB-102058,2776.96
TXFB-102059,772.7
TXFB-102060,2044.3
TXFB-102061,691.63
TXFB-102062,1502.366080156794
TXFB-102063,2303.23
TXFB-102064,2168.35
TXFB-102065,1713.97
TXFB-102066,1787.14
TXFB-102067,1180.31
TXFB-102068,1867.65
TXFB-102069,3359.76
TXFB-102070,3051.36
TXFB-102071,935.7
TXFB-102072,589.34
TXFB-102073,3300.57
TXFB-102074,2080.25
TXFB-102075,2113.51
TXFB-102076,2842.15
TXFB-102077,1444.07
TXFB-102078,1945.72
TXFB-102079,3405.99
TXFB-102080,2516.45
TXFB-102081,961.24
TXFB-102082,899.68
TXFB-102083,1112.79
TXFB-102084,2800.14
TXFB-102085,1386.13
TXFB-102086,564.17
TXFB-102087,3332.52
TXFB-102088,1009.14
TXFB-102089,528.67
TXFB-102090,1211.39
TXFB-102091,1205.09
TXFB-102092,1766.02
TXFB-102093,3261.17
TXFB-102094,3137.55
TXFB-102095,1870.68
TXFB-102096,1732.7
TXFB-102097,2165.03
TXFB-102098,1230.36
TXFB-102099,656.55
TXFB-102100,3317.67
TXFB-102101,1060.1
TXFB-102102,1095.2
TXFB-102103,1917.38
TXFB-102104,1974.84
TXFB-102105,555.3
TXFB-102106,943.86
TXFB-102107,1634.46
TXFB-102108,2551.19
TXFB-102109,1185.26
TXFB-102110,1769.04
TXFB-102111,2172.04
TXFB-102112,3165.78
TXFB-102113,1478.21
TXFB-102114,900.67
TXFB-102115,1967.82
TXFB-102116,2740.16
TXFB-102117,829.58
TXFB-102118,1774.05
TXFB-102119,553.36
TXFB-102120,600.68
TXFB-102121,1948.86
TXFB-102122,1394.59
TXFB-102123,3035.32
TXFB-102124,2306.46
TXFB-102125,1861.8
TXFB-102126,1723.81
TXFB-102127,1991.74
TXFB-102128,621.32
TXFB-102129,3178.38
TXFB-102130,3494.91
TXFB-102131,1044.46
TXFB-102132,861.15
TXFB-102133,930.73
TXFB-102134,2483.08
TXFB-102135,2484.32
TXFB-102136,3043.77
TXFB-102137,2755.48
TXFB-102138,1849.07
TXFB-102139,2338.57
TXFB-102140,2564.85
TXFB-102141,2038.21
TXFB-102142,1926.95
TXFB-102143,2435.29
TXFB-102144,2172.42
TXFB-102145,2431.83
TXFB-102146,2338.56
TXFB-102147,2657.59
TXFB-102148,2428.41
TXFB-102149,2059.23
TXFB-102150,2529.592281266886
TXFB-102151,1848.45
TXFB-102152,1225.01
TXFB-102153,504.25
TXFB-102154,2179.89
TXFB-102155,2271.97
TXFB-102156,3416.15
TXFB-102157,1584.44
TXFB-102158,1682.4
TXFB-102159,1105.4
TXFB-102160,711.6
TXFB-102161,2818.41
TXFB-102162,1249.04
TXFB-102163,2326.71
TXFB-102164,2563.32
TXFB-102165,1913.71
TXFB-102166,3129.06
TXFB-102167,1831.38
TXFB-102168,1354.73
TXFB-102169,3188.05
TXFB-102170,3084.69
TXFB-102171,992.12
TXFB-102172,577.88
TXFB-102173,769.96
TXFB-102174,1359.64
TXFB-102175,3416.78
TXFB-102176,2175.55
TXFB-102177,1619.79
TXFB-102178,3166.15
TXFB-102179,1859.41
TXFB-102180,1445.72
TXFB-102181,3323.66
TXFB-102182,3048.55
TXFB-102183,3031.01
TXFB-102184,2036.85
TXFB-102185,2868.32
TXFB-102186,1038.06
TXFB-102187,2219.67
TXFB-102188,3451.54
TXFB-102189,1372.88
TXFB-102190,2883.06
TXFB-102191,1971.44
TXFB-102192,619.42
TXFB-102193,2789.06
TXFB-102194,1005.71
TXFB-102195,2394.42
TXFB-102196,756.99
TXFB-102197,3340.6
TXFB-102198,1375.17
TXFB-102199,1179.39
TXFB-102200,887.41
TXFB-102201,3338.01
TXFB-102202,2635.71
TXFB-102203,2724.98
TXFB-102204,1998.21
TXFB-102205,1924.18
TXFB-102206,830.06
TXFB-102207,2179.52
TXFB-102208,1240.75
TXFB-102209,3431.44
TXFB-102210,2889.74
TXFB-102211,1738.98
TXFB-102212,954.02
TXFB-102213,2801.8573172741726
TXFB-102214,866.16
TXFB-102215,1068.0
TXFB-102216,1134.56
TXFB-102217,2091.1058929892993
TXFB-102218,2861.17
TXFB-102219,1442.94
TXFB-102220,754.01
TXFB-102221,1893.62
TXFB-102222,2744.33
TXFB-102223,1164.99
TXFB-102224,1159.77
TXFB-102225,3341.68
TXFB-102226,3362.46
TXFB-102227,3471.4
TXFB-102228,2922.98
TXFB-102229,1064.55
TXFB-102230,1135.94
TXFB-102231,1520.68
TXFB-102232,1454.4
TXFB-102233,3369.58
TXFB-102234,2867.22
TXFB-102235,2672.03
TXFB-102236,1057.89
TXFB-102237,3228.58
TXFB-102238,2983.61
TXFB-102239,904.5491853680122
TXFB-102240,3113.51
TXFB-102241,1316.74
TXFB-102242,742.61
TXFB-102243,2470.47
TXFB-102244,2389.5976462006615
TXFB-102245,784.8
TXFB-102246,1456.56
TXFB-102247,3478.44
TXFB-102248,2535.28
TXFB-102249,2690.23
TXFB-102250,1138.75
TXFB-102251,736.35
TXFB-102252,1330.71
TXFB-102253,1246.7
TXFB-102254,1203.63
TXFB-102255,1078.26
TXFB-102256,2224.27
TXFB-102257,1484.31
TXFB-102258,2961.04
TXFB-102259,1051.84
TXFB-102260,1893.88
TXFB-102261,540.97
TXFB-102262,1945.05
TXFB-102263,667.51
TXFB-102264,3433.17
TXFB-102265,2871.78
TXFB-102266,1970.33
TXFB-102267,759.76
TXFB-102268,2277.34
TXFB-102269,2776.29
TXFB-102270,1049.846363777613
TXFB-102271,2204.63
TXFB-102272,2942.63
TXFB-102273,2804.74
TXFB-102274,2908.98
TXFB-102275,3137.97
TXFB-102276,3313.05
TXFB-102277,1716.56
TXFB-102278,2206.31
TXFB-102279,2871.98
TXFB-102280,2591.42
TXFB-102281,3486.56
TXFB-102282,541.03
TXFB-102283,1565.4
TXFB-102284,1343.08
TXFB-102285,1286.95
TXFB-102286,1167.59
TXFB-102287,2627.37
TXFB-102288,754.28
TXFB-102289,2724.83
TXFB-102290,2580.28
TXFB-102291,1252.41
TXFB-102292,1258.5
TXFB-102293,2386.58
TXFB-102294,2786.51
TXFB-102295,3129.46
TXFB-102296,3056.42
TXFB-102297,3394.65
TXFB-102298,2244.15
TXFB-102299,3225.97
TXFB-102300,2925.54
TXFB-102301,3184.0
TXFB-102302,534.88
TXFB-102303,3397.71
TXFB-102304,1920.59
TXFB-102305,2894.55
TXFB-102306,881.61
TXFB-102307,1687.82
TXFB-102308,1314.38
TXFB-102309,1374.98
TXFB-102310,869.77
TXFB-102311,2917.29
TXFB-102312,527.73
TXFB-102313,1437.52
TXFB-102314,1023.23
TXFB-102315,2267.12
TXFB-102316,1262.76
TXFB-102317,1277.0
TXFB-102318,1965.01
TXFB-102319,2458.07
TXFB-102320,863.91
TXFB-102321,1026.53
TXFB-102322,1241.52
TXFB-102323,3421.24
TXFB-102324,1691.46
TXFB-102325,2296.97
TXFB-102326,1224.63
TXFB-102327,1971.38
TXFB-102328,722.36
TXFB-102329,589.9326536261343
TXFB-102330,1906.2
TXFB-102331,1695.98
TXFB-102332,910.64
TXFB-102333,2562.8
TXFB-102334,3478.71
TXFB-102335,1686.94
TXFB-102336,2373.68
TXFB-102337,3388.93
TXFB-102338,2994.6
TXFB-102339,1890.66
TXFB-102340,2712.47
TXFB-102341,884.41
TXFB-102342,2036.31
TXFB-102343,1337.18
TXFB-102344,983.49
TXFB-102345,1778.84
TXFB-102346,893.04
TXFB-102347,2596.96
TXFB-102348,1868.72
TXFB-102349,2093.43
TXFB-102350,939.13
TXFB-102351,919.31
TXFB-102352,2250.25
TXFB-102353,3455.03
TXFB-102354,788.75
TXFB-102355,1357.19
TXFB-102356,3108.38
TXFB-102357,716.82
TXFB-102358,3127.66
TXFB-102359,2072.86
TXFB-102360,1724.8
TXFB-102361,1429.04
TXFB-102362,1391.35
TXFB-102363,1417.41
TXFB-102364,3154.41
TXFB-102365,2671.39
TXFB-102366,2509.17
TXFB-102367,2896.25
TXFB-102368,1271.34
TXFB-102369,2354.13
TXFB-102370,1880.2
TXFB-102371,2847.32
TXFB-102372,1427.77
TXFB-102373,2429.54
TXFB-102374,3146.64
TXFB-102375,1706.45
TXFB-102376,699.87
TXFB-102377,2048.15
TXFB-102378,1537.92
TXFB-102379,2516.68
TXFB-102380,3353.1
TXFB-102381,1956.82
TXFB-102382,1898.57
TXFB-102383,2463.75
TXFB-102384,810.49
TXFB-102385,1260.52
TXFB-102386,3256.94
TXFB-102387,2509.83
TXFB-102388,540.33
TXFB-102389,1113.88
TXFB-102390,2548.51
TXFB-102391,2793.2
TXFB-102392,3019.58
TXFB-102393,1376.53
TXFB-102394,3293.09
TXFB-102395,2158.84
TXFB-102396,2589.62
TXFB-102397,2290.22
TXFB-102398,868.22
TXFB-102399,3389.34
TXFB-102400,868.63
TXFB-102401,1264.65
TXFB-102402,2940.88
TXFB-102403,2355.79
TXFB-102404,3014.45
TXFB-102405,2047.21
TXFB-102406,1630.98
TXFB-102407,3265.54
TXFB-102408,608.76
TXFB-102409,3068.39
TXFB-102410,1192.45
TXFB-102411,3046.21
TXFB-102412,917.59
TXFB-102413,2240.66
TXFB-102414,3164.32
TXFB-102415,1920.62
TXFB-102416,2648.7149301220115
TXFB-102417,2914.01
TXFB-102418,2709.48
TXFB-102419,3275.99
TXFB-102420,1840.5
TXFB-102421,1019.38
TXFB-102422,643.43
TXFB-102423,1239.38
TXFB-102424,929.59
TXFB-102425,2173.85
TXFB-102426,1054.84
TXFB-102427,616.8
TXFB-102428,607.97
TXFB-102429,2994.71
TXFB-102430,2274.35
TXFB-102431,1574.26
TXFB-102432,3182.68
TXFB-102433,710.59
TXFB-102434,3440.97
TXFB-102435,2348.88
TXFB-102436,1050.39
TXFB-102437,2537.21
TXFB-102438,2790.14
TXFB-102439,1788.03
TXFB-102440,3084.9
TXFB-102441,952.2
TXFB-102442,1336.51
TXFB-102443,780.48
TXFB-102444,1132.63
TXFB-102445,1216.19
TXFB-102446,3252.9
TXFB-102447,734.33
TXFB-102448,1782.25
TXFB-102449,2097.2
TXFB-102450,3196.08
TXFB-102451,3493.09
TXFB-102452,2760.16
TXFB-102453,3412.37
TXFB-102454,2861.3
TXFB-102455,3389.61
TXFB-102456,2621.81
TXFB-102457,739.29
TXFB-102458,1705.76
TXFB-102459,2439.79
TXFB-102460,1552.16
TXFB-102461,1320.15
TXFB-102462,2232.2
TXFB-102463,3300.51
TXFB-102464,586.489101817709
TXFB-102465,2807.69
TXFB-102466,2668.18
TXFB-102467,3391.86
TXFB-102468,3292.13
TXFB-102469,2786.7
TXFB-102470,2061.23
TXFB-102471,1112.8
TXFB-102472,2135.71
TXFB-102473,2796.06
TXFB-102474,3187.01
TXFB-102475,2869.14
TXFB-102476,1085.8
TXFB-102477,2299.06
TXFB-102478,1496.52
TXFB-102479,527.62
TXFB-102480,1100.66
TXFB-102481,839.66
TXFB-102482,3028.16
TXFB-102483,1275.52
TXFB-102484,1354.09
TXFB-102485,3379.81
TXFB-102486,1637.26
TXFB-102487,528.76
TXFB-102488,1351.54
TXFB-102489,857.9
TXFB-102490,808.43
TXFB-102491,732.46
TXFB-102492,2279.78
TXFB-102493,1068.04
TXFB-102494,1583.73
TXFB-102495,3067.1628773904854
TXFB-102496,1773.01
TXFB-102497,3247.07
TXFB-102498,1993.81
TXFB-102499,1696.51
TXFB-102500,2751.17
TXFB-102501,719.53
TXFB-102502,768.44
TXFB-102503,2455.92
TXFB-102504,1960.82
TXFB-102505,2871.25
TXFB-102506,3248.81
TXFB-102507,1665.1
TXFB-102508,2289.23
TXFB-102509,2002.09
TXFB-102510,3444.83
TXFB-102511,2993.25
TXFB-102512,3235.21
TXFB-102513,1263.02
TXFB-102514,2817.58
TXFB-102515,1296.42
TXFB-102516,1126.23
TXFB-102517,3332.8
TXFB-102518,557.91
TXFB-102519,3396.17
TXFB-102520,947.79
TXFB-102521,2958.31
TXFB-102522,1327.77
TXFB-102523,1552.11
TXFB-102524,1150.27
TXFB-102525,2256.54
TXFB-102526,1544.29
TXFB-102527,2437.2417019962995
TXFB-102528,546.94
TXFB-102529,693.12
TXFB-102530,798.98
TXFB-102531,1756.98
TXFB-102532,2944.39
TXFB-102533,3164.53
TXFB-102534,1234.43
TXFB-102535,2223.11
TXFB-102536,2805.09
TXFB-102537,1329.399952939297
TXFB-102538,1727.02
TXFB-102539,2071.92
TXFB-102540,904.62
TXFB-102541,577.95
TXFB-102542,940.0556211417764
TXFB-102543,2380.56
TXFB-102544,720.85
TXFB-102545,1069.09
TXFB-102546,1513.56
TXFB-102547,733.61
TXFB-102548,1075.1
TXFB-102549,3233.81
TXFB-102550,557.9
TXFB-102551,2460.3
TXFB-102552,1653.23
TXFB-102553,2517.95
TXFB-102554,2266.08
TXFB-102555,1170.5
TXFB-102556,3041.63
TXFB-102557,1975.82
TXFB-102558,2967.61
TXFB-102559,1718.04
TXFB-102560,3454.06
TXFB-102561,2811.47
TXFB-102562,3397.85
TXFB-102563,2042.98
TXFB-102564,1921.07
TXFB-102565,2766.36
TXFB-102566,3140.87
TXFB-102567,3392.44
TXFB-102568,1473.66
TXFB-102569,2896.11
TXFB-102570,1131.94
TXFB-102571,2136.72
TXFB-102572,1039.54
TXFB-102573,1542.19
TXFB-102574,3294.08
TXFB-102575,938.27
TXFB-102576,2397.2
TXFB-102577,2278.86
TXFB-102578,862.22
TXFB-102579,1477.94
TXFB-102580,2188.94
TXFB-102581,1061.54
TXFB-102582,2901.87
TXFB-102583,3416.47
TXFB-102584,1144.28
TXFB-102585,1060.74
TXFB-102586,1864.81
TXFB-102587,2743.3
TXFB-102588,1344.8
TXFB-102589,559.64
TXFB-102590,2123.66
TXFB-102591,3369.8
TXFB-102592,1673.83
TXFB-102593,1760.4
TXFB-102594,3406.71
TXFB-102595,2583.82
TXFB-102596,2657.52
TXFB-102597,2188.11
TXFB-102598,3423.83
TXFB-102599,2566.6
TXFB-102600,3185.1
TXFB-102601,2598.14
TXFB-102602,2705.35
TXFB-102603,1371.23
TXFB-102604,1410.44
TXFB-102605,2848.95
TXFB-102606,1390.12
TXFB-102607,2188.31
TXFB-102608,1248.06
TXFB-102609,2950.95
TXFB-102610,831.5
TXFB-102611,2988.34
TXFB-102612,2308.19
TXFB-102613,1060.73
TXFB-102614,2126.11
TXFB-102615,1347.5
TXFB-102616,1470.4
TXFB-102617,1554.58
TXFB-102618,689.96
TXFB-102619,3438.9026885530357
TXFB-102620,594.6
TXFB-102621,2487.49
TXFB-102622,1613.68
TXFB-102623,2438.03
TXFB-102624,1568.74
TXFB-102625,2521.25
TXFB-102626,2687.71
TXFB-102627,2571.66
TXFB-102628,841.89
TXFB-102629,2470.68
TXFB-102630,1339.96
TXFB-102631,548.8519695189968
TXFB-102632,1744.49
TXFB-102633,1800.63
TXFB-102634,1901.52
TXFB-102635,2614.47
TXFB-102636,1426.53
TXFB-102637,1445.84
TXFB-102638,681.66
TXFB-102639,2560.46
TXFB-102640,2203.48
TXFB-102641,1548.28
TXFB-102642,2615.57
TXFB-102643,2112.07
TXFB-102644,1907.73
TXFB-102645,2033.97
TXFB-102646,2409.04
TXFB-102647,2480.01
TXFB-102648,1366.87
TXFB-102649,922.23
TXFB-102650,969.9
TXFB-102651,2390.2956123562076
TXFB-102652,3118.62
TXFB-102653,1728.49
TXFB-102654,1008.56
TXFB-102655,2769.81
TXFB-102656,2997.47
TXFB-102657,3141.75
TXFB-102658,2320.49
TXFB-102659,3082.19
TXFB-102660,546.24
TXFB-102661,821.71
TXFB-102662,777.73
TXFB-102663,2637.81
TXFB-102664,708.75
TXFB-102665,1989.09
TXFB-102666,1918.12
TXFB-102667,1432.11
TXFB-102668,3111.22
TXFB-102669,1011.3
TXFB-102670,1557.39
TXFB-102671,2822.51
TXFB-102672,591.27
TXFB-102673,2518.85
TXFB-102674,2949.19
TXFB-102675,3296.8
TXFB-102676,3128.89
TXFB-102677,1458.15
TXFB-102678,2259.09
TXFB-102679,731.88
TXFB-102680,1273.61
TXFB-102681,782.67
TXFB-102682,1445.56
TXFB-102683,3125.56
TXFB-102684,1541.5
TXFB-102685,2185.69
TXFB-102686,1800.14
TXFB-102687,1876.75
TXFB-102688,3408.72
TXFB-102689,1388.46
TXFB-102690,2381.97
TXFB-102691,1760.19
TXFB-102692,683.44
TXFB-102693,1967.99
TXFB-102694,2940.03
TXFB-102695,731.0235117834497
TXFB-102696,708.78
TXFB-102697,960.89
TXFB-102698,2793.2
TXFB-102699,2671.99
TXFB-102700,2195.05
TXFB-102701,1904.68
TXFB-102702,3164.98
TXFB-102703,2800.09
TXFB-102704,2935.83
TXFB-102705,2939.79
TXFB-102706,2428.15
TXFB-102707,1874.04
TXFB-102708,3067.1736310103042
TXFB-102709,3278.02
TXFB-102710,571.42
TXFB-102711,654.66
TXFB-102712,3376.23
TXFB-102713,1331.48
TXFB-102714,3120.11
TXFB-102715,1666.39
TXFB-102716,857.3
TXFB-102717,741.33
TXFB-102718,925.2493651239038
TXFB-102719,1249.68
TXFB-102720,1965.56
TXFB-102721,2604.49
TXFB-102722,3459.2
TXFB-102723,1824.52
TXFB-102724,2054.55
TXFB-102725,2065.45
TXFB-102726,2118.3
TXFB-102727,2053.22
TXFB-102728,526.32
TXFB-102729,505.17
TXFB-102730,793.0
TXFB-102731,804.67
TXFB-102732,2614.69
TXFB-102733,1114.75
TXFB-102734,3184.14
TXFB-102735,3285.82
TXFB-102736,3427.68
TXFB-102737,3317.24
TXFB-102738,1315.66
TXFB-102739,2029.33
TXFB-102740,1026.36
TXFB-102741,2918.63
TXFB-102742,3165.3
TXFB-102743,3053.87
TXFB-102744,1800.1
TXFB-102745,2776.02
TXFB-102746,792.74
TXFB-102747,620.73
TXFB-102748,2759.71
TXFB-102749,1776.07
TXFB-102750,3448.9563110702165
TXFB-102751,791.76
TXFB-102752,3066.88
TXFB-102753,1939.95
TXFB-102754,2907.106431994607
TXFB-102755,2951.38
TXFB-102756,3247.98
TXFB-102757,1393.55
TXFB-102758,3349.4
TXFB-102759,955.0
TXFB-102760,745.91
TXFB-102761,1794.85
TXFB-102762,2984.97
TXFB-102763,1920.26
TXFB-102764,2987.86
TXFB-102765,2689.06
TXFB-102766,1128.29
TXFB-102767,3346.64
TXFB-102768,682.34
TXFB-102769,3194.84
TXFB-102770,1413.33
TXFB-102771,2000.44
TXFB-102772,1767.06
TXFB-102773,1015.5
TXFB-102774,1574.44
TXFB-102775,1078.8
TXFB-102776,1111.66
TXFB-102777,1061.17
TXFB-102778,1967.05
TXFB-102779,2893.79
TXFB-102780,2206.91
TXFB-102781,3179.62
TXFB-102782,2409.63
TXFB-102783,2568.02
TXFB-102784,2502.82
TXFB-102785,1848.38
TXFB-102786,2568.02
TXFB-102787,709.12
TXFB-102788,3079.55
TXFB-102789,2833.44
TXFB-102790,1235.69
TXFB-102791,2804.1
TXFB-102792,537.93
TXFB-102793,1151.74
TXFB-102794,695.41
TXFB-102795,2840.68
TXFB-102796,2767.62
TXFB-102797,2940.91
TXFB-102798,513.45
TXFB-102799,2003.7
TXFB-102800,2614.51
TXFB-102801,966.2
TXFB-102802,2449.37
TXFB-102803,752.33
TXFB-102804,1043.98
TXFB-102805,1927.39
TXFB-102806,2460.7
TXFB-102807,937.61
TXFB-102808,1020.2797840648744
TXFB-102809,1113.34
TXFB-102810,1216.1
TXFB-102811,1179.66
TXFB-102812,1685.45
TXFB-102813,2461.37
TXFB-102814,1814.1
TXFB-102815,2827.92
TXFB-102816,2657.81
TXFB-102817,879.58
TXFB-102818,646.52
TXFB-102819,3133.82
TXFB-102820,739.49
TXFB-102821,945.02
TXFB-102822,566.4
TXFB-102823,2385.01
TXFB-102824,2247.11
TXFB-102825,3376.6332735027413
TXFB-102826,3160.8
TXFB-102827,1732.53
TXFB-102828,1614.76
TXFB-102829,1390.56
TXFB-102830,957.22
TXFB-102831,914.25
TXFB-102832,896.85
TXFB-102833,842.34
TXFB-102834,1221.54
TXFB-102835,1420.01
TXFB-102836,3384.74
TXFB-102837,2235.42
TXFB-102838,3462.79
TXFB-102839,1617.4
TXFB-102840,1872.88
TXFB-102841,1473.74
TXFB-102842,1048.66
TXFB-102843,929.49
TXFB-102844,3335.24
TXFB-102845,3460.43
TXFB-102846,634.73
TXFB-102847,951.04
TXFB-102848,1770.57
TXFB-102849,1059.0
TXFB-102850,1591.64
TXFB-102851,887.29
TXFB-102852,1869.54
TXFB-102853,1315.08
TXFB-102854,1555.72
TXFB-102855,782.94
TXFB-102856,1784.38
TXFB-102857,3449.77
TXFB-102858,1486.5
TXFB-102859,3129.29
TXFB-102860,3029.6
TXFB-102861,3356.18
TXFB-102862,2870.33
TXFB-102863,2478.79
TXFB-102864,3069.75
TXFB-102865,726.93
TXFB-102866,1888.49
TXFB-102867,3467.77
TXFB-102868,2808.8
TXFB-102869,3386.23
TXFB-102870,2838.9
TXFB-102871,3124.65
TXFB-102872,2619.59
TXFB-102873,2781.51
TXFB-102874,2069.53
TXFB-102875,3272.71
TXFB-102876,2975.12
TXFB-102877,3031.65
TXFB-102878,2519.03
TXFB-102879,1413.74
TXFB-102880,606.89
TXFB-102881,3306.97
TXFB-102882,2258.36
TXFB-102883,1394.43
TXFB-102884,947.41
TXFB-102885,2988.57
TXFB-102886,3009.56
TXFB-102887,2943.52
TXFB-102888,2435.25
TXFB-102889,1598.05
TXFB-102890,1412.21
TXFB-102891,525.66
TXFB-102892,3000.82
TXFB-102893,762.3
TXFB-102894,2392.26
TXFB-102895,2012.22
TXFB-102896,2080.07
TXFB-102897,3280.14
TXFB-102898,594.85
TXFB-102899,2820.18
TXFB-102900,656.16
TXFB-102901,614.46
TXFB-102902,1789.45
TXFB-102903,689.23
TXFB-102904,2867.43
TXFB-102905,2088.69
TXFB-102906,549.3509369249418
TXFB-102907,621.5
TXFB-102908,2338.01
TXFB-102909,2918.34
TXFB-102910,1813.4
TXFB-102911,2163.74
TXFB-102912,2899.49
TXFB-102913,2331.52
TXFB-102914,1174.28
TXFB-102915,2339.16
TXFB-102916,2384.84
TXFB-102917,2702.32
TXFB-102918,2362.62
TXFB-102919,3407.73
TXFB-102920,1091.86
TXFB-102921,3353.27
TXFB-102922,2115.02
TXFB-102923,2515.87
TXFB-102924,798.38
TXFB-102925,1641.73
TXFB-102926,2808.14
TXFB-102927,2620.73
TXFB-102928,620.42
TXFB-102929,2139.78
TXFB-102930,764.83
TXFB-102931,3487.57
TXFB-102932,3191.89
TXFB-102933,563.24
TXFB-102934,3075.95
TXFB-102935,3258.29
TXFB-102936,1560.64
TXFB-102937,2658.5
TXFB-102938,1826.31
TXFB-102939,2465.7
TXFB-102940,1520.95
TXFB-102941,1467.68
TXFB-102942,1773.3
TXFB-102943,936.7
TXFB-102944,2993.42
TXFB-102945,1546.09
TXFB-102946,1700.45
TXFB-102947,3182.16
TXFB-102948,1989.87
TXFB-102949,2132.76
TXFB-102950,3369.49
TXFB-102951,3160.18
TXFB-102952,1008.4
TXFB-102953,1919.65
TXFB-102954,3413.89
TXFB-102955,1617.1
TXFB-102956,1614.72
TXFB-102957,1085.09
TXFB-102958,842.97
TXFB-102959,2720.91
TXFB-102960,2810.09
TXFB-102961,3407.04
TXFB-102962,2720.628985166436
TXFB-102963,1230.06
TXFB-102964,620.35
TXFB-102965,3456.31
TXFB-102966,1521.35
TXFB-102967,1435.91
TXFB-102968,3186.5042343604396
TXFB-102969,2255.3
TXFB-102970,1144.61
TXFB-102971,3167.29
TXFB-102972,3480.08
TXFB-102973,760.04
TXFB-102974,3086.75
TXFB-102975,1671.55
TXFB-102976,2072.22
TXFB-102977,3244.45
TXFB-102978,3420.14
TXFB-102979,1274.6643200935691
TXFB-102980,1138.55
TXFB-102981,741.55
TXFB-102982,2185.39
TXFB-102983,540.81
TXFB-102984,1735.69
TXFB-102985,720.15
TXFB-102986,1715.68
TXFB-102987,619.8
TXFB-102988,3005.65
TXFB-102989,1129.22
TXFB-102990,1484.93
TXFB-102991,3110.14
TXFB-102992,2738.8
TXFB-102993,1157.12
TXFB-102994,715.7
TXFB-102995,2647.02
TXFB-102996,1672.11
TXFB-102997,2798.24
TXFB-102998,1835.88
TXFB-102999,1538.01
TXFB-103000,1853.62
TXFB-103001,2745.68
TXFB-103002,3206.66
TXFB-103003,649.3
TXFB-103004,2072.33
TXFB-103005,598.51
TXFB-103006,1905.23
TXFB-103007,3155.85
TXFB-103008,1584.77
TXFB-103009,3297.35
TXFB-103010,2391.83
TXFB-103011,3302.47
TXFB-103012,2771.5
TXFB-103013,810.31
TXFB-103014,1193.45
TXFB-103015,1682.51
TXFB-103016,1010.32
TXFB-103017,1984.73
TXFB-103018,1914.1
TXFB-103019,3368.78
TXFB-103020,1801.18
TXFB-103021,2856.88
TXFB-103022,3325.73
TXFB-103023,3130.97
TXFB-103024,1126.0
TXFB-103025,1988.09
TXFB-103026,1543.22
TXFB-103027,1699.58
TXFB-103028,1582.42
TXFB-103029,2979.08
TXFB-103030,1856.42
TXFB-103031,2071.08
TXFB-103032,3447.34
TXFB-103033,679.94
TXFB-103034,1963.87
TXFB-103035,2822.19
TXFB-103036,953.49
TXFB-103037,2334.59
TXFB-103038,1218.39
TXFB-103039,3102.21
TXFB-103040,1481.3
TXFB-103041,1487.19
TXFB-103042,2294.58
TXFB-103043,974.5376897631513
TXFB-103044,1354.67
TXFB-103045,1749.9
TXFB-103046,1560.91
TXFB-103047,2074.63
TXFB-103048,2298.92
TXFB-103049,2200.0
TXFB-103050,2373.762561930665
TXFB-103051,1341.835640198598
TXFB-103052,879.28
TXFB-103053,2782.42
TXFB-103054,3052.34
TXFB-103055,1271.02
TXFB-103056,1721.28
TXFB-103057,1995.71
TXFB-103058,2099.98
TXFB-103059,2478.47
TXFB-103060,624.81
TXFB-103061,2664.43
TXFB-103062,685.91
TXFB-103063,1904.87
TXFB-103064,2983.01
TXFB-103065,1853.65
TXFB-103066,947.27
TXFB-103067,3455.1
TXFB-103068,3167.86
TXFB-103069,2813.94
TXFB-103070,1734.53
TXFB-103071,1051.54
TXFB-103072,3324.23
TXFB-103073,2097.05
TXFB-103074,3057.07
TXFB-103075,1526.29
TXFB-103076,1505.86
TXFB-103077,3456.62
TXFB-103078,2065.5
TXFB-103079,922.09
TXFB-103080,1159.02
TXFB-103081,1945.83
TXFB-103082,627.41
TXFB-103083,1887.6
TXFB-103084,1756.82
TXFB-103085,2838.01
TXFB-103086,1564.83
TXFB-103087,3447.65
TXFB-103088,1042.31
TXFB-103089,2272.96
TXFB-103090,769.1
TXFB-103091,2701.59
TXFB-103092,3484.26
TXFB-103093,2957.42
TXFB-103094,2167.11
TXFB-103095,1954.22
TXFB-103096,3005.09
TXFB-103097,3307.92
TXFB-103098,3467.62
TXFB-103099,1689.62
TXFB-103100,3472.75
TXFB-103101,967.78
TXFB-103102,1260.65
TXFB-103103,767.05
TXFB-103104,1315.22
TXFB-103105,2803.81
TXFB-103106,3058.77
TXFB-103107,2836.68
TXFB-103108,2393.2
TXFB-103109,2041.9
TXFB-103110,2626.11
TXFB-103111,1672.5
TXFB-103112,3023.93
TXFB-103113,2531.57
TXFB-103114,2593.41
TXFB-103115,2107.81
TXFB-103116,3155.69
TXFB-103117,1256.04
TXFB-103118,1643.44
TXFB-103119,2832.93
TXFB-103120,1978.25
TXFB-103121,3167.64
TXFB-103122,1539.2
TXFB-103123,1607.99
TXFB-103124,3166.21
TXFB-103125,1893.11
TXFB-103126,2048.37
TXFB-103127,1498.29
TXFB-103128,1330.01
TXFB-103129,2467.85
TXFB-103130,836.2132386106567
TXFB-103131,3137.82
TXFB-103132,2837.61
TXFB-103133,1072.24
TXFB-103134,2582.06
TXFB-103135,2307.9
TXFB-103136,1053.61
TXFB-103137,1319.61
TXFB-103138,1694.3917467524602
TXFB-103139,2597.73
TXFB-103140,2416.17
TXFB-103141,2096.7
TXFB-103142,2805.23
TXFB-103143,2687.5877566085223
TXFB-103144,2353.58
TXFB-103145,2860.97
TXFB-103146,1502.79
TXFB-103147,3143.75
TXFB-103148,2344.73
TXFB-103149,2967.09
TXFB-103150,2138.84
TXFB-103151,1155.31
TXFB-103152,2127.23
TXFB-103153,1613.33
TXFB-103154,2592.5
TXFB-103155,1927.38
TXFB-103156,3008.34
TXFB-103157,2534.22
TXFB-103158,2553.63
TXFB-103159,1151.47
TXFB-103160,3452.75
TXFB-103161,3025.03
TXFB-103162,2867.01
TXFB-103163,1490.65
TXFB-103164,2106.89
TXFB-103165,911.31
TXFB-103166,2115.43
TXFB-103167,937.67
TXFB-103168,2159.11
TXFB-103169,2446.17
TXFB-103170,1670.59
TXFB-103171,1995.63
TXFB-103172,3126.96
TXFB-103173,825.69
TXFB-103174,2875.2
TXFB-103175,1012.26
TXFB-103176,610.12
TXFB-103177,1056.72
TXFB-103178,2795.13
TXFB-103179,1715.38
TXFB-103180,3117.56
TXFB-103181,2074.12
TXFB-103182,566.75
TXFB-103183,2650.14
TXFB-103184,830.7
TXFB-103185,2868.14
TXFB-103186,1004.31
TXFB-103187,1536.34
TXFB-103188,2783.81
TXFB-103189,3362.69
TXFB-103190,1614.3
TXFB-103191,2988.2
TXFB-103192,1072.38
TXFB-103193,2823.0934960193567
TXFB-103194,2472.48
TXFB-103195,1078.23
TXFB-103196,1407.51
TXFB-103197,895.31
TXFB-103198,1648.9
TXFB-103199,1110.95
TXFB-103200,2431.99
TXFB-103201,3483.52
TXFB-103202,536.03
TXFB-103203,2122.76
TXFB-103204,2221.0
TXFB-103205,3242.63
TXFB-103206,2018.02
TXFB-103207,2131.1
TXFB-103208,1914.96
TXFB-103209,1306.71
TXFB-103210,668.09
TXFB-103211,1725.97
TXFB-103212,657.77
TXFB-103213,2151.48
TXFB-103214,1421.88
TXFB-103215,2100.81
TXFB-103216,902.89
TXFB-103217,3297.89
TXFB-103218,3183.56
TXFB-103219,1069.99
TXFB-103220,1530.33
TXFB-103221,2340.48
TXFB-103222,787.06
TXFB-103223,1563.7
TXFB-103224,1253.34
TXFB-103225,3246.55
TXFB-103226,3057.53
TXFB-103227,2239.5
TXFB-103228,2061.04
TXFB-103229,3292.18
TXFB-103230,3297.28
TXFB-103231,3407.99
TXFB-103232,876.14
TXFB-103233,981.67
TXFB-103234,2530.21
TXFB-103235,2124.3
TXFB-103236,555.4
TXFB-103237,685.93
TXFB-103238,3164.24
TXFB-103239,3106.61
TXFB-103240,1571.81
TXFB-103241,3173.15
TXFB-103242,2281.03
TXFB-103243,2917.72
TXFB-103244,1782.29
TXFB-103245,840.19
TXFB-103246,1801.18
TXFB-103247,1871.9
TXFB-103248,2152.83
TXFB-103249,816.75
TXFB-103250,3474.21
TXFB-103251,1232.41
TXFB-103252,1095.66
TXFB-103253,2080.41
TXFB-103254,2111.62
TXFB-103255,1819.46
TXFB-103256,2815.68
TXFB-103257,2049.96
TXFB-103258,2329.09
TXFB-103259,2671.24
TXFB-103260,575.08
TXFB-103261,2211.93
TXFB-103262,3152.58
TXFB-103263,552.17
TXFB-103264,1715.55
TXFB-103265,3278.68
TXFB-103266,1559.46
TXFB-103267,1876.19
TXFB-103268,3444.62
TXFB-103269,1097.97
TXFB-103270,695.77
TXFB-103271,3078.27
TXFB-103272,3105.4
TXFB-103273,1916.23
TXFB-103274,2042.62
TXFB-103275,3007.42
TXFB-103276,2696.739909637567
TXFB-103277,1295.45
TXFB-103278,518.599269614212
TXFB-103279,1939.1
TXFB-103280,3076.74
TXFB-103281,3187.5
TXFB-103282,3368.68
TXFB-103283,3138.69
TXFB-103284,2240.13
TXFB-103285,1833.82
TXFB-103286,2824.55
TXFB-103287,2719.46
TXFB-103288,2114.43
TXFB-103289,761.98
TXFB-103290,3278.24
TXFB-103291,1866.81
TXFB-103292,1590.0
TXFB-103293,2388.7
TXFB-103294,2521.51
TXFB-103295,1132.06
TXFB-103296,3010.82
TXFB-103297,1291.7918784827332
TXFB-103298,1060.05
TXFB-103299,1719.2
TXFB-103300,2691.68
TXFB-103301,3396.37
TXFB-103302,2927.84
TXFB-103303,3321.05
TXFB-103304,921.82
TXFB-103305,713.53
TXFB-103306,2173.11
TXFB-103307,1370.89
TXFB-103308,2984.16
TXFB-103309,2515.96
TXFB-103310,3412.18
TXFB-103311,1264.38
TXFB-103312,1957.35
TXFB-103313,2003.72
TXFB-103314,1217.53
TXFB-103315,2270.28
TXFB-103316,1829.86
TXFB-103317,1840.16
TXFB-103318,1588.21
TXFB-103319,550.79
TXFB-103320,2066.29
TXFB-103321,1450.7255442661747
TXFB-103322,503.96
TXFB-103323,1423.83
TXFB-103324,1335.88
TXFB-103325,1680.34
TXFB-103326,895.56
TXFB-103327,2023.05
TXFB-103328,2577.32
TXFB-103329,2390.56
TXFB-103330,2911.26
TXFB-103331,1856.02
TXFB-103332,2057.28
TXFB-103333,2931.21
TXFB-103334,1783.1
TXFB-103335,2604.8
TXFB-103336,1803.81
TXFB-103337,1753.21
TXFB-103338,2780.62
TXFB-103339,1024.51
TXFB-103340,1515.76
TXFB-103341,1172.52
TXFB-103342,1577.33
TXFB-103343,1191.12
TXFB-103344,2190.6547242915367
TXFB-103345,2894.51
TXFB-103346,2859.84
TXFB-103347,1593.5
TXFB-103348,3466.28
TXFB-103349,2281.56
TXFB-103350,1698.2
TXFB-103351,3006.62
TXFB-103352,2689.62
TXFB-103353,2747.83
TXFB-103354,1088.42
TXFB-103355,1904.97
TXFB-103356,3085.48
TXFB-103357,2012.11
TXFB-103358,2550.36
TXFB-103359,2182.7113789607624
TXFB-103360,3027.07
TXFB-103361,1353.68
TXFB-103362,2226.43
TXFB-103363,869.7
TXFB-103364,2570.63
TXFB-103365,2695.9
TXFB-103366,628.51
TXFB-103367,2527.37
TXFB-103368,1744.07
TXFB-103369,872.29
TXFB-103370,1759.72
TXFB-103371,1082.7
TXFB-103372,1746.68
TXFB-103373,1653.02
TXFB-103374,2715.17
TXFB-103375,2822.65
TXFB-103376,2321.09
TXFB-103377,568.06
TXFB-103378,3293.07
TXFB-103379,2558.7
TXFB-103380,602.59
TXFB-103381,2956.5
TXFB-103382,1100.8
TXFB-103383,2237.66
TXFB-103384,1899.9
TXFB-103385,1759.52
TXFB-103386,3169.14
TXFB-103387,1812.08
TXFB-103388,726.03
TXFB-103389,3339.92
TXFB-103390,3261.61
TXFB-103391,2553.3
TXFB-103392,1903.68
TXFB-103393,778.58
TXFB-103394,2872.24
TXFB-103395,726.43
TXFB-103396,705.8
TXFB-103397,2112.15
TXFB-103398,980.38
TXFB-103399,523.19
TXFB-103400,1769.34
TXFB-103401,911.65
TXFB-103402,981.55
TXFB-103403,730.73
TXFB-103404,1115.28
TXFB-103405,2646.45
TXFB-103406,2926.78
TXFB-103407,1857.6
TXFB-103408,2019.66
TXFB-103409,597.97
TXFB-103410,608.3536055456412
TXFB-103411,1272.7
TXFB-103412,2131.7
TXFB-103413,2718.65
TXFB-103414,2315.01
TXFB-103415,1676.38
TXFB-103416,854.97
TXFB-103417,2842.32
TXFB-103418,1591.36
TXFB-103419,2708.16
TXFB-103420,2038.94
TXFB-103421,2715.99
TXFB-103422,3221.87
TXFB-103423,3263.09
TXFB-103424,2105.32
TXFB-103425,2034.53
TXFB-103426,1297.04
TXFB-103427,3307.4
TXFB-103428,1873.76
TXFB-103429,882.77
TXFB-103430,1798.11
TXFB-103431,881.16
TXFB-103432,2007.6
TXFB-103433,2183.83
TXFB-103434,1513.27
TXFB-103435,714.95
TXFB-103436,3330.51
TXFB-103437,2820.06
TXFB-103438,3016.64
TXFB-103439,1600.61
TXFB-103440,2782.49
TXFB-103441,1956.12
TXFB-103442,1103.25
TXFB-103443,873.27
TXFB-103444,1535.15
TXFB-103445,912.66
TXFB-103446,3494.81
TXFB-103447,647.57
TXFB-103448,1823.43
TXFB-103449,1856.28
TXFB-103450,1401.9
TXFB-103451,2214.05
TXFB-103452,949.93
TXFB-103453,2851.74
TXFB-103454,1497.34
TXFB-103455,2274.03
TXFB-103456,2646.92
TXFB-103457,3167.13
TXFB-103458,3007.36
TXFB-103459,2324.93
TXFB-103460,1665.18
TXFB-103461,2009.61
TXFB-103462,2806.2
TXFB-103463,3132.64
TXFB-103464,811.35
TXFB-103465,1654.57
TXFB-103466,2828.35
TXFB-103467,1794.96
TXFB-103468,1496.68
TXFB-103469,1733.97
TXFB-103470,2308.53
TXFB-103471,3499.42
TXFB-103472,1978.98
TXFB-103473,1125.48
TXFB-103474,988.54
TXFB-103475,627.05
TXFB-103476,2176.45
TXFB-103477,2133.72
TXFB-103478,1115.7
TXFB-103479,2585.99
TXFB-103480,2685.967240110229
TXFB-103481,1277.29
TXFB-103482,1532.3
TXFB-103483,3471.42
TXFB-103484,1622.79
TXFB-103485,2782.41
TXFB-103486,1858.18
TXFB-103487,2880.03
TXFB-103488,2807.07
TXFB-103489,2503.27
TXFB-103490,3064.34
TXFB-103491,3317.66
TXFB-103492,2239.95
TXFB-103493,1212.41
TXFB-103494,1695.89
TXFB-103495,2774.92
TXFB-103496,2452.65
TXFB-103497,1033.4
TXFB-103498,653.72
TXFB-103499,2548.88
TXFB-103500,1253.24
TXFB-103501,1999.01
TXFB-103502,2740.24
TXFB-103503,2188.0
TXFB-103504,749.91
TXFB-103505,1056.74
TXFB-103506,1157.98
TXFB-103507,1273.59
TXFB-103508,2196.21
TXFB-103509,2011.9
TXFB-103510,1109.48
TXFB-103511,702.66
TXFB-103512,1014.3
TXFB-103513,3453.14
TXFB-103514,1905.64
TXFB-103515,3102.04
TXFB-103516,3046.26
TXFB-103517,2034.56
TXFB-103518,2620.06
TXFB-103519,1078.26
TXFB-103520,2565.19
TXFB-103521,1317.15
TXFB-103522,2996.19
TXFB-103523,751.17
TXFB-103524,2819.42
TXFB-103525,799.81
TXFB-103526,3143.57
TXFB-103527,1412.61
TXFB-103528,2463.18
TXFB-103529,1962.51
TXFB-103530,1598.91
TXFB-103531,2436.33
TXFB-103532,3342.57
TXFB-103533,623.81
TXFB-103534,3256.56
TXFB-103535,2327.24
TXFB-103536,2921.94
TXFB-103537,1651.62
TXFB-103538,1915.53
TXFB-103539,3106.55
TXFB-103540,1744.54
TXFB-103541,2103.98
TXFB-103542,560.58
TXFB-103543,975.79
TXFB-103544,2425.06
TXFB-103545,2650.93
TXFB-103546,2247.8
TXFB-103547,929.93
TXFB-103548,1836.22
TXFB-103549,1565.28
TXFB-103550,1986.98
TXFB-103551,3110.99
TXFB-103552,2827.58
TXFB-103553,751.97
TXFB-103554,3170.93
TXFB-103555,1915.3
TXFB-103556,2731.59
TXFB-103557,920.12
TXFB-103558,2512.16
TXFB-103559,1208.98
TXFB-103560,1815.14
TXFB-103561,550.59
TXFB-103562,954.83
TXFB-103563,776.24
TXFB-103564,1219.23
TXFB-103565,800.05
TXFB-103566,2575.73
TXFB-103567,587.12
TXFB-103568,2353.22
TXFB-103569,922.12
TXFB-103570,3335.48
TXFB-103571,3299.28
TXFB-103572,1176.51
TXFB-103573,2343.26
TXFB-103574,584.02
TXFB-103575,3295.37
TXFB-103576,2068.96
TXFB-103577,629.67
TXFB-103578,1527.5
TXFB-103579,730.55
TXFB-103580,1678.83
TXFB-103581,2509.78
TXFB-103582,1909.67
TXFB-103583,1651.17
TXFB-103584,857.47
TXFB-103585,1234.82
TXFB-103586,800.43
TXFB-103587,2922.5
TXFB-103588,905.72
TXFB-103589,2286.12
TXFB-103590,1528.22
TXFB-103591,1177.94
TXFB-103592,2347.1788626682182
TXFB-103593,1871.01
TXFB-103594,1700.44
TXFB-103595,2278.56
TXFB-103596,1973.8
TXFB-103597,1410.45
TXFB-103598,2177.18
TXFB-103599,2508.5
TXFB-103600,580.08
TXFB-103601,1897.62
TXFB-103602,673.05
TXFB-103603,1059.22
TXFB-103604,2181.53
TXFB-103605,3098.57
TXFB-103606,3148.42
TXFB-103607,709.83
TXFB-103608,1757.32
TXFB-103609,2249.02
TXFB-103610,941.21
TXFB-103611,2796.3
TXFB-103612,2732.71
TXFB-103613,3210.02
TXFB-103614,525.46
TXFB-103615,1150.05
TXFB-103616,2981.56
TXFB-103617,2511.74
TXFB-103618,3183.17
TXFB-103619,671.54
TXFB-103620,2290.89
TXFB-103621,2207.14
TXFB-103622,607.02
TXFB-103623,2040.57
TXFB-103624,2328.56
TXFB-103625,1051.6101927589825
TXFB-103626,1319.99
TXFB-103627,2421.04
TXFB-103628,1904.9
TXFB-103629,3074.04
TXFB-103630,1527.15
TXFB-103631,1299.98
TXFB-103632,3454.6
TXFB-103633,3233.41
TXFB-103634,586.98
TXFB-103635,2812.19
TXFB-103636,831.0
TXFB-103637,582.46
TXFB-103638,1321.09
TXFB-103639,1308.04
TXFB-103640,2957.96
TXFB-103641,2632.0
TXFB-103642,3444.83
TXFB-103643,2634.54
TXFB-103644,1754.77
TXFB-103645,2596.78
TXFB-103646,3498.38
TXFB-103647,2630.43
TXFB-103648,2785.04
TXFB-103649,3315.1
TXFB-103650,840.95
TXFB-103651,2614.35
TXFB-103652,3052.42
TXFB-103653,3363.14
TXFB-103654,1132.91
TXFB-103655,2011.79
TXFB-103656,2541.66
TXFB-103657,1242.4
TXFB-103658,2301.42
TXFB-103659,1272.74
TXFB-103660,1500.37
TXFB-103661,1824.56
TXFB-103662,2087.57
TXFB-103663,1848.1
TXFB-103664,1979.59
TXFB-103665,1395.77
TXFB-103666,976.9
TXFB-103667,642.05
TXFB-103668,1087.94
TXFB-103669,2215.7598602119792
TXFB-103670,2858.35
TXFB-103671,1007.74
TXFB-103672,825.67
TXFB-103673,2747.87
TXFB-103674,1415.47
TXFB-103675,3354.5
TXFB-103676,2642.95
TXFB-103677,1480.27
TXFB-103678,1368.63
TXFB-103679,2071.1
TXFB-103680,737.43
TXFB-103681,853.03
TXFB-103682,1027.57
TXFB-103683,2824.17
TXFB-103684,2041.57
TXFB-103685,531.7
TXFB-103686,2438.604733786995
TXFB-103687,1771.07
TXFB-103688,2032.56
TXFB-103689,1142.35
TXFB-103690,2155.35
TXFB-103691,3437.46
TXFB-103692,720.33
TXFB-103693,1351.75
TXFB-103694,1228.99
TXFB-103695,1245.65
TXFB-103696,1636.12
TXFB-103697,2954.33
TXFB-103698,3238.58
TXFB-103699,1106.65
TXFB-103700,2128.85
TXFB-103701,2364.265523369557
TXFB-103702,2065.48
TXFB-103703,1802.23
TXFB-103704,1075.93
TXFB-103705,1964.66
TXFB-103706,1703.64
TXFB-103707,2872.0999768988777
TXFB-103708,2790.81
TXFB-103709,902.0
TXFB-103710,765.56
TXFB-103711,3224.46
TXFB-103712,2064.6591650548535
TXFB-103713,3073.4
TXFB-103714,674.45
TXFB-103715,2079.55
TXFB-103716,2118.28
TXFB-103717,3082.11
TXFB-103718,792.83
TXFB-103719,1221.34
TXFB-103720,1660.5221856640505
TXFB-103721,3097.52
TXFB-103722,3316.65
TXFB-103723,3478.17
TXFB-103724,3377.58
TXFB-103725,517.83
TXFB-103726,643.13
TXFB-103727,942.82
TXFB-103728,1546.59
TXFB-103729,2989.75
TXFB-103730,3177.97
TXFB-103731,1060.5
TXFB-103732,2358.99
TXFB-103733,3252.09
TXFB-103734,1891.2
TXFB-103735,810.63
TXFB-103736,1873.44
TXFB-103737,1627.38
TXFB-103738,2232.97
TXFB-103739,1815.98
TXFB-103740,552.04
TXFB-103741,3481.99
TXFB-103742,2130.62
TXFB-103743,1920.89
TXFB-103744,3363.85
TXFB-103745,967.58
TXFB-103746,1067.71
TXFB-103747,2924.04
TXFB-103748,1282.49
TXFB-103749,2897.68
TXFB-103750,1314.6
TXFB-103751,599.56
TXFB-103752,2051.04
TXFB-103753,1090.06
TXFB-103754,2773.54
TXFB-103755,2423.6
TXFB-103756,3270.81
TXFB-103757,2817.5730177676164
TXFB-103758,1042.33
TXFB-103759,2900.47
TXFB-103760,2425.21
TXFB-103761,2506.85
TXFB-103762,2996.79
TXFB-103763,2221.47
TXFB-103764,1898.01
TXFB-103765,2409.92
TXFB-103766,1393.87
TXFB-103767,1047.79
TXFB-103768,2349.76
TXFB-103769,1201.55
TXFB-103770,739.75
TXFB-103771,501.66
TXFB-103772,2324.96
TXFB-103773,1586.45
TXFB-103774,2756.93
TXFB-103775,1625.53
TXFB-103776,1958.01
TXFB-103777,1721.25
TXFB-103778,2451.72
TXFB-103779,1538.9993577174118
TXFB-103780,3391.3
TXFB-103781,3308.44
TXFB-103782,3044.08
TXFB-103783,3260.9
TXFB-103784,1847.42
TXFB-103785,2109.29
TXFB-103786,2726.28
TXFB-103787,2588.44
TXFB-103788,3172.04
TXFB-103789,2648.99
TXFB-103790,3493.65
TXFB-103791,1545.52
TXFB-103792,2908.2421982469823
TXFB-103793,2592.9
TXFB-103794,2574.16
TXFB-103795,1384.6613531627215
TXFB-103796,2856.81
TXFB-103797,3201.13
TXFB-103798,1155.65
TXFB-103799,2376.49
TXFB-103800,1676.4
TXFB-103801,3468.64
TXFB-103802,1936.5
TXFB-103803,1184.96
TXFB-103804,1645.57
TXFB-103805,2461.52
TXFB-103806,728.27
TXFB-103807,2310.81
TXFB-103808,3293.67
TXFB-103809,3051.09
TXFB-103810,703.02
TXFB-103811,3480.17
TXFB-103812,2596.18
TXFB-103813,986.84
TXFB-103814,537.25
TXFB-103815,1013.85
TXFB-103816,3014.53
TXFB-103817,564.92
TXFB-103818,1199.44
TXFB-103819,2760.612524685883
TXFB-103820,2258.33
TXFB-103821,2848.21
TXFB-103822,2738.45
TXFB-103823,651.8
TXFB-103824,3177.53
TXFB-103825,1181.1
TXFB-103826,2160.18
TXFB-103827,2432.86
TXFB-103828,1005.88
TXFB-103829,3428.69
TXFB-103830,1964.47
TXFB-103831,620.4244533472225
TXFB-103832,3311.79
TXFB-103833,2258.8
TXFB-103834,2597.58
TXFB-103835,2075.53
TXFB-103836,3004.21
TXFB-103837,599.4
TXFB-103838,1305.14
TXFB-103839,1908.95
TXFB-103840,729.81
TXFB-103841,2617.72
TXFB-103842,1680.99
TXFB-103843,1318.0
TXFB-103844,510.14
TXFB-103845,2659.49
TXFB-103846,3001.43
TXFB-103847,1685.12
TXFB-103848,2192.65
TXFB-103849,1183.06
TXFB-103850,2366.59
TXFB-103851,536.41
TXFB-103852,1965.93
TXFB-103853,2400.6007052086784
TXFB-103854,3254.58
TXFB-103855,1644.01
TXFB-103856,2795.57
TXFB-103857,2293.06
TXFB-103858,3281.04
TXFB-103859,1695.13
TXFB-103860,1457.29
TXFB-103861,3161.43
TXFB-103862,647.73
TXFB-103863,909.16
TXFB-103864,747.21
TXFB-103865,3029.33
TXFB-103866,484.56794784632757
TXFB-103867,3084.97
TXFB-103868,1853.8
TXFB-103869,512.08
TXFB-103870,1704.94
TXFB-103871,1060.4
TXFB-103872,2373.2
TXFB-103873,2538.08
TXFB-103874,1962.58
TXFB-103875,621.56
TXFB-103876,2468.39
TXFB-103877,3026.12
TXFB-103878,2660.97
TXFB-103879,2975.7525629317634
TXFB-103880,1101.53
TXFB-103881,3166.66
TXFB-103882,1466.58
TXFB-103883,540.21
TXFB-103884,3030.17
TXFB-103885,3325.46
TXFB-103886,2466.67
TXFB-103887,1194.31
TXFB-103888,1255.23
TXFB-103889,1899.78
TXFB-103890,3193.49
TXFB-103891,948.79
TXFB-103892,2977.92
TXFB-103893,1373.91
TXFB-103894,2925.76
TXFB-103895,3260.81
TXFB-103896,1782.48
TXFB-103897,1595.15
TXFB-103898,2906.66
TXFB-103899,2088.45
TXFB-103900,2553.35
TXFB-103901,2368.49
TXFB-103902,958.67
TXFB-103903,3034.37
TXFB-103904,1087.33
TXFB-103905,3296.85
TXFB-103906,1251.71
TXFB-103907,2701.64
TXFB-103908,1353.97
TXFB-103909,1453.36
TXFB-103910,1430.01
TXFB-103911,2743.68
TXFB-103912,2170.45
TXFB-103913,3148.86
TXFB-103914,1422.12
TXFB-103915,2575.98
TXFB-103916,2758.85
TXFB-103917,954.45
TXFB-103918,1701.77
TXFB-103919,1948.45
TXFB-103920,1567.06
TXFB-103921,1466.34
TXFB-103922,2559.26
TXFB-103923,1147.6
TXFB-103924,2628.17
TXFB-103925,3305.13
TXFB-103926,2195.59
TXFB-103927,2334.3
TXFB-103928,706.8
TXFB-103929,3093.43
TXFB-103930,1356.34
TXFB-103931,2345.15
TXFB-103932,3437.34
TXFB-103933,2286.51
TXFB-103934,2674.13
TXFB-103935,1835.96
TXFB-103936,681.1
TXFB-103937,2892.8
TXFB-103938,605.0
TXFB-103939,2601.97
TXFB-103940,568.76
TXFB-103941,3086.92
TXFB-103942,972.91
TXFB-103943,2042.81
TXFB-103944,2291.45
TXFB-103945,1872.64
TXFB-103946,1522.29
TXFB-103947,1903.44
TXFB-103948,1434.25
TXFB-103949,1814.37
TXFB-103950,1576.74
TXFB-103951,2198.61
TXFB-103952,1213.77
TXFB-103953,3465.97
TXFB-103954,2002.61
TXFB-103955,1082.49
TXFB-103956,1931.2
TXFB-103957,3099.25
TXFB-103958,565.42
TXFB-103959,2538.66
TXFB-103960,2143.9
TXFB-103961,1008.67
TXFB-103962,2952.43
TXFB-103963,1606.65
TXFB-103964,1381.41
TXFB-103965,2984.38
TXFB-103966,2415.58
TXFB-103967,3194.78
TXFB-103968,2389.65
TXFB-103969,2722.45
TXFB-103970,3009.34
TXFB-103971,664.22
TXFB-103972,2828.15
TXFB-103973,2341.12
TXFB-103974,708.52
TXFB-103975,2025.73
TXFB-103976,747.37
TXFB-103977,2707.84
TXFB-103978,2139.51
TXFB-103979,3271.6343645029538
TXFB-103980,1049.41
TXFB-103981,2318.1
TXFB-103982,1134.75
TXFB-103983,2342.19
TXFB-103984,2667.95
TXFB-103985,2666.91
TXFB-103986,2945.22
TXFB-103987,3060.65
TXFB-103988,731.82
TXFB-103989,1529.8
TXFB-103990,2561.37
TXFB-103991,1995.76
TXFB-103992,1072.03
TXFB-103993,2158.13
TXFB-103994,1722.31
TXFB-103995,1670.11
TXFB-103996,2929.26
TXFB-103997,1722.8
TXFB-103998,579.36
TXFB-103999,674.19
TXFB-104000,3068.73
TXFB-104001,3381.8
TXFB-104002,2565.23
TXFB-104003,1593.1
TXFB-104004,3315.8
TXFB-104005,2488.41
TXFB-104006,3033.0
TXFB-104007,2797.56
TXFB-104008,1637.42
TXFB-104009,1936.11
TXFB-104010,1016.1342478355656
TXFB-104011,1330.2305156192515
TXFB-104012,2834.38
TXFB-104013,3181.94
TXFB-104014,2673.38
TXFB-104015,1895.52
TXFB-104016,759.53
TXFB-104017,670.84
TXFB-104018,1622.98
TXFB-104019,1891.47
TXFB-104020,2327.36
TXFB-104021,519.47
TXFB-104022,3469.17
TXFB-104023,1591.82
TXFB-104024,3044.28
TXFB-104025,2104.9
TXFB-104026,891.32
TXFB-104027,2862.699341375606
TXFB-104028,2629.48
TXFB-104029,2082.31
TXFB-104030,2043.66
TXFB-104031,762.44
TXFB-104032,2467.55
TXFB-104033,3233.74
TXFB-104034,779.73
TXFB-104035,1290.53
TXFB-104036,3206.92
TXFB-104037,1353.03
TXFB-104038,2461.83
TXFB-104039,2104.45
TXFB-104040,2266.8366648129927
TXFB-104041,1703.5214377856464
TXFB-104042,1399.97
TXFB-104043,645.6
TXFB-104044,2732.84
TXFB-104045,2738.28
TXFB-104046,2512.18
TXFB-104047,2430.9
TXFB-104048,1231.15
TXFB-104049,567.03
TXFB-104050,2926.15
TXFB-104051,1973.42
TXFB-104052,1420.51
TXFB-104053,805.8
TXFB-104054,688.16
TXFB-104055,1546.6
TXFB-104056,2914.21
TXFB-104057,3256.17
TXFB-104058,3190.25
TXFB-104059,3260.0
TXFB-104060,3223.18
TXFB-104061,2081.67
TXFB-104062,1158.25
TXFB-104063,2894.14
TXFB-104064,1141.14
TXFB-104065,1301.62
TXFB-104066,1199.76
TXFB-104067,2044.95
TXFB-104068,1465.48
TXFB-104069,962.47
TXFB-104070,1859.52
TXFB-104071,3121.72
TXFB-104072,2211.66
TXFB-104073,3135.01
TXFB-104074,1087.62
TXFB-104075,1000.92
TXFB-104076,2226.73
TXFB-104077,1889.99
TXFB-104078,2480.52
TXFB-104079,2883.88
TXFB-104080,2753.92
TXFB-104081,3326.78
TXFB-104082,1694.77
TXFB-104083,1119.16
TXFB-104084,2152.74
TXFB-104085,832.23
TXFB-104086,1366.55
TXFB-104087,1123.66
TXFB-104088,1689.69
TXFB-104089,833.65
TXFB-104090,595.53
TXFB-104091,2470.38
TXFB-104092,2330.75
TXFB-104093,2625.08
TXFB-104094,2481.16
TXFB-104095,842.88
TXFB-104096,1373.24
TXFB-104097,888.58
TXFB-104098,3028.92
TXFB-104099,2740.71
TXFB-104100,1104.58
TXFB-104101,1523.93
TXFB-104102,3399.84
TXFB-104103,2282.48
TXFB-104104,2903.47
TXFB-104105,1293.77
TXFB-104106,1130.16
TXFB-104107,2851.75
TXFB-104108,2557.62
TXFB-104109,2542.93
TXFB-104110,2157.9
TXFB-104111,2190.74
TXFB-104112,2707.09
TXFB-104113,1310.01
TXFB-104114,1558.31
TXFB-104115,3114.91
TXFB-104116,1426.6
TXFB-104117,2138.93
TXFB-104118,2607.92
TXFB-104119,3499.77
TXFB-104120,1805.87
TXFB-104121,1784.28
TXFB-104122,3027.77
TXFB-104123,2916.51
TXFB-104124,2693.23
TXFB-104125,1889.69
TXFB-104126,1471.82
TXFB-104127,2326.19
TXFB-104128,3128.67
TXFB-104129,3151.33
TXFB-104130,825.5
TXFB-104131,1785.05
TXFB-104132,1894.17
TXFB-104133,3432.85
TXFB-104134,2533.99
TXFB-104135,1709.2345744023644
TXFB-104136,578.17
TXFB-104137,2196.16
TXFB-104138,788.23
TXFB-104139,3003.35
TXFB-104140,2757.56
TXFB-104141,1881.53
TXFB-104142,1787.63
TXFB-104143,3192.02
TXFB-104144,1365.38
TXFB-104145,1247.06
TXFB-104146,3317.59
TXFB-104147,2927.74
TXFB-104148,2961.88
TXFB-104149,1085.58
TXFB-104150,929.89
TXFB-104151,578.09
TXFB-104152,1211.12
TXFB-104153,2822.57
TXFB-104154,1220.12
TXFB-104155,2687.31
TXFB-104156,1255.72
TXFB-104157,1685.88
TXFB-104158,3449.49
TXFB-104159,1234.44
TXFB-104160,1629.11
TXFB-104161,1403.26
TXFB-104162,828.87
TXFB-104163,1969.68
TXFB-104164,1636.07
TXFB-104165,2584.66
TXFB-104166,2952.78
TXFB-104167,2132.75
TXFB-104168,596.59
TXFB-104169,2356.77
TXFB-104170,666.17
TXFB-104171,2349.07
TXFB-104172,2555.09
TXFB-104173,1093.3
TXFB-104174,2936.741354079583
TXFB-104175,3149.4920197846345
TXFB-104176,2939.26
TXFB-104177,1415.33
TXFB-104178,2259.93
TXFB-104179,3244.45
TXFB-104180,1461.99
TXFB-104181,2960.08
TXFB-104182,528.43
TXFB-104183,510.94
TXFB-104184,2779.13
TXFB-104185,2784.34
TXFB-104186,2866.93
TXFB-104187,3290.08
TXFB-104188,853.72
TXFB-104189,1195.95
TXFB-104190,3211.17
TXFB-104191,1031.71
TXFB-104192,2546.69
TXFB-104193,2091.39
TXFB-104194,749.58
TXFB-104195,1355.79
TXFB-104196,2061.12
TXFB-104197,3057.05
TXFB-104198,2622.62
TXFB-104199,2365.65
TXFB-104200,1988.1
TXFB-104201,1396.05
TXFB-104202,857.73
TXFB-104203,1727.23
TXFB-104204,585.56
TXFB-104205,1133.17
TXFB-104206,1797.45
TXFB-104207,1755.82
TXFB-104208,632.89
TXFB-104209,2267.18
TXFB-104210,2149.05
TXFB-104211,734.31
TXFB-104212,3329.49
TXFB-104213,798.15
TXFB-104214,3064.5
TXFB-104215,500.93
TXFB-104216,3146.84
TXFB-104217,559.16
TXFB-104218,2773.44
TXFB-104219,1585.07
TXFB-104220,2714.65
TXFB-104221,1705.24
TXFB-104222,712.72
TXFB-104223,2802.52
TXFB-104224,713.76
TXFB-104225,3266.36
TXFB-104226,652.92
TXFB-104227,1937.98
TXFB-104228,2669.1
TXFB-104229,1679.74
TXFB-104230,1151.7
TXFB-104231,2777.27
TXFB-104232,2852.88
TXFB-104233,3268.08
TXFB-104234,1628.5
TXFB-104235,2005.8828804168315
TXFB-104236,1589.39
TXFB-104237,1271.25
TXFB-104238,2753.1
TXFB-104239,1518.96
TXFB-104240,1784.45
TXFB-104241,1711.02
TXFB-104242,2637.98
TXFB-104243,3253.39
TXFB-104244,2500.27
TXFB-104245,1914.75
TXFB-104246,2837.62
TXFB-104247,2422.91
TXFB-104248,681.83
TXFB-104249,786.99
TXFB-104250,613.75
TXFB-104251,1870.45
TXFB-104252,2977.56
TXFB-104253,1439.25
TXFB-104254,1652.48
TXFB-104255,3228.43
TXFB-104256,3010.71
TXFB-104257,2495.14
TXFB-104258,1300.41
TXFB-104259,851.12
TXFB-104260,548.18
TXFB-104261,821.03
TXFB-104262,1377.79
TXFB-104263,2155.37
TXFB-104264,692.0
TXFB-104265,908.68
TXFB-104266,1043.24
TXFB-104267,2395.95
TXFB-104268,2347.37
TXFB-104269,2152.3
TXFB-104270,1251.5
TXFB-104271,1613.36
TXFB-104272,790.07
TXFB-104273,1179.38
TXFB-104274,3193.12
TXFB-104275,3439.08
TXFB-104276,2442.98
TXFB-104277,3250.47
TXFB-104278,2428.23
TXFB-104279,510.2063683095879
TXFB-104280,3490.29
TXFB-104281,796.86
TXFB-104282,2547.93
TXFB-104283,1258.51
TXFB-104284,1675.94
TXFB-104285,2437.8
TXFB-104286,1760.9252412556614
TXFB-104287,1251.64
TXFB-104288,1503.34
TXFB-104289,1524.64
TXFB-104290,3377.97
TXFB-104291,2895.84
TXFB-104292,1875.65
TXFB-104293,1099.46
TXFB-104294,2933.05
TXFB-104295,971.55
TXFB-104296,1131.39
TXFB-104297,1598.04
TXFB-104298,3141.04
TXFB-104299,895.36
TXFB-104300,866.7
TXFB-104301,1981.92
TXFB-104302,1329.23
TXFB-104303,2206.18
TXFB-104304,1854.91
TXFB-104305,1804.88
TXFB-104306,835.92
TXFB-104307,923.15
TXFB-104308,2963.24
TXFB-104309,3157.65
TXFB-104310,1204.05
TXFB-104311,765.821249110511
TXFB-104312,660.25
TXFB-104313,2324.89
TXFB-104314,2646.06
TXFB-104315,1597.7633843483222
TXFB-104316,2539.03
TXFB-104317,2638.88
TXFB-104318,3306.03
TXFB-104319,694.62
TXFB-104320,1076.88
TXFB-104321,705.58
TXFB-104322,3103.98
TXFB-104323,2877.76
TXFB-104324,2223.93
TXFB-104325,750.99
TXFB-104326,1319.94
TXFB-104327,1393.16
TXFB-104328,2182.23
TXFB-104329,1274.13
TXFB-104330,718.88
TXFB-104331,2692.29
TXFB-104332,1397.24
TXFB-104333,1857.12
TXFB-104334,883.0
TXFB-104335,2907.64
TXFB-104336,2196.6
TXFB-104337,3204.76
TXFB-104338,1986.41
TXFB-104339,3324.28
TXFB-104340,3175.6
TXFB-104341,2229.38
TXFB-104342,3301.68
TXFB-104343,1469.27
TXFB-104344,1596.93
TXFB-104345,636.43
TXFB-104346,2267.6
TXFB-104347,2665.77
TXFB-104348,2820.56
TXFB-104349,949.45
TXFB-104350,1832.48
TXFB-104351,1030.59
TXFB-104352,2486.38
TXFB-104353,973.84
TXFB-104354,3212.49
TXFB-104355,1191.9
TXFB-104356,1374.21
TXFB-104357,3052.72
TXFB-104358,1875.4
TXFB-104359,571.99
TXFB-104360,1983.76
TXFB-104361,753.63
TXFB-104362,3456.03
TXFB-104363,2264.33
TXFB-104364,1269.6
TXFB-104365,2148.444719751908
TXFB-104366,730.6
TXFB-104367,2899.67
TXFB-104368,3275.98
TXFB-104369,3123.33
TXFB-104370,1525.27
TXFB-104371,1477.3
TXFB-104372,605.26
TXFB-104373,2454.2
TXFB-104374,2104.71
TXFB-104375,1878.04
TXFB-104376,3222.89
TXFB-104377,1003.64
TXFB-104378,529.0
TXFB-104379,685.5768236512874
TXFB-104380,1170.11
TXFB-104381,599.86
TXFB-104382,2008.53
TXFB-104383,1442.27
TXFB-104384,1041.45
TXFB-104385,2750.25
TXFB-104386,1113.35
TXFB-104387,2562.82
TXFB-104388,1547.79
TXFB-104389,2035.48
TXFB-104390,3218.973332773843
TXFB-104391,612.05
TXFB-104392,1910.507926876507
TXFB-104393,3063.27
TXFB-104394,2263.92
TXFB-104395,1330.61
TXFB-104396,1693.04
TXFB-104397,2540.8
TXFB-104398,3172.44
TXFB-104399,623.2
TXFB-104400,714.62
TXFB-104401,1475.15
TXFB-104402,1198.34
TXFB-104403,1294.79
TXFB-104404,1163.81
TXFB-104405,1087.48
TXFB-104406,891.87
TXFB-104407,3301.86
TXFB-104408,932.57
TXFB-104409,1113.21
TXFB-104410,1238.8
TXFB-104411,3299.04
TXFB-104412,2767.14
TXFB-104413,2869.1
TXFB-104414,814.27
TXFB-104415,3008.93
TXFB-104416,1724.58
TXFB-104417,1288.47
TXFB-104418,2227.25
TXFB-104419,2966.55
TXFB-104420,2835.96
TXFB-104421,3169.99
TXFB-104422,3284.4
TXFB-104423,1214.37
TXFB-104424,1771.57
TXFB-104425,543.89
TXFB-104426,3137.96
TXFB-104427,963.72
TXFB-104428,3084.42
TXFB-104429,1488.16
TXFB-104430,1604.4
TXFB-104431,617.4
TXFB-104432,1480.64
TXFB-104433,3165.09
TXFB-104434,576.64
TXFB-104435,1718.98
TXFB-104436,594.2
TXFB-104437,1612.77
TXFB-104438,1017.92
TXFB-104439,1256.66
TXFB-104440,3132.8
TXFB-104441,1808.15
TXFB-104442,1321.39
TXFB-104443,2268.02
TXFB-104444,926.32
TXFB-104445,1278.17
TXFB-104446,2138.74
TXFB-104447,1212.57
TXFB-104448,2537.38
TXFB-104449,1974.47
TXFB-104450,2815.97
TXFB-104451,3344.73
TXFB-104452,847.41
TXFB-104453,1504.0
TXFB-104454,1458.65
TXFB-104455,953.55
TXFB-104456,2930.91
TXFB-104457,2779.64
TXFB-104458,1953.28
TXFB-104459,2113.31
TXFB-104460,678.63
TXFB-104461,2166.52
TXFB-104462,2874.02
TXFB-104463,2221.48
TXFB-104464,1295.92
TXFB-104465,2502.64
TXFB-104466,1584.47
TXFB-104467,2134.62
TXFB-104468,1962.7
TXFB-104469,1643.53
TXFB-104470,2656.63
TXFB-104471,3151.63
TXFB-104472,456.79285077695624
TXFB-104473,3300.85
TXFB-104474,2034.55
TXFB-104475,2602.2
TXFB-104476,3066.87
TXFB-104477,1901.31
TXFB-104478,3004.92
TXFB-104479,1032.86
TXFB-104480,977.5
TXFB-104481,2472.41
TXFB-104482,3110.43
TXFB-104483,3177.28
TXFB-104484,2431.22
TXFB-104485,2076.47
TXFB-104486,1494.18
TXFB-104487,3440.0
TXFB-104488,1459.09
TXFB-104489,2732.56
TXFB-104490,2037.6227598684256
TXFB-104491,2325.54
TXFB-104492,1680.44
TXFB-104493,3394.47
TXFB-104494,2215.05
TXFB-104495,3238.1752675166854
TXFB-104496,522.77
TXFB-104497,2218.01
TXFB-104498,2651.56
TXFB-104499,2735.24
TXFB-104500,3214.93
TXFB-104501,513.2
TXFB-104502,500.99
TXFB-104503,1916.79
TXFB-104504,587.88
TXFB-104505,3423.6
TXFB-104506,1166.2
TXFB-104507,1917.99
TXFB-104508,683.41
TXFB-104509,2066.15
TXFB-104510,1639.87
TXFB-104511,633.98
TXFB-104512,1505.37
TXFB-104513,1674.31
TXFB-104514,3469.76
TXFB-104515,1123.66
TXFB-104516,2134.34
TXFB-104517,3461.95
TXFB-104518,2876.06
TXFB-104519,3480.1
TXFB-104520,3404.89
TXFB-104521,1968.62
TXFB-104522,2589.13
TXFB-104523,831.33
TXFB-104524,1823.45
TXFB-104525,2927.06
TXFB-104526,2016.01
TXFB-104527,2608.1
TXFB-104528,2737.25
TXFB-104529,1260.41
TXFB-104530,3127.1
TXFB-104531,1879.47
TXFB-104532,1130.56
TXFB-104533,3096.25
TXFB-104534,1753.46
TXFB-104535,2750.94
TXFB-104536,2144.1
TXFB-104537,1645.62
TXFB-104538,2929.63
TXFB-104539,2253.41
TXFB-104540,1671.69
TXFB-104541,812.8539730282176
TXFB-104542,3186.34
TXFB-104543,606.41
TXFB-104544,3089.56
TXFB-104545,1579.88
TXFB-104546,2418.02
TXFB-104547,3266.6
TXFB-104548,955.12
TXFB-104549,2200.85
TXFB-104550,2793.3
TXFB-104551,2772.75
TXFB-104552,2076.9
TXFB-104553,2374.22
TXFB-104554,2772.58
TXFB-104555,3023.08
TXFB-104556,2785.44
TXFB-104557,1562.01
TXFB-104558,3490.18
TXFB-104559,1803.51
TXFB-104560,573.39
TXFB-104561,1587.85
TXFB-104562,883.35
TXFB-104563,864.33
TXFB-104564,1344.61
TXFB-104565,660.13
TXFB-104566,2565.54
TXFB-104567,721.97
TXFB-104568,1109.87
TXFB-104569,778.7
TXFB-104570,689.5
TXFB-104571,1303.25
TXFB-104572,2215.7
TXFB-104573,3338.516485296822
TXFB-104574,3126.67
TXFB-104575,3127.8
TXFB-104576,1028.2
TXFB-104577,1294.72
TXFB-104578,729.18
TXFB-104579,2835.41
TXFB-104580,709.45
TXFB-104581,2170.09
TXFB-104582,1243.63
TXFB-104583,1230.34
TXFB-104584,3472.18
TXFB-104585,2770.34
TXFB-104586,3010.82
TXFB-104587,2215.95
TXFB-104588,3113.04
TXFB-104589,2436.47
TXFB-104590,3338.52
TXFB-104591,1344.02
TXFB-104592,2285.96
TXFB-104593,2570.39
TXFB-104594,1678.81
TXFB-104595,3139.12
TXFB-104596,3439.41
TXFB-104597,1981.31
TXFB-104598,1671.92
TXFB-104599,1915.81
TXFB-104600,3058.21
TXFB-104601,2436.41
TXFB-104602,634.32
TXFB-104603,2126.51
TXFB-104604,551.9
TXFB-104605,2835.61
TXFB-104606,1484.94
TXFB-104607,1916.02
TXFB-104608,2896.03
TXFB-104609,639.35
TXFB-104610,975.62
TXFB-104611,1693.88
TXFB-104612,1189.78
TXFB-104613,1513.7
TXFB-104614,3494.52
TXFB-104615,2976.24
TXFB-104616,3151.71
TXFB-104617,3311.16
TXFB-104618,1522.81
TXFB-104619,1391.23
TXFB-104620,1202.19
TXFB-104621,2990.35
TXFB-104622,2538.66
TXFB-104623,1208.52
TXFB-104624,1630.98
TXFB-104625,2020.14
TXFB-104626,2084.42
TXFB-104627,3166.18
TXFB-104628,1641.7
TXFB-104629,3225.57
TXFB-104630,1824.1
TXFB-104631,2739.12
TXFB-104632,3290.76
TXFB-104633,3222.73
TXFB-104634,670.86
TXFB-104635,1117.11
TXFB-104636,1930.72
TXFB-104637,1794.66
TXFB-104638,2422.67
TXFB-104639,3334.13
TXFB-104640,837.21
TXFB-104641,1783.993656156224
TXFB-104642,1077.23
TXFB-104643,3182.32
TXFB-104644,3393.74
TXFB-104645,1936.11
TXFB-104646,812.03
TXFB-104647,2855.88
TXFB-104648,2591.42
TXFB-104649,1564.01
TXFB-104650,3162.22
TXFB-104651,3427.5
TXFB-104652,2173.56
TXFB-104653,2197.18
TXFB-104654,1392.54
TXFB-104655,2253.52
TXFB-104656,1818.93
TXFB-104657,1406.57
TXFB-104658,701.56
TXFB-104659,1258.12
TXFB-104660,1093.56
TXFB-104661,2126.13
TXFB-104662,2305.01
TXFB-104663,2325.72
TXFB-104664,1664.54
TXFB-104665,1763.69
TXFB-104666,3002.72
TXFB-104667,1928.7
TXFB-104668,3463.32
TXFB-104669,1818.85
TXFB-104670,2448.74
TXFB-104671,651.09
TXFB-104672,2460.02
TXFB-104673,3054.28
TXFB-104674,3327.37
TXFB-104675,3491.96
TXFB-104676,1346.54
TXFB-104677,2226.11
TXFB-104678,1852.15
TXFB-104679,2191.45
TXFB-104680,972.36
TXFB-104681,3068.45
TXFB-104682,3228.71
TXFB-104683,1848.98
TXFB-104684,1341.29
TXFB-104685,922.5
TXFB-104686,2551.29
TXFB-104687,1436.7
TXFB-104688,3228.62
TXFB-104689,2513.04
TXFB-104690,2437.06
TXFB-104691,2178.21
TXFB-104692,637.33
TXFB-104693,3295.77
TXFB-104694,2285.6711960653856
TXFB-104695,3482.19
TXFB-104696,2112.07
TXFB-104697,2630.33
TXFB-104698,668.63
TXFB-104699,2395.21
TXFB-104700,2793.95
TXFB-104701,2835.54
TXFB-104702,2810.33
TXFB-104703,1178.85
TXFB-104704,3426.2
TXFB-104705,3485.55
TXFB-104706,726.79
TXFB-104707,3309.34
TXFB-104708,1368.35
TXFB-104709,2567.85
TXFB-104710,1514.33
TXFB-104711,3304.5562285727883
TXFB-104712,804.51
TXFB-104713,1993.24
TXFB-104714,1784.14
TXFB-104715,1478.07
TXFB-104716,2436.6
TXFB-104717,893.17
TXFB-104718,2649.99
TXFB-104719,3441.78
TXFB-104720,2913.68
TXFB-104721,3080.05
TXFB-104722,1578.91
TXFB-104723,1474.66
TXFB-104724,2051.15
TXFB-104725,637.18
TXFB-104726,3336.07
TXFB-104727,931.36
TXFB-104728,3209.04
TXFB-104729,750.75
TXFB-104730,2967.87
TXFB-104731,955.89
TXFB-104732,614.39
TXFB-104733,2658.47
TXFB-104734,1340.8
TXFB-104735,2643.49
TXFB-104736,2165.26
TXFB-104737,826.42
TXFB-104738,3296.39
TXFB-104739,1856.94
TXFB-104740,2703.34
TXFB-104741,2003.06
TXFB-104742,2313.08
TXFB-104743,1408.32
TXFB-104744,1087.4358290655564
TXFB-104745,2127.71
TXFB-104746,1820.66
TXFB-104747,1670.34
TXFB-104748,2517.7
TXFB-104749,2571.52
TXFB-104750,637.76
TXFB-104751,1516.23
TXFB-104752,1735.29
TXFB-104753,790.68
TXFB-104754,1207.7
TXFB-104755,654.93
TXFB-104756,3488.73
TXFB-104757,2709.67
TXFB-104758,762.35
TXFB-104759,560.75
TXFB-104760,2657.86
TXFB-104761,1817.58
TXFB-104762,2860.39
TXFB-104763,3270.43
TXFB-104764,2297.9
TXFB-104765,1061.33
TXFB-104766,2846.58
TXFB-104767,3367.44
TXFB-104768,2149.047562883272
TXFB-104769,2545.99
TXFB-104770,1512.42
TXFB-104771,1644.58
TXFB-104772,2703.96
TXFB-104773,3283.31
TXFB-104774,2386.97
TXFB-104775,2869.54
TXFB-104776,1014.91
TXFB-104777,1135.88
TXFB-104778,2096.1
TXFB-104779,1029.66
TXFB-104780,2404.99
TXFB-104781,1374.96
TXFB-104782,2874.6
TXFB-104783,2924.33
TXFB-104784,1891.36
TXFB-104785,1004.198182566336
TXFB-104786,2440.32
TXFB-104787,3478.36
TXFB-104788,2367.77
TXFB-104789,607.32
TXFB-104790,551.88
TXFB-104791,1461.09
TXFB-104792,1087.35
TXFB-104793,2939.15
TXFB-104794,3034.42
TXFB-104795,1275.86
TXFB-104796,1476.93
TXFB-104797,1208.74
TXFB-104798,3225.15
TXFB-104799,2007.95
TXFB-104800,2468.41
TXFB-104801,1746.45
TXFB-104802,2393.04
TXFB-104803,1657.57
TXFB-104804,1519.04
TXFB-104805,2403.44
TXFB-104806,2273.19
TXFB-104807,1380.58
TXFB-104808,948.05
TXFB-104809,1605.73
TXFB-104810,1745.59
TXFB-104811,2386.05
TXFB-104812,3243.59
TXFB-104813,608.55
TXFB-104814,1230.98
TXFB-104815,1081.15
TXFB-104816,2006.88
TXFB-104817,1789.1
TXFB-104818,2687.11
TXFB-104819,1227.25
TXFB-104820,2283.5
TXFB-104821,3151.57
TXFB-104822,3232.03
TXFB-104823,3376.35
TXFB-104824,2819.78
TXFB-104825,3217.96
TXFB-104826,1203.59
TXFB-104827,1092.74
TXFB-104828,519.46
TXFB-104829,2620.53
TXFB-104830,3312.4
TXFB-104831,1060.81
TXFB-104832,2410.83
TXFB-104833,2739.38
TXFB-104834,3282.84
TXFB-104835,2440.58
TXFB-104836,3410.88
TXFB-104837,1534.02
TXFB-104838,1549.79
TXFB-104839,2129.04
TXFB-104840,1650.51
TXFB-104841,504.28
TXFB-104842,2695.32
TXFB-104843,2755.15
TXFB-104844,2740.92
TXFB-104845,1535.06
TXFB-104846,2066.87
TXFB-104847,1579.92
TXFB-104848,548.11
TXFB-104849,2187.35
TXFB-104850,871.28
TXFB-104851,740.12
TXFB-104852,2766.5
TXFB-104853,528.52
TXFB-104854,3377.03
TXFB-104855,2045.77
TXFB-104856,3449.05
TXFB-104857,673.99
TXFB-104858,2250.59
TXFB-104859,1547.98
TXFB-104860,3019.545132921059
TXFB-104861,1583.67
TXFB-104862,1281.46
TXFB-104863,3072.66
TXFB-104864,1623.96
TXFB-104865,550.5
TXFB-104866,1670.87
TXFB-104867,2463.57
TXFB-104868,1263.08
TXFB-104869,1795.96
TXFB-104870,670.15
TXFB-104871,2264.28
TXFB-104872,2768.88
TXFB-104873,1739.94
TXFB-104874,1760.7
TXFB-104875,764.85
TXFB-104876,1105.82
TXFB-104877,964.03
TXFB-104878,1945.06
TXFB-104879,2087.77
TXFB-104880,3346.82
TXFB-104881,719.69
TXFB-104882,2299.6
TXFB-104883,2079.5
TXFB-104884,2048.7
TXFB-104885,3119.48
TXFB-104886,1116.62
TXFB-104887,622.32
TXFB-104888,2516.81
TXFB-104889,1535.47
TXFB-104890,552.77
TXFB-104891,1254.12
TXFB-104892,1427.98
TXFB-104893,2350.52
TXFB-104894,1017.76
TXFB-104895,1739.16
TXFB-104896,1947.43
TXFB-104897,1877.71
TXFB-104898,3421.82
TXFB-104899,636.51
TXFB-104900,3352.9
TXFB-104901,2245.81
TXFB-104902,2887.18
TXFB-104903,1791.18
TXFB-104904,1861.51
TXFB-104905,3137.98
TXFB-104906,3187.8
TXFB-104907,1216.07
TXFB-104908,1097.73
TXFB-104909,1988.71
TXFB-104910,3200.83
TXFB-104911,1467.07
TXFB-104912,2456.04
TXFB-104913,2624.46
TXFB-104914,2836.02
TXFB-104915,2191.77
TXFB-104916,1707.37
TXFB-104917,3401.05
TXFB-104918,2333.99
TXFB-104919,2685.7
TXFB-104920,1534.95
TXFB-104921,2509.85
TXFB-104922,1273.39
TXFB-104923,1235.29
TXFB-104924,2644.17
TXFB-104925,2064.18
TXFB-104926,2549.83
TXFB-104927,1308.32
TXFB-104928,2296.17
TXFB-104929,1831.8
TXFB-104930,2290.88
TXFB-104931,1372.64
TXFB-104932,2646.35
TXFB-104933,2917.79
TXFB-104934,1279.75
TXFB-104935,1401.86
TXFB-104936,2483.46
TXFB-104937,2586.76
TXFB-104938,2547.2290734231415
TXFB-104939,2548.1
TXFB-104940,1678.42
TXFB-104941,1684.56
TXFB-104942,1264.45
TXFB-104943,970.5
TXFB-104944,2577.73
TXFB-104945,779.57
TXFB-104946,3313.38
TXFB-104947,2980.06
TXFB-104948,3072.52
TXFB-104949,3220.01
TXFB-104950,1725.81
TXFB-104951,3040.1
TXFB-104952,974.18
TXFB-104953,564.93
TXFB-104954,2854.67
TXFB-104955,724.39
TXFB-104956,3465.57
TXFB-104957,2466.729161855196
TXFB-104958,2760.35
TXFB-104959,1237.41
TXFB-104960,2521.6
TXFB-104961,629.66
TXFB-104962,3013.48
TXFB-104963,1008.87
TXFB-104964,2592.07
TXFB-104965,1173.44
TXFB-104966,705.36
TXFB-104967,1944.48
TXFB-104968,1007.86
TXFB-104969,2688.33
TXFB-104970,1212.7
TXFB-104971,1527.42
TXFB-104972,2202.32
TXFB-104973,1354.9
TXFB-104974,1633.96
TXFB-104975,2946.87
TXFB-104976,1037.63
TXFB-104977,746.6
TXFB-104978,1485.07
TXFB-104979,1773.13
TXFB-104980,2127.98
TXFB-104981,1617.27
TXFB-104982,2869.74
TXFB-104983,617.96
TXFB-104984,1795.3
TXFB-104985,1646.77
TXFB-104986,2442.74
TXFB-104987,3398.83
TXFB-104988,2031.13
TXFB-104989,3460.63
TXFB-104990,1406.75
TXFB-104991,592.6
TXFB-104992,996.99
TXFB-104993,1685.37
TXFB-104994,1449.0
TXFB-104995,791.16
TXFB-104996,1797.98
TXFB-104997,1514.35
TXFB-104998,867.86
TXFB-104999,1388.35
TXFB-105000,3159.31
TXFB-200000,1406.15
TXFB-200001,2641.87
TXFB-200002,2336.14
TXFB-200003,1781.54
TXFB-200004,1217.08
TXFB-200005,1607.04
TXFB-200006,2185.0256033114024
TXFB-200007,1552.26
TXFB-200008,1144.69
TXFB-200009,849.39
TXFB-200010,3139.3
TXFB-200011,1752.7420008406204
TXFB-200012,2375.62
TXFB-200013,1971.23
TXFB-200014,3117.7
TXFB-200015,2140.8
TXFB-200016,1942.34
TXFB-200017,3273.8
TXFB-200018,2659.07
TXFB-200019,834.65
TXFB-200020,945.7366259216329
TXFB-200021,2861.37
TXFB-200022,3007.55
TXFB-200023,2135.57
TXFB-200024,2163.37
TXFB-200025,2395.8
TXFB-200026,1817.35
TXFB-200027,2540.6
TXFB-200028,825.44
TXFB-200029,3383.84
TXFB-200030,2750.46
TXFB-200031,2393.52
TXFB-200032,1448.97
TXFB-200033,982.87
TXFB-200034,1728.03
TXFB-200035,2484.73
TXFB-200036,2401.13
TXFB-200037,1647.92
TXFB-200038,2339.86
TXFB-200039,2941.24
TXFB-200040,578.85
TXFB-200041,1851.86
TXFB-200042,2775.67
TXFB-200043,2138.43
TXFB-200044,2454.43
TXFB-200045,2050.03
TXFB-200046,3475.62
TXFB-200047,663.86
TXFB-200048,1973.13
TXFB-200049,774.25
TXFB-200050,979.36
TXFB-200051,1649.12
TXFB-200052,966.62
TXFB-200053,3391.06
TXFB-200054,3340.37
TXFB-200055,1508.33
TXFB-200056,2419.24
TXFB-200057,2101.26
TXFB-200058,2946.76
TXFB-200059,2382.34
TXFB-200060,500.76
TXFB-200061,2789.52
TXFB-200062,2740.54
TXFB-200063,2029.17
TXFB-200064,3208.76
TXFB-200065,3225.34
TXFB-200066,2071.74
TXFB-200067,2323.96
TXFB-200068,3489.57
TXFB-200069,1396.46
TXFB-200070,1473.85
TXFB-200071,1048.32
TXFB-200072,3187.6
TXFB-200073,2733.47
TXFB-200074,816.93
TXFB-200075,3445.3
TXFB-200076,2692.89
TXFB-200077,3051.57
TXFB-200078,644.45
TXFB-200079,2014.88
TXFB-200080,2595.79
TXFB-200081,2128.84
TXFB-200082,2499.94
TXFB-200083,2953.62
TXFB-200084,1623.01
TXFB-200085,3046.01
TXFB-200086,988.75
TXFB-200087,1312.66
TXFB-200088,630.04
TXFB-200089,1593.28
TXFB-200090,1639.73
TXFB-200091,2915.81
TXFB-200092,2459.39
TXFB-200093,1810.17
TXFB-200094,2456.34
TXFB-200095,658.35
TXFB-200096,1040.81
TXFB-200097,2380.84
TXFB-200098,2424.1
TXFB-200099,2822.4
TXFB-200100,1709.0
TXFB-200101,2667.66
TXFB-200102,2551.94
TXFB-200103,3390.18
TXFB-200104,1145.39
TXFB-200105,2155.04
TXFB-200106,2305.29
TXFB-200107,3495.94
TXFB-200108,1103.55
TXFB-200109,2069.65
TXFB-200110,1538.56
TXFB-200111,2077.68
TXFB-200112,1196.39
TXFB-200113,642.84
TXFB-200114,2217.7
TXFB-200115,1507.56
TXFB-200116,1045.82
TXFB-200117,1471.81
TXFB-200118,647.84
TXFB-200119,3351.33
TXFB-200120,2243.44
TXFB-200121,2861.1437063880626
TXFB-200122,1769.35
TXFB-200123,3209.94
TXFB-200124,1949.95
TXFB-200125,2221.84
TXFB-200126,1975.38
TXFB-200127,2699.83
TXFB-200128,2199.97
TXFB-200129,1314.8
TXFB-200130,936.62
TXFB-200131,2318.37
TXFB-200132,1967.54
TXFB-200133,787.93
TXFB-200134,1686.85
TXFB-200135,2044.33
TXFB-200136,2980.68
TXFB-200137,728.3
TXFB-200138,1545.49
TXFB-200139,2967.97
TXFB-200140,2445.27
TXFB-200141,1369.87
TXFB-200142,3036.01
TXFB-200143,1979.88
TXFB-200144,1995.06
TXFB-200145,3429.76
TXFB-200146,3341.35
TXFB-200147,1535.4239768666262
TXFB-200148,921.74
TXFB-200149,1477.0
TXFB-200150,591.45
TXFB-200151,562.3
TXFB-200152,1686.57
TXFB-200153,3323.06
TXFB-200154,3114.07
TXFB-200155,2034.33
TXFB-200156,2195.68
TXFB-200157,517.8
TXFB-200158,1146.5
TXFB-200159,574.32
TXFB-200160,2763.62
TXFB-200161,936.94
TXFB-200162,3107.14
TXFB-200163,2429.97
TXFB-200164,1188.26
TXFB-200165,973.16
TXFB-200166,2382.87
TXFB-200167,3202.51
TXFB-200168,2655.08
TXFB-200169,1545.64
TXFB-200170,2262.15
TXFB-200171,1432.29
TXFB-200172,3497.45
TXFB-200173,2746.52
TXFB-200174,2343.14
TXFB-200175,1769.78
TXFB-200176,2354.46
TXFB-200177,1524.85
TXFB-200178,586.59
TXFB-200179,1685.27
TXFB-200180,3291.44
TXFB-200181,2378.9
TXFB-200182,751.87
TXFB-200183,3154.98
TXFB-200184,1306.62
TXFB-200185,1231.31
TXFB-200186,1391.27
TXFB-200187,2231.61
TXFB-200188,2134.06
TXFB-200189,1974.24
TXFB-200190,2652.61
TXFB-200191,1449.61
TXFB-200192,2846.19
TXFB-200193,1025.97
TXFB-200194,2847.86
TXFB-200195,2491.43
TXFB-200196,2549.62
TXFB-200197,1944.66
TXFB-200198,2501.0
TXFB-200199,739.39
TXFB-200200,3017.3099302054598
TXFB-200201,637.6052317795967
TXFB-200202,946.22
TXFB-200203,2230.37
TXFB-200204,2718.23
TXFB-200205,728.75
TXFB-200206,3262.29
TXFB-200207,3420.82
TXFB-200208,2317.85
TXFB-200209,1943.73
TXFB-200210,2724.18
TXFB-200211,1485.07
TXFB-200212,1979.79
TXFB-200213,3248.45
TXFB-200214,3366.97
TXFB-200215,3281.21
TXFB-200216,1287.34
TXFB-200217,1197.41
TXFB-200218,1303.8429927123545
TXFB-200219,1823.93
TXFB-200220,1442.5
TXFB-200221,1622.64
TXFB-200222,2361.91
TXFB-200223,2787.58
TXFB-200224,2706.67
TXFB-200225,2943.27
TXFB-200226,596.55
TXFB-200227,643.2
TXFB-200228,2868.15
TXFB-200229,2099.24
TXFB-200230,2234.42
TXFB-200231,657.76
TXFB-200232,1265.94
TXFB-200233,2415.06
TXFB-200234,3054.4289640454062
TXFB-200235,3250.95
TXFB-200236,2001.26
TXFB-200237,2136.42
TXFB-200238,2999.15
TXFB-200239,2112.87
TXFB-200240,2050.58
TXFB-200241,3215.25
TXFB-200242,2869.8
TXFB-200243,3227.22
TXFB-200244,1099.1790908569176
TXFB-200245,2073.13
TXFB-200246,3027.42
TXFB-200247,833.44
TXFB-200248,2883.99
TXFB-200249,1048.92
TXFB-200250,2924.36
TXFB-200251,2336.0
TXFB-200252,1079.71
TXFB-200253,1920.06
TXFB-200254,2545.72
TXFB-200255,2401.56
TXFB-200256,1781.74
TXFB-200257,3198.1
TXFB-200258,2057.79
TXFB-200259,2017.6
TXFB-200260,686.75
TXFB-200261,3266.36
TXFB-200262,1031.35
TXFB-200263,2085.03
TXFB-200264,2910.7
TXFB-200265,1146.36
TXFB-200266,2082.12
TXFB-200267,1222.05
TXFB-200268,2779.08
TXFB-200269,2193.02
TXFB-200270,3067.93
TXFB-200271,3183.67
TXFB-200272,2446.2
TXFB-200273,2676.17
TXFB-200274,2147.66
TXFB-200275,1597.4023550670868
TXFB-200276,2444.35
TXFB-200277,3224.87
TXFB-200278,1750.04
TXFB-200279,1443.23
TXFB-200280,1665.31
TXFB-200281,1806.19
TXFB-200282,720.68
TXFB-200283,1995.33
TXFB-200284,1982.94
TXFB-200285,2265.33
TXFB-200286,1588.46
TXFB-200287,2339.32
TXFB-200288,3134.65
TXFB-200289,3366.41
TXFB-200290,2250.84
TXFB-200291,627.77
TXFB-200292,3407.71
TXFB-200293,2617.59
TXFB-200294,1507.89
TXFB-200295,941.47
TXFB-200296,930.26
TXFB-200297,1003.23
TXFB-200298,636.72
TXFB-200299,3206.46
TXFB-200300,2122.3
TXFB-200301,2599.88
TXFB-200302,2984.33
TXFB-200303,2874.62
TXFB-200304,3147.82
TXFB-200305,3401.76
TXFB-200306,1817.21
TXFB-200307,3351.01
TXFB-200308,2669.87
TXFB-200309,712.0
TXFB-200310,2484.6653926606564
TXFB-200311,2560.15
TXFB-200312,3217.58
TXFB-200313,1618.8
TXFB-200314,2254.73
TXFB-200315,536.56
TXFB-200316,1496.23
TXFB-200317,686.73
TXFB-200318,2065.62
TXFB-200319,2952.34
TXFB-200320,1119.33
TXFB-200321,2082.32
TXFB-200322,1112.03
TXFB-200323,862.07
TXFB-200324,2032.99
TXFB-200325,737.45
TXFB-200326,2262.06
TXFB-200327,594.01
TXFB-200328,820.14
TXFB-200329,2149.99
TXFB-200330,2247.9394126221664
TXFB-200331,586.96
TXFB-200332,2220.13
TXFB-200333,3015.51
TXFB-200334,2666.95
TXFB-200335,893.56
TXFB-200336,2277.42
TXFB-200337,2516.76
TXFB-200338,611.69
TXFB-200339,3066.04
TXFB-200340,3218.8
TXFB-200341,3051.36
TXFB-200342,2973.89
TXFB-200343,2734.9
TXFB-200344,2400.3
TXFB-200345,2535.88
TXFB-200346,2919.19
TXFB-200347,2487.5
TXFB-200348,1483.18
TXFB-200349,1627.88
TXFB-200350,3191.17
TXFB-200351,551.37
TXFB-200352,2596.46
TXFB-200353,3364.33
TXFB-200354,2618.68
TXFB-200355,3481.74
TXFB-200356,2562.63
TXFB-200357,603.09
TXFB-200358,2981.03
TXFB-200359,1353.89
TXFB-200360,1838.17
TXFB-200361,1436.28
TXFB-200362,1305.66
TXFB-200363,1794.22
TXFB-200364,1636.25
TXFB-200365,2400.02
TXFB-200366,2939.45
TXFB-200367,1364.6448345710046
TXFB-200368,1141.16
TXFB-200369,2500.69
TXFB-200370,2510.96
TXFB-200371,3203.39
TXFB-200372,547.84
TXFB-200373,3059.12
TXFB-200374,2063.01
TXFB-200375,2363.91
TXFB-200376,774.11
TXFB-200377,1797.84
TXFB-200378,1181.91
TXFB-200379,1262.68
TXFB-200380,2012.29
TXFB-200381,2937.37
TXFB-200382,2731.34
TXFB-200383,2273.0
TXFB-200384,2118.25
TXFB-200385,1781.92
TXFB-200386,3418.13
TXFB-200387,2180.58
TXFB-200388,1261.9
TXFB-200389,1190.27
TXFB-200390,2334.06
TXFB-200391,2068.48
TXFB-200392,523.09
TXFB-200393,2990.2
TXFB-200394,2612.37
TXFB-200395,2485.49
TXFB-200396,706.34
TXFB-200397,1586.17
TXFB-200398,3306.15
TXFB-200399,3087.77
TXFB-200400,1356.63
TXFB-200401,971.18
TXFB-200402,1847.26
TXFB-200403,1567.49
TXFB-200404,2546.68
TXFB-200405,3399.3
TXFB-200406,1589.0
TXFB-200407,686.67
TXFB-200408,3192.84
TXFB-200409,613.85
TXFB-200410,3358.3
TXFB-200411,2493.74
TXFB-200412,3325.07
TXFB-200413,1098.98
TXFB-200414,622.1
TXFB-200415,1964.63
TXFB-200416,1851.87
TXFB-200417,1494.48
TXFB-200418,3372.97
TXFB-200419,2967.75
TXFB-200420,2484.75
TXFB-200421,988.57
TXFB-200422,2702.97
TXFB-200423,2681.04
TXFB-200424,1775.2
TXFB-200425,3274.36
TXFB-200426,1000.93
TXFB-200427,1302.01
TXFB-200428,689.67
TXFB-200429,2886.35
TXFB-200430,2365.28
TXFB-200431,1444.82
TXFB-200432,991.44
TXFB-200433,620.44
TXFB-200434,1000.24
TXFB-200435,1859.85
TXFB-200436,1241.53
TXFB-200437,1276.95
TXFB-200438,3126.73
TXFB-200439,2045.41
TXFB-200440,2687.76
TXFB-200441,607.13
TXFB-200442,1595.49
TXFB-200443,1937.51
TXFB-200444,1059.25
TXFB-200445,860.57
TXFB-200446,3110.91
TXFB-200447,3318.29
TXFB-200448,736.42
TXFB-200449,1547.06
TXFB-200450,3374.86
TXFB-200451,749.49
TXFB-200452,2430.92
TXFB-200453,3416.66
TXFB-200454,3434.67
TXFB-200455,1913.67
TXFB-200456,988.25
TXFB-200457,1106.25
TXFB-200458,3168.8
TXFB-200459,3235.05
TXFB-200460,2323.64
TXFB-200461,2798.53
TXFB-200462,2719.79
TXFB-200463,2485.46
TXFB-200464,2981.83
TXFB-200465,2556.22
TXFB-200466,2102.01
TXFB-200467,1210.87
TXFB-200468,2731.66
TXFB-200469,1920.31
TXFB-200470,1384.38
TXFB-200471,2905.84
TXFB-200472,2590.14
TXFB-200473,3312.02
TXFB-200474,996.32
TXFB-200475,2447.57
TXFB-200476,1232.72
TXFB-200477,3210.75
TXFB-200478,798.5
TXFB-200479,2468.49
TXFB-200480,2873.26
TXFB-200481,1564.75
TXFB-200482,3362.41
TXFB-200483,3052.19
TXFB-200484,1383.85
TXFB-200485,522.62
TXFB-200486,1389.97
TXFB-200487,1266.6810706488216
TXFB-200488,3169.89
TXFB-200489,3401.36
TXFB-200490,711.32
TXFB-200491,1913.88
TXFB-200492,2145.0
TXFB-200493,778.73
TXFB-200494,1632.49
TXFB-200495,1451.25
TXFB-200496,2108.17
TXFB-200497,2483.57
TXFB-200498,2610.46
TXFB-200499,910.27
TXFB-200500,2938.84
TXFB-200501,2535.63
TXFB-200502,3167.22
TXFB-200503,1848.01
TXFB-200504,3181.67
TXFB-200505,3097.32
TXFB-200506,1815.23
TXFB-200507,1643.43
TXFB-200508,3298.44
TXFB-200509,2645.49
TXFB-200510,3284.74
TXFB-200511,2890.92
TXFB-200512,2327.89
TXFB-200513,847.56
TXFB-200514,1374.44
TXFB-200515,3406.53
TXFB-200516,1458.27
TXFB-200517,779.76
TXFB-200518,2622.66
TXFB-200519,2702.01
TXFB-200520,1356.37
TXFB-200521,1393.02
TXFB-200522,1906.68
TXFB-200523,565.37
TXFB-200524,2867.97
TXFB-200525,1451.27
TXFB-200526,3061.29
TXFB-200527,2907.89
TXFB-200528,2484.21
TXFB-200529,1474.62
TXFB-200530,2048.95
TXFB-200531,1834.49
TXFB-200532,1516.65
TXFB-200533,3044.41
TXFB-200534,1950.52
TXFB-200535,2998.17
TXFB-200536,815.66
TXFB-200537,923.07
TXFB-200538,3431.96
TXFB-200539,2263.31
TXFB-200540,2029.31
TXFB-200541,2069.47
TXFB-200542,1145.81
TXFB-200543,2656.11
TXFB-200544,754.34
TXFB-200545,2219.97
TXFB-200546,2212.31
TXFB-200547,3242.57
TXFB-200548,2078.55
TXFB-200549,911.19
TXFB-200550,2218.26
TXFB-200551,773.98
TXFB-200552,1111.38
TXFB-200553,593.33
TXFB-200554,2039.88
TXFB-200555,753.6
TXFB-200556,1908.18
TXFB-200557,3298.84
TXFB-200558,2659.28
TXFB-200559,732.24
TXFB-200560,1172.63
TXFB-200561,2520.99
TXFB-200562,3184.11
TXFB-200563,598.76
TXFB-200564,2937.35
TXFB-200565,2185.44
TXFB-200566,2138.27
TXFB-200567,3373.44
TXFB-200568,2742.93
TXFB-200569,3050.36
TXFB-200570,1561.99
TXFB-200571,2163.09
TXFB-200572,2346.22
TXFB-200573,1464.75
TXFB-200574,2210.74
TXFB-200575,1209.97
TXFB-200576,930.13
TXFB-200577,1621.91
TXFB-200578,2717.87
TXFB-200579,3248.56
TXFB-200580,1873.14
TXFB-200581,2428.47
TXFB-200582,809.11
TXFB-200583,3213.39
TXFB-200584,2205.81
TXFB-200585,2841.01
TXFB-200586,2883.32
TXFB-200587,1269.44
TXFB-200588,2087.52
TXFB-200589,3381.44
TXFB-200590,768.9
TXFB-200591,2454.364420073208
TXFB-200592,3386.79
TXFB-200593,1401.73
TXFB-200594,3084.34
TXFB-200595,3300.97
TXFB-200596,2741.26
TXFB-200597,1193.98
TXFB-200598,1502.0
TXFB-200599,607.43
TXFB-200600,2994.36
TXFB-200601,3048.83
TXFB-200602,2398.13
TXFB-200603,1557.58
TXFB-200604,730.43
TXFB-200605,2759.17
TXFB-200606,2679.58
TXFB-200607,3237.81
TXFB-200608,2691.6
TXFB-200609,2986.08
TXFB-200610,2737.86
TXFB-200611,2392.06
TXFB-200612,1780.9
TXFB-200613,3206.35
TXFB-200614,2452.91
TXFB-200615,1695.07
TXFB-200616,750.41
TXFB-200617,1372.11
TXFB-200618,2131.18
TXFB-200619,1326.91
TXFB-200620,1163.71
TXFB-200621,2082.18
TXFB-200622,1009.46
TXFB-200623,2901.23
TXFB-200624,1953.1
TXFB-200625,2221.59
TXFB-200626,942.15
TXFB-200627,1473.73
TXFB-200628,1730.27
TXFB-200629,2924.64
TXFB-200630,2810.48
TXFB-200631,1168.93
TXFB-200632,2348.54
TXFB-200633,1230.37
TXFB-200634,3464.74
TXFB-200635,3356.37
TXFB-200636,2189.79
TXFB-200637,2596.71
TXFB-200638,2904.29
TXFB-200639,2663.0
TXFB-200640,2599.49
TXFB-200641,3375.66
TXFB-200642,2289.37
TXFB-200643,2408.91
TXFB-200644,3047.81
TXFB-200645,2509.67
TXFB-200646,2698.8
TXFB-200647,1202.51
TXFB-200648,1613.8
TXFB-200649,941.9
TXFB-200650,2017.3
TXFB-200651,1867.18
TXFB-200652,3491.49
TXFB-200653,2333.63
TXFB-200654,2859.33
TXFB-200655,1502.04
TXFB-200656,2994.64
TXFB-200657,2345.25
TXFB-200658,2590.98
TXFB-200659,1383.29
TXFB-200660,2145.92
TXFB-200661,2402.11
TXFB-200662,2267.28
TXFB-200663,3245.58
TXFB-200664,3194.82
TXFB-200665,3412.95
TXFB-200666,2502.28
TXFB-200667,3415.74
TXFB-200668,2997.43
TXFB-200669,1312.5
TXFB-200670,1782.31
TXFB-200671,1215.18
TXFB-200672,512.59
TXFB-200673,1064.15
TXFB-200674,512.18
TXFB-200675,2659.52
TXFB-200676,1776.6
TXFB-200677,1437.72
TXFB-200678,2785.16
TXFB-200679,2997.46
TXFB-200680,3425.9
TXFB-200681,2426.04
TXFB-200682,1884.59
TXFB-200683,1415.79
TXFB-200684,1166.95
TXFB-200685,1138.78
TXFB-200686,1727.57
TXFB-200687,3475.36
TXFB-200688,502.56
TXFB-200689,1091.62
TXFB-200690,1065.18
TXFB-200691,2651.36
TXFB-200692,1557.45
TXFB-200693,1871.78
TXFB-200694,945.87
TXFB-200695,1714.99
TXFB-200696,809.6
TXFB-200697,2099.13
TXFB-200698,757.0738823995977
TXFB-200699,2871.53
TXFB-200700,2199.81
TXFB-200701,2671.9
TXFB-200702,1755.55
TXFB-200703,1644.47
TXFB-200704,794.63
TXFB-200705,2071.57
TXFB-200706,2043.51
TXFB-200707,1904.31
TXFB-200708,2721.56
TXFB-200709,2997.51
TXFB-200710,2752.37
TXFB-200711,931.6
TXFB-200712,2366.18
TXFB-200713,740.97
TXFB-200714,2583.87
TXFB-200715,1645.52
TXFB-200716,860.0410445814258
TXFB-200717,3086.15
TXFB-200718,2342.03
TXFB-200719,1564.17
TXFB-200720,592.18
TXFB-200721,2111.93
TXFB-200722,3269.68
TXFB-200723,2289.14
TXFB-200724,3414.95
TXFB-200725,909.35
TXFB-200726,2204.92
TXFB-200727,2894.38
TXFB-200728,2076.62
TXFB-200729,773.2
TXFB-200730,2248.66
TXFB-200731,2335.21
TXFB-200732,2686.13
TXFB-200733,2783.63
TXFB-200734,2812.32
TXFB-200735,2490.33
TXFB-200736,1147.43
TXFB-200737,1712.71
TXFB-200738,2828.39
TXFB-200739,3360.28
TXFB-200740,736.84
TXFB-200741,2025.1718779850605
TXFB-200742,1437.57
TXFB-200743,1119.887111288053
TXFB-200744,2017.43
TXFB-200745,2318.27
TXFB-200746,529.32
TXFB-200747,2840.62
TXFB-200748,2959.65
TXFB-200749,3396.53
TXFB-200750,1041.93
TXFB-200751,2283.66
TXFB-200752,1779.88
TXFB-200753,1504.48
TXFB-200754,2196.9
TXFB-200755,2847.15
TXFB-200756,569.16
TXFB-200757,3408.2
TXFB-200758,2929.64
TXFB-200759,2753.46
TXFB-200760,2781.16
TXFB-200761,1582.047930120551
TXFB-200762,2754.86
TXFB-200763,1660.31
TXFB-200764,3196.12
TXFB-200765,1031.67
TXFB-200766,1377.04
TXFB-200767,2154.01
TXFB-200768,1457.63
TXFB-200769,1772.71
TXFB-200770,1977.27
TXFB-200771,3069.06
TXFB-200772,2069.58
TXFB-200773,1587.38
TXFB-200774,1243.21
TXFB-200775,1726.03
TXFB-200776,2047.21
TXFB-200777,2738.34
TXFB-200778,863.15
TXFB-200779,1164.83
TXFB-200780,1638.96
TXFB-200781,1581.2
TXFB-200782,1675.24
TXFB-200783,2880.56
TXFB-200784,1472.46
TXFB-200785,2005.69
TXFB-200786,2371.72
TXFB-200787,1196.54
TXFB-200788,2656.09
TXFB-200789,2141.33
TXFB-200790,1840.34
TXFB-200791,2929.35
TXFB-200792,1230.49
TXFB-200793,3149.53
TXFB-200794,2183.15
TXFB-200795,2327.52
TXFB-200796,3125.18
TXFB-200797,2952.75
TXFB-200798,2304.69
TXFB-200799,2759.56
TXFB-200800,1799.96
TXFB-200801,2142.13
TXFB-200802,686.21
TXFB-200803,689.9929902596206
TXFB-200804,2988.28
TXFB-200805,679.01
TXFB-200806,1008.2
TXFB-200807,2887.5
TXFB-200808,503.44
TXFB-200809,1347.21
TXFB-200810,2252.12
TXFB-200811,2286.35
TXFB-200812,2831.46
TXFB-200813,2017.78
TXFB-200814,2028.21
TXFB-200815,2675.93
TXFB-200816,1995.87
TXFB-200817,2325.47
TXFB-200818,3193.32
TXFB-200819,1704.35
TXFB-200820,1655.38
TXFB-200821,510.65
TXFB-200822,2340.28
TXFB-200823,589.32
TXFB-200824,2012.45
TXFB-200825,2912.7
TXFB-200826,2149.76
TXFB-200827,1308.91
TXFB-200828,2858.51
TXFB-200829,1309.15
TXFB-200830,2699.1
TXFB-200831,2330.78
TXFB-200832,1009.99
TXFB-200833,3215.4
TXFB-200834,1101.93
TXFB-200835,3468.76
TXFB-200836,521.93
TXFB-200837,1290.45
TXFB-200838,1099.58
TXFB-200839,541.98
TXFB-200840,2697.1
TXFB-200841,2580.28
TXFB-200842,2877.05
TXFB-200843,1270.1
TXFB-200844,1833.01
TXFB-200845,2477.34
TXFB-200846,1819.31
TXFB-200847,2591.98
TXFB-200848,2401.92
TXFB-200849,843.94
TXFB-200850,2843.13
TXFB-200851,2662.03
TXFB-200852,2467.5
TXFB-200853,965.28
TXFB-200854,1303.99
TXFB-200855,1679.53
TXFB-200856,1339.79
TXFB-200857,1183.43
TXFB-200858,2916.07
TXFB-200859,2414.7
TXFB-200860,2196.42
TXFB-200861,1177.86
TXFB-200862,3254.23
TXFB-200863,1010.0381546580462
TXFB-200864,2884.85
TXFB-200865,3400.02
TXFB-200866,2681.28
TXFB-200867,3478.58
TXFB-200868,2453.15
TXFB-200869,1152.38
TXFB-200870,1111.46
TXFB-200871,1473.69
TXFB-200872,521.39
TXFB-200873,2545.1
TXFB-200874,1306.0
TXFB-200875,2945.55
TXFB-200876,1577.52
TXFB-200877,1939.87
TXFB-200878,3397.07
TXFB-200879,1214.0031825868352
TXFB-200880,2663.76
TXFB-200881,2765.35
TXFB-200882,1162.99
TXFB-200883,2002.99
TXFB-200884,1550.61
TXFB-200885,2815.72
TXFB-200886,2367.45
TXFB-200887,1927.95
TXFB-200888,2838.09
TXFB-200889,1205.47
TXFB-200890,2760.87
TXFB-200891,3096.12
TXFB-200892,3135.86
TXFB-200893,2851.02
TXFB-200894,1724.04
TXFB-200895,3445.42
TXFB-200896,1638.78
TXFB-200897,2415.88
TXFB-200898,983.22
TXFB-200899,3441.35
TXFB-200900,2611.96
TXFB-200901,2760.13
TXFB-200902,697.33
TXFB-200903,2790.25
TXFB-200904,2824.17
TXFB-200905,2515.32
TXFB-200906,1375.73
TXFB-200907,1969.07
TXFB-200908,831.3
TXFB-200909,1914.76
TXFB-200910,1231.47
TXFB-200911,1547.29
TXFB-200912,987.8
TXFB-200913,1190.16
TXFB-200914,729.71
TXFB-200915,3259.7
TXFB-200916,2091.23
TXFB-200917,1690.23
TXFB-200918,2105.09
TXFB-200919,2384.88
TXFB-200920,3265.64
TXFB-200921,1036.08
TXFB-200922,1386.66
TXFB-200923,3427.37
TXFB-200924,1613.58
TXFB-200925,567.68
TXFB-200926,942.93
TXFB-200927,579.02
TXFB-200928,3469.77
TXFB-200929,1336.61
TXFB-200930,3270.63
TXFB-200931,3487.66
TXFB-200932,2299.52
TXFB-200933,599.59
TXFB-200934,744.77
TXFB-200935,1944.77
TXFB-200936,1718.52
TXFB-200937,2318.53
TXFB-200938,1816.54
TXFB-200939,3302.23
TXFB-200940,2104.22
TXFB-200941,2581.18
TXFB-200942,3189.46
TXFB-200943,940.62
TXFB-200944,1189.2
TXFB-200945,821.96
TXFB-200946,856.8976932007457
TXFB-200947,2037.75
TXFB-200948,1463.54
TXFB-200949,1769.52
TXFB-200950,3447.47
TXFB-200951,970.11
TXFB-200952,2122.44
TXFB-200953,796.61
TXFB-200954,1375.8014900823816
TXFB-200955,2082.58
TXFB-200956,3339.9
TXFB-200957,1673.68
TXFB-200958,694.72
TXFB-200959,1664.48
TXFB-200960,937.22
TXFB-200961,1189.97
TXFB-200962,2354.27
TXFB-200963,702.27
TXFB-200964,1894.17
TXFB-200965,2328.38
TXFB-200966,1765.58
TXFB-200967,557.38
TXFB-200968,3456.56
TXFB-200969,1601.35
TXFB-200970,2835.73
TXFB-200971,1476.94
TXFB-200972,1925.05
TXFB-200973,1665.39
TXFB-200974,1527.62
TXFB-200975,565.55
TXFB-200976,1580.06
TXFB-200977,3168.47
TXFB-200978,2571.18
TXFB-200979,936.27
TXFB-200980,2273.47
TXFB-200981,3176.69
TXFB-200982,2600.1
TXFB-200983,946.05
TXFB-200984,3103.5
TXFB-200985,1404.63
TXFB-200986,1862.23
TXFB-200987,2078.43
TXFB-200988,3051.52
TXFB-200989,3294.82
TXFB-200990,3288.96
TXFB-200991,523.86
TXFB-200992,3265.67
TXFB-200993,663.16
TXFB-200994,1297.32
TXFB-200995,2044.96
TXFB-200996,1926.1945102940965
TXFB-200997,2314.13
TXFB-200998,1938.34
TXFB-200999,3303.13
TXFB-201000,1221.65
TXFB-201001,1322.07
TXFB-201002,3262.21
TXFB-201003,730.22
TXFB-201004,2328.68
TXFB-201005,2545.21
TXFB-201006,2016.63
TXFB-201007,2582.7
TXFB-201008,1018.26
TXFB-201009,3057.9
TXFB-201010,920.08
TXFB-201011,1702.44
TXFB-201012,725.77
TXFB-201013,2135.63
TXFB-201014,2509.24
TXFB-201015,3323.66
TXFB-201016,2718.01
TXFB-201017,2123.31
TXFB-201018,3297.85
TXFB-201019,1935.31
TXFB-201020,2183.62
TXFB-201021,2288.3
TXFB-201022,1729.94
TXFB-201023,3015.45
TXFB-201024,1055.53
TXFB-201025,2164.53
TXFB-201026,2666.7
TXFB-201027,3211.93
TXFB-201028,3151.76
TXFB-201029,2026.22
TXFB-201030,2429.48
TXFB-201031,1661.5763058669438
TXFB-201032,1904.53
TXFB-201033,3218.8
TXFB-201034,3292.11
TXFB-201035,3186.24
TXFB-201036,915.11
TXFB-201037,3050.25
TXFB-201038,3345.09
TXFB-201039,1583.75
TXFB-201040,2055.94
TXFB-201041,2837.29
TXFB-201042,2186.23
TXFB-201043,3480.45
TXFB-201044,1867.14
TXFB-201045,2641.83
TXFB-201046,2877.77
TXFB-201047,1982.3
TXFB-201048,3070.95
TXFB-201049,2079.3037496830757
TXFB-201050,1734.95
TXFB-201051,823.47
TXFB-201052,1680.24
TXFB-201053,2701.81
TXFB-201054,3263.86
TXFB-201055,1255.04
TXFB-201056,1565.71
TXFB-201057,961.88
TXFB-201058,2572.17
TXFB-201059,3380.57
TXFB-201060,2422.86
TXFB-201061,2351.23
TXFB-201062,2160.47
TXFB-201063,765.37
TXFB-201064,2688.51
TXFB-201065,2234.3358656180962
TXFB-201066,2484.43
TXFB-201067,3196.43
TXFB-201068,2814.8154607798956
TXFB-201069,2842.75
TXFB-201070,3281.55
TXFB-201071,3469.8
TXFB-201072,2243.85
TXFB-201073,826.64
TXFB-201074,1877.39
TXFB-201075,2862.8
TXFB-201076,583.18
TXFB-201077,670.66
TXFB-201078,701.47
TXFB-201079,2693.11
TXFB-201080,2003.5
TXFB-201081,1606.69
TXFB-201082,816.85
TXFB-201083,2696.72
TXFB-201084,1463.06
TXFB-201085,1295.97
TXFB-201086,2456.96
TXFB-201087,2177.03
TXFB-201088,1587.23
TXFB-201089,2424.46
TXFB-201090,1313.66
TXFB-201091,2884.49
TXFB-201092,1187.96
TXFB-201093,976.51
TXFB-201094,2847.32
TXFB-201095,2623.68
TXFB-201096,1047.92
TXFB-201097,848.74
TXFB-201098,3015.2
TXFB-201099,2829.8
TXFB-201100,1481.77
TXFB-201101,2474.59
TXFB-201102,872.48
TXFB-201103,2021.14
TXFB-201104,556.19
TXFB-201105,1674.81
TXFB-201106,724.53
TXFB-201107,1925.44
TXFB-201108,1765.04
TXFB-201109,1833.16
TXFB-201110,635.99
TXFB-201111,1584.85
TXFB-201112,2769.45
TXFB-201113,1606.74
TXFB-201114,2645.52
TXFB-201115,1608.44
TXFB-201116,1769.72
TXFB-201117,2175.067377018879
TXFB-201118,3352.05
TXFB-201119,826.58
TXFB-201120,598.74
TXFB-201121,2323.87
TXFB-201122,3347.29
TXFB-201123,3469.17
TXFB-201124,1952.49
TXFB-201125,1904.24
TXFB-201126,2434.89
TXFB-201127,2166.9
TXFB-201128,2309.317640848796
TXFB-201129,3122.0
TXFB-201130,2666.566056332823
TXFB-201131,1990.63
TXFB-201132,1885.59
TXFB-201133,2418.81
TXFB-201134,1867.12
TXFB-201135,1873.34
TXFB-201136,548.92
TXFB-201137,1022.19
TXFB-201138,1965.54
TXFB-201139,2967.96
TXFB-201140,1336.18
TXFB-201141,2067.93
TXFB-201142,1534.89
TXFB-201143,814.41
TXFB-201144,3374.9
TXFB-201145,3064.02
TXFB-201146,735.48
TXFB-201147,2659.36
TXFB-201148,1542.74
TXFB-201149,3484.55
TXFB-201150,1407.2
TXFB-201151,1216.22
TXFB-201152,2203.67
TXFB-201153,3005.38
TXFB-201154,1077.56
TXFB-201155,2628.21
TXFB-201156,684.22
TXFB-201157,3256.8
TXFB-201158,743.22
TXFB-201159,3242.69
TXFB-201160,1972.42
TXFB-201161,1844.27
TXFB-201162,3419.92
TXFB-201163,3471.15
TXFB-201164,2450.53
TXFB-201165,881.36
TXFB-201166,2018.51
TXFB-201167,2087.49
TXFB-201168,2043.34
TXFB-201169,2208.48
TXFB-201170,556.17
TXFB-201171,2633.68
TXFB-201172,2637.18
TXFB-201173,846.41
TXFB-201174,2210.72
TXFB-201175,2205.08
TXFB-201176,2547.35
TXFB-201177,756.19
TXFB-201178,2379.51
TXFB-201179,1342.26
TXFB-201180,2021.01
TXFB-201181,2819.97
TXFB-201182,2616.94
TXFB-201183,856.71
TXFB-201184,2273.55
TXFB-201185,3407.35
TXFB-201186,970.31
TXFB-201187,3058.72
TXFB-201188,2607.64
TXFB-201189,2822.01
TXFB-201190,1345.87
TXFB-201191,1363.67
TXFB-201192,3218.06
TXFB-201193,1579.5
TXFB-201194,689.05
TXFB-201195,2301.79
TXFB-201196,874.45
TXFB-201197,2889.79
TXFB-201198,2425.24
TXFB-201199,3097.656617470464
TXFB-201200,2854.51
TXFB-201201,836.34
TXFB-201202,1643.21
TXFB-201203,2823.68
TXFB-201204,1752.02
TXFB-201205,3417.1
TXFB-201206,2707.22
TXFB-201207,546.5
TXFB-201208,3139.96
TXFB-201209,802.41
TXFB-201210,921.57
TXFB-201211,2703.48
TXFB-201212,3094.91
TXFB-201213,2109.05
TXFB-201214,1367.15
TXFB-201215,1553.95
TXFB-201216,1528.67
TXFB-201217,1480.03
TXFB-201218,1228.73
TXFB-201219,2326.6
TXFB-201220,3201.22
TXFB-201221,1421.25
TXFB-201222,1060.08
TXFB-201223,3015.73
TXFB-201224,2725.35
TXFB-201225,3292.51
TXFB-201226,916.3495761392983
TXFB-201227,932.75
TXFB-201228,2071.3460272228904
TXFB-201229,2343.3
TXFB-201230,1940.52
TXFB-201231,2296.9
TXFB-201232,1041.14
TXFB-201233,1938.84
TXFB-201234,2474.28
TXFB-201235,1712.7215784595714
TXFB-201236,2538.34
TXFB-201237,1853.57
TXFB-201238,1500.8
TXFB-201239,1410.82
TXFB-201240,1732.71
TXFB-201241,513.9097798786379
TXFB-201242,2505.58
TXFB-201243,3035.32
TXFB-201244,1563.88
TXFB-201245,638.1
TXFB-201246,3460.33
TXFB-201247,1291.09
TXFB-201248,879.86
TXFB-201249,1609.26
TXFB-201250,2715.67
TXFB-201251,1381.75
TXFB-201252,2224.11
TXFB-201253,1746.68
TXFB-201254,805.5188207587606
TXFB-201255,1490.86
TXFB-201256,2674.61
TXFB-201257,2336.01
TXFB-201258,859.34
TXFB-201259,989.97
TXFB-201260,2422.2
TXFB-201261,2940.25
TXFB-201262,1548.42
TXFB-201263,2285.93
TXFB-201264,1011.93
TXFB-201265,1434.13
TXFB-201266,560.81
TXFB-201267,2804.83
TXFB-201268,1703.03
TXFB-201269,2948.38
TXFB-201270,2625.12
TXFB-201271,2986.23
TXFB-201272,1356.98
TXFB-201273,1055.33
TXFB-201274,3415.72
TXFB-201275,2651.98
TXFB-201276,2979.224565421335
TXFB-201277,539.4
TXFB-201278,1563.38
TXFB-201279,2728.45
TXFB-201280,733.95
TXFB-201281,2202.02
TXFB-201282,1787.22
TXFB-201283,552.85
TXFB-201284,1207.93
TXFB-201285,1354.38
TXFB-201286,835.58
TXFB-201287,2394.61
TXFB-201288,1227.19
TXFB-201289,1332.86
TXFB-201290,3194.72
TXFB-201291,1901.37
TXFB-201292,1676.38
TXFB-201293,2671.61
TXFB-201294,3165.1244280777587
TXFB-201295,575.11
TXFB-201296,1844.72
TXFB-201297,2332.34
TXFB-201298,1455.69
TXFB-201299,2817.22
TXFB-201300,3414.43
TXFB-201301,3330.28
TXFB-201302,1297.95
TXFB-201303,1179.01
TXFB-201304,3372.47
TXFB-201305,1875.89
TXFB-201306,1124.89
TXFB-201307,2620.99
TXFB-201308,1353.26
TXFB-201309,1301.74
TXFB-201310,3137.75
TXFB-201311,987.44
TXFB-201312,693.18
TXFB-201313,1307.56
TXFB-201314,2320.84
TXFB-201315,869.26
TXFB-201316,1914.78
TXFB-201317,2382.01
TXFB-201318,3046.21
TXFB-201319,1189.61
TXFB-201320,2952.04
TXFB-201321,1204.72
TXFB-201322,2530.3
TXFB-201323,1792.02
TXFB-201324,844.04
TXFB-201325,2642.79
TXFB-201326,1153.29
TXFB-201327,1029.87
TXFB-201328,1574.97
TXFB-201329,2459.87
TXFB-201330,1201.99
TXFB-201331,1050.98
TXFB-201332,512.4580590388335
TXFB-201333,1914.93
TXFB-201334,1785.94
TXFB-201335,1201.6
TXFB-201336,660.96
TXFB-201337,1787.77
TXFB-201338,2864.62
TXFB-201339,2645.85
TXFB-201340,3082.38
TXFB-201341,528.75
TXFB-201342,3399.26
TXFB-201343,1524.24
TXFB-201344,3471.19
TXFB-201345,1257.86
TXFB-201346,1914.61
TXFB-201347,1561.78
TXFB-201348,1567.28
TXFB-201349,3026.85
TXFB-201350,2739.26
TXFB-201351,3476.45
TXFB-201352,2340.54
TXFB-201353,1889.77
TXFB-201354,770.22
TXFB-201355,3489.68
TXFB-201356,2154.59
TXFB-201357,2601.43
TXFB-201358,1720.23
TXFB-201359,2143.15
TXFB-201360,3327.73
TXFB-201361,999.26
TXFB-201362,1377.12
TXFB-201363,956.18
TXFB-201364,2876.65
TXFB-201365,686.14
TXFB-201366,744.89
TXFB-201367,1395.48
TXFB-201368,2042.56
TXFB-201369,1718.82
TXFB-201370,634.45
TXFB-201371,3372.47
TXFB-201372,3358.61
TXFB-201373,1338.07
TXFB-201374,2694.58
TXFB-201375,2235.73
TXFB-201376,1212.43
TXFB-201377,1286.51
TXFB-201378,1973.46
TXFB-201379,1757.71
TXFB-201380,1373.69
TXFB-201381,2922.53
TXFB-201382,1944.39
TXFB-201383,2464.54
TXFB-201384,1067.82
TXFB-201385,2100.52
TXFB-201386,1453.93
TXFB-201387,2079.24
TXFB-201388,2842.48
TXFB-201389,2806.74
TXFB-201390,1527.21163292789
TXFB-201391,2582.83
TXFB-201392,3323.87
TXFB-201393,2377.01
TXFB-201394,945.23
TXFB-201395,2539.13
TXFB-201396,814.71
TXFB-201397,3116.33
TXFB-201398,2049.98
TXFB-201399,1655.42
TXFB-201400,671.02
TXFB-201401,1642.35
TXFB-201402,3209.62
TXFB-201403,562.95
TXFB-201404,1923.94
TXFB-201405,3293.47
TXFB-201406,1646.3158262802876
TXFB-201407,1784.53
TXFB-201408,2235.68
TXFB-201409,1888.81
TXFB-201410,1005.81
TXFB-201411,555.67
TXFB-201412,2329.43
TXFB-201413,3262.42
TXFB-201414,819.09
TXFB-201415,1132.86
TXFB-201416,1610.69
TXFB-201417,2926.23
TXFB-201418,1307.78
TXFB-201419,3146.16
TXFB-201420,664.87
TXFB-201421,3322.87
TXFB-201422,2182.24
TXFB-201423,2476.33
TXFB-201424,1603.07
TXFB-201425,2845.98
TXFB-201426,999.7
TXFB-201427,646.74
TXFB-201428,1686.55
TXFB-201429,3061.09
TXFB-201430,2764.78
TXFB-201431,2051.47
TXFB-201432,2216.41
TXFB-201433,889.68
TXFB-201434,3022.04
TXFB-201435,2860.88
TXFB-201436,2469.41
TXFB-201437,1898.57
TXFB-201438,3393.38
TXFB-201439,3137.1
TXFB-201440,2433.29
TXFB-201441,1615.4
TXFB-201442,2354.07
TXFB-201443,2226.32
TXFB-201444,1621.5247416383704
TXFB-201445,1420.02
TXFB-201446,1721.03
TXFB-201447,2221.73
TXFB-201448,1784.4
TXFB-201449,1290.72
TXFB-201450,2782.89
TXFB-201451,2094.4
TXFB-201452,703.03
TXFB-201453,1604.95
TXFB-201454,3154.74
TXFB-201455,2765.71
TXFB-201456,1469.74
TXFB-201457,3314.55
TXFB-201458,729.81
TXFB-201459,3383.7
TXFB-201460,1209.3939127104873
TXFB-201461,527.28
TXFB-201462,1801.42
TXFB-201463,1576.91
TXFB-201464,2117.27
TXFB-201465,2890.32
TXFB-201466,3027.29
TXFB-201467,1703.69
TXFB-201468,1789.54
TXFB-201469,944.53
TXFB-201470,642.64
TXFB-201471,2423.64
TXFB-201472,693.31
TXFB-201473,2701.49
TXFB-201474,2117.27
TXFB-201475,1095.75
TXFB-201476,2118.57
TXFB-201477,1048.99
TXFB-201478,1816.21
TXFB-201479,2898.68
TXFB-201480,1885.76
TXFB-201481,946.1
TXFB-201482,2671.49
TXFB-201483,1060.31
TXFB-201484,2715.65
TXFB-201485,1938.06
TXFB-201486,1861.23
TXFB-201487,3054.31
TXFB-201488,2625.81
TXFB-201489,598.73
TXFB-201490,1388.52
TXFB-201491,3112.76
TXFB-201492,539.6112531862792
TXFB-201493,2135.76
TXFB-201494,2683.48
TXFB-201495,2365.57
TXFB-201496,2701.6907074759456
TXFB-201497,2677.08
TXFB-201498,2576.09
TXFB-201499,2964.62
