PolicyNumber,VIN
TXFB-100001,P52284Z9K4G15V28G
TXFB-100002,4UXVCB4JX0D81HCKY
TXFB-100003,DKK862TP421JS040J
TXFB-100004,7FMPMWK83X98ENUW8
TXFB-100005,YR4YWYUXVP4DZXW48
TXFB-100006,5EWA2HZXE2HP7GLMZ
TXFB-100007,Z5WEH71YSK2F6NYLZ
TXFB-100008,C6LFS82PHKCFBV5LG
TXFB-100009,LTW083W4NCWHB3N
TXFB-100010,NMELHJ2VTWWZA8622
TXFB-100011,80H1KY47BJS6VPY0H
TXFB-100012,1KUTX5TGH9U8JKY3G
TXFB-100013,TX5717ZWW0EFALW3J
TXFB-100014,E1WF8KRUXG3D3GEZ6
TXFB-100015,VZ9GSAJW1J76C35ZU
TXFB-100016,JF8F5GNRP6Z7AWP5X
TXFB-100017,FHFWHC9NRXJ1MDR8L
TXFB-100018,9D74MG647181R0Y6F
TXFB-100019,D32P8B4KGAUVFPCG8
TXFB-100020,U77T6LKH9T5HMLDVL
TXFB-100021,9S8P36HK2BC8CNPEN
TXFB-100022,DMAZ1M1YL2YZ5VDPG
TXFB-100023,J8NBHXYYXGJHRGF2K
TXFB-100024,33U0RZ8RKU8WPPDYW
TXFB-100025,NJR16871G1WAPGNCU
TXFB-100026,3E9GW1V9S8P6XJC7-
TXFB-100027,3D8P3EKFZGH9WN9FU
TXFB-100028,YGTGMKNNWZ7BVC6YJ
TXFB-100029,9V6E89H1ADDS8XR6W
TXFB-100030,H1H2HRMP65AREZ571
TXFB-100031,88A2XJMNA8VTYXHBD
TXFB-100032,LGDEWC8VDTB5N7208
TXFB-100033,YVA4GCGRRMDY4PNXF
TXFB-100034,1NB0C4WE1P3XDEWVE
TXFB-100035,8XCH5KM3AWP19T103
TXFB-100036,B1X5A7HNBFLT28FD4
TXFB-100037,WN7WPV1CAC03U0J4W
TXFB-100038,AH7E13VZUYNYLMM0M
TXFB-100039,6KM2JVBFSTJS8VBZU
TXFB-100040,67J82KEHL2GS96YRG
TXFB-100041,JCJ6URVG2VTZPLVH4
TXFB-100042,53SUW9UJ5ZVFVLDWX
TXFB-100043,AHD7UHN9GFV0HV0J2
TXFB-100044,CRN4ZVPSBU83EAXDM
TXFB-100045,79PRXB49F01MWZN7P
TXFB-100046,KBMRR100MYDT2D1CH
TXFB-100047,FSMC8ZLUHVV1Y2U21
TXFB-100048,R6HFFV23H5YKJCRV5
TXFB-100049,RFZWUB5NXYK0LGPZU
TXFB-100050,9JYK4HAYZPE4G6ZZX
TXFB-100051,DGB5A8DEA7L10W7D8
TXFB-100052,0JHZGNTWX4PH7WRR0
TXFB-100053,TE56SKPVSYVSPXURS
TXFB-100054,XS2N80ZM8UKMLB4YP
TXFB-100055,Y8ZY9WPKH9A0U4P2T
TXFB-100056,AWEUH23RX8KTUC2FA
TXFB-100057,5GF3C5CFF1567ZG1S
TXFB-100058,ZLMYLP8JN9S6M4HCT
TXFB-100059,GNWDL4VCZW5FMNSUU
TXFB-100060,FDNUG4W9LR277U8GU
TXFB-100061,KXTACSJ8UP7YWCUX3
TXFB-100062,08Y43L80CWA687P42
TXFB-100063,NRAKHTB926SMUTDFD
TXFB-100064,N29JC8R8LF5H0F3YL
TXFB-100065,J4HA39JKCN3YHP0DF
TXFB-100066,Z3W18GH0KC510WX6B
TXFB-100067,MF8YXEYUNMGVS4V8V
TXFB-100068,EMLK6JW6BRTU6MFD8
TXFB-100069,BW384N36DGEF3UAXM
TXFB-100070,JVXCD482EV779VNFP
TXFB-100071,5JB55TBB2SL520HGC
TXFB-100072,DSHJGDAT5G9A03W9A
TXFB-100073,VSZFLAWZ3ZVLX63DC
TXFB-100074,PD20223UD8MZUXVMJ
TXFB-100075,T7XAKW1FJHTDEBJRN
TXFB-100076,TJ4MJTCM7WLYDL4ZP
TXFB-100077,YSRNPTLT02EEVL9BS
TXFB-100078,G850AB8L5GMNXPCW8
TXFB-100079,ST2H4J9UKD3BX24EY
TXFB-100080,971CP9KC9AP25KS8G
TXFB-100081,MC3WDJYSW13VZ9KK-
TXFB-100082,SRKEU0KDTZAN1LMBM
TXFB-100083,UAXBRR9D9LVAYFKTA
TXFB-100084,3HWBCFGGUTS62N6KR
TXFB-100085,3RZSAZRXAHGG1FP5U
TXFB-100086,LT5EKH3EF6F17SCHX
TXFB-100087,48DYYF05AA14RD6ZP
TXFB-100088,09F6P9D4CFSD4J0B5
TXFB-100089,2BF7UXB27BN1F6WYL
TXFB-100090,00065WRMDBJKFGDZX
TXFB-100091,4LJYKU77W3V08X9B2
TXFB-100092,32F0CJ7BDA7R01PDB
TXFB-100093,4E8NBVRAP92A5E76U
TXFB-100094,NJADARY165SVZ77UW
TXFB-100095,T80BL6MCZSGAUVE1A
TXFB-100096,K5XMD1J0PC4H43M1V
TXFB-100097,L0GZLAJTYV3EYZGUV
TXFB-100098,30E1VSHJ2MZELL05Y
TXFB-100099,VAWVF8B17F80P65A4
TXFB-100100,G1UCR142P1BK2SL44
TXFB-100101,HX45W3SHNVUZSC5AG
TXFB-100102,V1KK5F7376HMTYSWV
TXFB-100103,4M8HS16X296VUKM4X
TXFB-100104,W289D0GNEKVZAVW8L
TXFB-100105,93NBHXFPZYBWACDMX
TXFB-100106,1AG1FZSUCKRJJH8WF
TXFB-100107,ELSN8F4TWSA9XFMEF
TXFB-100108,0RA36TUCFH37G85PS
TXFB-100109,GMBTDSATBDCPW2JHH
TXFB-100110,7KDHJ9546WMGGJMXJ
TXFB-100111,5KBKRFZ7P4A77THYB
TXFB-100112,RJBZVBGVDLDYP7PF0
TXFB-100113,L7GP4EHXBF3MWAGLC
TXFB-100114,1Z58GSKFXRAKD34HT
TXFB-100115,R71RTFVK694Y2RM
TXFB-100116,HV5N066AL08C5T2
TXFB-100117,3BXATZE87B3S5GJ
TXFB-100118,2WSRVZGA234J5HH8G
TXFB-100119,XEYAFU4NPALHWLXUD
TXFB-100120,YZAE1MLYXXDRVU1XK
TXFB-100121,62PDH6L0HE3FMU18N
TXFB-100122,TRU0TDNKWS1YL5A53
TXFB-100123,J8RA8RKJ618HNJ3ZN
TXFB-100124,ELSPFMAHFXWM2VTPL
TXFB-100125,EYGN9M4AAMJTW35YL
TXFB-100126,AXBHULADSYG393EMH
TXFB-100127,G5M58J9TLXLEM4C
TXFB-100128,XRFMAJT4K8UA1H3ZN
TXFB-100129,SFDGT44YYCV9BRNCD
TXFB-100130,2J64X5R3FCE3ZPJJ5
TXFB-100131,KFTU3B1C5EX3A42FT
TXFB-100132,TYWWWFTMWRKNNKM3D
TXFB-100133,Z7MGCN7638RDLPDF3
TXFB-100134,8CFC5DP4KLM1W19RG
TXFB-100135,U0RVJ6L7KKZXUA6
TXFB-100136,TJFG8WWF3BJ3ULXAN
TXFB-100137,2AEPZDWW7APBG5KN5
TXFB-100138,M4HLSJKUGL9F01G4P
TXFB-100139,9RYPMGY04ZXYN27KR
TXFB-100140,2EUY9M28Z13K4WX2Y
TXFB-100141,U2F6T6EK0Y85RHNXL
TXFB-100142,YNJBZC8SYZM5N3USZ
TXFB-100143,NW7LPTT5TTK2FTFRG
TXFB-100144,0MPL7T74EDMTCB8GP
TXFB-100145,Z9PSS4859UVKRYKXZ
TXFB-100146,TC5UE3NAY3GDRBBN5
TXFB-100147,8F078XJS07YRD65ZU
TXFB-100148,1PNER0T9BC0TCNTXD
TXFB-100149,NYWPSJAK40K02DAXD
TXFB-100150,KBVKRDL8EMT57Z90-
TXFB-100151,0UMZT84MC466AZ5WY
TXFB-100152,1DSURSESKXBZ4FATL
TXFB-100153,HM0CCY3BH1EYPDNC6
TXFB-100154,9GM8VMTV6M3F3PSZW
TXFB-100155,W48SM9JJ4ZNAZFZZA
TXFB-100156,4L7HWVYTH5FS5TNVT
TXFB-100157,8ZA8R6LH18KGJCGLW
TXFB-100158,TS4FUMM125PNSVZC9
TXFB-100159,PCR07J59W1TR6LET2
TXFB-100160,Y2V8081ED64A0USXU
TXFB-100161,VA1CVEJGZERPTX0W6
TXFB-100162,0NSLYJCTYX2LGSVCF
TXFB-100163,G0MHUYF3NZU73AMD6
TXFB-100164,BUT8LHYZ32L3K05JR
TXFB-100165,LW021432VDZLGSVEK
TXFB-100166,JFSE2H6D6LRY4E96C
TXFB-100167,NJ8GBN4652CNK0JAJ
TXFB-100168,BLV2E8FVTWRU2RAL4
TXFB-100169,K1DXDWJJC16ZCTFAD
TXFB-100170,V0BRRFZA0X7NK5L7E
TXFB-100171,64XZT3MVVSVY4882E
TXFB-100172,9VLVH2NZBF0DT0RVY
TXFB-100173,7AHXBRLMW4CSJTXGP
TXFB-100174,KLEVNBNVKK9L8T37P
TXFB-100175,67LUXFEN4LWUJTY2P
TXFB-100176,T0CZD4EGUL3BYLZU3
TXFB-100177,KNRCFD9FKP8HLV3M4
TXFB-100178,MX8SC0CAH9W5R7RAZ
TXFB-100179,RWGXTBDX1DNHXVBT6
TXFB-100180,C79BH5BE8Z0SBNFG6
TXFB-100181,PHMPH4ALF5G03ENSE
TXFB-100182,AZ9UXCLK0KVRPV6U-
TXFB-100183,ZU85C9P3TBTLRJDKV
TXFB-100184,BD1APVBJSWDSD4SCF
TXFB-100185,R26XAS9Z0FDSK3ZJ-
TXFB-100186,YJ55UFGE2E636RTFR
TXFB-100187,9HPLK4J0MWR9AN460
TXFB-100188,U52RT23BR0JT16VGM
TXFB-100189,6R8KH41TRYJLXE94U
TXFB-100190,BH9DCNHG0W440WAP1
TXFB-100191,1N1UUV6GMEEC7Y5GW
TXFB-100192,LNG4AAJBA0BZ4NB3Z
TXFB-100193,N87VS07ATUAM2L3XE
TXFB-100194,8H4EJF3FAP2AYGS9F
TXFB-100195,ZJJ3EXSNGDH9N1CE1
TXFB-100196,G6JTF82ZL1M3HZY6M
TXFB-100197,L78DWYA633XGJGXE6
TXFB-100198,X7YG01CGNSZHSMYDX
TXFB-100199,HRSR0V8ESR3JXG690
TXFB-100200,0CUDZ9N8J0KDFP7S1
TXFB-100201,MXVP8UTJ3D6UCSX4W
TXFB-100202,G4FMFYRHAZEE0DNFP
TXFB-100203,S2NCBWFJ155GYKWMH
TXFB-100204,CVW2H2TW4KPRMXVER
TXFB-100205,2CG1MXDS631J7YLUH
TXFB-100206,2XA6ZZWW4U6RLZWBE
TXFB-100207,K472GMVTV79RLXA49
TXFB-100208,7AYZPAG4S1J6NMPCW
TXFB-100209,3HDWTD7LPSY1Y7UGG
TXFB-100210,6HK003H2VPT29F73U
TXFB-100211,2VYATABZMK9WDHGY9
TXFB-100212,P7XCTTLHVPZWFX43L
TXFB-100213,9N3UYW7LCS06XJE1G
TXFB-100214,ANR32J7C6TSYWN9X0
TXFB-100215,9VW6VUDL0TJBWA1JD
TXFB-100216,6YTWS8AV29NKF4SE4
TXFB-100217,KTHX8MT3JRWZA2DU1
TXFB-100218,6LN2BS4FG1XE5893U
TXFB-100219,USLJ0LEBHA7THEMEA
TXFB-100220,ZU4W0P4F2MVEB7ERV
TXFB-100221,RJNMP8T7L71V0NPY0
TXFB-100222,AP2SYHJ58CMUBLS9S
TXFB-100223,U12RBMN4P5XVP4CXG
TXFB-100224,D4BWCHGM14YUA7CHT
TXFB-100225,SHR4L9UMF998GV2Z6
TXFB-100226,06H6AV4H2GFVK78SZ
TXFB-100227,F001LZ0MZ27H1CDJ1
TXFB-100228,273MREMU2B6F46TTK
TXFB-100229,84AJUVUG9Z79NCSA3
TXFB-100230,HZGL4BR090FE5GUPT
TXFB-100231,NY7TSNYZ6D1JN3KFZ
TXFB-100232,SJ6SHN2R9LC88E1X9
TXFB-100233,YRG6BT6DPPYGLS7Z0
TXFB-100234,ZCFK2EPHH9XZNZ7B0
TXFB-100235,RPRCBPT9WUA8FTF5B
TXFB-100236,EG7DNMX2A8Z15WY51
TXFB-100237,JP18RJHWEPDH6JF41
TXFB-100238,BF7UUW3UUYGXX8365
TXFB-100239,3J0EZGFWBS15VXXNE
TXFB-100240,J98LDE88G8PYXVBWW
TXFB-100241,VM3A6NB56JKU2ERCE
TXFB-100242,SYZKB1JWMFPZKVX3R
TXFB-100243,FBMF839LKT5TXJTVV
TXFB-100244,4UDT5ELJL847MVBEM
TXFB-100245,35HWDYYU8SCZRNJYW
TXFB-100246,X98127116GBZTT3SB
TXFB-100247,LYLM6G2SV60Z00GNZ
TXFB-100248,BHABXJSUN8KC2N7W7
TXFB-100249,9M4BDGDFLEUWPVXYV
TXFB-100250,8RMXL3D40KV5G0XX4
TXFB-100251,BZ1T52XGSSTYHX95W
TXFB-100252,AJEPRUZF3D9NCRP9P
TXFB-100253,VRYDL0X53YBEKWRHT
TXFB-100254,4BR5GDSF6SBVMSKGE
TXFB-100255,2L4MSSD13SCR973N4
TXFB-100256,3VZW3KZ65DPCXFTPA
TXFB-100257,ALSVWX3MPK2X5BR6L
TXFB-100258,BX038FD6D8SZCXGT1
TXFB-100259,FUJ4PYX584HBP4NT5
TXFB-100260,PMA9EPP8LY1UC099B
TXFB-100261,EFN9VY6PCNTKYATKY
TXFB-100262,HPL2W9F607N33XLSK
TXFB-100263,N1M70L060TYYGGYU5
TXFB-100264,VURCRJRMFEEKVVHTE
TXFB-100265,X99UAZ74N0BDYJDYF
TXFB-100266,L3LA7J0L0GX8T1XUA
TXFB-100267,HNYVFTR1L75VKYERU
TXFB-100268,VNVKZNPV7F7GGGR4U
TXFB-100269,LBMXGXXXHFVA59EZH
TXFB-100270,VPR45XMPYE8B213L0
TXFB-100271,N7VERLPJ2L4EHKBJT
TXFB-100272,X68CEF3TMFCPCPXL1
TXFB-100273,AZB7S0YYLXZ9XCWUF
TXFB-100274,WEZFURT1YYZLM03J-
TXFB-100275,P2V8SA151VEB9SN9V
TXFB-100276,NJRF1MK5NUY74WVLD
TXFB-100277,VAHL5W2ZZK0YMLC0P
TXFB-100278,SMX9UDP2W1N5C2TTV
TXFB-100279,86LRFV1BXMEV97JAK
TXFB-100280,X6XF0UC2PD2TGZDU7
TXFB-100281,ACSUMT2SXXPNNVFLJ
TXFB-100282,0LVX8N0J2BMZ41LLV
TXFB-100283,MYZJPX9219J71J5P3
TXFB-100284,KF7SR07U75MPRU5EJ
TXFB-100285,N222KMK288X1S2R
TXFB-100286,KFMUNZ2ESDDSJY8AK
TXFB-100287,Z6Y2EFN4JBGHTSF22
TXFB-100288,GND1HTYAL6K0R7V3Z
TXFB-100289,D4Y0Z7ST6E1EJR6B6
TXFB-100290,6RGLGTR9PVE79NET6
TXFB-100291,SZVSBANYKYHP23ZV7
TXFB-100292,EE5MY6U2HBR5GGV5T
TXFB-100293,GG6PBUGJNZ9TJPG57
TXFB-100294,W2GZYU81CCVFSLAKB
TXFB-100295,T0YJ7KUGH0AU7CNCJ
TXFB-100296,NMR5C9U95DG7PN40N
TXFB-100297,8P9XM0PSZ3ZHB0VAX
TXFB-100298,SCDK2BDY6F9TXAVFF
TXFB-100299,T8VVUVJUMZZ7JRVWJ
TXFB-100300,9JHC4CTYNYASTZG0M
TXFB-100301,UVZDB2C4S7D6XV0MF
TXFB-100302,DECC6L6Z16SSH0AFU
TXFB-100303,37EZPC47NHFX6PYFG
TXFB-100304,L51RU0ZTBFRN3JS29
TXFB-100305,B9KY89M69U6FM2T84
TXFB-100306,J24LXY1S842XNBUST
TXFB-100307,3DT5SA7J2VEXC3W5H
TXFB-100308,1C0913MSBS2X0BJYJ
TXFB-100309,LVA4EAWE7MB9DB8WB
TXFB-100310,LG27JFJYPJF5ZSKPH
TXFB-100311,33XBHUDSTFXNPP1HM
TXFB-100312,YP20YW23C7V964EPZ
TXFB-100313,F7PTTG1735KS15C
TXFB-100314,DLB0UABR3D4RH8RSE
TXFB-100315,R6J39C604X5V7JLWG
TXFB-100316,P1400MTVENATEPP5-
TXFB-100317,UFPBG7F19BRX63STL
TXFB-100318,1AJACPVVVJ5K2PX5Y
TXFB-100319,98YYNAS7LW7SF6X6L
TXFB-100320,754GAG7AJZKPKTVD4
TXFB-100321,DV4XG50TSLKL3NX0C
TXFB-100322,75YS5W1R6D2768VDE
TXFB-100323,5WA1FLXRNUG0144LJ
TXFB-100324,S3V9J47THDHBK47GX
TXFB-100325,JSU9H98E3UJ845UZG
TXFB-100326,EN6M9FHUSL94YJUGL
TXFB-100327,E6UHL0U2LJ66DX6EJ
TXFB-100328,F60Y2XULVR37E0H6L
TXFB-100329,HJYKYFFHEPXFUX26U
TXFB-100330,P9PF4XL3G0DX157LS
TXFB-100331,VH1NA1LN2NX9Z4HV9
TXFB-100332,Z3SDBJ4U65NH2RBYZ
TXFB-100333,1Z3SZC5797WM89ADF
TXFB-100334,BMRYY8N0DNU7UBW7G
TXFB-100335,HBYYC9CLYEYGB6K90
TXFB-100336,B2VFXG7PZW4J9M3M8
TXFB-100337,ME0PNYYESJBYDWNW9
TXFB-100338,6U4895FL664FD361X
TXFB-100339,P2BGSHJ6AD88BEA2X
TXFB-100340,LX3KD6FX0NVDXA7E7
TXFB-100341,B8R30DV4P6E4VKHF0
TXFB-100342,HVE76EDV3GHSAKPLK
TXFB-100343,00LENLZ8DG67Z1BE-
TXFB-100344,L38HYXAMZYNEW4PUJ
TXFB-100345,FD2V1RTTY3SDE564U
TXFB-100346,6MME1FYD7CG3EYY4W
TXFB-100347,YD1T6830JP82X96S-
TXFB-100348,HVK8KUHXF9PL3UM81
TXFB-100349,ERV781VA2NX1ELL06
TXFB-100350,TGHLULV5VGJB2LG3P
TXFB-100351,PLTXH0B37SYLF214E
TXFB-100352,5K2N3RX14GHUNKG03
TXFB-100353,21JTGNGWRDJVNAPT-
TXFB-100354,9JSU8LVU35C2XM55-
TXFB-100355,7A6RNBP37PM1KF6M1
TXFB-100356,4YG4UHXXRC62EAF7W
TXFB-100357,3APKR6TZGJHRTJPZB
TXFB-100358,K5EBZ45FV8HHYAWL5
TXFB-100359,HKK10KRMGSF9JZY1X
TXFB-100360,XSXTGXDV2LFH9N76W
TXFB-100361,8VKVUWUUS357CPARG
TXFB-100362,D7VUY0NTVL71PUDTY
TXFB-100363,HVXX7H2NVW38P15
TXFB-100364,JGJ2LWL8PRDYGHHNM
TXFB-100365,XRTDFMHB0M1MD0VAX
TXFB-100366,X89XRLZY3HAUS1FTU
TXFB-100367,1BWUKGBJCP23XS6UN
TXFB-100368,YWG8HY6TJ47RCUM1X
TXFB-100369,MBN26R4NUX3XZ9D3X
TXFB-100370,14CDK19DXKEBUBHJ6
TXFB-100371,5RN77BKTG2F469W6G
TXFB-100372,NN6591CE3PRUUG9DJ
TXFB-100373,DXNJAZKRFXXFKL3F0
TXFB-100374,BVX85WD4SAN2MNCAU
TXFB-100375,9HKZFW9SWYFZH5AUV
TXFB-100376,YXGYR53J1VRARRLBJ
TXFB-100377,LYE4Z391J1G40W648
TXFB-100378,HFFW3BUPV6JSENL15
TXFB-100379,PD4517LZKPSVE5EX3
TXFB-100380,4WHC5VPT1YE0B6VDW
TXFB-100381,X2506JATA4AAG00T4
TXFB-100382,RMHUS3AL5HFM2HX54
TXFB-100383,12KM35LF47LT39XSC
TXFB-100384,HYYUT3LGZMR9LXN0H
TXFB-100385,KSG3RGZT7YMG6AYY6
TXFB-100386,K6R3P14YMNY2ASYRL
TXFB-100387,GHJ5KH8G9SY13N24M
TXFB-100388,EVZTBTZGV2J9G4TZ7
TXFB-100389,0VR5V02U4GEUPX9EW
TXFB-100390,63LG7W5L21YU05WN7
TXFB-100391,00VXGBZJPPWU6UXX2
TXFB-100392,Y85ABEK7GD097PAVB
TXFB-100393,YECUWH36A2NHJWS15
TXFB-100394,AMS83DT6029NY24SA
TXFB-100395,SFW3EPMN6L7SVR4UT
TXFB-100396,SNSCR38PFRZYC939B
TXFB-100397,HP21RH1VWDY6CJ733
TXFB-100398,URLJZJFE10HU3ELT0
TXFB-100399,Y2RHFXP0JJW3LF3GX
TXFB-100400,1AWUGP7C03L37LY
TXFB-100401,XDZ0JBYK1RAZAZL0V
TXFB-100402,LEB0P8P4LP37CMAGW
TXFB-100403,VZXN0P7D7H5Z1N5J6
TXFB-100404,0YG2HP4MUDD9XT9RG
TXFB-100405,ZWC29PBD3R3PTCT2V
TXFB-100406,K7DXDK58L4EURJCUK
TXFB-100407,UNC5KLHPT7P2L6JRE
TXFB-100408,6VXTEF28C0H9DFEF6
TXFB-100409,R09L19Y1G01KFURUZ
TXFB-100410,2Y9R2AWLXZTUCTZ1N
TXFB-100411,YC39CC2W15AJWY3WP
TXFB-100412,S860ZTCSWBZ4UR00R
TXFB-100413,SZ4AY3KAPAHRLZ1U4
TXFB-100414,8AJ6WV0D723DG0NGG
TXFB-100415,W2HFCGTLRW8R3B6D4
TXFB-100416,Z1UUTK3LXKE1Y0DVB
TXFB-100417,MFV68TY1J5MLY6FVC
TXFB-100418,JA7XMR8HXHGFC7YAV
TXFB-100419,2NXTU82K0VHSG07MV
TXFB-100420,TR87YZLUM8LMK9GMU
TXFB-100421,BB3WA8TXH2U16LG6E
TXFB-100422,VETDF8CR89NGUZTBT
TXFB-100423,53EPSPYH3KCY5KAT9
TXFB-100424,P0S2349UTJR2U4J25
TXFB-100425,USNLKMKF236XHS8Y-
TXFB-100426,A0LB8MZWC3YCA6TSP
TXFB-100427,S62V3S47Y5DG09N21
TXFB-100428,B9WTGFKKTM8UN3LCJ
TXFB-100429,YG55T0AZPNCYMNYLB
TXFB-100430,4NLAAE36SHE1F8YWH
TXFB-100431,JEE9KNWUYJ3JXW8GS
TXFB-100432,X9ZDJ60TV412VJJBZ
TXFB-100433,F4RG878Z8UNZNX3BJ
TXFB-100434,40MPX5PGEGNRN79EJ
TXFB-100435,GH3W1Z1TD4FMJFLVH
TXFB-100436,1XD79A464BSK96Z5L
TXFB-100437,YZDWW3Y3P1V1P1S8R
TXFB-100438,BVSBGC8UMV90Y3GY2
TXFB-100439,FVYYMACUCR6KPHH6E
TXFB-100440,PV9AS916TN6LLAXJV
TXFB-100441,Y6PMECD4VE4DKYMR4
TXFB-100442,U6WRP397112AYUKNW
TXFB-100443,0N78LEZ3TC60MDYRD
TXFB-100444,WAYJRBBSZXLC54NAG
TXFB-100445,DY81VLVC6KKGH7RHL
TXFB-100446,RBGCH09YV4NVETM0V
TXFB-100447,79N571C5UV81XN6HH
TXFB-100448,PTU4TSWR05M3HFH05
TXFB-100449,PMWRKWPTSPWC8XX
TXFB-100450,53M0UL19FF3KUB7KY
TXFB-100451,T6RMEWE0LDJA0Y4T9
TXFB-100452,3R7N3X73US7S3EUW3
TXFB-100453,3H77WXVUC6JTV2R3W
TXFB-100454,T499ZE1ZYKXVZZ9GD
TXFB-100455,SSUBVGZBE02V4LGYM
TXFB-100456,N17CDRV954LRV4H1A
TXFB-100457,BJSK7FV5TL3HAD6PT
TXFB-100458,X5E74P6Z4FR11HV3K
TXFB-100459,KJG3N4M6EG9Y54AU3
TXFB-100460,U3U4JK5UUR66XW9H-
TXFB-100461,0TX31MN9H0GXYLXBJ
TXFB-100462,2E3C5P4T5VNUB9KKW
TXFB-100463,6HNZDBP42508SEDG8
TXFB-100464,VYX3LKAUZBFPPGCHG
TXFB-100465,B5F077LMXSH6P6DPP
TXFB-100466,FADXP0ZDYF7WLAL9E
TXFB-100467,FG96DNXULUA0YCEP1
TXFB-100468,LL2KAJ2XARBPNVBC-
TXFB-100469,V1UAPZWDR13PN88T9
TXFB-100470,5TWP145PC8V1DK6JV
TXFB-100471,MRZTDY5FVX01MFZB4
TXFB-100472,9ERMVPCYRHJM7ALR9
TXFB-100473,90DHTGH8R7D3V4R2U
TXFB-100474,CGM42RC994R9R0KBY
TXFB-100475,Y63FTC0PRMTBL2RK4
TXFB-100476,LA0ZR1450W6JBDS1F
TXFB-100477,TZ1ZMZJGHDY87CBUY
TXFB-100478,TDE44Z3KEZKF2XYMR
TXFB-100479,GB7724XHWA5E67ARN
TXFB-100480,VKR0D38D684Y7V1KB
TXFB-100481,8YL55LA1TD1G7RN8W
TXFB-100482,S560NE6214WBL4ESA
TXFB-100483,14DV2B15K04HRR5FS
TXFB-100484,9YA2JP30UDNEFDP
TXFB-100485,BT8L42KHR7YF2P4M-
TXFB-100486,E81SVC39J0XK5CMTT
TXFB-100487,F3EREPXHCE6LZ101K
TXFB-100488,9RYP25KUF7HSP01EG
TXFB-100489,PPZJRJA36Z618DA06
TXFB-100490,N60S17YN2WM7ARWXN
TXFB-100491,HS6SA9ZJCUNUYA090
TXFB-100492,Y51ERMEJYRJ5GJ9X7
TXFB-100493,VJMD4JPPN03391UNK
TXFB-100494,LUG8V8GDT521AGL37
TXFB-100495,UKV29CT0VJ7Y3U0AB
TXFB-100496,MLC5CG5VTBB1NK4YP
TXFB-100497,26RFV2NHA7VCDDS61
TXFB-100498,AUNU683RJRHTXRGWN
TXFB-100499,M3GN34KF9NW0AZU70
TXFB-100500,NM6GF9LM90FBTM772
TXFB-100501,BD2MC0UYE0E3EJ16U
TXFB-100502,WS9471M0Y6W2NYJKN
TXFB-100503,H1U7KFZWUXDKF7LPT
TXFB-100504,LWARBTEAXDAGEY2C5
TXFB-100505,2LTSL6G4EKC1VSE9Z
TXFB-100506,5U2N56X0AHBFUFVGD
TXFB-100507,24D4GCJ4CNX7U9T74
TXFB-100508,JWRA1VDGWXENK7HLN
TXFB-100509,TKVC46SZLBSSEX10H
TXFB-100510,C27KPXZ6SPU03G4Z2
TXFB-100511,8JJSBAU4WDGR2WDUC
TXFB-100512,C55CV89C0KM0E0EH7
TXFB-100513,SJYTGBXCT6DEX8AY6
TXFB-100514,PNDBPZF2B5CSY4T3F
TXFB-100515,K4XWS09ZYK0XATGZ4
TXFB-100516,F5TX4BZFVEME39BV-
TXFB-100517,6HUNFLFT9FB2VAKZT
TXFB-100518,5MUAE3RY14HRY25H4
TXFB-100519,0GJV6A2CT8JVKZMSB
TXFB-100520,VU4XE8VWT1TCM4FT3
TXFB-100521,XJ4TGETSFFXPT5ZHN
TXFB-100522,XVXYP8HMZET4ZCVJK
TXFB-100523,ACR2J8HHL0BNRY397
TXFB-100524,BM4S60EVTDAJ0EZ1K
TXFB-100525,G5AU0ZRLL70T6W0YZ
TXFB-100526,D5F8K2AXPJBN24SPV
TXFB-100527,LXKRD940Y0MS3MLXD
TXFB-100528,J73S01UR7T4MC5VRS
TXFB-100529,JJPRW5Z5JDERVMWM-
TXFB-100530,PGS1RCHBT1PCFAKUS
TXFB-100531,37ZWL2J6J1CTEKVGM
TXFB-100532,R7FV3AAD1JJD4A5CH
TXFB-100533,LMV12XBMSRY8F3RDT
TXFB-100534,CV4P63J6FSYWXRYPC
TXFB-100535,8HRXDW5TXLMV781KM
TXFB-100536,1AHKD8RVSH7FRRYHU
TXFB-100537,S0XUE5K7FL2J3JJGW
TXFB-100538,W3V8PKHM9XT43MGWA
TXFB-100539,H3WL5F7GR0FVA1ELT
TXFB-100540,71PYXW0XN16CDBLSV
TXFB-100541,XKSF5XX4SBTTVT4SE
TXFB-100542,SD7F0C9T8KTK1GSSP
TXFB-100543,HYV1LESKHFGMJ686W
TXFB-100544,324BFGZA01A1NFRL1
TXFB-100545,NSUT225ADC5L8K0H7
TXFB-100546,WLZH9WUT5BXVCFEFM
TXFB-100547,K915HGLVSR5TBP3TJ
TXFB-100548,D4K4YFBTP8DGUPPJU
TXFB-100549,83EHTWBUGK34ZBZ7K
TXFB-100550,MDMGBMU8U0YZ5FZJW
TXFB-100551,4FG2WH5ZL1P8G3NLH
TXFB-100552,N483S1U66NWDV9MF0
TXFB-100553,LHRKEGH81LG13AD6N
TXFB-100554,3XYF0MC12FHDBAR91
TXFB-100555,PPNR9ZKYPRNVEEFJD
TXFB-100556,N5ZZNVVB0MXBZFVC0
TXFB-100557,4UPJS1VJMTALRW0DA
TXFB-100558,ZVNVM3282YM82GS3W
TXFB-100559,D1SGGXYCA29KGH0XF
TXFB-100560,X5074B3CSYB4SG8U5
TXFB-100561,STTHX41YENBVMTP81
TXFB-100562,6C004R5EB5MA23YJ4
TXFB-100563,RRHD2R1J9F6SY8D8K
TXFB-100564,GHX72R3S3UWFYWA4G
TXFB-100565,723WA1ZGX266W3NSH
TXFB-100566,UMPWPV1EESWLHY51D
TXFB-100567,XJSLAD20JLDCGD1GB
TXFB-100568,2019SWNMGVNCUJ5
TXFB-100569,D8M56X9C3CNZA5XBR
TXFB-100570,F13G0ZU56APZ1KKE3
TXFB-100571,LWX8568V6S606WTUE
TXFB-100572,85M9TXCV740V0STUH
TXFB-100573,K6JXFNKUMCWJBMBLW
TXFB-100574,RYXEP5RR2EAFX16G1
TXFB-100575,N3V4N6RE9E3KYY9MT
TXFB-100576,5PNEEZJ5S81UBZ5LT
TXFB-100577,C13N5DGCHDTFLU3YV
TXFB-100578,FJY9JG6UWR96YJF1T
TXFB-100579,K8C8SFKX1BM6TA2KN
TXFB-100580,9R8VXDE6BM68WSSEH
TXFB-100581,VGGWUMB8KSSM7TB4-
TXFB-100582,4W6FP9KLGW1L01NVG
TXFB-100583,2YTTKWK7EF7BWU2YF
TXFB-100584,JB8GP8J7R0CPFK6YU
TXFB-100585,NKT6G66626JWE5AZF
TXFB-100586,LGJ068WX48VY6LRZM
TXFB-100587,06VJHYG00C1AA2SG6
TXFB-100588,RLJ29FWTGL8TLV80A
TXFB-100589,RLTBT200P17Z00F00
TXFB-100590,CW9SXA93C0W434UAA
TXFB-100591,WRSA7PH4N43V08W8A
TXFB-100592,K9TDMFKARCYHLN539
TXFB-100593,EFPPZNW9ZEGSD6U51
TXFB-100594,YPD19T5H3K4UWLA2B
TXFB-100595,Z6HMG547XAZHMKXHG
TXFB-100596,BTBSN1YB131NW15
TXFB-100597,YJDLVL98MNPTZ1HU0
TXFB-100598,78DR9HBJJX208N7
TXFB-100599,2SV8KHU3PXYAJXYJW
TXFB-100600,3DMV81632TFHWK5Z0
TXFB-100601,829AC0LXNWFDUBZXR
TXFB-100602,VPNN8MZTLRP1URHZX
TXFB-100603,SKZX7E233BMNGSGMF
TXFB-100604,VZN8GZJJW0J7KP2MR
TXFB-100605,CX2UM646S7CVPNLHA
TXFB-100606,6CF9J4WW5506RVWJC
TXFB-100607,G0M9V6GETHXGDKXRD
TXFB-100608,T5S5XWRKL3JC5TLA4
TXFB-100609,V21LC48T1PLYK38KM
TXFB-100610,VULP6AT5E2YFVD6FN
TXFB-100611,K6AFGLBCBP3BJNLY4
TXFB-100612,RBWHDM6J8ZTC8Y39D
TXFB-100613,G2842R0YREJHDDHT0
TXFB-100614,RDFPSH4SBY2AM96P5
TXFB-100615,EN6X8CRZP2GKPAR39
TXFB-100616,FMJX9AG2LPF2S47E1
TXFB-100617,8XPACH3ZY2PTEEM
TXFB-100618,NSFZP49GDVKR22NPY
TXFB-100619,DC0W8SR0J0KGWP16W
TXFB-100620,0MTSNL2SLSY8ACAJB
TXFB-100621,3SF462UX6FRFM55
TXFB-100622,939S689DAT7H08JMK
TXFB-100623,G9AJF19E83016C8VA
TXFB-100624,AGFM3Y6EMEALR7YTB
TXFB-100625,HTYRJ3WWPDR4H0C0W
TXFB-100626,FFR38YC7MUXAT4Y
TXFB-100627,CUB9JLXVWCBKCZ94H
TXFB-100628,AABAEC5CZLBADM1R9
TXFB-100629,1J26HK4AKMAB9GPRV
TXFB-100630,EEN2HTACCWH7NCMED
TXFB-100631,VZP51MF2HMXPN3ZBN
TXFB-100632,X8EBC00X0T4UKZKSW
TXFB-100633,NA6HFPRP2R88W0BM8
TXFB-100634,PG673PNTBK49UTVTZ
TXFB-100635,G3LSKX2FCUHAJLC9-
TXFB-100636,E8T4JEK3DX4N9HC
TXFB-100637,24MTF1PF4BAPASHVJ
TXFB-100638,W3UVRJJAZTE2W1W52
TXFB-100639,268JJ0PSK867ZXK11
TXFB-100640,433VAC4JB1JD1TJ3G
TXFB-100641,43W2HD41NP0D5PZWL
TXFB-100642,UVN7H7GEN4MS1N7
TXFB-100643,8WX394MER76M775UB
TXFB-100644,X6GDPCG72S6TL0GYB
TXFB-100645,ND72YCY4B90V9L2KL
TXFB-100646,BK1U2U8LEFT260F46
TXFB-100647,H31Z7AV78BVK4MG9N
TXFB-100648,CKM29SUGBXFUSUH45
TXFB-100649,A8W9HC1UYXYERWW
TXFB-100650,0Y0Z8G3ZEN5EC6NWB
TXFB-100651,BFUR5RA15V9L78RS3
TXFB-100652,TU751H0F1BXSXDT1T
TXFB-100653,DDN2SSSYU0MN112M3
TXFB-100654,3D2TBP3Z2NPUJK4J4
TXFB-100655,GDT4S3P0B2VS57Z7K
TXFB-100656,DTYG0F85VVH57XUVM
TXFB-100657,2HCYMC6MVN8BL3FS2
TXFB-100658,3DUYJUVPSXPDL4LFG
TXFB-100659,YJC8Y06A3W21DY507
TXFB-100660,0Z9FG6S01WNYN7SS-
TXFB-100661,1YSGKH3HEJS4U98AW
TXFB-100662,V8U61MH2AR1BKTNM9
TXFB-100663,LRZSGDCVHNC42BEJV
TXFB-100664,KKGEEVER23ZMVMEWK
TXFB-100665,D6DGB10AJAYMACJS5
TXFB-100666,A7UYS0T251RULZVZA
TXFB-100667,8PTP8DMG2KJM1ESCC
TXFB-100668,RR17GJS28SMEBE4NC
TXFB-100669,62JYU14N3ZEFHL4
TXFB-100670,9GNH5ZDCY6KYK9N1W
TXFB-100671,KE82CN33VZUVVMM02
TXFB-100672,CLXR3ESVDDR4HBGXH
TXFB-100673,N5UE9LUT4HZAGFTKM
TXFB-100674,AVPYXC3R4GS15YG5R
TXFB-100675,339LTZCMU8VFXXXRM
TXFB-100676,8EKX7JN7CVH08ATNU
TXFB-100677,BERXPRBWPGMG0EKZF
TXFB-100678,PNMFSKAB3GV2MGGYS
TXFB-100679,C04WRAV3HFZM9V4NE
TXFB-100680,HE18WFLKHBH39G0KU
TXFB-100681,R2VSCGBYAKVW67NVW
TXFB-100682,5MT7SA4YDRX5FYC4J
TXFB-100683,D47SUT7UAKSUXSB4-
TXFB-100684,BKWB8GYSUV2W6SV5H
TXFB-100685,NW9MWPBCL9Z31CJ4E
TXFB-100686,FGMH8JX64NLBB47M5
TXFB-100687,0V1UWXUC7D6SKLFCC
TXFB-100688,JANL0EPFFB526AMKS
TXFB-100689,4JNVX2E6X0PU8PCB2
TXFB-100690,HDMKPRCSXZZEUZUFT
TXFB-100691,KKKZ71SC8TVC81R1H
TXFB-100692,J9845BHVGDM3UXA3D
TXFB-100693,87681DZ9ZC26P0PNK
TXFB-100694,U5U3RZ2F2K10LHT15
TXFB-100695,C7HDFT0NYGCB667NH
TXFB-100696,85X6R34FRJ4YTL81P
TXFB-100697,KDS114T065MDT1RJD
TXFB-100698,PCHYD830T27PCMC1N
TXFB-100699,NUBK1KY2GTHMLN6SD
TXFB-100700,J2MVJ65DPC60FZ4SS
TXFB-100701,1P94ZMZR2GCG902Z9
TXFB-100702,LXZC2CX1DVXD593PT
TXFB-100703,KND3WGW4CG1N7H0L3
TXFB-100704,6FR4Y202HZNK68CGZ
TXFB-100705,0JLALLFR9LPU5HH69
TXFB-100706,V343C87M9G6YU776K
TXFB-100707,EAG2SM8T487RTK530
TXFB-100708,ADE17TWRMPRWFBECR
TXFB-100709,6JFKJSABZ1YG3LCZ0
TXFB-100710,P0HA4UES9MVYB51ZY
TXFB-100711,J73P5NWZ5PMM5KNPA
TXFB-100712,GFL886XC8K9GXA3A1
TXFB-100713,4WBRL6FG92KMY7F6J
TXFB-100714,R8PE3D38H4E1077D4
TXFB-100715,KKB5JFWXZ1PM88XX1
TXFB-100716,8U3KWSXVBNSUK44DN
TXFB-100717,UJRVAVSCDTZ12V7
TXFB-100718,JYL3NB82649X0J98P
TXFB-100719,EF8D5KED7T4USXKKT
TXFB-100720,2Y77M477PYW8F3CY7
TXFB-100721,PS0BSK8DSBKMZJRDV
TXFB-100722,HWYN11NW44YGKH339
TXFB-100723,GZGAHKEVDSRU3JKSW
TXFB-100724,4T4AYVEJVWJTVJP8W
TXFB-100725,F66LTYLJ7DMHNMVW1
TXFB-100726,3XV3KPMD114YC6G69
TXFB-100727,NB6BNRV8G3PPMAL6Y
TXFB-100728,NUL9SK9HDVK9Z891B
TXFB-100729,H40TJS2WARMA36HZW
TXFB-100730,TVEVAP23FA7MRCB3P
TXFB-100731,UN2SR7MGHN8DSGG46
TXFB-100732,12A2RYS2K3T9FB6P7
TXFB-100733,WL7RXBT1MUNE5HDHB
TXFB-100734,Y2JD52WWAA9WGMZCS
TXFB-100735,JAS25YSXVDZ3764D2
TXFB-100736,B9DEPA9DWYM2HJ1SF
TXFB-100737,GHSGT2H7AT6SPLK8W
TXFB-100738,CX387KR4R2KXR439U
TXFB-100739,PGJ52GCYW2ATW2M0D
TXFB-100740,AFVBHSHLS0JN552SL
TXFB-100741,FBBSY474YZM7BNAWB
TXFB-100742,4SJ8989NFG4VMXR5Y
TXFB-100743,YAAGPFUU0YDFJ3ZCC
TXFB-100744,DS7NBRTSR11XPTMF3
TXFB-100745,9YP0CT1HX092FEV
TXFB-100746,G97DXJVBYEB9TZHLG
TXFB-100747,T8FFSZD9K1XBZ5NZ6
TXFB-100748,T4Z1Z13G1DESBV9HK
TXFB-100749,8BXPG8RYE8XBB96LN
TXFB-100750,L36SCBVGP65SM4U0S
TXFB-100751,JL6ECUU0MWL9SSKX4
TXFB-100752,5Z5D80W9C75GSMP3T
TXFB-100753,UZM4RWTPN4RTVS3B8
TXFB-100754,HKN6JFV0HCG9J6T9U
TXFB-100755,YWXHH9B96BK86XCZ5
TXFB-100756,1EGVD6WL62BPFL0ZD
TXFB-100757,X61KLDL5DLUCJE4V4
TXFB-100758,4RECNGV5NGDFZALK6
TXFB-100759,T992S8GM2BZKNW7T6
TXFB-100760,Z5UBPJC6KLFTM6CDU
TXFB-100761,ETWJR5U6U0LHFEV1X
TXFB-100762,FRX58YGX0TPF4B6WK
TXFB-100763,RV8UV93H5UAC46RVV
TXFB-100764,RGYG079PNF7VML0GS
TXFB-100765,U7JEH3EW8RXMJNVT3
TXFB-100766,5G8N3NSCT3DZMLAZB
TXFB-100767,D9UYZDKCNP6WWTFZP
TXFB-100768,S99MHEYTCTSBZY64W
TXFB-100769,UPDMMNCHP3UMZ8GTF
TXFB-100770,3W9MLH7VDKE5K7GA4
TXFB-100771,K2SWR9K9PYG2K1PAY
TXFB-100772,W1CPGWURE3VVYL401
TXFB-100773,N6J1YAEHT6P2H74Y3
TXFB-100774,9839L5D10BN245KVG
TXFB-100775,VB3NPL8FXZC1GYNXJ
TXFB-100776,JJ8RECDFKTM42DJC3
TXFB-100777,J5D27U3SGG2CPFJ7Y
TXFB-100778,CDJE2W796A5R1UCAE
TXFB-100779,RW75139FFSX08NVLF
TXFB-100780,UKH44CNJVBSFSAK1A
TXFB-100781,G93E4XN4GL021CPX8
TXFB-100782,RFMF51RXEEDBVRLDJ
TXFB-100783,3BKRSAFPNMB1407PK
TXFB-100784,KKY90VH3P6W0C8A6V
TXFB-100785,38NGF41DB0H63EY8Z
TXFB-100786,39WBMVLN79UDW33YU
TXFB-100787,DD1BAN6WRUUB7AYJT
TXFB-100788,DDKPNBPSNSA4AL2KK
TXFB-100789,KYPDVUCVBNTJZNUKY
TXFB-100790,NLYY0L7TP3SWTHM46
TXFB-100791,0L8MTZW0KAUGRYN23
TXFB-100792,KST0REZBZP2J6T9WM
TXFB-100793,A1ABMB7BE0BJGR8Y-
TXFB-100794,L6JZWGX5L68MHPFLE
TXFB-100795,EMZJ4UNENM98XL580
TXFB-100796,245YKWF475JUFDU16
TXFB-100797,3L0JLR6VH31PYPDGJ
TXFB-100798,HA51KA1ZJ5ZBTLH2W
TXFB-100799,BLM2PK7M73DWPVW0V
TXFB-100800,R1S5UH7DP6AGDRLPP
TXFB-100801,AYW3T88T7PRG1U1BY
TXFB-100802,10AEN481GPR7MXDGG
TXFB-100803,NUCDXNZH5FXY07557
TXFB-100804,EXLADC6HFAH5V0W69
TXFB-100805,YTFFZY2Z4CBB3Z9B3
TXFB-100806,JFL7YZ6TGNX72J9M1
TXFB-100807,BZJA8H6Y27E6FYYH-
TXFB-100808,2E3MXAM5YEEFN7ETZ
TXFB-100809,A35M9YTPJSB55RV03
TXFB-100810,2Z868H0WRUJMDR987
TXFB-100811,FM266FHGRL185JZGN
TXFB-100812,HV9NJW93JYGK86VPT
TXFB-100813,G0GRL6JKGKTPYK4JL
TXFB-100814,8ZZSKRL1E1GF5XJ94
TXFB-100815,6EUYMGEDYYX8V7PG9
TXFB-100816,7AL0DDH6BJX8BEW92
TXFB-100817,4XNDX33UFAFYWDEPA
TXFB-100818,0MCWPNBTEA5HP63NZ
TXFB-100819,576HB7YFJ80TGCCLM
TXFB-100820,KCCJW6V80H3DBJ9HC
TXFB-100821,215WE7RCE8JE0YAKG
TXFB-100822,F1Y785APYU439K7ZB
TXFB-100823,AHJPB2VR4N9D55WYZ
TXFB-100824,6USN3633PHJ19WVR3
TXFB-100825,8E6R8MXP5121DRTNX
TXFB-100826,FXFHV5HPZ4RE3B6B4
TXFB-100827,CTCX8M7582D539R9E
TXFB-100828,P2RWJBNA9ALJSMHYR
TXFB-100829,4U5KPN3DRMENJADVA
TXFB-100830,GUUVR8ATXR4YKV0HN
TXFB-100831,MA9JA2PUG9PJV3RHE
TXFB-100832,S2CJZYE46U27NRMFP
TXFB-100833,56LHBG05N1GDW3T1Z
TXFB-100834,PNZEUGLGVPVXG8NJA
TXFB-100835,3KDRAXLSZGYL3VUXB
TXFB-100836,E3Z6M0SVGP66EAJTX
TXFB-100837,9WMADV6109PRCL4YN
TXFB-100838,PDB2FR4E14JKTH6XA
TXFB-100839,J43DUYL0RE9H245W4
TXFB-100840,2FY1W6GTW3WXEXD6T
TXFB-100841,9VNAYKT3521SVXJ30
TXFB-100842,W34ZD8PSR40R60MFW
TXFB-100843,1609887ASD2L627
TXFB-100844,44RCH70RWUX427JK5
TXFB-100845,UEB99P7RG8MZR7UV9
TXFB-100846,Y19LGKRLL2AHA59LG
TXFB-100847,3MWNM0AJ9G8TDFPBE
TXFB-100848,WLJZVY7C9091S5D80
TXFB-100849,TVUWHKABZY0YC32KU
TXFB-100850,RTSVUBR2AUK42GY7T
TXFB-100851,LGLZGKTNWW7FV7NCG
TXFB-100852,ZDBWD9BWRULGJ8YKJ
TXFB-100853,KMH3C1196KERTLJNC
TXFB-100854,BD8FKMFDNRTZA8TPX
TXFB-100855,K90E07CEWS44PWX06
TXFB-100856,575N6R9D4NFHA47NW
TXFB-100857,SM24RCVP1PV87P425
TXFB-100858,GJE028WYE80RMSJ9V
TXFB-100859,C0BRCASVTE65KF53W
TXFB-100860,ZX5H6HBUJ8E1RGR7J
TXFB-100861,ZCZ4TYK8LK3NJXGFJ
TXFB-100862,M8ZXAKMWBBJMNJ1H9
TXFB-100863,07KS77XVLHPD2NVRR
TXFB-100864,UBDFMF028NNCMBPSD
TXFB-100865,YD6BNAKPY27E674VN
TXFB-100866,FDPCT9JB7M5MUKKEY
TXFB-100867,X4W4ELDNZ53NHBMUA
TXFB-100868,XDUHCC7U5909TXJ9X
TXFB-100869,6LESV83VN2RR68LSM
TXFB-100870,HJ5TJFD655LRLK1AR
TXFB-100871,862S0FTFAEP7LA95U
TXFB-100872,S5C3VFZV5JZJLHKC1
TXFB-100873,MVYXJ7JTN6ZD6SFC-
TXFB-100874,PEFUC2MWNWZRS3W3B
TXFB-100875,M1WRUU2RN1ZP9U53T
TXFB-100876,TPND8RGYH6G4BH0GC
TXFB-100877,JZDLR300490ZY6RD7
TXFB-100878,9X56ZE6X86TM064WP
TXFB-100879,06Z2UVL88T8K5M8EA
TXFB-100880,SUM5YYC4D5WJF7FL8
TXFB-100881,YUBNMFYUP458LUUM7
TXFB-100882,7WAX6MGCTB5CJ7EM1
TXFB-100883,JS0XKTZVLVKJULKG9
TXFB-100884,YDB68MLZYXH2N3D4M
TXFB-100885,KRP3TLTUEYHJXY5EK
TXFB-100886,MFFG51UPW8VTRPTA2
TXFB-100887,Y3FEDRVYWGK62GCX7
TXFB-100888,7B30DH2FMZBX7YC83
TXFB-100889,0USSJUP6ZHXZZYWZK
TXFB-100890,ZYNWX56J5WJT43RBE
TXFB-100891,N61D8YSSUK911EBRM
TXFB-100892,E3L8G66HA2VTP6EDM
TXFB-100893,JPXU3FT41HAX3KLDU
TXFB-100894,S49VTYR97CMKLS4HE
TXFB-100895,7NCZCKPF4B32M2K31
TXFB-100896,H6V2DSGBFYFD4DK9K
TXFB-100897,V7ZXSA4XXJ9B626Y8
TXFB-100898,H85M5XM1YTF5E9H3H
TXFB-100899,5TL5SSAX5HNX3ULUZ
TXFB-100900,DVZPVW6W7B4C5YRX0
TXFB-100901,Y008AVUAHKMBVZJC0
TXFB-100902,0EYZ2TJUMK5TKZYHC
TXFB-100903,0D9ARSZX1DXPPYPJL
TXFB-100904,RLD09GTJD1Z7E89BN
TXFB-100905,P1G48ATSKFP0HLPVE
TXFB-100906,9UUB9GYVU0C9Z3X43
TXFB-100907,UH7WFRXFECFZCCV
TXFB-100908,ZDS9NZ7VDU6RNB9FM
TXFB-100909,FXYEP871RGS1CDJB-
TXFB-100910,N3SW99TUB53VSVWVT
TXFB-100911,EX442NVGUZED2PDYH
TXFB-100912,G8R73FF9HXYCRN6
TXFB-100913,H7TS5D9K1SFPXBGWS
TXFB-100914,NX9SL20W8KEZN01ZU
TXFB-100915,AHL1L4H1KZWENYPHE
TXFB-100916,LFRJS63YYVW99A9UK
TXFB-100917,R5LFF209Y08WP3XTX
TXFB-100918,UF2L6GNFR07U492YM
TXFB-100919,31S5NPNEA9GGLNUMB
TXFB-100920,86KKH5CP5VSCD3F5L
TXFB-100921,L2X0NUP40UDT748YJ
TXFB-100922,74WC1RE94HL8VS8Z-
TXFB-100923,F0BJ3P94ZN3LR3C66
TXFB-100924,T3GNTLG4HH0FUNKW4
TXFB-100925,BY3PGZWKX2MSR9E13
TXFB-100926,S0KHS6P068EM3TSPR
TXFB-100927,3P1N1ZPPWUMYDXF6K
TXFB-100928,EW92CL95R1718WUHY
TXFB-100929,KBGEA56438UT8FYVC
TXFB-100930,6EF0F6GPAFY0DKRDC
TXFB-100931,BZVG9PTLSST2M223P
TXFB-100932,ND7LXP35LHEMW63XW
TXFB-100933,H6J7N7JHUT5MG7W52
TXFB-100934,PT9SSUPJLMFSEYYU-
TXFB-100935,N2AEHJ8E6UBBRUHZK
TXFB-100936,6S6KRAESDM3PDC5P5
TXFB-100937,4CNU76V0AYZJXCKKW
TXFB-100938,CVABE7XR4TAANMHC7
TXFB-100939,LYK0VKVH1VCX9T6YN
TXFB-100940,VY3R7ZFJG9M75Z2LG
TXFB-100941,48J6P8ZUFKG04U5V3
TXFB-100942,RG7KKLDFYNB16PR6H
TXFB-100943,6RK4NXECXUH05CH4Y
TXFB-100944,00Y7PX6KN6KN6HNLC
TXFB-100945,DR2WBSU43GF4RK8WA
TXFB-100946,12W1KRHGM0F10R0GN
TXFB-100947,73Z5ZXED31BYRF8WB
TXFB-100948,YEUL3GD9R2M3GWEND
TXFB-100949,9ATPGD3NDWCKP6CNU
TXFB-100950,T3R31WAWG0L5GF7RJ
TXFB-100951,45CUPTK3APJBU22T8
TXFB-100952,BACGDPWCLKPA9L4XH
TXFB-100953,LBHVWNSPL6AZZMUCC
TXFB-100954,TUNW3D505A84FEYND
TXFB-100955,GB4KJZDMJMWJZEUC8
TXFB-100956,PJD2CMFMB4N4YCJRT
TXFB-100957,1U9GX6NXLT61242D1
TXFB-100958,68DMP6B6TZE8C9NG6
TXFB-100959,8ATE8T87JGLCX6M2H
TXFB-100960,SYVYZ257N6DBUKBCB
TXFB-100961,SCMNHT2DCRC52MV5W
TXFB-100962,C6NJMM8WXUAR0BDMU
TXFB-100963,E0UZ5P0XUYSD67JWH
TXFB-100964,BF5029J5PM7YLSDVD
TXFB-100965,CAX28ZSTUZUPHD45R
TXFB-100966,43SN5KGWDSPJC51MN
TXFB-100967,42D39WMT2MRVCMKDG
TXFB-100968,C6GHMA6ANU2U80Z62
TXFB-100969,37L7K6J0N3N05FHXH
TXFB-100970,SETG4BATKV8LHEBJM
TXFB-100971,S0J8G15WJH8PFSMBV
TXFB-100972,UZB166A9KRR7GA2Y0
TXFB-100973,W0UFN6L44XMDF7V38
TXFB-100974,NDFYX0R3KFWXNWBPC
TXFB-100975,Y827LEFE10CBMRTHV
TXFB-100976,4CF46N5TZEJKA9TUC
TXFB-100977,KD11DK7F4NRMCRUY5
TXFB-100978,KTCM5KLABZ8D8LDKZ
TXFB-100979,BVDGTNVWLFENB7Y0R
TXFB-100980,UJ59C4LH29KGWZD0V
TXFB-100981,06SC9Y1CH7G61N8RS
TXFB-100982,TKAW94BSGLJCRYTZX
TXFB-100983,UXKRXBRZTC05EDE8Y
TXFB-100984,86V0ATX7R4JJ6N7KW
TXFB-100985,7T2DJL9S1TZBAZWLS
TXFB-100986,50RR4PACAMV2ZM2U0
TXFB-100987,EJX45B38XD18EPM68
TXFB-100988,92W99C2DFP9EEN467
TXFB-100989,YXFWAVWRVAFS0JB8R
TXFB-100990,TM6KGGZRMWHC1S91R
TXFB-100991,KK7ZV93BZ54D00HFD
TXFB-100992,J574VTFC1M0WHM3JJ
TXFB-100993,AV6A09HG7T5RDTBH3
TXFB-100994,M7UE8FZ6CY0LXJ42F
TXFB-100995,ABTMH7L8PDN5UELY4
TXFB-100996,7TJHUTZHX6CA363B6
TXFB-100997,M76P5736JR28CPFMS
TXFB-100998,Z06H378FMUE5SYRS3
TXFB-100999,6SBWHWZW54CEKYV2N
TXFB-101000,0GXE01BA6D75KZBK5
TXFB-101001,KE1HJKRWJ9LTEK115
TXFB-101002,TEFHP03G6P55C2D1V
TXFB-101003,R4X0R6RSHTK81Y8K4
TXFB-101004,RS8EHGG3LPV9KYWA5
TXFB-101005,TCS914T0HJ7XAC414
TXFB-101006,RURFV86PDNZG3KX2P
TXFB-101007,5ATLRNRH6ULSRTW6M
TXFB-101008,75782Y161MCPUYBTB
TXFB-101009,M8NWT5N1FCNZG3T4Z
TXFB-101010,C0GDH9AYPD8704FED
TXFB-101011,03FYTNK16K2MUM0
TXFB-101012,NVY22L39W0HSCS47C
TXFB-101013,THCR8TT5TCRVX4WWL
TXFB-101014,TKBR6NHW5G68GLAVX
TXFB-101015,XMM2LUAGJ5RVP16
TXFB-101016,7CW3VH5KA16FHKDB4
TXFB-101017,K1JRBKXUCNVBDTAXE
TXFB-101018,Z0FKLJKSZJFB42LJR
TXFB-101019,6YWC3X04ZHSVT4W1P
TXFB-101020,2DNSALXS843291NWM
TXFB-101021,13GKH4NURF2PVAYPU
TXFB-101022,B1A7VLBD1LCW17EXS
TXFB-101023,1WB0D9HC9EWXPTYXH
TXFB-101024,RLDBH7JZJ9TZ2YVNX
TXFB-101025,JUNMVPSKP5BH8VFGR
TXFB-101026,8P5SN9BYDL65WXSFG
TXFB-101027,4HJXYVKVTCV41C4VB
TXFB-101028,T3TZRVJB0M1LXJSB9
TXFB-101029,SDGTM5SL7NE584J4E
TXFB-101030,8ZX3UZUL6GUT36Y0N
TXFB-101031,TW26MPABRK48GRPM9
TXFB-101032,PYVCL7RF80BAW75D5
TXFB-101033,395H32GVLMPVYFJD9
TXFB-101034,E4C84FTRGFNZ0HRYD
TXFB-101035,WLZHMU9X6CW39GKSH
TXFB-101036,13RS1KWC3T9UJSMZY
TXFB-101037,HHKRF59H82BWKF255
TXFB-101038,2B4M68ZN5DRZH2LJ6
TXFB-101039,MAEY00VYXP432DBAU
TXFB-101040,WZJFAUWGKUHE43D
TXFB-101041,ENGFVUXF3NMB4UHMT
TXFB-101042,8HD5859NPZZCAD1X7
TXFB-101043,8MW1TV3WYBKGMKXLV
TXFB-101044,E7PTYD728KARJLUEH
TXFB-101045,JPZD600CNNZX8RCBX
TXFB-101046,BY49RKB70BFVA1YFU
TXFB-101047,KY2RL07SHEFNT9CM1
TXFB-101048,47ZX02028B83NF8A2
TXFB-101049,FNR31JUR4V705JXBG
TXFB-101050,N67YC2STL3SZZPWU2
TXFB-101051,C7U1FN39KM0SC8W3N
TXFB-101052,H5UGLUKRTRWSGT7HA
TXFB-101053,K01007DVGCVZHY61X
TXFB-101054,BCB9LEEXUA9DFHM27
TXFB-101055,7XYSPWTU52321N57R
TXFB-101056,HYFDDKZ5J38SRE5LN
TXFB-101057,31ZXPYMWM6D7ZE8CY
TXFB-101058,HHGRL16C5FZPK6KBE
TXFB-101059,SHLW24XVFEY243UPC
TXFB-101060,NJY5BXE529RAXWLT0
TXFB-101061,1K7ZUR0PRS65B851X
TXFB-101062,UKEPF1YLECRC7G8ZT
TXFB-101063,6S7XLSUDGLHRHAB1T
TXFB-101064,9MMF30CN3WPSFGJ62
TXFB-101065,NEJF5BVAVVZDJ3YC8
TXFB-101066,Z55RX5YV670EJ2B3Y
TXFB-101067,U4YKLWG6X4ZH01310
TXFB-101068,5EF3A7H1G055FA6N4
TXFB-101069,WY9HJFVTJLR4KU6PC
TXFB-101070,SMVKY26JZW7B0ZEE8
TXFB-101071,RNU7XR48RST7RAWV1
TXFB-101072,ZURNWJUPVVLWYUXDZ
TXFB-101073,L2T8CFXFEFHWJ5BU-
TXFB-101074,ZSMV3VFPGS0P95WD8
TXFB-101075,D0MZVAZ0AANMYSD3Z
TXFB-101076,DY2V40T8C5NJEKJ5Y
TXFB-101077,W0JSY77VAJLRFGCUP
TXFB-101078,3G6T9SWBH0ZRAY35F
TXFB-101079,6PSUV344ZW7W70HMA
TXFB-101080,2X519B5F6S2L2CKR6
TXFB-101081,5XFJ5XG5HTNPKL5BF
TXFB-101082,MP4TK5NTSC1CRCEZT
TXFB-101083,ZSM13VJGDLBL045TP
TXFB-101084,GW1SUUXYZ6DG4KM9H
TXFB-101085,HUH4LDN11GCN4H2RD
TXFB-101086,GSP6D9W532K6BUHFG
TXFB-101087,16A1P36RDF9FS8LE8
TXFB-101088,UPY77AJ68ZD01UBF7
TXFB-101089,AHP7TY5YVS7U0Y56X
TXFB-101090,9FEL7FDPD5PFNUAW8
TXFB-101091,N1H1G6HVY5UAB48JJ
TXFB-101092,A6SCR8Y0DUJVE9AD8
TXFB-101093,GAUCVDSZ5AMG6JM8Y
TXFB-101094,HXN0HGWJ5VUKDHH40
TXFB-101095,K2RLBNDBF8HKHEHP7
TXFB-101096,PL0VXLGY87LV1UUBN
TXFB-101097,06UBB1KCVV7GJXAJG
TXFB-101098,8U7NBF0LU833ZB1XZ
TXFB-101099,ZZBA28NB70H9CNGY5
TXFB-101100,AY80AL510AAX8PWZF
TXFB-101101,GDAU2EBAK30WX20EX
TXFB-101102,6Y6N3RL9JR0ZZPA3L
TXFB-101103,N5B8ZTR21WJH76V7P
TXFB-101104,3FSJZYFX8N169LUZH
TXFB-101105,DHE8VUY4MKBMLY5KV
TXFB-101106,Y32W553EPCESEN97X
TXFB-101107,H0M5PLUTF7HEW3R74
TXFB-101108,977ZMG79RLM7XDESR
TXFB-101109,7HE5DVG1053760TFA
TXFB-101110,HFARNGL5ZZ7YZML4V
TXFB-101111,NJFS2DHPGD1JH3242
TXFB-101112,TLS5DCC5SXARRJ1F3
TXFB-101113,0M1UH173RV736VRP6
TXFB-101114,LA1RMDYJHNNCC5PU-
TXFB-101115,MGFGWZ69TZ70XRFB3
TXFB-101116,W2D1Y7WU8FBLM757A
TXFB-101117,WT6P61VZHK8GRWU13
TXFB-101118,8NVTLY5BMGKNKVN5S
TXFB-101119,14G11MKKKUAP97TNF
TXFB-101120,WD3WSRSYN9GKB0F6L
TXFB-101121,Y0SN468HP3XVEUEL2
TXFB-101122,TZ3689W7TTADENBT0
TXFB-101123,VBTMMZ4D8U6CMG8V0
TXFB-101124,8DC833ALE2HSXK1W6
TXFB-101125,PEE74MSJZELTBWMC6
TXFB-101126,GFFRJ97N9TGPW4RRC
TXFB-101127,D3D8A6UZ2W06Z95MM
TXFB-101128,58P6B6CCJ04X4KHMP
TXFB-101129,URR9NCTV66Y782EKP
TXFB-101130,XH7VMRNBD038BJB8E
TXFB-101131,V5SRKEDCN5VA444L8
TXFB-101132,AV0D3TXUG8375YF42
TXFB-101133,71GS23MB2KMRTSN51
TXFB-101134,NDXB8WEB0AMDBKH1Y
TXFB-101135,TUNWXSLKDNA6GUF4A
TXFB-101136,JMFGWG44S2ZGW7A9A
TXFB-101137,HHJHWKKNSKKM5GB7P
TXFB-101138,5G8R3X4EC5HE8VSJS
TXFB-101139,8DNLGP9M7DVB0TWVD
TXFB-101140,W1FDGSSA3XMD75CA5
TXFB-101141,DL0VFZKLM0P2SZ7N6
TXFB-101142,GT8WZMSTA4XSAWBKE
TXFB-101143,7KHPTN5HVMD24JGRD
TXFB-101144,GLLJM058984ZK6D58
TXFB-101145,NF3E19B92AK4YUTV2
TXFB-101146,SCAARTVJ310XYELJT
TXFB-101147,N1795DPMC37AMEGCU
TXFB-101148,RUEW3UXMUKJ1D5HZB
TXFB-101149,4GMYB1NPLEA6SLNL0
TXFB-101150,JP0NDS3WA9ZJC9TRZ
TXFB-101151,061SMBNJKC2LBDU6G
TXFB-101152,6UEV1WAYG812N3BJ0
TXFB-101153,VEVXZ53GZP6N1NGAJ
TXFB-101154,VJ2K6KY6G0ZWYN4LS
TXFB-101155,A87CW24SJ0KXSFE0K
TXFB-101156,6K6LBZK8WRYWH6UMF
TXFB-101157,HTRVMTDV6RJFS476S
TXFB-101158,PP8K4Y7UYKYALTFHD
TXFB-101159,50751AC7H4H435582
TXFB-101160,WKWG5LXU6H8CZ3B4B
TXFB-101161,9GX0Z1Y2BWPVHCTJA
TXFB-101162,BKW3BR6LJSSU80XBW
TXFB-101163,F7V1ZTFDKHNEVP2B1
TXFB-101164,ZLRZ28KH09VCT8RHJ
TXFB-101165,JW3GJWL5NFYAS1U18
TXFB-101166,9010BX0TX8HULLC09
TXFB-101167,A78Z6S1DLDB9EAY9E
TXFB-101168,8H4S3D5GHAADC8BZK
TXFB-101169,S7V52Z6ZSC97FEVLB
TXFB-101170,GNNKGV89X13GYGGAB
TXFB-101171,VC2DYGZP3DVHE933S
TXFB-101172,F0WYFURXPZNVY5LWE
TXFB-101173,MEZDY2BFJ3LUJWR6A
TXFB-101174,792WS9H2NAAG8WLU7
TXFB-101175,FV935X147VLMMSWWJ
TXFB-101176,P72TWKKGZ2Y7SYYZ3
TXFB-101177,AJ8E00DEK7X7LL1CC
TXFB-101178,EZ0CPHD6FVE69P1HZ
TXFB-101179,6YPWE8B8X29FSD62T
TXFB-101180,HUWTC2E4R4GSX2WRT
TXFB-101181,GHH47N526MGAVBLMW
TXFB-101182,6Z2Y8MZKBE18AXBYP
TXFB-101183,NAY9F47HEJ4RREATW
TXFB-101184,PV8WVW7ZHT1NCKSMV
TXFB-101185,3REGUZY6UJSA85YXC
TXFB-101186,1LF045012XXF7ATDX
TXFB-101187,4Y3DBBL3Z5CE9AXGJ
TXFB-101188,GNJJXAVYBJJVW4WK1
TXFB-101189,SRVG80R7DXUACVR58
TXFB-101190,D1YY14BZ4B5ASDL7P
TXFB-101191,42BRAAL6CCLT8ZJJE
TXFB-101192,BBZG16AN832GFB24A
TXFB-101193,79JXSTUWZD1C6YAH3
TXFB-101194,DXN5DYTG7K6RY6JL4
TXFB-101195,0ZHUNFZM5G2PSJNDG
TXFB-101196,63WPBVXA8MXL38BMF
TXFB-101197,7ABXAPHJPL0F0VL8M
TXFB-101198,UXV9FRVYC0VL5TC0S
TXFB-101199,SXK02WDW8A7YRH0DS
TXFB-101200,NKG1B5PRM1LHK4HB8
TXFB-101201,LS288EN45YKZSCTF2
TXFB-101202,GS2X0GEM6YPC5VAU4
TXFB-101203,2GLSC4GVS6BTM3YPM
TXFB-101204,LCXXZ5UTZ2SM46ZVJ
TXFB-101205,XCB5XVZLJLWJXW1S2
TXFB-101206,MMZCKPTJEAWPK54LU
TXFB-101207,XW35NRARS53P8V912
TXFB-101208,GSF6UHT2SSKCAFYMM
TXFB-101209,DZCEE5GF9NJZLAZB0
TXFB-101210,SUULDGYV521195021
TXFB-101211,ATST5W0ZZSGK4S9YY
TXFB-101212,N09JAN35987PCPCWL
TXFB-101213,AX4WSS7RAJ8CD173X
TXFB-101214,27VWJKS1EJRG7YL0W
TXFB-101215,C68DE7LEHYRB6YJ41
TXFB-101216,EVN6K6RHTRBCWC8VS
TXFB-101217,JTDPPN14945GN8LC-
TXFB-101218,MPF05RPHY3MJGP6GL
TXFB-101219,4082DZX0V4FU1J849
TXFB-101220,602JTYXN9523JULKB
TXFB-101221,MUR9BA3LHJ6W51NRY
TXFB-101222,9DT2W0RGY9FMCM5WP
TXFB-101223,3KWX12KC0VS8WFAPM
TXFB-101224,AWKDE9SA8M3UDKDWF
TXFB-101225,8E04GTGUXP1F3LJ5L
TXFB-101226,3DY6271HHDD2P23FG
TXFB-101227,T13XSZJSPLK9ANBW-
TXFB-101228,NWMPUJK9BYYM15D9P
TXFB-101229,TVKH8BB5UR3NBCZ6H
TXFB-101230,V4JB1ELWYVE7BG3JF
TXFB-101231,DR9E4YMNDDWCKXWUD
TXFB-101232,ULNZ9WUNKR4NYE1FY
TXFB-101233,L6HK8CTWT71WL1LS5
TXFB-101234,NNP62YK7SR65P14Y4
TXFB-101235,V8W05BTZD7NSAGB3R
TXFB-101236,46SXT0MHFM9S84KV-
TXFB-101237,08FBY62XF8MVP87BF
TXFB-101238,CKZ3LTGD5V853HSD4
TXFB-101239,RW14YDN1LKJPC66E6
TXFB-101240,JV0YCG6FN1MH0VTGX
TXFB-101241,R8HCT7C5JMEJ0W81V
TXFB-101242,GNHMK3B8AVXR0863U
TXFB-101243,Y8MBVCJGHN72SVYK9
TXFB-101244,0C0TDHJCY61GAMVNH
TXFB-101245,EWFMDGW8KTZCAAMEM
TXFB-101246,BVVGS0CEGY7EX0MY-
TXFB-101247,YM8AB5A22K09DH83C
TXFB-101248,XDKPDN2386LTFCSRT
TXFB-101249,CTMZRK4XL7EKJLLFA
TXFB-101250,YYCYLK9D5ZS6STSEF
TXFB-101251,BZ256MG7RZBJWW0NG
TXFB-101252,74G2UPHYSN6BUXH1W
TXFB-101253,EN6CZFGPTADEKLUM6
TXFB-101254,99D3KYS2MUVTPU5AH
TXFB-101255,DEKG6KRYRDZ9PA6JE
TXFB-101256,DMA3E55SZTVGGVUVC
TXFB-101257,W456SGG79SY5ZW37M
TXFB-101258,WH1NH44KL77XJAR5K
TXFB-101259,VK1JN5AAMZDW173FN
TXFB-101260,HE5721KBGS279NGWB
TXFB-101261,E6M3Z40UUV3H8NV1D
TXFB-101262,2RH9AEPZHZYS5TJJ4
TXFB-101263,59FJR2NDY2S9W9EM8
TXFB-101264,DR57FX3LX6UAZHYPK
TXFB-101265,23UGT7HRHZFZNS27U
TXFB-101266,ZMTWVME8KVMDD2ES4
TXFB-101267,D8R1FS7PVJ8CSCV0D
TXFB-101268,W4UL1WJS792GTMKLR
TXFB-101269,RERDSC7D98BD3JB63
TXFB-101270,B1KVDY25BECMVDYXN
TXFB-101271,5B88914EDV0JLXH0L
TXFB-101272,XJ55E98CTUKF9UE5-
TXFB-101273,01DFCFUWCS4K3JYT4
TXFB-101274,PT5L6Z740SJ9BAF4Y
TXFB-101275,MD924240XAE99YKVF
TXFB-101276,5KH70ZDKHG9MFYJ8H
TXFB-101277,K5YZMGXY29D8ZC534
TXFB-101278,450JFVBFK519K9N2L
TXFB-101279,RD63RAUJJ4WWUT5XU
TXFB-101280,VBT81KAYP535K4319
TXFB-101281,BD3RN67XTAL7L9ZZ1
TXFB-101282,KT1PHT1P2ZKM5X0G8
TXFB-101283,JXD1VVM8REAAGJ7EE
TXFB-101284,L3B43DXX019FDL8CM
TXFB-101285,1UBWK5PX3ZCAZS2G6
TXFB-101286,KEMHEK7Z9KNLVJTJE
TXFB-101287,E3H1D2M5Z7PZNFM0U
TXFB-101288,9P2H4GFVCFD4BDRNM
TXFB-101289,M3A801PCKY9VP4DBH
TXFB-101290,4CP6GU7A27G2WZEH1
TXFB-101291,4T361E7VFKUCB6PP-
TXFB-101292,FWLC6YL8R6BAG1328
TXFB-101293,CYM5EM22B9XH0YPYG
TXFB-101294,EN52AUKB7K8ZK4REH
TXFB-101295,YWBYTC90NP5PW0GNC
TXFB-101296,E0JEGH7PZ9RXJJEFY
TXFB-101297,D7G091E1360E547K0
TXFB-101298,PWUA4TDGZKJE3MDKG
TXFB-101299,XMN1Z9E96S5EW5LZ1
TXFB-101300,9Y7KRENMJ9KUTDVB3
TXFB-101301,ACE98X3KGF8XJ1ARN
TXFB-101302,LBGP3AFF71Z6ZNH1L
TXFB-101303,5GFBXEYH2GHY54C9J
TXFB-101304,T94JT6EDNGVCFX3AL
TXFB-101305,SCJ7G7NWW73VG89CU
TXFB-101306,8P6G60ZBVHLVHPTN9
TXFB-101307,1YUCEXETJCPEY7B6J
TXFB-101308,3Y33MD1GASD9F43BS
TXFB-101309,LYJXGJCSSYEL96S1F
TXFB-101310,AZWH0DDHSHXCPEMRA
TXFB-101311,LJ9T8TW5ATX35DU45
TXFB-101312,VEB97WVNH4KGYXB1H
TXFB-101313,EVRW6U8WS9HFT3SE2
TXFB-101314,BDD4XZYDPTEB46Z
TXFB-101315,6R9RXVEM73NWDKKTM
TXFB-101316,02JVGWAES6RT92V8S
TXFB-101317,REUYVUERREP8XFS01
TXFB-101318,VPP0G0H7CZEZ364WL
TXFB-101319,80X0YXZS7BPT4TUG2
TXFB-101320,0819ABKJRU5TL5XPU
TXFB-101321,BSNY3KDCCBCG17BS4
TXFB-101322,GPVVJAVDLG3W1LKW9
TXFB-101323,UHRL9TWGX7Z4UT2Y-
TXFB-101324,7215VXXSR23BA01FU
TXFB-101325,8DZA8FMLB91K6AGMS
TXFB-101326,691APG1G65CSMGNAM
TXFB-101327,6VRLTETKL1BT9ZXPY
TXFB-101328,C6JC0S6KFBZZPJV21
TXFB-101329,78EX43GK3Y66EUGU3
TXFB-101330,RWZL1C69WX2MCYM4Z
TXFB-101331,MDGBV3EWYCEZ01G5G
TXFB-101332,CATKK70G8D902RPRB
TXFB-101333,CEGY4EKA54JVJSWLY
TXFB-101334,L5G6MT4WC5BHE97W9
TXFB-101335,XS7WH3ELD22MRH7V9
TXFB-101336,H3SYMG7EBRC06L388
TXFB-101337,C2994EDW1GL2DZT1Y
TXFB-101338,KC2T8ZWCHM78P7V9M
TXFB-101339,RYF7R29XZUCJVTPS6
TXFB-101340,3TNLA762MD5S7MRSX
TXFB-101341,MV6DH478940HADLBG
TXFB-101342,SLNJN2ZLLGMZ2R3KF
TXFB-101343,XZJKH0S29R2PK3N86
TXFB-101344,1B0YWYC3Z5ME1AEDC
TXFB-101345,WV3N9Y8NEK69V6E9P
TXFB-101346,F8NZG1K5UBYHB8687
TXFB-101347,LKHKZN09KT414R50Y
TXFB-101348,XYYE0M6KS0VCYB3K2
TXFB-101349,BK0JK16A4VMUDKCS4
TXFB-101350,P25A1GF5AUUUWVNRJ
TXFB-101351,ZCRFD92J6TZNC50X2
TXFB-101352,KR7ZX3AXE8HRWE5KR
TXFB-101353,M1ZBF9GCTUKVYD9FY
TXFB-101354,AA5FE8K0S4SJS1NS9
TXFB-101355,GP1PTNAR5U6CHE49M
TXFB-101356,3BLSA5VHXU3KK3K9H
TXFB-101357,9TLR9U4S3GSKF11VA
TXFB-101358,SR0ND4DXDWJXRREYX
TXFB-101359,BKBGAXZK4BYT68Z9U
TXFB-101360,AHWVJZ4K2T7BWNS50
TXFB-101361,2UXC9LSZH41RAHW4R
TXFB-101362,SCTL4B1MG7N8Z1XZT
TXFB-101363,KWX07TR819FCR8Y1S
TXFB-101364,F4DXMR8CLJEP4A1KP
TXFB-101365,TENP8J3M23HL51SRT
TXFB-101366,2LAGDZ5MZFA9PY3A-
TXFB-101367,TRS2AB5GZSNU6X7PG
TXFB-101368,CR54LFEERRKJCJWJE
TXFB-101369,J9UWHMSU46MNS4T0R
TXFB-101370,3PVZYUT14XAR6JXE1
TXFB-101371,19WY8YC07UKSP96XJ
TXFB-101372,SLHCUJKE1SH6KPWNN
TXFB-101373,WC4MUVX85NU5C18EA
TXFB-101374,SD5SJYDVSWRPTJY65
TXFB-101375,XNEH2U6VN75YLTDJH
TXFB-101376,39726RBUTTXAWZFDB
TXFB-101377,BRDYC4TBKCTZ4822U
TXFB-101378,VAUW7PU5KW04ADGNJ
TXFB-101379,RHR1Y6N20USNAMC32
TXFB-101380,PXZSMB99831RNXVK7
TXFB-101381,835Z0DJ90RWB4Y1HU
TXFB-101382,X17YR975UX69F2GRM
TXFB-101383,SP06TTN6EUTAA92R4
TXFB-101384,86F1P1RFGYCJ4HS09
TXFB-101385,VK0WKDKKJ7WPRUR5S
TXFB-101386,EAFBP07XR52C86SMZ
TXFB-101387,W9RX2M47ED31HMZ5S
TXFB-101388,XB5F0H825P3NAXE75
TXFB-101389,VSNTYBBH6AZRM1FK7
TXFB-101390,NBABGBHGG1SU5NB88
TXFB-101391,YRHR4CANM7JEB47XA
TXFB-101392,R3N4ZB32T7VZ0Y7CM
TXFB-101393,KVC9G93NW3EUPPBLX
TXFB-101394,XA0GU44V95EX3BU4-
TXFB-101395,5RXBY399J52ATA61D
TXFB-101396,B15KE7FG4MF54AE
TXFB-101397,E5EW9XBVW4D2K9EZX
TXFB-101398,Z100XWUJAWW2WP9PF
TXFB-101399,4CLK4E7WGGM7NGHAE
TXFB-101400,G2BPZPM4096V60VHL
TXFB-101401,MUJS0V8MGYYYMFZ7V
TXFB-101402,EPC8HX5707U97XGJT
TXFB-101403,C5T5N4RJ71Y3HHM7R
TXFB-101404,BF1RU407XHJALAHTW
TXFB-101405,D3RJYC1XNCMDAHDMP
TXFB-101406,7FCE4TPHC8FBHTENN
TXFB-101407,YCYXXA3KEY7ZZH9W7
TXFB-101408,ULTJNPDAG1DHYUSKP
TXFB-101409,K0TSK9MDAZCSE0146
TXFB-101410,YB7CC1A21NUMVACU7
TXFB-101411,34U46FUH3TM2P4ZK2
TXFB-101412,YYFN2F7ZKWJ4REBAL
TXFB-101413,EEUT0BEM95Y867B4F
TXFB-101414,419W51N5GWT3MR8F-
TXFB-101415,D2GWVSZMHCGRHLZ9L
TXFB-101416,DXDFE02E0HW6RS9FJ
TXFB-101417,BPF2785J00658N83Y
TXFB-101418,Z6YJ6KRNTTFV2Y2GF
TXFB-101419,XCWP5GFPFLNGUA89K
TXFB-101420,SR23YK059R6EP6P6K
TXFB-101421,PK33KZSMU0GRPHHLR
TXFB-101422,WWPPU4AFJ125L8B1J
TXFB-101423,1XUAHA1696W8B2K
TXFB-101424,BB18K5PWWZXDJ7FV9
TXFB-101425,WELY6DR4ZVWGYZPDP
TXFB-101426,ALLFLLM7LH6JFT3JF
TXFB-101427,8JF0ZJS2UG7KK9P3R
TXFB-101428,FYMY36LN10UCMJMHN
TXFB-101429,BRNFX2GXTZ3NSFL
TXFB-101430,6FHK1BWPPGY37HBM1
TXFB-101431,CUFREK29671HNK2JR
TXFB-101432,KD1UTUCK7TR3PLY
TXFB-101433,C2GNMJCTBEC5D4942
TXFB-101434,72DYXC12VY6SV0TRU
TXFB-101435,ZKCC5UL2DE4BY8J26
TXFB-101436,H3PKCEHRGXFZJFLDY
TXFB-101437,P05MEPJT912DBE2A0
TXFB-101438,8RS37YEZNLPPN3N65
TXFB-101439,WR5KART8JKETYX0G5
TXFB-101440,Z23BSH6CLXGNSH8P9
TXFB-101441,D5VY40PEVBNTNREDY
TXFB-101442,GCK43111AGB148VWR
TXFB-101443,RS8PPXXJK768ZKZJB
TXFB-101444,BYG94G3JX5CUX7U4T
TXFB-101445,JZ49RF8VK5KNN0WFD
TXFB-101446,2X2EZAHAP9Y3JVEHK
TXFB-101447,RDJRGXGUM7F6504P8
TXFB-101448,45NN4ACUTR2ZBE9FP
TXFB-101449,FMABLGJPV1D5XS635
TXFB-101450,DAHX3XC3Z6J5HBEVN
TXFB-101451,HMHP7VEC04TMGZWSP
TXFB-101452,5P4TSNM5V9RG94DU3
TXFB-101453,X5KXAB8JMC6SL5RJJ
TXFB-101454,60MH01LE0HA1WS62W
TXFB-101455,UM5E66Y1W4MVG7UY4
TXFB-101456,LUX3UUYM7UB1CP9PW
TXFB-101457,34MJ5P1SZM5655RYY
TXFB-101458,Z3L7GSTVPW6RLJ18C
TXFB-101459,CJBRCRNW6ENW126UJ
TXFB-101460,9AH3BEVC2C7JWS3H0
TXFB-101461,BU9A9NNCVUA70PCBV
TXFB-101462,82USWPH0PYD1FWLFX
TXFB-101463,P3ZD0S8G7V3HTY9K8
TXFB-101464,54UDV12HV90AADVY0
TXFB-101465,VX24LAKBHJF528D96
TXFB-101466,SXG22BMG9Y1ZD6Z
TXFB-101467,3FHC1W6KD2MKN18YN
TXFB-101468,SP6YHZKTVG9ACASGA
TXFB-101469,0KTHW5YJ8RPK3TU59
TXFB-101470,154U26AH766T3WSB6
TXFB-101471,SATB5RHXB1A3RC4K-
TXFB-101472,28HGDBNK0NURJ9S7Y
TXFB-101473,HW8YD4Y2U3KHR91DV
TXFB-101474,JNX44UXCJ94G956H1
TXFB-101475,4EURK80Y3CEJBW7EG
TXFB-101476,Y3TK888LV6TJ31HZP
TXFB-101477,G7HEHPUKTSDX5Z258
TXFB-101478,2RDFNYNXHWLSWNTHR
TXFB-101479,YRSVG5EKZ6SH0DAK9
TXFB-101480,UGNC8JJ87KS601JZC
TXFB-101481,23MZ6CUP4JS3L5EXT
TXFB-101482,W22LWDG513YN2M3DL
TXFB-101483,P7DUH28KB92ML0C69
TXFB-101484,6PMNPBH4V7USMLDR2
TXFB-101485,56X0D82F9NCCS4JH7
TXFB-101486,94TM4K746JTYBR77Y
TXFB-101487,0B7PDGN2DPLSWE5C6
TXFB-101488,C4BKCGRRR87CRB5ME
TXFB-101489,G0R04JT780MHJGVPE
TXFB-101490,U31XJ6CCPFDFUH4VN
TXFB-101491,10VNRP9MLGZFZUR59
TXFB-101492,MY0M0XD23X8GLRFRU
TXFB-101493,C6DSBSFDWMKY175B5
TXFB-101494,NCEGAVAZ9Z7NTPR0J
TXFB-101495,WJKWW1RH5DFMYA9HJ
TXFB-101496,EL2SKDFER1S9UC9E7
TXFB-101497,JXZXHNGPT0C7TZRPB
TXFB-101498,K7BTJLJ8WY7N57G7E
TXFB-101499,KVXA67ZJK27GV0BC5
TXFB-101500,R7X9NZ8GGAV7Z1GPL
TXFB-101501,5BP7A6XKKVPUESM7Z
TXFB-101502,X1KW2ACW7AP1RZB78
TXFB-101503,PZ7FVM5UBGP9G2PP-
TXFB-101504,WBEP4ZLNAA9VX2BPJ
TXFB-101505,LLJ8A2LJZVB7BZSVF
TXFB-101506,PFW1UD9D304V5NNXU
TXFB-101507,P7ST84NUXHRDYJY3F
TXFB-101508,DTSFU38RZW7WMZG1M
TXFB-101509,4TMLBBZZXR7VAWHT3
TXFB-101510,50PBV1FP5X5HVGM0-
TXFB-101511,1X3UHG3X4BLEJT66L
TXFB-101512,MMBG18VB37P47E1ZE
TXFB-101513,C74UL7N89DGL3U1X4
TXFB-101514,DYRRW03R0U3M3TJ1N
TXFB-101515,EBH16JH2W1HCCLE6W
TXFB-101516,9JU6NNA9J54FG5J68
TXFB-101517,8RPELBXFDTZLT1THL
TXFB-101518,ZHV3D5PYUM6BFGGGD
TXFB-101519,KMWZGG3AE3XX7KRM-
TXFB-101520,29U044ZFVT42Z46EX
TXFB-101521,772JW0ZHHGGLE8NSX
TXFB-101522,4M450HP8SN84TMN5K
TXFB-101523,B000ZXTK6KFWVAABZ
TXFB-101524,UC5HENJ42YC9WT42F
TXFB-101525,XVF560ALCWLEDML7N
TXFB-101526,JH21YGUX8EW56Z963
TXFB-101527,2LPLW2G9PEVWTTXF8
TXFB-101528,HSR1Y0BXDY8D1PW79
TXFB-101529,UBRRBXEGA3GASLJJS
TXFB-101530,SZMZF944EC2HK86XL
TXFB-101531,KNTGN0JKTAG1KJ6SD
TXFB-101532,RJ6Y333EEV1GVH878
TXFB-101533,2US1PZ1LT086Y3ZZZ
TXFB-101534,H93XMF1VW99RUSVE-
TXFB-101535,LU35L22PLH4JRN4UY
TXFB-101536,A79V4L9S5X7ZTX3UZ
TXFB-101537,X814UGLGW5FE8L5TD
TXFB-101538,5E12KFR9PS7MFF0M5
TXFB-101539,YRAJ0HUR5142U4NZ4
TXFB-101540,5C9ULCUR7KN144XP3
TXFB-101541,WKCR4BM4JAR658K4L
TXFB-101542,A495FDWD12R2FAZVN
TXFB-101543,EWWPUJ61KP82X8MH0
TXFB-101544,RGK5CF1ZGLP98PLJG
TXFB-101545,AZM4G5FSC9NLU6FDC
TXFB-101546,D0NU6E647FY8DTX3Z
TXFB-101547,7DPB947461D3ZXDED
TXFB-101548,4C5U1A1Z9TZ77HFD-
TXFB-101549,TBFPZ0PVYUZ2WTY3B
TXFB-101550,TGHACNRHZH1BX192Y
TXFB-101551,G99G25KWRDSC6MSNZ
TXFB-101552,6H3FHGMHLFTWCBTCD
TXFB-101553,V3Z44XNRT5JKURPH3
TXFB-101554,NX73X2R76G0BADMT0
TXFB-101555,NMNBBP1KJDU1HZJS4
TXFB-101556,YJLVLVS8UDU02ZXE3
TXFB-101557,N2WWHUVGDCK0W3LMM
TXFB-101558,7CDCJE5X8YJUE6ZZN
TXFB-101559,G19S737ML9RDAD52V
TXFB-101560,MXXZJT92PJ8155TSZ
TXFB-101561,ASEK25Z5JVVG64Z8W
TXFB-101562,N6C7HA8WTEHDGUEPV
TXFB-101563,SCLHXEWJMW7KVBVGW
TXFB-101564,C71V48FCUVZ696MNH
TXFB-101565,AEVFVV1H6GMT5DSHC
TXFB-101566,P2SF8ZWVLMGZJ20J9
TXFB-101567,0YMWT04STRVDBYCR2
TXFB-101568,Y2YB1YZFF406CS8H0
TXFB-101569,C5M9RGSXJGLTCB9M1
TXFB-101570,RWJZ0PMGXJB0189EK
TXFB-101571,EV6JBJCZZ37FWBHAJ
TXFB-101572,STLYEMEWL6B90Y85L
TXFB-101573,3MR0BB9HY2EA5FCW1
TXFB-101574,K0TH9EPLP2VCB0288
TXFB-101575,KH7E2R60ZPLY3H7CT
TXFB-101576,RH6P67Z8BAJ7EAP34
TXFB-101577,CA7D8LZ7JBYEL2B
TXFB-101578,H5S535ME950MXZKB5
TXFB-101579,FL7K7W5YTF1666NHD
TXFB-101580,UV35J70K81TGNR911
TXFB-101581,CBYCUP9DW8P83LRNT
TXFB-101582,W6UV49WKH16E1NV8L
TXFB-101583,FAKW2WC1SUZXU7B38
TXFB-101584,9NJ2H09S5URGL36LU
TXFB-101585,8AMG71T0JMBV4JX2M
TXFB-101586,UKW6X97ASZ6LFEHNE
TXFB-101587,KD18TWZZCD73B3ZM9
TXFB-101588,GM0CGG3MNUNP5XG
TXFB-101589,N2GJK81PHLPH5BD46
TXFB-101590,JJH8BZF9MZWJ9VTE0
TXFB-101591,LM1KVRJ4UCAZ40MAN
TXFB-101592,67ZJRAF65URPPREUE
TXFB-101593,JCCL25NSJ0WPMSJ5-
TXFB-101594,RVDM9ZCR9PXWG6S7U
TXFB-101595,PTSLWSK0SDFRNMZS7
TXFB-101596,53UTWREBHT9EKJCUB
TXFB-101597,L5NTBDYJVVJ4YDEFT
TXFB-101598,373XUXR2PDJM2DM6U
TXFB-101599,PK3S6ZKRKYR0PVSKU
TXFB-101600,1DRCAJ8USB9Y695WE
TXFB-101601,MUTWE3R2YAYYACTPV
TXFB-101602,GWUTNX7TG1AAS78CG
TXFB-101603,GMVBHG5WUHBU6K41M
TXFB-101604,XZ4FD1Y0EF7NSTX0M
TXFB-101605,F2M5CR3SSBKPT542C
TXFB-101606,VNRD1G3JH6R4SS6C-
TXFB-101607,SCLJNCT50JZ1Z0LXG
TXFB-101608,YPG3AKFZW4D9WEMJG
TXFB-101609,M1MVC37L8S4HNVAJP
TXFB-101610,SUEUD3N785TCVUE5W
TXFB-101611,CNSFSMV237M2FHD7U
TXFB-101612,BCLSB7FGCFPV5B1LY
TXFB-101613,84EU0RZBV8ZV29GPS
TXFB-101614,LE73XS3X10R2UWKGE
TXFB-101615,LEHPY4T7PUDFR1T51
TXFB-101616,5FAD4BC1ESYAUZJVE
TXFB-101617,25T2CM1DH82S9ZM0H
TXFB-101618,M64UEA44KFRYNVECG
TXFB-101619,XUS8D31YDX0FZVYJU
TXFB-101620,HEZM1APV1JHMNGAFP
TXFB-101621,XGB63HE2NJWGZZE07
TXFB-101622,U31WPEEPRVU01GBX2
TXFB-101623,FTMJKCDZ0PDTEGV5R
TXFB-101624,2GV3NKGN8APZBG6J0
TXFB-101625,GLB6ZC62NXRSGR4H5
TXFB-101626,Y4G6YVK71LSTC8TBH
TXFB-101627,2BMYTMEMXRTSWDU1E
TXFB-101628,67AHLU5NHXZKG6N4T
TXFB-101629,AXT93Z9EY71PT0ACE
TXFB-101630,Z1HVF9YB8HCYL66U8
TXFB-101631,RV4ZP47HVVW7RC7LC
TXFB-101632,S9WZS754AEHH28U2Z
TXFB-101633,EMWJDPK3ZLJA0KPGB
TXFB-101634,RWMUVLETT4KMD8K5C
TXFB-101635,CYDCBSK36KKJ391J8
TXFB-101636,EN685LXZUGHAU5A0L
TXFB-101637,ZV1273RAJUP9489NS
TXFB-101638,JEWT992UTNGPTTY3C
TXFB-101639,3V343PPXNEZ8MVGDW
TXFB-101640,6X4NS64X5ZYMZ5P7U
TXFB-101641,DWH3ZW4PX5NSB6031
TXFB-101642,Y4J2UMUM23CV0T4KU
TXFB-101643,539WJBDXZCVU8F7HX
TXFB-101644,9S1PTA8SRAER836
TXFB-101645,EJ96GZYUE19ZS8Z75
TXFB-101646,C7SMCP4CNZBUFYJV9
TXFB-101647,7Y7DD7Y9C8AEBWLK5
TXFB-101648,X3PLJJ1MKYLNCBJ7C
TXFB-101649,2X2AK7H60X6XWZTYN
TXFB-101650,R00HLKMYJ8YPEWDWD
TXFB-101651,SNCV9GKHX7AARL4JF
TXFB-101652,A2369NZPFK38Y1ZNF
TXFB-101653,X1UG24DYHSY8UEYR8
TXFB-101654,40MF71JKYJ1L2L6MH
TXFB-101655,T3FMTAW0R41P236Y6
TXFB-101656,PFV96WXG0KXVPD47P
TXFB-101657,JL4TKDF8FRW02WG6T
TXFB-101658,8YNY6WBC3VMNXT6RL
TXFB-101659,G6C02DAA1TJSB1TUY
TXFB-101660,ZFT5K51BZBSCZ0BUK
TXFB-101661,93E4N6AAUL5VWBBNW
TXFB-101662,UET68E1LE9L8U3245
TXFB-101663,6BF1XD349A58GCTN8
TXFB-101664,6342VHMB3N3254W7L
TXFB-101665,ZP754L1K6AAM347AZ
TXFB-101666,M3BSW2C3YF0V6JFY6
TXFB-101667,2HP7K7GRZ7YLT42NE
TXFB-101668,JFM4AWMETBKX3NBEC
TXFB-101669,KXM04XCNTCRH2PMZ4
TXFB-101670,PNVX5X1VVPXUU8W43
TXFB-101671,R62JB2F1XDNER9Z4L
TXFB-101672,W10WR7U03LFGWLL3V
TXFB-101673,6GKKFGHTASSBTDN66
TXFB-101674,EECHK5LMBAWWXW5CP
TXFB-101675,T7S135D67FYZV4XWA
TXFB-101676,F33VX9LK330TBM1HT
TXFB-101677,S0M0T1BPPAZWCWG1V
TXFB-101678,G71BH7T6YV8CYVE20
TXFB-101679,EC37AM7UJV1GPL2AD
TXFB-101680,VJHY7NRN3DX6L10XG
TXFB-101681,EZ9U9359296L9SB3X
TXFB-101682,UXPYLW6ZUV9P11UWF
TXFB-101683,ZVG9D7N6705YZC5EM
TXFB-101684,43CTU7XTPZZ5ZFWR1
TXFB-101685,V48NM3VNGC7XATH3C
TXFB-101686,HKDH3BML53ZWV6YLU
TXFB-101687,FLY0CZ4UCA30WDSMJ
TXFB-101688,0678SBW88GVT5EKYX
TXFB-101689,R26E61U8GPC57LY68
TXFB-101690,M8BW70SGTUUNTPG2J
TXFB-101691,53DVHVCUKPTY4A5AK
TXFB-101692,VUK4LNX87F45FRF3A
TXFB-101693,ZAVUYBB1Y54DP1ECT
TXFB-101694,JJ9YDUXXHJYCAJMV7
TXFB-101695,MPHUGXAWS2G4B5XY7
TXFB-101696,RJHKBCRDBHY20KAPL
TXFB-101697,HX7A32VE5R22RBH9F
TXFB-101698,XVSXLC8E6XM3PZK7K
TXFB-101699,HTJ740EHSV21U6UDG
TXFB-101700,Z41SFY0VA4P288S4S
TXFB-101701,2MJRJZL17XNAK304W
TXFB-101702,1JFLV7J59XY14PFCY
TXFB-101703,8FA79FZ75YH23YGE9
TXFB-101704,GDAEYR2DLRX8HH9JX
TXFB-101705,8AUJX9ZFFEKFAR2DB
TXFB-101706,VMR6YNDKH4WE1Z5Z5
TXFB-101707,9J9H7AUENYPA8ZZE9
TXFB-101708,YG21BETVVP5HNMHK-
TXFB-101709,K9WEY9UCAEDGDCYNP
TXFB-101710,VEYM5EC46RMD79TGN
TXFB-101711,RVNV2NX6X5P5EEEEP
TXFB-101712,PM17DMK73FG54EVC8
TXFB-101713,8825WEB8U2SSTTE0-
TXFB-101714,1TJTEZVLU6AM5518K
TXFB-101715,DCL0F9VPC8RJZSC83
TXFB-101716,5F0SLCCAFS46RRK74
TXFB-101717,RJGTM9CTPX9U1300J
TXFB-101718,CBAT20ZKC5CHWF71P
TXFB-101719,E6A0KHAZ9FT7U251Y
TXFB-101720,DA48626P60T3YZKX1
TXFB-101721,92VWSUF623KMC4H88
TXFB-101722,RLFAX5GXBN0XR9CE8
TXFB-101723,WP2HKGZE5YJDT04S5
TXFB-101724,ZXRE1YCWA9LXPGFSD
TXFB-101725,V26DZ609LV8BDEMU8
TXFB-101726,98EJ89TK417GH9C0P
TXFB-101727,RMVVT0S69N7YGFKB7
TXFB-101728,ZC1F6UTGRU09SXJ
TXFB-101729,N76VUU79HYRLWRUKU
TXFB-101730,UP2BAXWKTHBMJLWRF
TXFB-101731,VA236CYRZFPA4FY8G
TXFB-101732,2JTPELA4Y3MX8RYWC
TXFB-101733,393C2HCC3YW11585P
TXFB-101734,BFZK3MPM0UAY773RC
TXFB-101735,PJH3URVRHU82TL4SN
TXFB-101736,SLGXCX2HA4K7P9FVV
TXFB-101737,Y310MHN3TDMXSFDZ7
TXFB-101738,LKCDU2S90DYT382Y2
TXFB-101739,XFST2F5UVU1V0HRU1
TXFB-101740,F4HCHH4R5P2BV9T
TXFB-101741,8LMMVK6GN22UR1ETE
TXFB-101742,5R5TD7FCFRCJLB1HE
TXFB-101743,RGHHPZ6SKHT6MAZT7
TXFB-101744,6PTWK1YG6V1U168NV
TXFB-101745,S19A9GV4KX3TYNSM2
TXFB-101746,11B7VVTKV0KT15SMS
TXFB-101747,KUT8MTN49P4U8Z1BR
TXFB-101748,HB9JYJRYN7DU4H1HH
TXFB-101749,EM228V85V6H7686B2
TXFB-101750,NZZJ4CSARD5EKGU1W
TXFB-101751,ZAM86FMA8AD74KBE5
TXFB-101752,KXV0GZE5B1R2LEMKF
TXFB-101753,AZHN48DWZHC40VJ5G
TXFB-101754,VTHBVD00A36Y3TC99
TXFB-101755,357RBZ15T2WFA6WP2
TXFB-101756,94Z1UTN3MUPPEH139
TXFB-101757,Y5T4W8WVLEMGD5U64
TXFB-101758,7HB7ZPBF31JH9AHTW
TXFB-101759,6TT77PW2351A3XEVU
TXFB-101760,NX7MMXA2CG4ETL4WR
TXFB-101761,EX9YAN1SCNE7A7P42
TXFB-101762,6BBHU6D560CL1WW5-
TXFB-101763,5A3GMEZXPREKLFLHS
TXFB-101764,7TRBC30CVESCWNX24
TXFB-101765,0WYEDUBT4JKSGNPVN
TXFB-101766,4328TUVKBXLV4H4BP
TXFB-101767,6SNCYGHVG04MTTJAV
TXFB-101768,PGMAC9H18C248AJCV
TXFB-101769,L2639FK7K833K27VX
TXFB-101770,G6BZC8JP670UV1BJ4
TXFB-101771,TEKWVWT9XHRVD0W97
TXFB-101772,YB48X13SZGSJBYFKP
TXFB-101773,RCPZWC655DPJBLRXH
TXFB-101774,JKE7DA7PR4CTZBEF9
TXFB-101775,2JU0JRVK2X8J26ZXX
TXFB-101776,Y1G5LAYV64NAYL0WD
TXFB-101777,U5FB2K3SFAACRBZ6W
TXFB-101778,565D1XETR5SW7VUV4
TXFB-101779,SRY6H4UBTPY23VDA7
TXFB-101780,8V485N7V1S9WE6UXD
TXFB-101781,9G9UYT5VZH0LKN781
TXFB-101782,8RZXFX06HHZWX6P8Y
TXFB-101783,69NZED4YDTZTHA7L4
TXFB-101784,8S40489XYLRNCDYUW
TXFB-101785,ATKAUTVVD15G8CM8Y
TXFB-101786,HFJ2W4S9YSUGXKU1L
TXFB-101787,7E51SSS29Y9KM7CNT
TXFB-101788,4G0S43UMP0DSD9UA-
TXFB-101789,XL1MJD9BT0AXHRBJ3
TXFB-101790,DVMGNX39D1X42MRK2
TXFB-101791,TVK6PRYL8J1YH6LP1
TXFB-101792,YTGKRFB6K7SKAH3JC
TXFB-101793,JL54U33B89UMUYATR
TXFB-101794,EH6W4K2RPR6KT974E
TXFB-101795,RWPXH5ABZXUY0GHKX
TXFB-101796,RJ4E3G23ZT8ELLX6J
TXFB-101797,2D55B49MMEMD8J7AU
TXFB-101798,B2ULST209ZMK44478
TXFB-101799,9R5MPG9WV5H43KN
TXFB-101800,XTJUZZ11GL9R1M6ZP
TXFB-101801,RH6CY9668AD4KGSET
TXFB-101802,2BLPHMVMBTNY23NT8
TXFB-101803,JJC9255U2TBFLU5CR
TXFB-101804,600DYG9790TZR23YW
TXFB-101805,LV5PPMR8CJYTKT4JM
TXFB-101806,P0M71L3NR1D8RS8M6
TXFB-101807,6PF1ZW2FE0AHTXXTT
TXFB-101808,V0UJ53Z340X9UYABJ
TXFB-101809,MN7MV2CGCJ5V433EM
TXFB-101810,2MEEKHFYJYP3UDSMD
TXFB-101811,BZSDREG54P8NTH6SN
TXFB-101812,UJDE1NJ3SUP6HZ9RB
TXFB-101813,MTFF2399H45XX7PNC
TXFB-101814,YF7XJA46M86AUFT0Y
TXFB-101815,PP6E51FUUCMJ69E
TXFB-101816,NRVKLFWY2SG98PTD-
TXFB-101817,P4U1C7945KG8C5KMH
TXFB-101818,8XH6MGUGB9PP88Y4B
TXFB-101819,0XKH56JRAYZC8ZJLC
TXFB-101820,A7UU3H01EUV24X94P
TXFB-101821,GWJG233LGF5A8ATKB
TXFB-101822,VAKKN2EZDKXUHLBC9
TXFB-101823,CXXJBATV4RJGFN7JN
TXFB-101824,S8R2LMEZPNNZM63EH
TXFB-101825,GHNMD674E3D95B6U6
TXFB-101826,VT8N5WD619FD69UL9
TXFB-101827,603VJX40NGJ2HF33R
TXFB-101828,M4LDFR99FFDRHUNHK
TXFB-101829,P90PKP3WD9PW5TB3X
TXFB-101830,AT8PBD82ST9V8M2Y0
TXFB-101831,20J2XPZA89X8KZLE4
TXFB-101832,MZXZXDH3NESXSVW0C
TXFB-101833,CVSX92CTV7GSP25BC
TXFB-101834,X9BCHW2EK3U9R9PES
TXFB-101835,4HXYVJMH7ZERZ03CA
TXFB-101836,JJ4XNN8ME4BNL8L1-
TXFB-101837,C3WCXT3BXX3CF87MZ
TXFB-101838,SD2C8ZNUWHER1JZFF
TXFB-101839,7VL0U2JW4Z0RN4E57
TXFB-101840,HATVC0VGSRDRJR43W
TXFB-101841,6AVWG7XULLZZ8E4T9
TXFB-101842,J6J7PT8FFDF7SYB32
TXFB-101843,8KY3G7N5C3YKLP920
TXFB-101844,A1PX2C89TF0D3YZEY
TXFB-101845,TG9HS69NY7ACC7T1C
TXFB-101846,BPSF55J1A6ND3Z0J3
TXFB-101847,T4WY6AZFF8EHPG89D
TXFB-101848,5XY7RB7HAXTPUMV1X
TXFB-101849,4G7TDL384JB51R77G
TXFB-101850,2RJLMZB01G48HGN7R
TXFB-101851,KTMFW09DZXFBEAFRV
TXFB-101852,1PDK9N4Y37CLZ5A7P
TXFB-101853,N8GF0ZX7D06S51K46
TXFB-101854,B48R730U738RXHTXV
TXFB-101855,CJC6UEDKFPPVK1MVK
TXFB-101856,Y5YV6LMTJRGF99GSR
TXFB-101857,6LT0CARCGC39UA1JZ
TXFB-101858,17N94VD734VFDBJX6
TXFB-101859,AMSXE3C6RVB6ZPG2W
TXFB-101860,JE51NVDHSUWMX35MJ
TXFB-101861,8Y2PPXWA23LET3UHE
TXFB-101862,FB26XYTV5AHG44PE0
TXFB-101863,69Y3VCRSB3T9Y8GHW
TXFB-101864,UXGP0W4U9E9N8UNPM
TXFB-101865,VMVTZ77A02NTLLNF3
TXFB-101866,G1XHCDWAV0XPDENBJ
TXFB-101867,KG8F906X42SCY47UF
TXFB-101868,MGCHMY48J3DZG3PW0
TXFB-101869,5C7WE8ECL6M3T8CFK
TXFB-101870,PFFFCDVYDEL3LAMZ4
TXFB-101871,0LM4NMTYHSK8BWC32
TXFB-101872,SJW2HX3J82H69JHVU
TXFB-101873,WYFZ1GV27F0CWU0H6
TXFB-101874,6YW1MWVD61Z3BY4EU
TXFB-101875,BLPYJ40F98847EZZU
TXFB-101876,4SU1X0K5LYAG5TMZG
TXFB-101877,DRZ42NCK0PEJYJBD2
TXFB-101878,43XEHNSN4E1XARWKL
TXFB-101879,ER8L5V1BX6LB8VFXA
TXFB-101880,TCU7W7R4CCM6YZ61N
TXFB-101881,L0CLWDPKB47CMXS5K
TXFB-101882,J13MWYKE5MAAY570W
TXFB-101883,NM2SPF0B01USNACA3
TXFB-101884,1JA9HW0GAJZL34CSX
TXFB-101885,M1F931LVL94EARKHR
TXFB-101886,618781YUMDNY7XU80
TXFB-101887,BWYCGDBG1YG9SZ07V
TXFB-101888,6WXNHVN2E4TZ7NWCU
TXFB-101889,0T07B11D17W3KVSMM
TXFB-101890,J2ZM0CYA4D1K51K8T
TXFB-101891,TA3YEKE8A6PSEJCY-
TXFB-101892,Z9N8FZ6MJXKDANLVN
TXFB-101893,EP1UNG4C1XHGF8Y80
TXFB-101894,8B79FV0E98ZX3BU13
TXFB-101895,83U71J61RYXWMC8FS
TXFB-101896,XXDSJ97VMXAAZ1HES
TXFB-101897,VJBD3U5536XKLM8VL
TXFB-101898,Y01G72BCERARJ54S8
TXFB-101899,3FE4EUG1FULV4UY9E
TXFB-101900,1425NNH0PYGJY1E5Y
TXFB-101901,HXJ1XBF9PCFXFS9C1
TXFB-101902,VS93WARTF7PZMB6U9
TXFB-101903,NRDGYJB8GDJ3CG9RA
TXFB-101904,KGKD0G71PKMR04EWY
TXFB-101905,ARYLUS1YCKMW71W6W
TXFB-101906,TNL2BUKX88C4GTJ92
TXFB-101907,VSNYUSWN5DKEJHWVR
TXFB-101908,ESRTFVU7B0GNYYTXG
TXFB-101909,N1SAN575NPUMB9W7C
TXFB-101910,G0HUXXECFM39WRARC
TXFB-101911,6G5EL2CVL5K4B1441
TXFB-101912,YETLBFWKWT77MMJXC
TXFB-101913,K00743N95AG1XUTXR
TXFB-101914,6RRJNCFCWED72VKVS
TXFB-101915,2XVWCPFFTG5HK5A
TXFB-101916,PX0BW83CMAP490WNM
TXFB-101917,SY30JXNW2681W2CH6
TXFB-101918,7SCT4250C36PCM8V1
TXFB-101919,T2ZTCJ5R8K6GGVJR-
TXFB-101920,PYAFA4CLXTNCECLR8
TXFB-101921,7N5WSF6BWRPTZXRWC
TXFB-101922,PR2LTUN97RDKXRH17
TXFB-101923,75ZJ8RK70A93PFLLX
TXFB-101924,1EN8RBVFBVS1UW2S9
TXFB-101925,05XAS663LU3RFBF8C
TXFB-101926,FSMG35XD745A19WAB
TXFB-101927,F4YJ6E8VFEH1MSFLJ
TXFB-101928,BF8RU8G9URE1VH8RU
TXFB-101929,Z5B910BEX3T1C4J4W
TXFB-101930,FR7AEDC5GMHVN5MAF
TXFB-101931,MV9N1RW4E98EV11F6
TXFB-101932,SKJE05MEEMEC8UP20
TXFB-101933,4ZKERKM3F33RW4CJT
TXFB-101934,2R1RNS497YKX8TYBD
TXFB-101935,2UVY9XMCTRY3VDK86
TXFB-101936,1ZD6SZ8CYPFK81MTS
TXFB-101937,WENASVLRNB0PF2CS7
TXFB-101938,HU1M6016M02XASH
TXFB-101939,9V6TWN80PFMG5PYAF
TXFB-101940,GBGWJ9L6LYKUL5JUP
TXFB-101941,7S1DBZGXK6Y8UEN88
TXFB-101942,Z0AD6KC29N92081JA
TXFB-101943,2XBLFGRY0VZM2U4R4
TXFB-101944,97W5UBSUSZXH8AFEJ
TXFB-101945,KS45WLKPW45V0JGK4
TXFB-101946,CR7GM4D4E967RX2K6
TXFB-101947,S603Y8U3WRZN4TJ3U
TXFB-101948,3MJJN68ZAX8GA47UU
TXFB-101949,JXAHF9LLYKP6EDYNC
TXFB-101950,PBD5ZY7SGRVNU8BKW
TXFB-101951,2X8MXVN4C5LHTCUYU
TXFB-101952,6DU0U9JHHWBY8KNLY
TXFB-101953,YL46JFCESDU14KHY7
TXFB-101954,WY4GHMPS5G2WWK5ZJ
TXFB-101955,9RG1LFP8EB8WSYC3L
TXFB-101956,B7ZUHME8U5S4WGEHN
TXFB-101957,AV60NLGY33TYF08T8
TXFB-101958,TFESG3VT9AV5ABT
TXFB-101959,1SWBPK2VYG4TZ90HD
TXFB-101960,58WYD7WWJAXGCXXAH
TXFB-101961,NZ5H1RL3M0PD6UKV3
TXFB-101962,GWMCH2XDBJNRZF984
TXFB-101963,X52B97H3DCGXWNFDR
TXFB-101964,ENZJMH2TY6DZ9E66T
TXFB-101965,YSHVLFFNRRFAZABV0
TXFB-101966,XYWYF2KBZL3VV28DU
TXFB-101967,3GUERF915NKR484G5
TXFB-101968,BTVC6G7G9TL67MZ3B
TXFB-101969,5LA60T49K937KELX-
TXFB-101970,03TLX9XC36TMKPTCB
TXFB-101971,NJ0PEU0SLUZ6LG0PA
TXFB-101972,XBU89BEJTX6KHT4VC
TXFB-101973,KF1VSRVG006KWURPC
TXFB-101974,R1V59H3GXRN91NRBB
TXFB-101975,W73C4JFW63JLBR3S2
TXFB-101976,1WL3WWM9A4WZ0TTYV
TXFB-101977,Z4ZC04SCUZH8UFDU5
TXFB-101978,6FLMUPWAW9Y7ZG7KW
TXFB-101979,FZ2ASY3JT4UWX5TH4
TXFB-101980,GT3G59EUC991AVZ04
TXFB-101981,KY92UYFURXN4UPDVR
TXFB-101982,1FBXK5KEFVL0ME0CD
TXFB-101983,26JUY7N45BY3FAAJZ
TXFB-101984,FR2KCVHNPVSUFK158
TXFB-101985,ZHAYVPKVBAW359GRW
TXFB-101986,LXRDFX74CL7W1W7TL
TXFB-101987,7W3DVS4DLAJ96UHMF
TXFB-101988,GLMKAW8HHVNCV825J
TXFB-101989,9ACXBPRTL0RT175SN
TXFB-101990,SN65N1FLPP633TS1N
TXFB-101991,XXB6CU12HD21UFEY8
TXFB-101992,FU70YVA46RC07UM5T
TXFB-101993,1HXB6LCMX21DMZV5Y
TXFB-101994,B03NLP06V03LBG9E8
TXFB-101995,GCCGADB5BKC09MZCF
TXFB-101996,DS4F88YU0GXGKYE0Z
TXFB-101997,1V0YTRXKMDCJCFNWZ
TXFB-101998,W244Z2CCS5DSDXL1T
TXFB-101999,FP67SFXJNVFTANF
TXFB-102000,8U0AVFB8S8V8W18
TXFB-102001,K01YM540BFG0TNTWN
TXFB-102002,HN5V4D2EA9JKBA6DJ
TXFB-102003,D85FE233JAMR0C18C
TXFB-102004,MZYB1A1VN931BLNSD
TXFB-102005,U0UAE7HFXJKEYF0NE
TXFB-102006,T8YTF02YREBL8WFVR
TXFB-102007,G5E6H90EYPSK4KF4K
TXFB-102008,XKAPFCW6ZGBJ0ZP
TXFB-102009,EZ0BM94933J5SHP5P
TXFB-102010,SGX2C87W0FP2HAEPG
TXFB-102011,4T2U4EMRDR99HJUB-
TXFB-102012,MPT7PYV8EMN5X8WHJ
TXFB-102013,BW2NGHR6VELES3TZJ
TXFB-102014,Y0UYK04AR19ZW31V4
TXFB-102015,UJZ39C9NZSZ136JKK
TXFB-102016,MG44BHB9T3U5FB7XA
TXFB-102017,L94TUV9DTXLUWTPJS
TXFB-102018,XNMV75X8J7V1UCDXW
TXFB-102019,V9TVDAR7ET4MESK3X
TXFB-102020,82B91XKLTBH5F9HM6
TXFB-102021,F4J5HA5N9MGM7GEKD
TXFB-102022,9N33R82N43CG4PK8C
TXFB-102023,J9FN8V3T0VX4HXSJ9
TXFB-102024,6Y2F8KBBEJ4WW956W
TXFB-102025,PAJLS016AX7XA2J1A
TXFB-102026,2HC5NA75Y7XTBNS5P
TXFB-102027,USHRM1JLRR0TANERY
TXFB-102028,A4X44CTENJC7EF759
TXFB-102029,Y3UJLKXD1HX51F2DE
TXFB-102030,7S4ZM0AWSV3UGJ0D1
TXFB-102031,LXVU5J0R9S12NJ9TD
TXFB-102032,YH2ZM6VKGKJ4F8LBF
TXFB-102033,NM9SEWDF3R6YXZ2JD
TXFB-102034,530SD60LN1WS7G0GZ
TXFB-102035,W7U3XFE963B3267H8
TXFB-102036,RN1ZHWCERGS0T70U2
TXFB-102037,E99DABFPDWLLY8W2M
TXFB-102038,L14V92TSPVYSYWZX7
TXFB-102039,0ZGZDY802SUD8MUZR
TXFB-102040,KZFSW1U4YN00D4K3G
TXFB-102041,05ND4N00PDPCKLJBM
TXFB-102042,4H4VKDVR16CBNXZ7R
TXFB-102043,EP9GTCU3GBL1G04FL
TXFB-102044,Z5ZJFBHKPYKEKBLN4
TXFB-102045,9SM9EZA63U9RN8622
TXFB-102046,EM24CBNW1KJ5GZ99H
TXFB-102047,1BMLZPLVDEYHAS0NN
TXFB-102048,SAP7HFLDPLT7WA0X-
TXFB-102049,UYZDXCRE36NBXXCWJ
TXFB-102050,57KHY1N96JJ313AML
TXFB-102051,WZ9LWC7D1BA1EVFNK
TXFB-102052,ECG06THWP3T2ECY4-
TXFB-102053,RNZL4184JSLG6DBA1
TXFB-102054,S4NAL155VXZVL1KW2
TXFB-102055,B8L24VYM4WJ2BCET-
TXFB-102056,KHY1W1TU3NYRL8XDF
TXFB-102057,6ALZA85ZV07U9JGHN
TXFB-102058,T5DY0FG1JXLE7L28W
TXFB-102059,FF76RNHLH1T83L8YM
TXFB-102060,S3VAN3CCE193TB90L
TXFB-102061,ZJMA7DGWZLVL9E9RR
TXFB-102062,2D977TB0L28PL4F3S
TXFB-102063,KBTJYY1X1DJMRB4NN
TXFB-102064,YG97S6NYNK70GLG3U
TXFB-102065,Y99K3ZRUS46V30VH0
TXFB-102066,292C7PPUWWLB7TC
TXFB-102067,AGHKN1VULKWZ6LPFW
TXFB-102068,P7K8LZ1YJ9A7A0CXD
TXFB-102069,006KLBFBF86J82G6Y
TXFB-102070,LEZJC0X4ZKTU01FM7
TXFB-102071,3DDE6FCR2NX93VC54
TXFB-102072,TYTBFZUN8SE16R4Z3
TXFB-102073,DVHASDJ0NJYNP4MSE
TXFB-102074,AB44AZ045WX15BYW7
TXFB-102075,MSYMVSU795VYJGK6N
TXFB-102076,PVJDXMBJ4D97Z06BP
TXFB-102077,HHLVCLARG2V6K5C62
TXFB-102078,P9YK3GNUGLHD4B3FB
TXFB-102079,69GVB8SECV22N74D5
TXFB-102080,B99VU6NG9N55XJBAF
TXFB-102081,MZD5DAXNY1CJ1V75H
TXFB-102082,PKES9VH6WC7XL8XUJ
TXFB-102083,ZGRL79S4YNS9VJA33
TXFB-102084,7S728Z5666Y2K1JYX
TXFB-102085,KZ3P87W082YFX35TE
TXFB-102086,U8LZ43VX7SYUYG4SR
TXFB-102087,3SHMJKH8JM3HZZSJN
TXFB-102088,UJL6BTMBYTTVF6MPB
TXFB-102089,H5WDB559R6TP1SDKL
TXFB-102090,MTYY40JPRZBUFKBKB
TXFB-102091,BX01M8N5DSBXBLS7Z
TXFB-102092,4G0HZWG9T7NKW7A4R
TXFB-102093,XPWCFB21T67EUN9XJ
TXFB-102094,0ACENAFLGPUFDKS3V
TXFB-102095,4S7LLLU6CU3KXL70J
TXFB-102096,8LGSPDCFMX5VUPCZH
TXFB-102097,H1HVW9XV9Z18YW4K0
TXFB-102098,JRG3Y6XFU7ZMVM9HP
TXFB-102099,7RJA2573ALGL85587
TXFB-102100,PKUFCF6XG9VT26WW1
TXFB-102101,3MECW37FRETM4GDTG
TXFB-102102,R3NKMB42ASX7BLH0J
TXFB-102103,T3ZF1VFMHT30YWG3X
TXFB-102104,UNRHG9LMEFGZRLKT3
TXFB-102105,0VUHRPC4YPMT8XG
TXFB-102106,DEK79FJFX1FWMBSTZ
TXFB-102107,NE4R6CGREF8XSS5RD
TXFB-102108,H67W99M7BLXK7NDBK
TXFB-102109,3REZ60MNHB2S0FS33
TXFB-102110,GDM0S6YWBDZ82WN47
TXFB-102111,UMVT70FB38AG06YEA
TXFB-102112,LLKD49GTYG00J0KFV
TXFB-102113,J47PWET3TEG2P5C22
TXFB-102114,BEPDBV7ZAEE7TY7T8
TXFB-102115,T4WMK5JJ8FEN96LS3
TXFB-102116,AKYKSX8Y5NN4EW3DN
TXFB-102117,VW1YZJ6WZTXEDUEKM
TXFB-102118,B183DLA73K67GT5FE
TXFB-102119,DUCJ8DL8HCY72H6WS
TXFB-102120,M60F04TH2H1EWS877
TXFB-102121,1U2HFZ56KZ947A0R9
TXFB-102122,GJ4L14TTJ5M1PYMR5
TXFB-102123,EGE4MEBE6GE89ADPS
TXFB-102124,XAUAHV6E6TLAVVC0X
TXFB-102125,G0ESJ20ANJ0UHRWUP
TXFB-102126,Y9XYLEA78DRLMUJG6
TXFB-102127,C014P0DBG0F3A8ZEK
TXFB-102128,HKPRUC12RUL3JH1ST
TXFB-102129,KKTP4MW6Y9E308ZCH
TXFB-102130,8HJML2XKAZ91CYHH1
TXFB-102131,040MUXX3EUGRKK897
TXFB-102132,TAZUYWEJZLUCPX88C
TXFB-102133,L8S2PWJ4LWL7124PK
TXFB-102134,P4BGPYFXHZ2390EAY
TXFB-102135,3VR4XF98P36PPVEAB
TXFB-102136,BF8S25WNJ9SDA358H
TXFB-102137,KC2T5HMSX9VZNXC18
TXFB-102138,DJJXV5HSXED397FV2
TXFB-102139,DAYG0C7UJXHFG57PV
TXFB-102140,P5P396ZSGM85K7P5X
TXFB-102141,FZT51NK0E3C9NEPLM
TXFB-102142,PCVB0LT10TJ80B9PY
TXFB-102143,TW3V52R165E0E8ADA
TXFB-102144,KECYGLDUMS28RXK6B
TXFB-102145,SEZAGLRBAEY9HGDU3
TXFB-102146,R3WC50N6N1W434TPC
TXFB-102147,MP4PC93AEPFH9HM05
TXFB-102148,A03TGT7LVWDBHSSHA
TXFB-102149,UCTZ06BTRC32LKVSH
TXFB-102150,AJHK9B5ZC9MP5ARS4
TXFB-102151,BVAWB7FU1SU1A8SE4
TXFB-102152,37BH3J0DK6XT0Y7CY
TXFB-102153,DRK1GW1H92USKYTCP
TXFB-102154,HF0498RK7LFLGC7ZX
TXFB-102155,0N2A94T8PEBBH0J1Y
TXFB-102156,CFG5T8F9L8ZYHK187
TXFB-102157,D89XU1DB76TLZ2RGD
TXFB-102158,ZPM48ZUSF71LZF0VS
TXFB-102159,JRCL1YXE6MFWWPFDN
TXFB-102160,G2LFCAHFCL1SJKFD1
TXFB-102161,HY5BX0SRGKPTXRZAS
TXFB-102162,ZNL79X366DT3SEY0L
TXFB-102163,NTM6MH5HBET4KL1K7
TXFB-102164,A9NZ4H250671N2KKA
TXFB-102165,6TKLZ262SEMN6Y9SC
TXFB-102166,HNLTPAJYT8LGNY893
TXFB-102167,75R118UKUXWYU7B38
TXFB-102168,WSFVVMNPVKE6CRRV5
TXFB-102169,ANCMB8ESA5XCWMFW8
TXFB-102170,6D4LR91X4DGXWMK3V
TXFB-102171,NFDH56BDTKTBL3RSW
TXFB-102172,0SHWK0MP1EXL07T0L
TXFB-102173,2HXZV48EXBXFPYSNU
TXFB-102174,TND3LJX5YVG6UUYJH
TXFB-102175,S7M6U010GJDPEM603
TXFB-102176,X2VU1FGPE12WCH5P9
TXFB-102177,9597FC3JF373YNCWK
TXFB-102178,BT11AUVHMZR4G81R9
TXFB-102179,JWZ81A9NCUNL991LC
TXFB-102180,J3E0BN6NW7S4MKTW9
TXFB-102181,0JK6P2V44DZCN4GUF
TXFB-102182,WSPHLKWTB0UEJZRYD
TXFB-102183,B6XS7XGC8TK5XABPP
TXFB-102184,NZM17B05063ARF206
TXFB-102185,1VEHFK0D2U0VX4WBY
TXFB-102186,3PZA2AGGSJDXJB9
TXFB-102187,YZE0K86HLDZACFA5D
TXFB-102188,24DRZA8SWBFMT64JC
TXFB-102189,JYLR8V9FNMD4GJKR2
TXFB-102190,CMSCJY6U36XW53USP
TXFB-102191,SP139CPSK5K2XW7G9
TXFB-102192,1LKFM5CV6ZEGY9963
TXFB-102193,2VVPZL5BZ97WUU3EF
TXFB-102194,U9THU5S7M34T1M0FL
TXFB-102195,0YS46G1WUV1EKW12Z
TXFB-102196,CXKTJR98N2VGWUA5F
TXFB-102197,DLE04SZGV3V48PXL7
TXFB-102198,4GJ1CJBWLSVC7637W
TXFB-102199,0BV58T4NH2ZPS50EC
TXFB-102200,733FCKMDC7XK895UP
TXFB-102201,Z65PX5CRVMFV93RFR
TXFB-102202,8G4YBY6D45LZAL3JD
TXFB-102203,B57A6BA6GNKW2LJFD
TXFB-102204,9LNJC9HJDBB3WZ71M
TXFB-102205,1H35SWAFDSFP62WDZ
TXFB-102206,LDJDPUXJ4NJ0KT6VH
TXFB-102207,TCY27Y6L5E00SCJ2T
TXFB-102208,6BAR9ER77PVWVTJ8C
TXFB-102209,ZL2V1KWPNAC0FDL16
TXFB-102210,A0367AHFH6NZ985A5
TXFB-102211,P4620M3RTPEMS6H31
TXFB-102212,6KN8S0S95XKGY1XGM
TXFB-102213,JGVSE7R13VSJ5TLW1
TXFB-102214,4N8N3TFMK7UVME1HK
TXFB-102215,WNZ4SF8KDCL0N578W
TXFB-102216,Z6R9TPB1MUT0MC94W
TXFB-102217,SPSD9PT2AVS5VT5EZ
TXFB-102218,7182YK2BETM12F41L
TXFB-102219,ALH9B1ZRN83WYJR3B
TXFB-102220,TEXZ55R3V9VFBZPPY
TXFB-102221,XHG0PABT58V9T0RMX
TXFB-102222,AUX9BK6WZSZ2GAYZA
TXFB-102223,SV9J7NJ7PX4XUASRW
TXFB-102224,8PYUNMM4GUPZE4HC3
TXFB-102225,NEA6F6PF2LZRPGDEZ
TXFB-102226,UY66YJBP5ZUWMTRX6
TXFB-102227,VP8K2WNR6FEHXGP23
TXFB-102228,4N30U2C0YKFREHS5L
TXFB-102229,LZXCJ1GSFG4CX1VX1
TXFB-102230,C35H47Z9R3U2RA5XV
TXFB-102231,HSY1MYKA0N2320249
TXFB-102232,0SB3770RX023KAF9T
TXFB-102233,TEHNSKM2G2XJ9N980
TXFB-102234,EL81XTGFMD9PT7ZCX
TXFB-102235,WXKK5TU97JLZKHX5-
TXFB-102236,ET6YLRAS4G7PM15JM
TXFB-102237,00J16YCEWM56AT4E7
TXFB-102238,DMMV25T16U5PKANFL
TXFB-102239,PFV0K91RNLHH00L98
TXFB-102240,MKUC0ZFXX8M7ZECMF
TXFB-102241,52BRETJEPJGY0VMLJ
TXFB-102242,A9FH17V2ZLYKD9UY9
TXFB-102243,VNVR2W42N7E6KUAED
TXFB-102244,ZRDGNZYAERFR9MZJ4
TXFB-102245,GPYPWET1P3WKL67MB
TXFB-102246,4V5121C03FM8XL6WB
TXFB-102247,E8HKYZFU229ZKPNBZ
TXFB-102248,S6WAX157DZY87Y8FS
TXFB-102249,UZHGYJF5VCC881TB-
TXFB-102250,1WAWJDMZPRD8ZYGFJ
TXFB-102251,3M1AJ30N2DJN3CVEP
TXFB-102252,RBMAU4XP5PG58BZ
TXFB-102253,394DU5DAD9DZVHJM6
TXFB-102254,A9WT0VTU0VSJJ80W2
TXFB-102255,6EP9FF5BZL75ZU0NH
TXFB-102256,46AR8NVHZHSSYKRLM
TXFB-102257,4HEG8MHZ9L0P45P
TXFB-102258,GVP0JUPDGAMK99Z1E
TXFB-102259,T0AXJ1LWUVCDNA26W
TXFB-102260,553VUC2AUUNFP4NW6
TXFB-102261,A5GSAFNN7N61FGSUV
TXFB-102262,Z0G05BY8YHU02575P
TXFB-102263,TF741ZHPMWCE69G16
TXFB-102264,YSRSHGU5M617KLAV6
TXFB-102265,C0HC64CZVL0C40T6X
TXFB-102266,NY7XXVA7URJ35RBLM
TXFB-102267,GPHWX81ZCY9LNU6SC
TXFB-102268,L16K72AY1FSHSNXS4
TXFB-102269,2P8YBCYNKCLKXX37L
TXFB-102270,0YJRDMZCYHV7SSL5J
TXFB-102271,N1EBC79GZ7GAYG8MZ
TXFB-102272,PRLKM9XDWB1G7UZCH
TXFB-102273,7L1J30R1SY0YS8H1Z
TXFB-102274,DD31BXDEL9BLY19SY
TXFB-102275,ANY4PVYE7XMFSEVR2
TXFB-102276,7HFTAAZCDT4MV6XD0
TXFB-102277,C1PRKG5LSYK9WLDC6
TXFB-102278,F185LYF90DT6RB9ZX
TXFB-102279,XE540Z83J7T64CFUB
TXFB-102280,PX36PTX6TNAUF0ATT
TXFB-102281,2D8VDTURB14DWJ4AD
TXFB-102282,4VNRYDM2B80HYE168
TXFB-102283,1VHZBH6DDNTW91X41
TXFB-102284,XEH8WBB3P016P4WJZ
TXFB-102285,81TTXFTHFH4PAFNB3
TXFB-102286,24SSP6P4WGYVAFJDU
TXFB-102287,TJVJUM0DFN1HRZ36L
TXFB-102288,VSN2S2F2WPZMTCTE8
TXFB-102289,B7GMYRFGDFY4BFTE2
TXFB-102290,EVW3S7ZX35W4TRCH5
TXFB-102291,MRYAG8VH82VZJBW7W
TXFB-102292,4CVMSKTV7GETHER5W
TXFB-102293,0ZZX039P6A7S2ALFF
TXFB-102294,470AB24E84T189CW0
TXFB-102295,YBTFF9CE309DALA79
TXFB-102296,2R88H6XKS21SHZZAG
TXFB-102297,U1A0BWS1HL2B1AU8W
TXFB-102298,YAMDCYJLEVH34BRH2
TXFB-102299,NTJC90TME79GFBV3R
TXFB-102300,LKMVFGMH7D8EUR4TB
TXFB-102301,BE24WDCGKM90GN9H9
TXFB-102302,3NATYCZ0VR7F7XREM
TXFB-102303,21A80AUWTP6AX0LY1
TXFB-102304,XC1EB3302D057333B
TXFB-102305,A70CXZ6M7J6WZAUPJ
TXFB-102306,5SBJ8NPPEZX3X5LKA
TXFB-102307,B3PC8EX4PXMKGSDBG
TXFB-102308,JSS3KYBGZH9B1106J
TXFB-102309,624U3V1UW2GF0AH6D
TXFB-102310,2Z0PHBDENYJ4N77FG
TXFB-102311,Z7P5HVF0LEW6NMY9X
TXFB-102312,K66U8BR7CS9GEJ75W
TXFB-102313,CLE9PKH1MLHRF85BV
TXFB-102314,S8UT62KKXT2YYZRA-
TXFB-102315,YJDECM9LZ3KSANANL
TXFB-102316,1F7LEMD4C4DN84KZM
TXFB-102317,M4VHF4BT85VF6KPVB
TXFB-102318,PKBLZUS07GS67U071
TXFB-102319,MANKS7M2PL7531C0S
TXFB-102320,NJX53LWW3FW6D75K8
TXFB-102321,W423CTRU0UD9X4NHM
TXFB-102322,3SML6MBHBXL316R6M
TXFB-102323,SGHE4RAE01F01KNA2
TXFB-102324,ACL0RZZE45JSCZTYT
TXFB-102325,GH4974X3R997YK8T0
TXFB-102326,00D1A7MK8NK9ZF679
TXFB-102327,MY05BGH9CS09LTYFB
TXFB-102328,7V6AFB3LMK0CHERZT
TXFB-102329,H3D1STPSC112FZXLM
TXFB-102330,VR5EHB8ECHHF1GX5K
TXFB-102331,80N5CNJ6J7U7559G9
TXFB-102332,T5SBF8ST9P5CWX9XS
TXFB-102333,0NPN0ZJD60DHKTHD3
TXFB-102334,JZB3XSZ49WZZ04B9S
TXFB-102335,N53TAKK91PB1C2UMY
TXFB-102336,69YNDDJZ114CU3KJY
TXFB-102337,87HBMGBW61JLWSBAU
TXFB-102338,KX1X97XUP3NE2GHE5
TXFB-102339,WK3SFP3X02VJ3WFFY
TXFB-102340,710CD5TZFL4GRFSRR
TXFB-102341,4327Z0XEA6N7H4YDH
TXFB-102342,S2V5WYLJP1YPSZU1J
TXFB-102343,Y335CPVW45FB47Y3L
TXFB-102344,JRRR6GXWCZ8SH5EFP
TXFB-102345,NH31NJME1K86JF5TT
TXFB-102346,G1CSG285UZYDDBRA7
TXFB-102347,MZHX87MP6LB6CT9
TXFB-102348,15W9S1XU58H83KG4M
TXFB-102349,83X9XJH37BRUBERVG
TXFB-102350,TPT21ABMY1EKCNPDH
TXFB-102351,R3XYSXFT7NB2KRFJY
TXFB-102352,G6NKUCDKK725B1B4K
TXFB-102353,G93VGZ34MPWA3NRL8
TXFB-102354,58T1WP23RW0ZFD0UW
TXFB-102355,C8ZXZ5V9CMB6N6CUA
TXFB-102356,611BDXV1HE4DJNP4T
TXFB-102357,ZZFBZV72PWLG47405
TXFB-102358,0679Z7KX6HFJ265MJ
TXFB-102359,CCMU33W2MLD1U8YV-
TXFB-102360,TTC37VYUBS3G9XKPF
TXFB-102361,PSTAS3S91K7VPD2FE
TXFB-102362,1DVRS22BLL3DHV50T
TXFB-102363,YC4WFUV9F5371JNWN
TXFB-102364,F16A0YE14RCJZ751M
TXFB-102365,AMVWBU5LKFR7AYCN-
TXFB-102366,9JCK990ZMVRADRAF5
TXFB-102367,6FM09KMLBMSZV32SD
TXFB-102368,X9Z92NK5FWBB6BV5S
TXFB-102369,E7SM33TG44U2A34A9
TXFB-102370,8NKY9FWKZJZETZ08A
TXFB-102371,26DPW5DXHB6K5LX1P
TXFB-102372,73HS0MAS771KJYT6J
TXFB-102373,HCJ0N35ETZ6KPWLGP
TXFB-102374,LPZW8LP0NP9H460Y5
TXFB-102375,0ABCJTSAVAPJENHPL
TXFB-102376,UDKPM039F1WARWASR
TXFB-102377,Z8ZL1H2T83KEJ709E
TXFB-102378,16C374F8RFFTZKTUT
TXFB-102379,XCHZ7NF5BA50GCS2L
TXFB-102380,3HFTKGGRGK8440TV0
TXFB-102381,2PD2EAT5M6W62G1KH
TXFB-102382,GSE99K24KGY2MYELZ
TXFB-102383,H7UF6ZAVN20TA6MC1
TXFB-102384,0L1TXJZ7V3CE2FFXN
TXFB-102385,Z6D0685W1JJLW44DG
TXFB-102386,B1U7R6MDT43TY1WSR
TXFB-102387,0BL78X6XXFASLY43N
TXFB-102388,ZJ4TUE4ZNP8LTWRYV
TXFB-102389,0LK75UR55NDJ1L9K8
TXFB-102390,TUVTU03WBZ7S0G7FY
TXFB-102391,UH2JX2DFK60F464PN
TXFB-102392,X34E0XZK1ZBGNR0JE
TXFB-102393,17C298CFNH3FPV5EC
TXFB-102394,GGYAW487RLXEP5LJR
TXFB-102395,3VUTHY59HDJSEGL
TXFB-102396,WM6MY21LZE9UXFS3U
TXFB-102397,E34V952MBYFEBMREG
TXFB-102398,4U43RN5L6DZ9AAT9C
TXFB-102399,MZEHR3M92K9L9RW4C
TXFB-102400,ZP5NZSJ2KZW485W0Y
TXFB-102401,T6PGN0U6V315DTL49
TXFB-102402,4TCPVS6FSKVBMNRHB
TXFB-102403,A8ZLDLG6GF26GBSWE
TXFB-102404,9L6NF52GE11JLE522
TXFB-102405,2JVPJXU5W6ENL4ZHT
TXFB-102406,6X9ZKX59V79YAK5YC
TXFB-102407,ED3UPNVS4FNM88098
TXFB-102408,VU6YW125B2NM4VBHF
TXFB-102409,75ZUFPK2P8LSG1R1M
TXFB-102410,D803ZM04MYBYL0UFT
TXFB-102411,BAM0NFZSLC58CLHG9
TXFB-102412,G5HJHUA2HBKMYWBVC
TXFB-102413,FA56Z2ZAE2WHDMWB2
TXFB-102414,85UM7LPUWFCVR43W8
TXFB-102415,WYTMYF9JT1PX2N185
TXFB-102416,8M0PZDSAM4W39HNP9
TXFB-102417,WGUFJKCB8ACVA4C0B
TXFB-102418,DB81KKJ010HNDKJHS
TXFB-102419,BAY8Z4Y9XBHFCGWVA
TXFB-102420,GGJFYR99MPKJAYNRP
TXFB-102421,YUG6F10ZV53U9EM7S
TXFB-102422,6ZBGHRJLSRMST0B1Y
TXFB-102423,9HL5F3T79WEJMXKK4
TXFB-102424,JKAULHLEV2PXNHJ5M
TXFB-102425,KH7M0B9AM4PVRZ54R
TXFB-102426,N07K3VU7PWH13KZU2
TXFB-102427,09RYZ9AG0FK8YHVZJ
TXFB-102428,AAZ4PM4LSBKEY8L82
TXFB-102429,26S3J8TEYPXBZKRPZ
TXFB-102430,MWT1P1LXPXPCA56G2
TXFB-102431,ZGTNB5CP3PC3VR80L
TXFB-102432,8S19HH875XEZJR9VG
TXFB-102433,TKP2V14FK8BELL1HK
TXFB-102434,1PY73U82Z290763G5
TXFB-102435,PZZT2JS08AL2A176Z
TXFB-102436,AS5Y88Y28R78P8VYS
TXFB-102437,G2BV7D0703ZHN9MG2
TXFB-102438,DP7ZDHLYRJKVZW9R4
TXFB-102439,5TGRRSDBUUE5Z8VZW
TXFB-102440,9JPKZL5SUBUEMVLJZ
TXFB-102441,MBK1NH7TCC7GB7KWB
TXFB-102442,2CAV3LMKH0AYJ5BGE
TXFB-102443,0MA1X0G9RU6FRWTCK
TXFB-102444,P8L9LZ0D6917EAXSZ
TXFB-102445,SLA45XY10AZ73LD1F
TXFB-102446,K7RY1A5KB3WZCH061
TXFB-102447,8N0872MD3U0ZHCZ95
TXFB-102448,CH57ZX9WHBCE5WNU4
TXFB-102449,C77PRNPK4W3MMYSFG
TXFB-102450,UBPE7UH1BDVED3HPW
TXFB-102451,H68U1FXX1MG9LE5X1
TXFB-102452,YWYB6WZY9WZ9RM03D
TXFB-102453,ADPJZEUTALERY7D9D
TXFB-102454,C094MMNB9DE6M52N5
TXFB-102455,M2XX8AZ637ZV0M323
TXFB-102456,66E82ES1S1CEYHS4A
TXFB-102457,0V8Z3XFJJUR073AD5
TXFB-102458,FVZ3HHS00Y5GADMA3
TXFB-102459,D3KY2ML26KHE0664U
TXFB-102460,N6843XLFLCNJAFUPD
TXFB-102461,XNPG68BRKBK5HMS7Z
TXFB-102462,SLMGVEF05U7BX9KBR
TXFB-102463,Z54L1V7T8D97Y75HR
TXFB-102464,LD25LY3MNV26HF19V
TXFB-102465,SV7Z8HH0H9E8GA12M
TXFB-102466,2ZJ8WTXSJ8TFED7CA
TXFB-102467,B5BWH5K0MP6U8WW94
TXFB-102468,TEHT5WKSGVZB3XM93
TXFB-102469,X1HRHCW5LD3CYTC7Y
TXFB-102470,HZ6TWGE697BW9NTWE
TXFB-102471,YLC6XJ5UGWMR16MWP
TXFB-102472,6PWU7G9BEH8A3VZU8
TXFB-102473,FLEHB97E9TYYDALR3
TXFB-102474,FJYNPZFKGF9Z26G0J
TXFB-102475,VW16Y4NJZGL3PFR8F
TXFB-102476,0VTAUEVJ1RZLUGTP8
TXFB-102477,4MX9JMRSLHUJDZXD0
TXFB-102478,00HSTT3PA8T68KY7C
TXFB-102479,1MA0SH145V0SUELJZ
TXFB-102480,1A57G15LL6SYCDEW0
TXFB-102481,JCLTFBXX3DS4E9ZZY
TXFB-102482,8LWUXNBSHFVYYM8MK
TXFB-102483,W57THMARDKJL2LDWP
TXFB-102484,H3HM74G7050WAR1NK
TXFB-102485,CYC8RRUPZ4CX0CHYE
TXFB-102486,BMHY2YN6JYTYK339S
TXFB-102487,6T1WF5P2HX8MPRT6B
TXFB-102488,AK39V8VJ2RKY2V2GJ
TXFB-102489,T1XC19XPYGC90N212
TXFB-102490,HDRMU0YMHNGBBDDU0
TXFB-102491,GCKV8UEA6M8PS5V2Z
TXFB-102492,H7Z8UH0G5BPKX8KUD
TXFB-102493,CKMJ0HC2ZJFUTTJY2
TXFB-102494,X6S7E2UPX3X7E1Z19
TXFB-102495,ZXLAY8HK1TMCP4Y5W
TXFB-102496,7Z894F7V9ER4D8212
TXFB-102497,MK0XGN1DDGTV1PWVC
TXFB-102498,H7J3BBRNUB0HZJS53
TXFB-102499,Z9DZJCXX864ZD4M5X
TXFB-102500,F2XA1GZS693H488M2
TXFB-102501,FB4GHPTUD5KTY0H56
TXFB-102502,TTMLC85668JSG3V3Y
TXFB-102503,WYF1FABB97087N9CH
TXFB-102504,K7W6F8AMV5VV5ZN2S
TXFB-102505,WYE81DS0X7JW2DVGH
TXFB-102506,TWUD7J7D6BDBBEKY2
TXFB-102507,23N1UV7PRSDRLU342
TXFB-102508,YDGB3HP0PYD8TSC3N
TXFB-102509,NV98DX16HKAGMD5U0
TXFB-102510,R26CD0YWAS89ZWN3J
TXFB-102511,98KPZ38LWSPZCX9N6
TXFB-102512,TUK5WALP5PLEHNCHN
TXFB-102513,PA7JT7453PNWHBAFH
TXFB-102514,9KATAZDRL7NTLHNT0
TXFB-102515,SR7YCRG4XSMW0XVG6
TXFB-102516,3C8PZRRCX1B5TX149
TXFB-102517,UTW7XD8DDXY6D1AX4
TXFB-102518,5DD9U25YCTFYRBXKA
TXFB-102519,32B679K4SJHWTAGF-
TXFB-102520,5VGKZXG7P90D6KWPK
TXFB-102521,1R5XKYFZFSUJY7ZDJ
TXFB-102522,NRJW9NPFULPLS0MBC
TXFB-102523,8L6T7E1TE6B8M2FG5
TXFB-102524,M2Y2SW5N5LAPRB7Y2
TXFB-102525,Z4CB5677BWK3PZ8
TXFB-102526,HPRNB3NBHLM0C6UF2
TXFB-102527,FDNLWN48BNCYTK99G
TXFB-102528,3H81V525NTEE62XNY
TXFB-102529,HJDB9CC2YKAC9F52K
TXFB-102530,3TKH2TCW84DUU7PBA
TXFB-102531,UFAPRV6T5WLPJ5FD2
TXFB-102532,P44E1252M76GGEK8G
TXFB-102533,H4MR7CPKRRC1VCZWM
TXFB-102534,T745BJ0J249X8K7YN
TXFB-102535,WCF4VGNKNTBWNVXV-
TXFB-102536,CA4RVDDV9RLUCVA33
TXFB-102537,4SPN4L4X9VEEM3B7K
TXFB-102538,Y858EV89G8Z9CJG93
TXFB-102539,7B9F1AMD00X9E9JHH
TXFB-102540,H3M6CVJV3NMG02NWB
TXFB-102541,9GKE3ACC85NDABDF9
TXFB-102542,5ZT6RASJNR3Z2WV85
TXFB-102543,EKY3K3BAYGC03EZAP
TXFB-102544,ERE5NWFW2EMVV8T0D
TXFB-102545,R1UCN1RV08E6WM261
TXFB-102546,M86UB8TN8A67TKHX5
TXFB-102547,EH56A6RS3RBLDT4D6
TXFB-102548,HZVRYXW4412FCA0VS
TXFB-102549,PXD5RPU9L5S4N9151
TXFB-102550,FUUWL2BXEEYWVD4NC
TXFB-102551,XJMZSMXEBPXJKEEW9
TXFB-102552,CG6G9D65TZTB76FYP
TXFB-102553,JZVB2RYWACJ9Z5ZBS
TXFB-102554,PJ1341E06B68GJSDC
TXFB-102555,VEM9YK2CEA4E9D2TG
TXFB-102556,3L5LRDEP7F0EK824C
TXFB-102557,C3DK9AM6AJE8PRM0J
TXFB-102558,JTJPPT0DCSNHLF7MX
TXFB-102559,KWXPTJF9XDC9R3HFB
TXFB-102560,U7597W0HDXTN1JCCW
TXFB-102561,G6VK2VAXT6X7TJ93Y
TXFB-102562,EWL4WXYZK8P725UMZ
TXFB-102563,V44SXGYWMD5R9WX2U
TXFB-102564,PN5MJ3F99U9JWMFTT
TXFB-102565,0AKT6JPLHP47YMLPZ
TXFB-102566,95NV1PTKR8NSVBD0Z
TXFB-102567,HJETKHEXKX0ZXUDZH
TXFB-102568,6UY7PVS9K1SFDM5T9
TXFB-102569,GWY3DUWRT6WWB31AE
TXFB-102570,7F2A315HL24U8JKK0
TXFB-102571,12EW88KWAK9KE3NST
TXFB-102572,1L39C31SWBZJSCMMM
TXFB-102573,B9S07VPW0750Z2HWK
TXFB-102574,2N5PJZ8PZ4B3BWALZ
TXFB-102575,4H6UZM2SNVC6EBM5M
TXFB-102576,WG8STXW72BCCR9V3W
TXFB-102577,KYA3M85YWN2RE9YW-
TXFB-102578,GC76AJ2R0GFSTLY1J
TXFB-102579,PELUG8E4SGB7UFKS5
TXFB-102580,VLS1VTF5AJ2LX9R8H
TXFB-102581,XM5S3S4J2DL5NVE20
TXFB-102582,JTP8HEKC55KP1SKLE
TXFB-102583,LT9H06EMUGTJ0ZN89
TXFB-102584,AKZXJC9ETAZALMM56
TXFB-102585,H2RH300RXJW649264
TXFB-102586,U9B3NPSH70EW0X2K9
TXFB-102587,0MT4A6XNAPGY3VDPJ
TXFB-102588,8P68781TPL00X26KD
TXFB-102589,KV5SDHG7L6ER69K2-
TXFB-102590,17BXBW06YU2AG08SF
TXFB-102591,LUWPMA623S84UUX2C
TXFB-102592,EW8N0CJ235X2KVSJ2
TXFB-102593,5R3R1C9T5BGGCEVK-
TXFB-102594,NTZZUZAXEGX2V8JUB
TXFB-102595,YUT83MM1RX8Z8ER0F
TXFB-102596,ACD5T8XX18YGBBF6C
TXFB-102597,W68F3UNNCCN6VKRJR
TXFB-102598,UY6JW6KEP5T7YAH0L
TXFB-102599,GWV9C4EECR6JDJLUK
TXFB-102600,RY45MCPXE0DDG4R0K
TXFB-102601,RA3X2M24H8XLPASFP
TXFB-102602,MY15FTFAGEHMW5PUT
TXFB-102603,5J8M3GT5S6X4DBY7H
TXFB-102604,Y65LRF0T3TU5C6B78
TXFB-102605,WGTRFL6R58CJU748S
TXFB-102606,C22UN99E00HREK5TN
TXFB-102607,U5U5H284A1C0BWDUC
TXFB-102608,RMTXPSRNGB2L9AVL0
TXFB-102609,KJTLRV27T9ZNK4SNK
TXFB-102610,HJ7RR1NBNVEHZM0D2
TXFB-102611,Z9GH304LGAA5KCAD0
TXFB-102612,ZWJNCH073WJ39PYCP
TXFB-102613,A3KSTVJTJF8N6RKZX
TXFB-102614,Y14ZWAEZMWZ3SUTNL
TXFB-102615,PE2FJUUVD1G303PDR
TXFB-102616,UXCYBBTZYR48ZHH7K
TXFB-102617,EET1AU1ZYXLYYCPHJ
TXFB-102618,FHBZPENXKU93UTM9Y
TXFB-102619,RLN9Z235YSRSUY7LT
TXFB-102620,C1VP8MVWWRR321AVD
TXFB-102621,6FW8TM48LLMX8P8FG
TXFB-102622,3B573SJDUVWJGWWJA
TXFB-102623,2N2D6BXFRB66UXW51
TXFB-102624,SHVF38C8W6XNBXZU0
TXFB-102625,11KN6AV6TW5R4FX26
TXFB-102626,761VCNNAYZGP79V40
TXFB-102627,DZDKVWH6NRXV1ZUKW
TXFB-102628,MSVAFCKR4WZ6YX53A
TXFB-102629,YUG77JVHX4WCSZGYT
TXFB-102630,AHRV5TNN4E5AYXD5M
TXFB-102631,85N0HCS686L7RDJM5
TXFB-102632,M4C0Z5Y67LZV9GDJF
TXFB-102633,3TXJ4SY78F6DYRXZY
TXFB-102634,HCY8KDUWM8CPTFW61
TXFB-102635,ZVCCMT4C0M9JY4PEN
TXFB-102636,2WV87ZW6RCJLYZGZE
TXFB-102637,XJ7DPE78CGTAYZEV3
TXFB-102638,8HY7353EZFDE55AVW
TXFB-102639,GMBYUTRBK9ZBCYUSE
TXFB-102640,F5E2UTX69DYTGECCU
TXFB-102641,GNK9VFPG6TS6HX61Z
TXFB-102642,AUZ98KN3HX96MNRF9
TXFB-102643,M9PZZZPZ849J39DZ7
TXFB-102644,G3WF5EC69MT0RFGZF
TXFB-102645,MJPNX05WAXZNDWGMY
TXFB-102646,UH7G8SJ07515A13B5
TXFB-102647,FRS080M60CBA6BN8-
TXFB-102648,NB18Z4DM8FF8MLYTX
TXFB-102649,C3AENS03301HSCN9K
TXFB-102650,6M3WTNADCLX276TL3
TXFB-102651,3SN6N8V269XH079UW
TXFB-102652,TH8HLKYTY598KW9A7
TXFB-102653,F8N1YS688X0UPERS6
TXFB-102654,578DW9Z5G39AZCMZW
TXFB-102655,KH78J1HFGBZFFN45N
TXFB-102656,AX0AGPAPBEJJTEDA5
TXFB-102657,GX244Y9FRE5162WU9
TXFB-102658,ZPNUW7AD24UYKE296
TXFB-102659,1USFAUVEPJZF9RKTH
TXFB-102660,RTF1MTZEA9EE4XXYE
TXFB-102661,JFDLGS5XMMXLY3RRZ
TXFB-102662,R3RN1XPRTDSBECH42
TXFB-102663,4WN0HPTT3DLUBC19M
TXFB-102664,PX5XJSC9N7HTWKW39
TXFB-102665,WPS62GBHGS8K5UYHW
TXFB-102666,NER2GZC7Z8467KP2U
TXFB-102667,VUFGH1T2BKX89AYD1
TXFB-102668,5VBBC3ZNNEAXYWX2N
TXFB-102669,3DW54R9KXUTL0MCHX
TXFB-102670,VGJL436NGMPNGMT8D
TXFB-102671,4W6H06RGCNX4T4Y09
TXFB-102672,XBY838GNMJUXBU5G9
TXFB-102673,DG6VPYAD3S48TJHRN
TXFB-102674,P5WDX8FJ8EZ9C9MTM
TXFB-102675,URCXTZ9XH9LHCXFP7
TXFB-102676,4NZ0ZGHYURAXEW8GT
TXFB-102677,9B7TEEYPCS5HDASPD
TXFB-102678,UZ9J35H7AALJW1FGC
TXFB-102679,5BSKAZA5WGJGNZSXD
TXFB-102680,86687S4WB13408BW7
TXFB-102681,80KGRYN1YP1HS488G
TXFB-102682,H54SYDUKM2SYU5KS7
TXFB-102683,WWRRD571CWCM9WDTX
TXFB-102684,C2HN0GWGH8GCEVF00
TXFB-102685,7DTL73U6DMNGUGHW7
TXFB-102686,AFNML73WAMGPW0AY-
TXFB-102687,B97KWR8ABHB0C62ZJ
TXFB-102688,7VNBTLDZVZL87SRW9
TXFB-102689,7L1Z5KUFN30PX4UDF
TXFB-102690,BA54RAHD165Z3CSM2
TXFB-102691,2RRSMMYM6G8C5K10S
TXFB-102692,TF88P7U089DXYGN3P
TXFB-102693,NA98GRWKA90PZNAYX
TXFB-102694,N7E0FYE9XA5K3B9UZ
TXFB-102695,SFLM1SUULJ2X7FW
TXFB-102696,1MX77EAVAELUTALWD
TXFB-102697,4RJJNSLL936CCA0PY
TXFB-102698,DW6H2B2Y7BXXY7536
TXFB-102699,R2987AV8SNWMPBFBY
TXFB-102700,FD2ABC0JM555S1R87
TXFB-102701,HB19V4ZEBLBKKND6Y
TXFB-102702,U85NMTY5804BGZKK7
TXFB-102703,NJKCR41YC4L9FGCY8
TXFB-102704,P67CB0MLDYGPZ3GBW
TXFB-102705,J9CCTD07KWB10258P
TXFB-102706,YA72MSWEDZ2TRM8NT
TXFB-102707,1MPCJCLFPSM38UX5L
TXFB-102708,HLMXH0JGAX542ZCX3
TXFB-102709,2G4TPUWCPUK3178LF
TXFB-102710,2MDB7NRCT1J08JN5X
TXFB-102711,KHL8ZF4MEFZT062PB
TXFB-102712,BVLCHLXNTWKKDSDAB
TXFB-102713,1E9JSVXZ7YE88SPX5
TXFB-102714,J5ZXDJYWWZK9RLWKE
TXFB-102715,B24X674GBF34EV9R3
TXFB-102716,EKSC7VZ0BFSYFUEUU
TXFB-102717,VV216WHMCF895XK09
TXFB-102718,9F4SHF1EN344Z41A7
TXFB-102719,N3BLF4A0KJTVNMFSS
TXFB-102720,NLA40LMJGUFKX4ZEB
TXFB-102721,2S163ZKLBXT50BG9X
TXFB-102722,H5G8HDL1GZ7JNESZC
TXFB-102723,PAHFHWEY8LVVC1UEP
TXFB-102724,R423RFKAMXXVARBMY
TXFB-102725,8YZAHZ58KLPEVAH92
TXFB-102726,ATN90Y2XW45MLA9WD
TXFB-102727,9MN5TMKCGTW3YEZD6
TXFB-102728,9Z561725EZ2P90TCM
TXFB-102729,HFJH2G1B5VVB3WJKX
TXFB-102730,8XUGF47XBAEVL78ZV
TXFB-102731,LNCYX9R6UX4SVYNG-
TXFB-102732,75JYSAVGGV5S7X50B
TXFB-102733,VUF037NYE0JN9C56C
TXFB-102734,DYLXJTYRRLK93SRSJ
TXFB-102735,3V2YC7Z4KHA41A025
TXFB-102736,JKDR5ELCLZ8J0UMD5
TXFB-102737,M8GSBHV2B4XV38MCF
TXFB-102738,YV61B80SPZAP4XJ6H
TXFB-102739,ANCKT0M66L8ET6FYV
TXFB-102740,KBGN59NFRNUHCC77H
TXFB-102741,D93YX3CPH0UFL6R1Z
TXFB-102742,5GPGC3CU3ULP59784
TXFB-102743,H3YRSYF2J0VBKECS7
TXFB-102744,0UC3BPFRR9J3RDEJU
TXFB-102745,46YJPEVSWVTKJDE5A
TXFB-102746,YPR111WEXSABJ7K46
TXFB-102747,9L1YLCVDFL0B0UX9C
TXFB-102748,8W6GTRYRX5KFSKXZX
TXFB-102749,CZ49HRPYT28H68KT1
TXFB-102750,R5UUK05YH327E1BXZ
TXFB-102751,CA3UV5KUX3C58ZT5F
TXFB-102752,7HYMANBZKEUCB9A4X
TXFB-102753,N3VMW0HXH4ARH8VV3
TXFB-102754,F9TZRTW37TR66HWR8
TXFB-102755,5GW56N8TSNCC1SVVE
TXFB-102756,LJGXMNU8LGAWY7ML4
TXFB-102757,WY214HHNUJ2EPSVU7
TXFB-102758,TJ3LYDKBABNCS77VF
TXFB-102759,E32B3SZ4DU78GW6FY
TXFB-102760,Y9G228KF9G0M2H56F
TXFB-102761,345EXW9H4VGB8TLGM
TXFB-102762,360847ECH2VZ4GBUS
TXFB-102763,YLCGZXLPFLMYVUFAF
TXFB-102764,UUKBWG99HK5VNDUXW
TXFB-102765,T8709YEM43V39JYPT
TXFB-102766,0XX2B4GXGPL25H8DH
TXFB-102767,E7HMVLJC5V3UYCRYU
TXFB-102768,SUW8RF3ALE21NHE4R
TXFB-102769,V0H3G9AAG3UUT1SG2
TXFB-102770,GRAWUTC00DC6CXPWZ
TXFB-102771,VVNF7D59YZPM9UG
TXFB-102772,DZT77DNLHEJ3LH5SB
TXFB-102773,P3Z4YZSYX9WEU1P64
TXFB-102774,DNFL8LZ331UC522
TXFB-102775,SFC4SRNEVDL352D20
TXFB-102776,MZXC07BKH7AFHB9BJ
TXFB-102777,NL7L5MAZPJNV55T18
TXFB-102778,EUS46EKYL9Y690HAJ
TXFB-102779,YJR67UKKEDXC1322-
TXFB-102780,5E3G60H3RED7HWSYC
TXFB-102781,6SJR44LND2TWGSF4-
TXFB-102782,JM9CU860CT4RMHEZJ
TXFB-102783,8UEATBEXTDHLRAUDP
TXFB-102784,DM8AWWG2YUST2TLKN
TXFB-102785,ALHJM4VUKAKFBXFGX
TXFB-102786,03LG9X2T2W7D5W9ZN
TXFB-102787,390A3SJR18CTPYT25
TXFB-102788,0GFD5ZUTXM0KKTHD3
TXFB-102789,B3WZ3BAWE2ZMEXWKV
TXFB-102790,RD1JM42PDYKZU23PK
TXFB-102791,4ZU3NN1YXZGEP165J
TXFB-102792,DM2AUN9X2LVE0VVY7
TXFB-102793,6F2PVMH610C6TR94-
TXFB-102794,DBC7SP5G8GD9HA9K0
TXFB-102795,MDEKPAKVG6WCMV6BP
TXFB-102796,8C6N7A6MHVY2VKRYG
TXFB-102797,0R6HDLRF419FB477M
TXFB-102798,JZT56K5TDNMNXZH5-
TXFB-102799,WJXFNNWLYRX4REKHY
TXFB-102800,VFC55VNVPF3JLCW3Y
TXFB-102801,Y6D4GDT9T58AWE2VP
TXFB-102802,W3VK7G7YKL166MN
TXFB-102803,F4PX4VL5SHGVLKGCW
TXFB-102804,RA51ZYGNKA2ZK7EM6
TXFB-102805,0HYV7ZUXE0NRBRBEB
TXFB-102806,N5FJ25WHW6DUG48LH
TXFB-102807,M17SHXXCXRL6VDN8P
TXFB-102808,WJV0HRMV5WEVW4PWV
TXFB-102809,E0S05B1CZAUDPLEAM
TXFB-102810,Y08849GGTK6U7RRHM
TXFB-102811,ZD1XH5D7JNG89ZXGD
TXFB-102812,XS9U64V7FS2C84UU9
TXFB-102813,8H4RPSXCZU0LU40RA
TXFB-102814,MTBU9DEEF49KTXRYY
TXFB-102815,CV10ZKDZHP7PR6D8A
TXFB-102816,AJPHCA1C9MDT6KHE0
TXFB-102817,LZMBVXEJ3JTTN3JUF
TXFB-102818,BEATT2RSC5NAY6VVT
TXFB-102819,URA2CMTR3GHRYPN33
TXFB-102820,XT9T8PVYT7R9S4940
TXFB-102821,6YS97NSLZR1AAUEHX
TXFB-102822,H75ESF5YVUBR06EPX
TXFB-102823,H7W1X34GP0TP0JSLX
TXFB-102824,PLBRUUSG4LNW043WH
TXFB-102825,4WHD41G20MSDKGME9
TXFB-102826,5YG5M5ST6YPUC5DTH
TXFB-102827,SB6YRG3CE9W8VP4J9
TXFB-102828,GMJV4USNN92SB2VRU
TXFB-102829,H84V1036HWNVSA4Z1
TXFB-102830,TFS2A0T8UU3GH0YNV
TXFB-102831,3U7P6RZZTB3KDVZZ5
TXFB-102832,L6J41BRL9PVNU2VAC
TXFB-102833,GK3GXDH0LW4WMWMDG
TXFB-102834,JC4PB0BPZ388M5TA5
TXFB-102835,WBVRSH40348ZEGHA3
TXFB-102836,E41ZDY10MDYYL4SN9
TXFB-102837,KMJ3RHYWUX3D9EK7L
TXFB-102838,106PRDNH5ZDB2FULL
TXFB-102839,ERTBTGCVV4LWEY2CX
TXFB-102840,S87WZAD4HKVKWRF9M
TXFB-102841,BR3JJ18N982E209MF
TXFB-102842,9FKJV69GKXXYBUZNT
TXFB-102843,P0N8HF0KJFK9HTGPA
TXFB-102844,EJ2NFF6PJFYBUALKM
TXFB-102845,CMB5JNWMXSYS1BJJ3
TXFB-102846,46JCB3LHZ0EXA6YVK
TXFB-102847,N3PS8S3XGMBZRWPMJ
TXFB-102848,FAKYB15WAYPN8PZEK
TXFB-102849,RBEVJ656B6FL76SXC
TXFB-102850,YUBA2B6MHK8FEHVMH
TXFB-102851,WH08Y1R819AVM6PMN
TXFB-102852,D3GN6GAKSUDX62SH5
TXFB-102853,PR447684VH9UH745V
TXFB-102854,DGUS1E017F6Y6X53E
TXFB-102855,D4EGV962E9Y7X5ZLR
TXFB-102856,X7H4PEB261XEPNZC-
TXFB-102857,41U95AZZ7TK2GRFTM
TXFB-102858,1ZA0D67T037SRRUM3
TXFB-102859,PS9GLMMC532H9ZPSL
TXFB-102860,6FXYAYLGN5JE09CJN
TXFB-102861,9YHSUA6TXLNMVT0MZ
TXFB-102862,7VRD09RH2Z86ZHP2S
TXFB-102863,MUE5Y7XZBCN7U1PZR
TXFB-102864,M1MNZ6KW69BP7MXMD
TXFB-102865,7PZH3863G662WACSA
TXFB-102866,K2J1CFVDBR20ZBVBC
TXFB-102867,PSMSTPJU838RDRM20
TXFB-102868,5TNK4TN75UCC6WFE-
TXFB-102869,ZSZFXYV3KBN7MB3F-
TXFB-102870,PTJPYK7KL6YDSP6P-
TXFB-102871,ZNJFJMB096FJ93BHT
TXFB-102872,ZFBZ3BWDLEG76VFV4
TXFB-102873,KPYMRBLXHCD67THVS
TXFB-102874,3MCU1YJCF20WN3KFE
TXFB-102875,ZX0HS84MFDRZZE276
TXFB-102876,T0TH5RRZ5FMYUF47V
TXFB-102877,A7ZF5T2ZWKPFN5VUD
TXFB-102878,JWW8SVN2DLNZ2MDCA
TXFB-102879,YNXKYSV2KBB2AKHM3
TXFB-102880,EY28H19G7ZXXZL9RU
TXFB-102881,7G5US05PL6046H9PB
TXFB-102882,1L4YM846XPN96JS93
TXFB-102883,M6VXTTK23V81DA9MP
TXFB-102884,V9AZLY697MXNP3KS3
TXFB-102885,WM1J86RB4WXRVVY5X
TXFB-102886,F21R7WYHKGP5X2E3C
TXFB-102887,ZYEF46MGD27E4FHXJ
TXFB-102888,8YHDL9K7JEH171K0V
TXFB-102889,Z37BWUEVZSBAL1K8H
TXFB-102890,4KNB5GC03H1TCTZKV
TXFB-102891,M5ZSMR7G1CLHG1S11
TXFB-102892,DBNXJSY4A40TDPWVF
TXFB-102893,VDG5BV3FJNXD0V663
TXFB-102894,L9RMVEVECK4V90N2G
TXFB-102895,RPVHRSR9V6D48J36E
TXFB-102896,BSNFVFEVP3FVPBFFN
TXFB-102897,GB2ZRWL27FCKKDUP7
TXFB-102898,EAYTDLUN4H8DX3HZM
TXFB-102899,C6EGETR44CPZHNYWL
TXFB-102900,WN034746M1PAME2
TXFB-102901,60V42ZXY2YKMTFHXF
TXFB-102902,F32D2TDER6U3999VH
TXFB-102903,5XBWV43N15EANL595
TXFB-102904,D3ZFECDJU9BTG9G02
TXFB-102905,6XHAP6JGXFCEDSX2V
TXFB-102906,1NT1M8KK0JYV6129V
TXFB-102907,YTXY77UH38KCZURMC
TXFB-102908,XSD3VAV8WNWD6B6C4
TXFB-102909,FR3VAYJS8AA8LHKRF
TXFB-102910,C8RT6XRSCC0BJ5LGH
TXFB-102911,WGKV6SYPRJZPUKF1Z
TXFB-102912,35LL3RJ3CDNRAUJ3N
TXFB-102913,ML5KPW8A6R2LT2L8R
TXFB-102914,TWW4YRWE7K59GYPU2
TXFB-102915,192SM4LV81BG71NDR
TXFB-102916,CRFLU2PDR9NTSPJ63
TXFB-102917,6X3X866XTHFU2SWN8
TXFB-102918,P1X4BVANX6F8BZXNG
TXFB-102919,11PSWK49KD2L2HHD4
TXFB-102920,C21SLXWY3H6LXG8GD
TXFB-102921,NTT9BXD3XFFV2XDJL
TXFB-102922,TXMK03XGEVNV9Y3ZP
TXFB-102923,4RSN3JEKHJSU76VW5
TXFB-102924,F3BHZ9Z5DB28Y9NXM
TXFB-102925,TBLLJE7LB8D276YRP
TXFB-102926,KN3NG48JUU336MSF7
TXFB-102927,WW16KDZA0KJSCLM85
TXFB-102928,537YA3WX2NYX9XPCE
TXFB-102929,MTPVC9KR179ZGMBRE
TXFB-102930,GYBUX3XBW0YFDC5RX
TXFB-102931,3VEZTNN7DLKSSN98W
TXFB-102932,EFSU343AMSAVUV5JU
TXFB-102933,SC8WWMH1MPN2CGH0D
TXFB-102934,8LLJKGX8X0AS7956L
TXFB-102935,MEDAPVRN1N8LSD303
TXFB-102936,2F71VH7BU3053E482
TXFB-102937,9KJVGRABSRJ2YRFRE
TXFB-102938,ZSEGMPLKX0T2YZ3PK
TXFB-102939,AY065YU95MZZXE5
TXFB-102940,2EF6P8DPALCB925BY
TXFB-102941,KF530658ZH36Y8EGG
TXFB-102942,YYPAS2ASZ5LG9FB5T
TXFB-102943,Z2H44X017P7WV0VKH
TXFB-102944,GXZ95WD7JPP0NTKA1
TXFB-102945,HTK9MP9MABJ830J9N
TXFB-102946,JEB5CX2XY89HG6HSE
TXFB-102947,WJLE1L0UYPL9NYAH9
TXFB-102948,ZXTG12SUGU17TJH8F
TXFB-102949,V05J4MP42N7VYMXZR
TXFB-102950,9FPZVRRAS355UFAER
TXFB-102951,APCVUD2V37D7SV3FF
TXFB-102952,8E6UKMSG4Y2L0D3X6
TXFB-102953,T272NZXAHJ455FXE0
TXFB-102954,D43P6R5KU70VRGF9S
TXFB-102955,6JBGE99GHBM6PFK62
TXFB-102956,BK1XLBS1STPHD76E0
TXFB-102957,FVXJ35GBAZN8B2KCE
TXFB-102958,0RBE3L1HV8XYCKNWC
TXFB-102959,JUL9UXKFM57VVFWUS
TXFB-102960,DWYAJLVJG7NDRS2
TXFB-102961,T2KZG04P5JUWCSJLR
TXFB-102962,4FJC5RXPL1D60CZBP
TXFB-102963,WXESY16TABD6G866B
TXFB-102964,FH0HGHJ0W8547BLRS
TXFB-102965,VNT67DCNF24DSDDMY
TXFB-102966,PXXZXYR6AVTP7GAK6
TXFB-102967,T21H5Z4FTT92TRU5-
TXFB-102968,255VHP7ZFGVWE43
TXFB-102969,1S30E0MXEX2R7BHLP
TXFB-102970,P4E8A8TUM217X3NTJ
TXFB-102971,2HLVHY7GDN4B02HN7
TXFB-102972,BKESMUZPRXGGE19VZ
TXFB-102973,64WKMU6M4A1PG2HZC
TXFB-102974,NWU8MK4EA4JU2XX4J
TXFB-102975,EPVGVTN0MKYRYGHMD
TXFB-102976,ZTX8CUBYH9CXJ2L5X
TXFB-102977,4VPXEA9CU7C7KB138
TXFB-102978,FJ0CTBXMR9N98J8E9
TXFB-102979,GM938U1XNZ6VD46U1
TXFB-102980,8J0CU3CT09X7NVNHX
TXFB-102981,NA42D6EZSEPPBE5EF
TXFB-102982,MTBSZN1EL0HHR3635
TXFB-102983,D9303KA6DR2YCC7BP
TXFB-102984,S4G92R87G29HFJ86Y
TXFB-102985,77L89C7BJ5PBWXRNN
TXFB-102986,BPF9HALHVNLXRBKBT
TXFB-102987,WLAB7V2AU8HLN89JE
TXFB-102988,V83EKU51TABTL5J0T
TXFB-102989,G8L2PMR9VMPECG7UA
TXFB-102990,ZN7MPCZJUVNFJWDRM
TXFB-102991,AYUU47C6XR7MZTP0H
TXFB-102992,ZX3VAJ270UWSHNH2N
TXFB-102993,A34VD9MSL33NFZ0NE
TXFB-102994,M1C9J1D1X0E2ZMHBE
TXFB-102995,KDXTFZMT3YCSMJYVG
TXFB-102996,3552HC35UFNYN6GS1
TXFB-102997,8LC10PZJ2FHK4PG07
TXFB-102998,WJN1CLHG8LE3L5CLP
TXFB-102999,BTH01CVNLS3SSUHC1
TXFB-103000,CYL29XVCRA6JZ4VWG
TXFB-103001,J75TR6XFHYJBB44JC
TXFB-103002,0V2X62929DJBP2S5E
TXFB-103003,EZTB7EAG23WZ8TD4D
TXFB-103004,G6633B8N6TEDGMDKB
TXFB-103005,1PP64E72E3N9V1CGG
TXFB-103006,HK3KDZ0YNNH2MPLRK
TXFB-103007,9SJSP1XAD5FH66U9Z
TXFB-103008,EPYME4K063AS8EED9
TXFB-103009,T5F1082V0RJVDL216
TXFB-103010,XGK45W2WAF1JSSUAZ
TXFB-103011,WZCNZHCH5XUM3FU1A
TXFB-103012,D1N79W443ZGGTL8K8
TXFB-103013,8CHD3K2RE8N9PR50C
TXFB-103014,J6PJJWM4L07A1DZA6
TXFB-103015,TCHY07SPG7FZH8DTD
TXFB-103016,XT5XD07K4662JZ0MT
TXFB-103017,MZTG3YR7K3HB65TDD
TXFB-103018,37USFD6EDEXCS4YJG
TXFB-103019,ZCPYKHMC78H4YP6TJ
TXFB-103020,W1JUK137H5CFY3HWA
TXFB-103021,87RF4MWWT5NWJENL6
TXFB-103022,RGF16RJP8UVAKFJY2
TXFB-103023,AV63ARYK9Z1RS2HTF
TXFB-103024,UJD3GHWUYW6LVR2TY
TXFB-103025,015B119KC4520ZAPD
TXFB-103026,ESMJV0B7TBERMMUWX
TXFB-103027,UZPVHKMAAL3EDSW29
TXFB-103028,WCPNWXV9ZZV9MTCXK
TXFB-103029,RFZH2PLDYBZPDF4DK
TXFB-103030,FS2XCYW5M3R4F3RH2
TXFB-103031,BZ0YCCE3J3JYK5U79
TXFB-103032,PACCELYLVGJPANWHA
TXFB-103033,VB1GFDHMD1EP6HRXW
TXFB-103034,FN1FPHDCUSN4FA0RU
TXFB-103035,B6UALUMVGDKWMN03Z
TXFB-103036,42LW9TL9ZGS5LSLKE
TXFB-103037,1N50UPTRVF8ARMNDD
TXFB-103038,8F7NBF01M5UTN9DJE
TXFB-103039,HRMWJ4TJZKSBHE7JC
TXFB-103040,0FG44HUBNMH69Z1HC
TXFB-103041,LDH31KTWJ1H65KLW-
TXFB-103042,DEM4NWHU1TWZ1C5BG
TXFB-103043,NC0Y9BPM94LVAE6GV
TXFB-103044,PPTZG7C8WMR0LS839
TXFB-103045,CM8ZVRXMRUXD6PH7W
TXFB-103046,HWRL50WSP7P91DM2Z
TXFB-103047,ST1UXHKTG57FPAX01
TXFB-103048,95939JL1VRBJSHG6N
TXFB-103049,M6WXHFJ395Y3A1TEH
TXFB-103050,DAEKZUCG5PA6DTXK6
TXFB-103051,7GKZN0W4FGMSHPR5U
TXFB-103052,AHZHEZDE2GJ4L79DZ
TXFB-103053,SWEWR11T0Y2J2DDAR
TXFB-103054,BM6WVUDTX7F1P3LG9
TXFB-103055,79ZBXC5PJ958NZW3S
TXFB-103056,W3BGHP937J7PJ3P03
TXFB-103057,M5UZP0L8FMG71WEV9
TXFB-103058,Z8BNVGRLHG2UCGJSZ
TXFB-103059,1Y1BTV8U26Z0F7J
TXFB-103060,0Y0W9J5JJJ647SGTG
TXFB-103061,HX2TKRLGP331Z1YFP
TXFB-103062,DHJ84KYE101W7V2
TXFB-103063,1BZ27EF8X0756KZCW
TXFB-103064,DNUY4JMMTB50T3K1C
TXFB-103065,LDPRR9CLKRVNEDVY8
TXFB-103066,MXJ2LVCWR09PP9Z12
TXFB-103067,GS4J498M0GZGP770P
TXFB-103068,SY8XG4PRWZSDB6RAD
TXFB-103069,TNYBGGGCZ3VVJGB5J
TXFB-103070,2KVGWTJK6N3YMLC9U
TXFB-103071,R8NBX5UJGGAGXTFMY
TXFB-103072,R46CGL5C081F1DX81
TXFB-103073,PTAN1NYP97GXG843U
TXFB-103074,UHRWUEVS2WR1UJ838
TXFB-103075,BNP8EH7RJVKXG173X
TXFB-103076,7E140ELR5GGACS77U
TXFB-103077,GVWD4EDH66X29W8FM
TXFB-103078,XF9ZSX4XYL3BHZC79
TXFB-103079,4MMBDWWNB9CNRNN
TXFB-103080,L79YMH60TYNZNEHR9
TXFB-103081,3J7447SZ0BZ7BMNHA
TXFB-103082,HFKJ8U81HY5J2Z2GK
TXFB-103083,PCKEF3RSUS2HM9ET8
TXFB-103084,AA2P0BN39GUC1MEXK
TXFB-103085,UUZ7RHUHUULCPAFPX
TXFB-103086,A79AY0768EMVFYDEB
TXFB-103087,24BAX6UX0E70LCY72
TXFB-103088,91LFCWYME49HVGFE5
TXFB-103089,95SUGGJM0WGB4XYE1
TXFB-103090,NAMYPZCRJ8SS40UE-
TXFB-103091,A6ASNFMEA761TJ8H-
TXFB-103092,EB5GWJELGK70YPXYU
TXFB-103093,XS1V3DPHAVU8D5WX2
TXFB-103094,8F2UUJ6UB2F7N7MWC
TXFB-103095,C1NS7R1P1P1FM5DZS
TXFB-103096,1168A9F900SLNRKA-
TXFB-103097,4VAFS69JA8BU6SVFF
TXFB-103098,T2PCHGLAJ1LJ4EADV
TXFB-103099,FPWMEKMP86L6LKXFR
TXFB-103100,C5FCSRM90FLHS59Z0
TXFB-103101,KF6D8APMU13637JMK
TXFB-103102,FUHEWGZ9S8D9T6Z4Z
TXFB-103103,SCN49GV0HC69G284J
TXFB-103104,6J95G5V6155LJ3A9H
TXFB-103105,3TGB0KUCDA13BUZDW
TXFB-103106,1WCHMC707FU55N2SK
TXFB-103107,NRS6CT453XSGWEJ2F
TXFB-103108,G2S6HLHU23Z64ZJSL
TXFB-103109,1VYBS5MUHEF7JVSH-
TXFB-103110,EEJTD14JKM0AP9HE7
TXFB-103111,PHE7E2FPBKVBC10RV
TXFB-103112,ALAJGBDF55DBVXDH8
TXFB-103113,VUWX3HPA81MXHPLKA
TXFB-103114,E0N7TE0Z4EB7NLWBU
TXFB-103115,UXWS2M58VY8Z9GUCN
TXFB-103116,ND943MNRLXR07Y8AU
TXFB-103117,P5NN6SMV4T7W9C7G1
TXFB-103118,MFNK6CX2BUZB31MA3
TXFB-103119,NVJJ46JTM2X4K4PZ3
TXFB-103120,GTNW846V9ZGDMW3CP
TXFB-103121,74TZU0YYK1E71PMFB
TXFB-103122,0ZP1G8RV9UTR8KHWH
TXFB-103123,BLVT8GTLH3DM9T84A
TXFB-103124,0XKHFX731E5LE593G
TXFB-103125,SCVSE4MZT1KP5FAD-
TXFB-103126,5FW6FJF2ZRFX369UY
TXFB-103127,Y1VH4H8BGF5KHUB3H
TXFB-103128,50YHZ00TNPEGXNXRL
TXFB-103129,DU36D6E851Y0EAJW8
TXFB-103130,798KSEKG5JZUEL09P
TXFB-103131,WVDNDTZURUT4V2B
TXFB-103132,WN451VAGDL6TX061F
TXFB-103133,WMTPULHSXDMBB6VUS
TXFB-103134,P3W53THMW329HS9PR
TXFB-103135,1P44KW9LJZVXR7AUZ
TXFB-103136,4J002BEXUXDU1P5V4
TXFB-103137,RJHMBFUGYP58KS4AM
TXFB-103138,LTBF4E7HBPR2CP6DX
TXFB-103139,DF6ZGT1U4M1HPKZXK
TXFB-103140,21A3Z6G3THSRHBKJ4
TXFB-103141,XLJD2W7K5VKY6PWHS
TXFB-103142,WADUS54WS4HY0AVG3
TXFB-103143,R466VAHV7GTNFHR5B
TXFB-103144,205839ZNNK7WBSXE4
TXFB-103145,DJ2GWA54XGPU39TX4
TXFB-103146,S91RC4VRGV6GFUT20
TXFB-103147,ZRV0114FC2CJ0BNXM
TXFB-103148,35D37NK1LSATLP6YL
TXFB-103149,NJVT0H5MRE6P3FMY3
TXFB-103150,AH4F8GBX8YTL47K2A
TXFB-103151,21YC71RPARXYSWUF7
TXFB-103152,41JFG42S8ZSGYBC5X
TXFB-103153,R56GVZ8KG6LUH8SJC
TXFB-103154,UHN6N74R5F6JZV4MM
TXFB-103155,GRBF17DY7C9WSUP8T
TXFB-103156,F0VJK26HCSUGGU0AH
TXFB-103157,STHN28W4ZEF7GV8FM
TXFB-103158,G2X6SE5K94M4RZR97
TXFB-103159,9KE37NWC9HC75LGBS
TXFB-103160,JNY8ZVAS1Y6Y1VM8L
TXFB-103161,C81W7FVDHLCGFLJYB
TXFB-103162,XW5DKN3JF9R4SXRGM
TXFB-103163,XKSPVRWZSFH2N92W3
TXFB-103164,KUDB9WDPJY5KNMFK2
TXFB-103165,STGV0WCX1VHCHZVN2
TXFB-103166,Z3TLM2JB4RZL5UC
TXFB-103167,Y90W6ZFT5UKPSE84S
TXFB-103168,MAH8V42F331XPFX5J
TXFB-103169,XS2FUASHHEE8WMNXG
TXFB-103170,8R9YWVD18CU2F6UP2
TXFB-103171,VPN4YE82L4YW5ZWGG
TXFB-103172,BD774H3XF66VNTEBS
TXFB-103173,X1HNUVTDJSMGW88D3
TXFB-103174,MEY2NUYUZ3A1CGVBF
TXFB-103175,8AV3Z50ZW3CKHK2WX
TXFB-103176,ZEJNCSLELSLSZC0N2
TXFB-103177,SZTTYRPTH1S00D1FW
TXFB-103178,21UE8HHH3E6EFCXWH
TXFB-103179,HAL5VYPUMSMGT75RM
TXFB-103180,UFRZ3NAGLVM5V2RJP
TXFB-103181,YR5RNNF8BSUGBUM4W
TXFB-103182,68STFL0LX0M6XZYTT
TXFB-103183,KBEC8DZFNUAYDX655
TXFB-103184,90S0JNK1UZBD345DJ
TXFB-103185,ATPM58VCHZ4MX6KSE
TXFB-103186,10CMNAW3SM15WX9YF
TXFB-103187,DAXT67F6FERNH9VZF
TXFB-103188,5TKNEXSU7G635FYKB
TXFB-103189,Y56TY6K8AVPK63LVL
TXFB-103190,MK91TRV6BHHHEKZLG
TXFB-103191,U1YZGZCCBKAZ458CT
TXFB-103192,D9ZWVYYC7EL0ENXGF
TXFB-103193,M1CVZSE0G1WJ6ZZZS
TXFB-103194,6DSXJTCF3FJHRW28Y
TXFB-103195,0TX2G3CDJC0U1FLNR
TXFB-103196,4RVB30U79A61D9UD4
TXFB-103197,FZ3TARTA9C76ABST-
TXFB-103198,PNECXDLXZYFKSF6M8
TXFB-103199,GWLCTDD2FPGW9PG87
TXFB-103200,HMZNR7YZ1J6Z09265
TXFB-103201,G2W8HD4402Y1PYFYX
TXFB-103202,CZV6H2S4JFBB1CAPK
TXFB-103203,7FYAYXUF66L4FTSP6
TXFB-103204,F1UX5DEGEJSE4JVR7
TXFB-103205,K2R9DVZMJ3HYYXFA3
TXFB-103206,8K6HTLHY7DSTGCT79
TXFB-103207,5XD40LA5MTBYD48EH
TXFB-103208,ARGXRTL3F04M1VYC1
TXFB-103209,MYV7GDU6V4L583JRK
TXFB-103210,S8XG4DYKTSEKUK3NW
TXFB-103211,0WBKTC64FHCE5C906
TXFB-103212,XR9RM1UK1DTK0SVAA
TXFB-103213,WBF4862VBRK9YBL4S
TXFB-103214,TGWY5SLDNHFGUK0L-
TXFB-103215,4Z5Y5XW2XSCB9DVC8
TXFB-103216,DN7J9ELKJFBJ0SF8C
TXFB-103217,9RBX0ZTP2A4EU3Z2R
TXFB-103218,5XH8YGJ7RFKZJATB-
TXFB-103219,1J47LPSNXU61AFGU3
TXFB-103220,RNLGNRCCL9LBT4LBR
TXFB-103221,63LU8M2UR2CR3ATL7
TXFB-103222,RELDXC8DJB310GYTS
TXFB-103223,GLAUZ1WE22LADERC7
TXFB-103224,HT5PBBNPL6SYLYYU5
TXFB-103225,Z3HA7010U87BDPUDS
TXFB-103226,VD5H3KHMBTRRHPW39
TXFB-103227,T7KZ0G2PG69YEDJP3
TXFB-103228,PRCPDJXTBDS99Z9R3
TXFB-103229,ELXRTJFLSN6EKWLKE
TXFB-103230,RVWXEW4PBYCE33U8X
TXFB-103231,9W54FLSHY4AUYETM3
TXFB-103232,DF7G1XG00UZFAU92B
TXFB-103233,AE10U7A1ZMD3RMSFE
TXFB-103234,PCRPC28G4ULY8EUJ0
TXFB-103235,RYL36VMLLK0JYRUE2
TXFB-103236,UN8MBSCP3HCH81WNV
TXFB-103237,SR4F0E1T06LRVYC5H
TXFB-103238,9HYC3R91MPJC4ANBH
TXFB-103239,20BK6AS2DMKBLNLZ2
TXFB-103240,4C8RHKYDGX1XJTPD6
TXFB-103241,PPAVCRSBNKZ073E5W
TXFB-103242,ZY1J5WVRF1WZ41RMW
TXFB-103243,5KFLVCDN55MP9G5NX
TXFB-103244,AMLD19AURP8FZ7HJC
TXFB-103245,NMV73MCDXL7A9BPDM
TXFB-103246,HT30PU7J52HZRZSMV
TXFB-103247,GTZHYBZSE0785UVFX
TXFB-103248,9RDXVBXC06J1P1Y2Z
TXFB-103249,5WSVM5S418YVZMFEU
TXFB-103250,CZ52X9ZFTWT780YPY
TXFB-103251,A6H75JEX36YJ1FVB-
TXFB-103252,BFHB5LKD21W88DTNV
TXFB-103253,6JUMUGB9U3GB6X9PH
TXFB-103254,26GU69V6F1MCT8U4V
TXFB-103255,5ELD3RNJSR99K0L3V
TXFB-103256,UNS55ZVG3XG47PNC1
TXFB-103257,NVCSJEL1X27AP0N2T
TXFB-103258,R506UP2JC3N0KKA5L
TXFB-103259,83FR9UMEDRMUJFUGB
TXFB-103260,J9LNAFKF8H5LSZ2
TXFB-103261,W9MU01YEL170M50P7
TXFB-103262,5D5JL0K75PZ889LZN
TXFB-103263,V0A2V7PT1N8ZPR9ML
TXFB-103264,4FTRT523W9HPPL968
TXFB-103265,86MPSC6HG1HLUZGYW
TXFB-103266,UAR7JBA9W60RXSVLM
TXFB-103267,F6536ACHFBDRJM57U
TXFB-103268,5WU03XJST7E3C1FNR
TXFB-103269,B5CM0SGX81PXS04A5
TXFB-103270,E3MW5P6PECX8P5DEU
TXFB-103271,DVNJU9CZMXC78PVDE
TXFB-103272,2LCF0ATM9USM1FXC2
TXFB-103273,TC4XY89050CBZE554
TXFB-103274,CWJX9PUJUJY4F2W91
TXFB-103275,0BZFHU0S6RHD7BC2S
TXFB-103276,BLZX7538MBY2U688R
TXFB-103277,T6JBGLUH5JMZBE4CK
TXFB-103278,WCEC1VVDWPDKYHWHR
TXFB-103279,9C0NNK587AK9DMGS4
TXFB-103280,T07H3FERYU78ENV61
TXFB-103281,6SVP0SB2Y0RVM5J
TXFB-103282,4SPZPLYVNKH7R2V5Y
TXFB-103283,5NTTCUBWPHC3J3UJV
TXFB-103284,9X0HDRH66XXGJH27F
TXFB-103285,T2WL7613149DV29NT
TXFB-103286,29EPS83KEZN33MH4E
TXFB-103287,RLW792N3789D8X5E9
TXFB-103288,KRR78SF44PSX6X4
TXFB-103289,8TY85HNRWJVL2AS7N
TXFB-103290,6R4FKV4YS5CVTWJGN
TXFB-103291,XDVUASN77XRC54YBD
TXFB-103292,ZZEH1BPZRATD1RAWF
TXFB-103293,70WFXVKBJKFLUKZ0X
TXFB-103294,G3S8VE2MWRKEVCDJR
TXFB-103295,JSHH8WAAE6C0H00M4
TXFB-103296,GTCM1KNCUJ3FNAV2D
TXFB-103297,A0CT4ER8SEFZHBJ59
TXFB-103298,NH5EP9T8AZZ51N222
TXFB-103299,6YSMWJ73P2C6Y557W
TXFB-103300,Y99EZMMJYTZGWRXL2
TXFB-103301,RCHGW0HJKBYG3XSTH
TXFB-103302,73R7A2ZK48992FYUV
TXFB-103303,K84ZKR698F6Z8KP6J
TXFB-103304,TPFJ2ABSRYD6UVN1K
TXFB-103305,GJF4VPG8EW9Z06Y1M
TXFB-103306,ZGNE57NW2W5G6CAZ4
TXFB-103307,ZS2KH6NEM344HRTHP
TXFB-103308,W6LXGEECKDH47ZBP6
TXFB-103309,HSG19AGZF3990KVAV
TXFB-103310,EJCNR87F7H52X7V3S
TXFB-103311,NK4YDBCJAM7CZU7VL
TXFB-103312,TL4WDGAS92U6JEGPA
TXFB-103313,GW0MJ48JHYJD31M
TXFB-103314,WCLCLCBGKG9MXWR78
TXFB-103315,S03DG8AAPR8HSYXL4
TXFB-103316,TE0F4Y976UAKHA4TR
TXFB-103317,VU200K3CCUSTRS8S2
TXFB-103318,MMZCX72DMMHNDYYXF
TXFB-103319,WK0GY5N8787FNZY1G
TXFB-103320,21GT33ZULUXCCHPZG
TXFB-103321,6WLAJVUEM1900LBM-
TXFB-103322,HASAJMU7CHWR4LJ00
TXFB-103323,BZZ05JFK7BJNC0SWX
TXFB-103324,AKCE0SLKAAE615BL4
TXFB-103325,EEX1V32D3ABHAWD6S
TXFB-103326,9H5Z1Z5HXK4N8FNZ9
TXFB-103327,0C48GDX35VSD7J19W
TXFB-103328,59CDXAVKNENN1U9K8
TXFB-103329,2HYTDE054A1L7HGH8
TXFB-103330,YPV4178VDXTGM7SYP
TXFB-103331,P70V35E5P12UAVAXK
TXFB-103332,X9BACJBEA9D2W35BR
TXFB-103333,86FCH8CVGET98CBX3
TXFB-103334,HCXAG8BVCJUA2XM
TXFB-103335,9AVXMZV7JESMFCGWX
TXFB-103336,8J3HJUPUMKFRX83JN
TXFB-103337,971XMX49UU7X35ETF
TXFB-103338,E10GUNAAVB1WLENHZ
TXFB-103339,Y4R84EEN6RUC7ZGEJ
TXFB-103340,KPX36YXLDJDEXJXHL
TXFB-103341,E1P9XT6F03PTFGVHF
TXFB-103342,9Z8MXPKNNL1K6LY1H
TXFB-103343,3R2SWBHGE8C580M3K
TXFB-103344,J2ZJ0GCGYHYYY9TZU
TXFB-103345,LC4J27V7HXBV2FCPH
TXFB-103346,FLCET89UYWL3UCXDB
TXFB-103347,MPG2G7KPZSAC4CRYV
TXFB-103348,G6HRV4Y04UKLAXDN9
TXFB-103349,04EDJERKRJNJGP30K
TXFB-103350,TWP820EKG47L8AS
TXFB-103351,3G61RX9J1D1MGUPYV
TXFB-103352,VUZL5F9UCBWD47AAF
TXFB-103353,H7TDWTV0ZUEANSYMH
TXFB-103354,7YJFR9Y6G7YB99F1K
TXFB-103355,TW9ZMDXF6KSBFJ0A4
TXFB-103356,TUV6FH9T8K8BBGE8A
TXFB-103357,W64L8DNY4J73B2PJ0
TXFB-103358,8Y4H0G7T3NSFZ1J11
TXFB-103359,PBP9TLHR3SYBTZZEF
TXFB-103360,P0UTF0LSXPL3CVSKY
TXFB-103361,7EE00XKUAS673M0TD
TXFB-103362,ZXYRSC6U4UG3PFYTV
TXFB-103363,G5L70S5BM93S3LVEH
TXFB-103364,7B4JZL5HMYLS2NT2X
TXFB-103365,V57ZBGA1L7BPFA80S
TXFB-103366,G6VEX6JGB7J1A2A43
TXFB-103367,ZFGZTCPLVYLGCWBLJ
TXFB-103368,ALB657SVCSSPH022H
TXFB-103369,SMBTJ5U1LC220PH5F
TXFB-103370,NTLTMTSSFC20AMGDW
TXFB-103371,SVTZWL7KSGS1SBL42
TXFB-103372,BZ34WJNKUSSBUJXC0
TXFB-103373,D4PSRASXMNDR1THS8
TXFB-103374,XUNZS17AN75DEYXBY
TXFB-103375,3G4RK3S4PXCUFNT52
TXFB-103376,CR02SL76UZ0E6G5FW
TXFB-103377,9U79UG3G2VA1UCF6M
TXFB-103378,TXATHA0V5B46CW7AV
TXFB-103379,W7MCKZV6CK2CWNW
TXFB-103380,DJPN99PYUL02WHH6J
TXFB-103381,BEHW53MWG7VDB5NJK
TXFB-103382,G7Z8T7Z0M9T6JW40-
TXFB-103383,MRBL4KSNBSSF4VXW7
TXFB-103384,E1R7A5BTZFGAD7UU2
TXFB-103385,ZYKKNF66190DSSZH-
TXFB-103386,K7FZVVF7XV446DBV-
TXFB-103387,NB42UAT58R9J1ZAR1
TXFB-103388,SAJY8KLZ3UPD093DD
TXFB-103389,MK7ECZN1DWY0CLK6P
TXFB-103390,YL7G0HGKMDYS33TXW
TXFB-103391,FD0RSPNTB59R6CW5S
TXFB-103392,F9HWCNW122W46U5VH
TXFB-103393,VZU5HVD5JU073GVPY
TXFB-103394,C4KF05X462SMZCN8V
TXFB-103395,9BZYMZPM68AHJHZY3
TXFB-103396,DHSVJHZJU0CRFRSB3
TXFB-103397,1HAVVV74BWZ4R7C6R
TXFB-103398,6D27VZPLURMWA21V5
TXFB-103399,A2Z4EFBJ79LJU06DF
TXFB-103400,PCS63YWUXJTV5GY59
TXFB-103401,2FX32657TLCXXMJTB
TXFB-103402,2S6RDBZDTYVPYBNG1
TXFB-103403,7K56UA5P9F9E6K40J
TXFB-103404,V6NT59B0UUV4LPPSM
TXFB-103405,RVRPM2NU3MW8DRJX-
TXFB-103406,F080XUX5KUACL67ZA
TXFB-103407,AAHKM7LBVW74F4N7V
TXFB-103408,Z9FNP4ENCBWN8EN5J
TXFB-103409,XWZL4KPFZLBZDRRG-
TXFB-103410,1ZTFTWGDCLMRH99E4
TXFB-103411,24WB8P3CY8XZ7TBDT
TXFB-103412,MR5WLXZG25DRU893U
TXFB-103413,DCS1SS2BXMHNG9NEF
TXFB-103414,Y1LF25ULXV9D1WJKM
TXFB-103415,ZC3N68B1SCV3V5NB4
TXFB-103416,RXXM8PVJSG5NWG0ZR
TXFB-103417,5UJPEMET73FVKV6RG
TXFB-103418,S1932MDF7UJ03WRPZ
TXFB-103419,JVSP506XHECWVZNX1
TXFB-103420,ZGX3VVV31J9N9WRPL
TXFB-103421,J73WJKE3CB17G15H7
TXFB-103422,SKB9CPU1NDTAKZYLJ
TXFB-103423,AJV79TFJATW9HDX5J
TXFB-103424,TSF5A06LGJ14K06
TXFB-103425,L3D23SGRG6YF6CM2J
TXFB-103426,MRXAR5461J4GM4VK3
TXFB-103427,UCN55J063KNDF4DLP
TXFB-103428,5WKFTMLE8F9VECW70
TXFB-103429,M289USP9ASJ6F799G
TXFB-103430,GRZLUKJ5C8B3X42G9
TXFB-103431,N9JZ7N3U489B4GASK
TXFB-103432,WTG4WF5H63ZYEKS6Z
TXFB-103433,BGFJL9KESZ05Y3DWX
TXFB-103434,2H0MCB7XNWN4JSPHR
TXFB-103435,9C6JPVU7739BN5J
TXFB-103436,HK5EAUV4XFBPZSHBY
TXFB-103437,LV27RFJESSL6588XK
TXFB-103438,4XJ1S86N8YF5PMSMK
TXFB-103439,6YPAS5HAB2VZBYE2W
TXFB-103440,92W1NCGB09UEJR2Y1
TXFB-103441,M6K5A52E7LLDC7R7N
TXFB-103442,2C3AADVXTKHC5B08E
TXFB-103443,7Y3EPJZ0X4F7SG3XR
TXFB-103444,21KEPBT5G7D8X1K
TXFB-103445,6VC2C8D673DZX5BPR
TXFB-103446,RCPY9D4BCUZBXMUSJ
TXFB-103447,4JGVHSAFWS15YKFGE
TXFB-103448,Y0H0V9D699ZRDL590
TXFB-103449,APTFKKC4B7U13WCR1
TXFB-103450,9W11XSBMTB6HBR5JA
TXFB-103451,JZTYMRDSDCF5FCFBK
TXFB-103452,1CYF8A37LN3UYNA17
TXFB-103453,T2F97KKSLGJS2SMAA
TXFB-103454,3KF4J594HPMTTJHPX
TXFB-103455,9301P1Z2GNNH9ZMBD
TXFB-103456,C89KAGVDRTS4T142W
TXFB-103457,N0NG5PXNS4LXB6XH0
TXFB-103458,RSYSLHEZLCZ2LCCGD
TXFB-103459,MZBXTZ7N0ZN33A3YV
TXFB-103460,83W9YFPUVK92MU6M2
TXFB-103461,C05FX5AFY2219YCUE
TXFB-103462,EMJG5GFW9MZGH688Z
TXFB-103463,M2BXHG3T2SVFW2ECR
TXFB-103464,YTW6B9CWE8A2D3WP1
TXFB-103465,PX38UU2X2B2W5A5S1
TXFB-103466,K27ATM32E4PRCKDHV
TXFB-103467,7DL6CN9YGR6U909UZ
TXFB-103468,DV5NX5H1SAKY779FM
TXFB-103469,EMMY9KJCWRC4C43PN
TXFB-103470,K5YSNJK4VXVP8E6UM
TXFB-103471,THW2BU15U2GXHCTJR
TXFB-103472,3PJSEMH5LF2LCUFXW
TXFB-103473,DA4KUUN49SYE1UGEC
TXFB-103474,2APLBH23EPD9HJLVT
TXFB-103475,FDL5SS2YXCUSWCWZT
TXFB-103476,RV6W6CB09EBTYXBAX
TXFB-103477,Y9EADA0WMU74NLXVJ
TXFB-103478,VRT626TB41F39JN20
TXFB-103479,SY3EU6S8AAV32BS5U
TXFB-103480,NDKEBM3RGS115PN7S
TXFB-103481,XBRLZE3ZEUTK5TP1X
TXFB-103482,RPSXFNWP4V5JNAAK4
TXFB-103483,731LD1J23HJG67WUE
TXFB-103484,DX23SLZUZBDEY91SC
TXFB-103485,XSTY923RHFK99FUE7
TXFB-103486,FZZZV1L8XSZCVFMGR
TXFB-103487,6J8LMK9LLN9MFCYSL
TXFB-103488,XP9G1EG6NZMDCRS3M
TXFB-103489,CVZA6LN1W6U8WZPJY
TXFB-103490,2PXNG9MBJTWARR56B
TXFB-103491,0M2FEL1KANNDSZCM7
TXFB-103492,3DNCVPSFZNRNF5FNN
TXFB-103493,KA8XWBCS4F5HFK80G
TXFB-103494,KEWUGG120R2C9BRD7
TXFB-103495,KLRU9LBBN6RKRME05
TXFB-103496,CKG1KVVN5PALTRBL9
TXFB-103497,E2B5TXC0KVTVXF35Z
TXFB-103498,JH3E363CJ3BBMM3S4
TXFB-103499,X88DNE3EETXFAZ6RT
TXFB-103500,8R67BKC9DAMLWJJKM
TXFB-103501,FPEPG43CAUWWUT77F
TXFB-103502,JKJ73KT1UEWSS4GG-
TXFB-103503,3RLEWE04D63MW6UKE
TXFB-103504,5LRUXKJVMS95YMJ1U
TXFB-103505,Y099JMN9WY7F0NXU6
TXFB-103506,27PP7DCJ6AC4N3DFX
TXFB-103507,YXGXKUXFT103C82RS
TXFB-103508,4XW7893KJ8H7RT2YA
TXFB-103509,ZNMCJMYNSEJB9VXCG
TXFB-103510,GECDCS9HZ30161DXT
TXFB-103511,5KWCDB83SCEPEH60F
TXFB-103512,GNNN36GMD3YD31B80
TXFB-103513,VVFXULPP2JKSBB0CS
TXFB-103514,MXNF2B6B183A4EBSH
TXFB-103515,56ST8Z9VF35NLN2WU
TXFB-103516,F3LZP137VUA22WAW0
TXFB-103517,0ZP9MJTC2UKURBJCH
TXFB-103518,G9MNJNPB95UY88FK1
TXFB-103519,WPWCUFWLLE8HRRSYR
TXFB-103520,4DT5WETTMG3CLUZWK
TXFB-103521,48C1JC55E2594NP22
TXFB-103522,A8LUTH4XG9H2RH2SL
TXFB-103523,RHFKPXNAF9KX45HU8
TXFB-103524,VX903WKCLPC50SUS5
TXFB-103525,6RH7EB1SDLW949M5U
TXFB-103526,1PA6M8PXJ7B95LC
TXFB-103527,U55VWM8VCMTBDBR72
TXFB-103528,2C7KKAN7375200P
TXFB-103529,V3ZR7X8BD88FYJT4B
TXFB-103530,W3VD4Y4XLWSBZDVRY
TXFB-103531,RSEWSFVCCMGW9H144
TXFB-103532,60MTR7MPPCL4FLA3W
TXFB-103533,YTZG8YMJRS8CKHSB8
TXFB-103534,XR5X0NX1734DKCK9T
TXFB-103535,D697ZL795SG93030V
TXFB-103536,RVA0PV7160FPF3GGX
TXFB-103537,YCX7SJY0YJ99FP2A7
TXFB-103538,E3BDA4KUWFD52S10S
TXFB-103539,PH2LU6LRFCZTM6S2G
TXFB-103540,S7A3UMBB76EN7S6CS
TXFB-103541,NY0LJAAGWCM06TEFC
TXFB-103542,U6L2WBUUX4T8LR9RU
TXFB-103543,X6RPWJPZ19Z8H2862
TXFB-103544,BCW39TS67PYARMA6D
TXFB-103545,AGDKDMUG12SNR4MZG
TXFB-103546,M7K4Z9JDUYN22RTAA
TXFB-103547,5960A3YKF853MU27V
TXFB-103548,HPHJ76BM4VDH5YP1B
TXFB-103549,9XE67RM9FPCAA33EA
TXFB-103550,31VA686VLJBX0B1KL
TXFB-103551,GUC1JFE7U91WVPAVM
TXFB-103552,2S6CK7AW6CEWGM2A7
TXFB-103553,PF65PXKXUTJC6DBS4
TXFB-103554,M3ALH0EKN496LX2MB
TXFB-103555,RBVHB8LLDTFM19DMM
TXFB-103556,0VGVTL8SDGCAHXU54
TXFB-103557,GEZEFP1TXHJGUW7VH
TXFB-103558,LLA0V5YUPDB4V076Y
TXFB-103559,TJSKRLZK94KYPLV3G
TXFB-103560,ASHDS28PLMBN4T79-
TXFB-103561,LJ15VPPFGCX2AJ42N
TXFB-103562,FPTFC33EVG7YBX4GX
TXFB-103563,1S0B34N6BX3JVC811
TXFB-103564,H9UDSFBS4HWU0RFY6
TXFB-103565,A6ELDH7BVE71TC6M7
TXFB-103566,0HUDXX2AY31B701M1
TXFB-103567,ARAUTLT2J9N0CPEUX
TXFB-103568,4WRLDHXEFPB6J42GW
TXFB-103569,E1E6265AWGY2LJ3LS
TXFB-103570,RB5PGGSJXWS6LXJFZ
TXFB-103571,T8N3AZHL55ZMFZ4BG
TXFB-103572,C56H602NWAH5XSLF3
TXFB-103573,GAW85MN2CUZ174T94
TXFB-103574,WG2RG9A2VFPPS8288
TXFB-103575,JP6C4HKX2X4YF1B5N
TXFB-103576,16DGXSMZHNWSA42LA
TXFB-103577,U70TT6CVFJELX4518
TXFB-103578,EKVW3HX83AC6DDV87
TXFB-103579,SFA9635HG2D1THBX8
TXFB-103580,GZJRFJSBVX5GANKRF
TXFB-103581,Y8XD48MURR6JSNS7G
TXFB-103582,ST3LECA0DE01DS7MY
TXFB-103583,EG867ZKSBZB073Y8B
TXFB-103584,W75TJYEEYEB1BNDME
TXFB-103585,TLJ0BWTMT2YH4T54E
TXFB-103586,TH5MPCE6YM30MT5G1
TXFB-103587,4DHCJFX5EGKF7MDTY
TXFB-103588,NGUKLXNBUA7CDXS09
TXFB-103589,MF376TJUE7B49FE
TXFB-103590,503S9L78H0B42314F
TXFB-103591,PC4693GWAW00F6ZN4
TXFB-103592,AP1PF1EGSMZLPP1BJ
TXFB-103593,U2K662FVG2U33JL78
TXFB-103594,UHXHKEXR729PHJPAV
TXFB-103595,6H4DK6PY685BUHY7R
TXFB-103596,6422VN4B63HFUAY7V
TXFB-103597,CGD7XP9E2CP9T0BHZ
TXFB-103598,RTFNYCKT9EB5SAJ6V
TXFB-103599,D8H2EG9FP1DECULTH
TXFB-103600,7R9D0AV2YZR520WAB
TXFB-103601,83RCTYVEBEBM77ATZ
TXFB-103602,F5VJE25Y442TL4XKM
TXFB-103603,2XK5UJBVE1MND7J8T
TXFB-103604,966BPWZN024TV1VDM
TXFB-103605,9E6AXYH37SZX9VKNR
TXFB-103606,RRATBVCJJWS858459
TXFB-103607,ZM068S09LDAHJ1N7G
TXFB-103608,19SP3RH9CYR6EPYBT
TXFB-103609,5CAJ545TUR1KN4UZ3
TXFB-103610,K1N2AAYVASUFJNE20
TXFB-103611,Y2E7J6RKHGCELKBKU
TXFB-103612,3HL0HFYCX48LS560G
TXFB-103613,JMF6Z8KTX36WZ6ENG
TXFB-103614,548TJ7N2WMTYPWU4B
TXFB-103615,MZDJA9Z9RT6LAMG
TXFB-103616,V8Z6CU89VUWAV2MG4
TXFB-103617,C7VJU9FFTDT0M0YE4
TXFB-103618,691JVKSFMBGSRC95R
TXFB-103619,00VDSL65DCAWHGXP-
TXFB-103620,B5Z2V24HFYFPVH00-
TXFB-103621,689UEE314A29Z822N
TXFB-103622,NS5ZVPGRBT4DA96UB
TXFB-103623,5RB6XF10AW4FJU8MF
TXFB-103624,JEUUM93G60BS1EF2W
TXFB-103625,N21WAFDP6X14GD4B9
TXFB-103626,Z78SJ8N9U9HHSCZVX
TXFB-103627,LRM73270ELUX95MBH
TXFB-103628,FN8YLS5V5CWRY8WV-
TXFB-103629,BLS9GZV4CNXANTF
TXFB-103630,02Z9L7AC4SBUCEUND
TXFB-103631,HYWVFFRADJBN9UU0S
TXFB-103632,MD9NNWD8J1VCRMBZZ
TXFB-103633,PL2PA2SDFY3RW71H8
TXFB-103634,LLYXC97S9BD12EPPV
TXFB-103635,A7AEUGRSS3JPGMF9H
TXFB-103636,EPVZGW7PH7PY0NG5E
TXFB-103637,E2KNEFLUTPW9UBNTA
TXFB-103638,NMR9MS2Z50LVZ30KN
TXFB-103639,ZZCH5S4VTJHF80XTL
TXFB-103640,GJZYWHMGN3SWZ4GJU
TXFB-103641,HJN9GN72U5NEHEESR
TXFB-103642,6B53V41GZ8K6YJRPB
TXFB-103643,BNRSAPBD0PE0N5EBY
TXFB-103644,BLKSS9AE2ZR7MAM
TXFB-103645,CCMWL8DPWRPD5K5
TXFB-103646,W3WXNWH2ER0BK9245
TXFB-103647,28LR9DRK2TDZTDU0P
TXFB-103648,X2VTX3F522M775AYW
TXFB-103649,6CZSW9ECNUMP48ZHL
TXFB-103650,2LUFPE0TVVEJ441VC
TXFB-103651,9HRJ45Y7ECSD3ZPZ8
TXFB-103652,N997A94U7ADDAG7HR
TXFB-103653,0XM66LWYP2H560L0Y
TXFB-103654,7ASA8CUTX8DTF7XZU
TXFB-103655,3Z8D33N9AFZAJ4APT
TXFB-103656,GXS9UT4ZK2Y3YCW46
TXFB-103657,YG7FP9V01XZ0DBJ0X
TXFB-103658,6TBFHYMK1095HUYAT
TXFB-103659,T34R1X8BDZV2M92Z6
TXFB-103660,K325V537BTVS47AC5
TXFB-103661,D40FLXK7BD4MYV0
TXFB-103662,E04BY84F72E5RC1J3
TXFB-103663,D2FSJLMUCHG2VZLT6
TXFB-103664,F79C5Z8UD2CMG069E
TXFB-103665,US2DEFV0LZT5MTMC6
TXFB-103666,J4MYXM07GH7TE2VY5
TXFB-103667,B7AVP28HJZYDXB9WX
TXFB-103668,5LP23LCYU6E26UVY8
TXFB-103669,1Z0RHAX6RW9T7ER3L
TXFB-103670,DHBD0SXJTVDC4RX4K
TXFB-103671,T7EF8T97CXMBRH8PG
TXFB-103672,BN8G4R4RRFZYBFN5X
TXFB-103673,L4H4F9UWCDGJ7TDV9
TXFB-103674,JPAYY7CB1C4EE70FD
TXFB-103675,ER54DKE7U7XDCFANL
TXFB-103676,4P9WYRFZ8MC2XWU06
TXFB-103677,THE65H0T2HRWFBCTX
TXFB-103678,T61M7P5CG3W9ANM5-
TXFB-103679,2T5MFCS7CE6WBMCDY
TXFB-103680,398DCCHGU13U2D00R
TXFB-103681,ZTGAY9G86ZPR36HGB
TXFB-103682,PRP86C0PRXM6GWBU-
TXFB-103683,3HGA90VSGZ61CD4W6
TXFB-103684,2CP6UGPGSLEE4S1DW
TXFB-103685,D60BP75VDLCXYX5BK
TXFB-103686,82ZLLMKNP0J552YPH
TXFB-103687,W0ZCYD9511EVEZ3FF
TXFB-103688,EX7CBY2DEAAMD2K42
TXFB-103689,7JPZAC1R1RK9VX9P-
TXFB-103690,YB4J6BY1A9NW8RMM1
TXFB-103691,VSV7TZL3J7X9ZSHPN
TXFB-103692,4JD4CFA954X43VC3L
TXFB-103693,PK6F5Y6HUHA5CWK8G
TXFB-103694,98V3YEGCEBY9882F3
TXFB-103695,WRVALJK6VA83DP6HN
TXFB-103696,S8JWLWG1U7TZRBVWP
TXFB-103697,JFHR81VAP50GDGUGN
TXFB-103698,S10K8VGT5FEW1Z1G2
TXFB-103699,P3SXETCAKB0DURV7G
TXFB-103700,24UMXUBZLYYVC4EJ7
TXFB-103701,BY7TNX4CAGJC8VPRZ
TXFB-103702,XHAYR734J809BM0VM
TXFB-103703,6P4TRCG9PLGCJ4Y0M
TXFB-103704,YD15HRA49JD91F4WD
TXFB-103705,1889YZS89AE22F650
TXFB-103706,AUPJ84KRYU6RGX9MF
TXFB-103707,GBRJ32ZX5VKB0XPBL
TXFB-103708,FSC0C41TB5E3TSAA0
TXFB-103709,KX07FSENAYXTHBUHC
TXFB-103710,V4E8XMFEMYDR73P0K
TXFB-103711,G3RKKDN52TFNP6A1T
TXFB-103712,25MMAUU3MRBNDJPST
TXFB-103713,TDXBJE3LZ2CVTUP1X
TXFB-103714,KFGCDHD0EV6AMJNJF
TXFB-103715,DYHB388Z52ZKFFB5C
TXFB-103716,F541WPBXS9JXZ7MSN
TXFB-103717,95YAT2ZA6DL5AAE70
TXFB-103718,ZJTUMR6V5ADAYD8XX
TXFB-103719,H5FVE4YY0RVLU6K2J
TXFB-103720,LJP874AKHDNH13UA5
TXFB-103721,YH51R1YS3JNTN37RF
TXFB-103722,NXF4TJW16HN2Z8DVF
TXFB-103723,ARDPCANUMD7VD2044
TXFB-103724,KU03ET5PMH9U3AUYS
TXFB-103725,4M54FF53HEGWHRL5D
TXFB-103726,CZ5BT4H09KMGNYKHW
TXFB-103727,FZ3BNKGH1T5XVNPLR
TXFB-103728,XG81H10PJJGK3PUPP
TXFB-103729,4Y7Y68E7C12Y7P8YV
TXFB-103730,Y3A8RNH38YX8EHZ39
TXFB-103731,964AK1XYULDRFTKLL
TXFB-103732,HUX7S11SHX9K985E7
TXFB-103733,LM13AC0VN0G7TJ9U3
TXFB-103734,WNFFTNSKFAAK34WDR
TXFB-103735,KW2J33TF8ZAFBSUHS
TXFB-103736,BKGL3XG08SP5XT586
TXFB-103737,30AZD2RRTAFZ68VWN
TXFB-103738,D1BH7H6EUZV1GPKUJ
TXFB-103739,YF5SYJYKAYRPM5KR6
TXFB-103740,JJSNZ0ZU97S7CMARK
TXFB-103741,N6MJCCXG1YV02S4ZH
TXFB-103742,EJM5YBTYV84JGCVRR
TXFB-103743,WW9ZRJ1D9AFK9UZ6D
TXFB-103744,G56ZE9JM9RMRAK2WU
TXFB-103745,YKJUMND33UMV7D766
TXFB-103746,HACEULL2Z7PFG7D26
TXFB-103747,AM2WEC4CUL6NU9DY3
TXFB-103748,0DDUAAHKV9RP07M2P
TXFB-103749,HPAPPDSBA1DWP5G60
TXFB-103750,YAPHB2WHFE8SLRBC7
TXFB-103751,904M3G585M1TJA6KP
TXFB-103752,BGB9TT7ZSATG0M8ZA
TXFB-103753,L2FH9X7ZKSY3Y9V9Y
TXFB-103754,J34B4U40S1UMMZH0R
TXFB-103755,H9A45EG40LY14ADTB
TXFB-103756,JP8VU41SM1Y830DCJ
TXFB-103757,JXB9CCMCRGFT52FAB
TXFB-103758,JDSHDX4UJ2S48GN70
TXFB-103759,6WXMYM9N7MUPU499A
TXFB-103760,60YECUYCEC48BBKRA
TXFB-103761,7603X6Y5W1XPEUV18
TXFB-103762,YWXXSXP3MUYLEP8YJ
TXFB-103763,CRDMCBJCGLW76RCX3
TXFB-103764,FNGZCBK9DUV0A64BV
TXFB-103765,DG7KR9VT2A0KC1SSF
TXFB-103766,4YW4X1D5GP4Z5UTXR
TXFB-103767,E8NSA98FY42S0EJAL
TXFB-103768,71YE831W5GKTU1U5A
TXFB-103769,1MSZWR1GXKAD0RNGT
TXFB-103770,R0XM9PNB4KAWZP79L
TXFB-103771,2X72YAZG5YER9Z3MD
TXFB-103772,9KCZ23JS0XNY6ST7V
TXFB-103773,TV2HE6D8JUYSLZ5WJ
TXFB-103774,LGNJW9ME5K448HVVH
TXFB-103775,RV8DX46J465N7ZH3R
TXFB-103776,DL2ZXTVUZNENLMY1L
TXFB-103777,ECC0CTWT1VFUBK1CS
TXFB-103778,DKS6T8VE2C5A1SY4G
TXFB-103779,VE8T6H559FUCGZDJL
TXFB-103780,X3T9GFFSNFDF0ASP5
TXFB-103781,B7EERA7TNPLSE0EDJ
TXFB-103782,TGMBH01MXDNYDXL8W
TXFB-103783,M4LAW3ZAF0WXCPH
TXFB-103784,XXPWS27TYBTM4P0NZ
TXFB-103785,FN3EW66HVWTUJMGBY
TXFB-103786,8B5GHKDXKYM5RBNKW
TXFB-103787,9D86KNB9HX6S0J7VT
TXFB-103788,J6M4V211TRAUZMN1Z
TXFB-103789,K407UYAA85UUMJWZS
TXFB-103790,SM5NRSJAW1PRAALKW
TXFB-103791,PZEL8LW0STAMM95G-
TXFB-103792,ZUREK5YH9WYAN6TBW
TXFB-103793,B5M4JYKLWFXGJAVN4
TXFB-103794,260730X7TE5E47CNT
TXFB-103795,X44EE83G9V0ERRFE9
TXFB-103796,91P9PR98SM5MFY9Z3
TXFB-103797,5N6RUT78NP3AJ2T9Z
TXFB-103798,8G2H9P6KYGTDHWLEM
TXFB-103799,JM8PBMU0ZZJY0Y57W
TXFB-103800,DDUR64P4MJX9G5BLP
TXFB-103801,D114DSCVS12MZKPN4
TXFB-103802,45WHDBCAV6NNNGX7Y
TXFB-103803,KV34Y65210KCFY3R4
TXFB-103804,VVBB6WJYXFESVU57Y
TXFB-103805,T7TVURX6NX6W7927V
TXFB-103806,ZEYMYLKLR53AAYFKU
TXFB-103807,KL7ZN5CRETA4DYSC6
TXFB-103808,XCLMNTERDGXHG3CDF
TXFB-103809,W2AR6CYS43ELBCD50
TXFB-103810,BW072FFZK1FXCS405
TXFB-103811,7U99T05MP6UVRSYKM
TXFB-103812,HM8WE8DWVTEASSB7H
TXFB-103813,41RM0BNWASUWXJMTL
TXFB-103814,T0FDNUCGDVPAECUV5
TXFB-103815,JP0EEMY5YW9TR6SJR
TXFB-103816,3MT7NZ2EYP9E3ED46
TXFB-103817,GC6XP9N9BA47H30
TXFB-103818,P92YHCJUH7ZSG8NSD
TXFB-103819,WF1NAM0TNSRL718JV
TXFB-103820,EAEVVUE3S84D9PM4W
TXFB-103821,7PD4RJCW3N1X31G4-
TXFB-103822,B96TC60A71AN5LAEX
TXFB-103823,PGUWHBXA5VZ9M2WME
TXFB-103824,5LEXDH37CENWJTMDT
TXFB-103825,PA3MF2P2HMZ0JW1AD
TXFB-103826,VPLN484AZS92APJA-
TXFB-103827,M1YZ25MS5SG7D5H
TXFB-103828,2C8Z97J8YY52ZJUG9
TXFB-103829,RD61JSNRGBCBKPGLG
TXFB-103830,5DMJPKBBV9S7F9KCN
TXFB-103831,ZP735WX47HUV9SLXC
TXFB-103832,6XYFNP0ZHERJURS27
TXFB-103833,K0RRUB9FHT8V7M7GC
TXFB-103834,YVT00D5U7YU62TGN-
TXFB-103835,5UBC483G86J316WKZ
TXFB-103836,DU597E8WJ3YD0JTEX
TXFB-103837,NCGCLYT0PG35P1DPF
TXFB-103838,GCCH7KLTDY3WJP4NS
TXFB-103839,VE5WP6JVU96ABRSM4
TXFB-103840,TT35C3RFS1C3H8408
TXFB-103841,5AXYNV0R0C915MA5M
TXFB-103842,MRGR29FLNCBABZRGG
TXFB-103843,7G6CGSUM1ZJ6KER2R
TXFB-103844,C2C8VKDP1DJ10E1F0
TXFB-103845,J3MU8MGGKMLC52PN5
TXFB-103846,ZNFKGJP11W8XHN4TU
TXFB-103847,K646KH3XK1MB9NV8-
TXFB-103848,4F101DWMBJLM9VLE9
TXFB-103849,AEW4BWL7FUNZJ6UDL
TXFB-103850,XPS4N5204298GVF1X
TXFB-103851,DXWR72FBHX5VELSLT
TXFB-103852,2B9DM7TY3ANVVEKYL
TXFB-103853,5S7YACY5ZEDLB1XT7
TXFB-103854,V0RPBVU69GA90C853
TXFB-103855,R5KZ57XSGLAYSC0TP
TXFB-103856,265UJN6VV88H7H1U-
TXFB-103857,9D5H9G5F1FXVE6ARN
TXFB-103858,MJ2TE689LNM67WA
TXFB-103859,6VBV80RPN7JYDZTCU
TXFB-103860,3AU6CSX9LBC7V2JP3
TXFB-103861,YJ3EGXRECKWNKDDE4
TXFB-103862,TP1EB1L9Y302SWSKF
TXFB-103863,HBLN7640S772MF3XZ
TXFB-103864,16SBZLWXHKD1WNNKZ
TXFB-103865,BD7FW1GBP7LY2VV89
TXFB-103866,LZ7J2ATN5481KPD5M
TXFB-103867,W1CE13HSGMUXYNJSK
TXFB-103868,1FWBVTRDVMKFB3TJ-
TXFB-103869,2J0LXWDWKM7B29507
TXFB-103870,4SYLVGA9820GG6RUH
TXFB-103871,WGRTXA4LPHZX8BJUX
TXFB-103872,VNTWHYM1Z8HRB7UMX
TXFB-103873,D64EBXABF4XMM7EJ-
TXFB-103874,YSVUK5X0X3UDVTH0Y
TXFB-103875,FSSW4FK2P29TH4VBE
TXFB-103876,RUT4NA1TKACA7377S
TXFB-103877,1UKS0FD99CKVAV0ZF
TXFB-103878,Y20JBR2B2FGFJBFD2
TXFB-103879,RZ9773BD42F0ZR4CU
TXFB-103880,7ECRK38A3ZAMY523A
TXFB-103881,F58SYLFS8KVZHZPS7
TXFB-103882,VJ5XS2UUCLNGB167X
TXFB-103883,D85HT757ZC7DJAE7L
TXFB-103884,U60HCAF7A35KWENJJ
TXFB-103885,9PVH17L6Y7JDNS9ZA
TXFB-103886,4PH1FMUD27JN6SGYT
TXFB-103887,UZHW3S8P4JPD14ZJZ
TXFB-103888,9441Y28FT7LRCERHL
TXFB-103889,GL18JD6K5UGM5SBP4
TXFB-103890,9WXK6KJ0AA763Z6
TXFB-103891,87P92007UNUZLGRCK
TXFB-103892,XZX7BXVSWBX42UVZZ
TXFB-103893,VTCS4RZKS9B2XTDXW
TXFB-103894,J91XBETLZVHSWS6FG
TXFB-103895,A9K611854EU23MVZ-
TXFB-103896,FP29VK0K0Y93KYRP1
TXFB-103897,BN3US2UJSY9SZ3DYH
TXFB-103898,6VGMPDDGPZ5JEDWH4
TXFB-103899,PV96B9TGWVKVRC9G9
TXFB-103900,HYKF9WUC407AEJDPK
TXFB-103901,NN9SKTGTFEY7C64T6
TXFB-103902,5UTN5ZJW2Y43PLNG3
TXFB-103903,WHCJUW4CSFG4S9VRB
TXFB-103904,Y46ST5ZF55VH61KCC
TXFB-103905,8T1ZTB9TYX01725RF
TXFB-103906,U21PBKCCP30DZA5PU
TXFB-103907,M637EA6NLXC8X2X3V
TXFB-103908,M8BDDX2D1P30Y607N
TXFB-103909,L6LX3DWA7H08NJT0R
TXFB-103910,J7FEVMMA4PP3AVV7C
TXFB-103911,X4ZHL4DH5E2UDDSZC
TXFB-103912,CRE0GGR4PPRDY3AWY
TXFB-103913,Z6NAWU6HXJR5BVM
TXFB-103914,CT3CR7AC24YUP27
TXFB-103915,B3WWA59598XUH9M5B
TXFB-103916,UVF1G7D7B8HS6XJSU
TXFB-103917,T0DMUTS5MJS8AM7K6
TXFB-103918,A9WPRPV65NW35DCN3
TXFB-103919,ZSHBCN4CPSVXY4K8W
TXFB-103920,YE3X4LXH8TRCGKNCR
TXFB-103921,1L5C516MN7RFK4MNM
TXFB-103922,CJABTHAA7TM4U1M0V
TXFB-103923,5P0WBEMJAVLZ8F1J9
TXFB-103924,2Y50F7H972RNE2E4L
TXFB-103925,MS3FJJNY2LLFN4UWM
TXFB-103926,NT5RRHWDHD8JBFA
TXFB-103927,N0100KTDTW5HMYZSE
TXFB-103928,3UWX6P1H4T8S8AALL
TXFB-103929,ZE4N02XXRD6A1GBRA
TXFB-103930,NWFVLSZHTS8N5B439
TXFB-103931,L4UAJF9W6PC871HST
TXFB-103932,9ZX19E7GP6WXNRPX1
TXFB-103933,5SAEBE6BFMN8344WX
TXFB-103934,1YL1ZPXFP8HJ6UX8Z
TXFB-103935,EH2MENWB8LVJ9CSVP
TXFB-103936,Z1NLA2G6WYLWT0740
TXFB-103937,ZP94JRLK094R4HFX1
TXFB-103938,6BPRP9LUD5YT7SYK5
TXFB-103939,E6MWZ5N8T3SKG22E7
TXFB-103940,JGRVPU5KYW5KU09F-
TXFB-103941,NA5XPD980WXVJZ848
TXFB-103942,2ARN16WKTDVMC2SW8
TXFB-103943,G7TTK99F4BACMSD3X
TXFB-103944,PY1SDZ2S4VED57ZCE
TXFB-103945,BK9EUD49ZZBF90HG2
TXFB-103946,DKKYJGUUEA9RY7CGZ
TXFB-103947,KJHBDGA9DCTX30CT1
TXFB-103948,AR3M2PXAM5TZHGWF4
TXFB-103949,GTANY3ULTFB11DWJN
TXFB-103950,36HY35NZD82AAW5VA
TXFB-103951,98F8FPAV4R23NDC31
TXFB-103952,SE3BCL28040MUW3U9
TXFB-103953,B5ZVVDGA93DXY2F9N
TXFB-103954,0XTVWNPYW0KFA6PUC
TXFB-103955,FVF4BSU9R2XARC73U
TXFB-103956,LKGJHHN9CVUKSE6Y7
TXFB-103957,6SPUNEKGG29D07EAY
TXFB-103958,ZD22V5J9JKWS6WW1G
TXFB-103959,TPBGGR39S1D0HA5CD
TXFB-103960,0JXHFK7ZXGVHWHBUV
TXFB-103961,FB3G7PX4ZEKAK542P
TXFB-103962,BZX9G1TNSTYTJ1E04
TXFB-103963,BUT07ZDGK3CAN4JP1
TXFB-103964,1PJBGF70W36G78VZ1
TXFB-103965,XAZ623RB0FAXD3UFG
TXFB-103966,FU92CJ765AXUG0W82
TXFB-103967,6MPED4LJ5GJT5C260
TXFB-103968,3T3FTDW1DT5U99EM-
TXFB-103969,US9DYH0182ZMBPJLU
TXFB-103970,JW6XAW1BWAG4WPR99
TXFB-103971,MUXFK85H9RXYJV641
TXFB-103972,VF1ZPAHE2LPZ5SCZ8
TXFB-103973,CSNXP70XPR8SA8RK9
TXFB-103974,B5EU3MXWAX38EY8L-
TXFB-103975,DA91GWTEHHPW9AR7Z
TXFB-103976,SYAY8NZJR05YXNPU9
TXFB-103977,7V4JUYG71L1MC7HSA
TXFB-103978,ZJ6XNYP56SEU1WSTC
TXFB-103979,7WC9X6KND5WE9L4HL
TXFB-103980,T1U3WUG1EX4KKY2W1
TXFB-103981,MHB7FLJXNCPCZKT5B
TXFB-103982,MLMBB4KSC8X74U8LE
TXFB-103983,6DN3ZFAC9EM5TR63W
TXFB-103984,JRJGD80U743HSLYBL
TXFB-103985,YXML0W6Z40BPM2KEA
TXFB-103986,HWAYNPLUV3X35T4X2
TXFB-103987,HU1JNSYP1KD14CCM2
TXFB-103988,MJ54C9J718HUJ0REJ
TXFB-103989,3G428P5609JH5CS5T
TXFB-103990,UXXB0YF8JDNT76R7V
TXFB-103991,ZW57FZWFCAUZXTDVW
TXFB-103992,S2CS7X8T0KVWF8YNB
TXFB-103993,90N3WK0MZ2X3W45ND
TXFB-103994,GNBGLHTWYM950B66J
TXFB-103995,1B1TX766T378RVMFL
TXFB-103996,AX1UNZAW5DFTXUP7K
TXFB-103997,7TJ77LYYZ5GSPWDWN
TXFB-103998,W10XB7YM8C0GTMZUD
TXFB-103999,5BKV1XB2S4JWZJC6B
TXFB-104000,JXFUZ068T50W22VVK
TXFB-104001,624VL6UWRFJ8R0FP5
TXFB-104002,5H5LA0EZZ9ATMV7S9
TXFB-104003,0GJ3JZVJSU60L4BFY
TXFB-104004,X8Y2LWUNM90LHDWKS
TXFB-104005,2UKYTG3P0JG0FCR94
TXFB-104006,8T2SKK6U8B0CGRJEM
TXFB-104007,V4R2G1PWFLZGGNG78
TXFB-104008,6LW28X80A1D76CPP6
TXFB-104009,E30EANJAZUKGGJXS-
TXFB-104010,U5JBMMYFKW3VN59G4
TXFB-104011,VKBJM282F35NA8M09
TXFB-104012,W6PAYRFRRX10JN2CG
TXFB-104013,B3WTPCS9BAZWCBRX2
TXFB-104014,SWNZ4DPBN1XTNNL33
TXFB-104015,DZJX0JX3EJ0M8H47J
TXFB-104016,BV1A2T2SDSUA7E6E2
TXFB-104017,TNA4NS1NRXEM8T324
TXFB-104018,YPJZH56JYMUEFZVED
TXFB-104019,NS63W62Y9TGPRBA68
TXFB-104020,3SJDWR8V3GTHY8WZV
TXFB-104021,TNBDRC2T8VWWZBC69
TXFB-104022,LR8F65RPUP388TYS4
TXFB-104023,4RGSJY65BLSVFR8WY
TXFB-104024,NWUMET95ZEM9G4R6R
TXFB-104025,BST58EBGNWSKABB2R
TXFB-104026,FPYCPK2LEUMNM70S6
TXFB-104027,FJHK7F0BJDW8U6B8A
TXFB-104028,LDATAS4B2LU3VSKWR
TXFB-104029,V8AKNKKSUC1KZE25C
TXFB-104030,H9CFGMFYP0960F9GG
TXFB-104031,FE9BGLXXDDYFX0SCZ
TXFB-104032,N8JSWB556CB06LG9S
TXFB-104033,N104UZKUXEVMU5T7K
TXFB-104034,CWNGWH07K3P8MGE9S
TXFB-104035,3BUDS3FR3WXRF1EBY
TXFB-104036,GDF9WN0V2T1JJAWS0
TXFB-104037,GU64YFSDNMTC6NLC1
TXFB-104038,R51XRWBZ3M3HEV449
TXFB-104039,RF7HW4KEG9MXYN5DB
TXFB-104040,JJKAEGLGTATTPXLJ0
TXFB-104041,A2KJ0F391LNJ87K60
TXFB-104042,GEC83E701SL9C946E
TXFB-104043,0JAKK4H6V7YBCFE8P
TXFB-104044,6S6A1CTPH73WN854U
TXFB-104045,9S77X5E8ACC5UZP77
TXFB-104046,9W6PK8XTL7S2DN13Z
TXFB-104047,SXKKU8PULC82DHDMH
TXFB-104048,FJK5WZ03Y4B41V6
TXFB-104049,49DT2G93431TLKYFK
TXFB-104050,3R5UK7ZZZWHE6LXWA
TXFB-104051,N85CB42SSKXMFVXXN
TXFB-104052,3PR940GXX6UYATEF8
TXFB-104053,KAY872MSC3Z8S26NN
TXFB-104054,25PLDZLD7CKZRKYRS
TXFB-104055,H7VB64MVB00UZVASG
TXFB-104056,G7WKDUBV594FX6KP5
TXFB-104057,C9BWZLJ4SS4A4MT62
TXFB-104058,M65VUTHSX75T4J23K
TXFB-104059,RZ5MVKESW7M8D9UJA
TXFB-104060,9BRTK024G6XSBNUC9
TXFB-104061,42HMRYRP9SSY6HSC-
TXFB-104062,UZKMYJG78N7WE0X5Y
TXFB-104063,NENSFD0Z20BRP2523
TXFB-104064,LLTENNCVB6JWV11Z8
TXFB-104065,TD010DTUGWHUZA489
TXFB-104066,WULD27YX23EHPXHUL
TXFB-104067,FA22BNU7EECFRPXU4
TXFB-104068,MX6M7E8CK4ZUUVHB-
TXFB-104069,3LSJ4UL3PV4KEXGZC
TXFB-104070,MHMEZ00RKTRSY0K0M
TXFB-104071,W5US9UNZM5YAL82BC
TXFB-104072,66B9ZUTBUGC3ADY85
TXFB-104073,5BVFCRGWA9EMCEA8D
TXFB-104074,LCXS3F86GZ39H9DLB
TXFB-104075,RRLP6D9HEERMY4SXD
TXFB-104076,YEF5WJ5BS1KM6E6
TXFB-104077,DTMNVTV72RB1FTJS2
TXFB-104078,WXWFNTHGGVPZT3FV-
TXFB-104079,2UHPGSS0UGGXHL7PT
TXFB-104080,33YYLCWFCN3LWRG71
TXFB-104081,YTER412MWUJEGK47H
TXFB-104082,EFXUTU5UV88HCXTAF
TXFB-104083,F547L18F5ZKJRVPFD
TXFB-104084,2JH367AL2YS5HVT1J
TXFB-104085,BJR4Y1K6FDX37GCPM
TXFB-104086,MHKMKM9LRJ8HGC88D
TXFB-104087,XGSTGVL2CBPK7G2NX
TXFB-104088,NLSN6C7B26N76LDPC
TXFB-104089,CJTXPVH7BGRNG4L4Z
TXFB-104090,99A83MYP3AAV4YMT0
TXFB-104091,CVVFBZTKVRBV4BZG1
TXFB-104092,PMG9F8XAX0BXSH7EE
TXFB-104093,S4JNCVGY7LMZBNH3B
TXFB-104094,9W5ZUG7JPFYCEUR3A
TXFB-104095,08N4FHNWRHZZW66G-
TXFB-104096,615HL0U5S4M2YB6T3
TXFB-104097,T6HJJZ8909XWPGH62
TXFB-104098,FMP98VH7SGX4B58Z4
TXFB-104099,MY5RE42E162DCY0EM
TXFB-104100,PPYMESG94DY47LRV5
TXFB-104101,2G2VTTW6XEVKSKFZ0
TXFB-104102,TW9C32W6MGR0T06MJ
TXFB-104103,ZAVAB01UWZYZJ33SG
TXFB-104104,NB2WLJB16KBTMWDEH
TXFB-104105,7E7J1PHNU6ALG37Z1
TXFB-104106,DZZ9Y8DT57MWYYL6A
TXFB-104107,J5XGDDB62K7AAHP0S
TXFB-104108,BFK7TV2AZ64SYM289
TXFB-104109,BGS3WTBUD9VG8NR7-
TXFB-104110,LFFD76FB3282P61VR
TXFB-104111,5FR386U7U6LWR9KY9
TXFB-104112,XM525MJM31D43AVVF
TXFB-104113,J1YLPRDK111CJ1HZZ
TXFB-104114,GVE5XZWLDCNUBEV44
TXFB-104115,XPXSEPD956L5D29XK
TXFB-104116,SKLLT9ZWP4GEH9ZUT
TXFB-104117,970BLY89CLMCCT0ME
TXFB-104118,ZNY2JF08DNKL4K46J
TXFB-104119,887U02233DWYF1V45
TXFB-104120,4BPFDYHUPU8FYLP8A
TXFB-104121,FRGE19JF2D1P9VE
TXFB-104122,6Z1B8JJEY1WYHH81H
TXFB-104123,H2CW53EYMW5A94XDP
TXFB-104124,GP54RTMWBY371RKEL
TXFB-104125,M68ETUAEYH3G2SKLX
TXFB-104126,W4NWW12RDN6WG6BSF
TXFB-104127,B9FM7ADND5LMYVP4M
TXFB-104128,DZ8GHDN2Y9E5YN0G2
TXFB-104129,693KXEG90N4YVLBRC
TXFB-104130,39EMMCCY8C5LY2BZG
TXFB-104131,068T67FDYE906U16G
TXFB-104132,KE3GGNVR8D8DAR14V
TXFB-104133,733JP38PHAXJU5PLE
TXFB-104134,73E076DL99W4PNYST
TXFB-104135,MJ0ESBJ2UAE1BW5HF
TXFB-104136,2Z89HN1BM5BXDHJM5
TXFB-104137,F6ZMU5RX6BKGJEE8Z
TXFB-104138,JPBSBW4M9T75N1B7W
TXFB-104139,3E3NHGNJ1SJP78L6K
TXFB-104140,G9B3FJ1K074DKYSA8
TXFB-104141,RYZ61LJ1JVZKCBZC8
TXFB-104142,EX0DYL0WXAY0Z6067
TXFB-104143,S8RFXZB02605K1CTZ
TXFB-104144,FHAYCH8KGTGDHJX2J
TXFB-104145,403NUNKRETG5TTJPP
TXFB-104146,ETY73YX07XV35Z6BE
TXFB-104147,KTRM4BCX5WBWSWSXH
TXFB-104148,9F7MR64EEHKSEV32H
TXFB-104149,TH604PRKFA66B6DE3
TXFB-104150,3RYVGRZ3C0XNT75EZ
TXFB-104151,2K3T9TYK5VHPLJTZ5
TXFB-104152,LVSTANZRTRC2GUR63
TXFB-104153,91ND3RK2ZMZWG5KZ2
TXFB-104154,9HWTJR55EADDEU7
TXFB-104155,31X45XVMZ1A6CHB2D
TXFB-104156,TP5C575YSE672E601
TXFB-104157,RXCLW27VUD5XT4CS3
TXFB-104158,R17YKA2R85GL52LR8
TXFB-104159,K1X24LZZG16G3Z148
TXFB-104160,M0EWMKM3P236MPLM5
TXFB-104161,3CGYJXWRHSEYX98YJ
TXFB-104162,5WVSF2JF4MC75G68F
TXFB-104163,7XDDSJ8ZLL5LE3UCC
TXFB-104164,XYF60CC95EZK1DDUK
TXFB-104165,45V0WLYWYWKKRA0R0
TXFB-104166,2503NP056LC99XR2D
TXFB-104167,HVZ30GWBGPX4BSYWA
TXFB-104168,VA3334NHUR2YWGBPL
TXFB-104169,S55SJVZ2K0NXBJMYK
TXFB-104170,6SHMCXLYCG8RR42PE
TXFB-104171,0PF5CV7XN9Y44KVCJ
TXFB-104172,DSTPKAE8FR4VZR5G5
TXFB-104173,HJUUJKMCW1YPA87N2
TXFB-104174,B1RMRW1AYFYS5G5A5
TXFB-104175,2ZZF3TYUVBY2TA4V5
TXFB-104176,42824HL0P5HA885H5
TXFB-104177,ZK7NC6WHX0N1ZNTK4
TXFB-104178,1JUPHWL5K88086B3X
TXFB-104179,T6TATPWX49A2X13BN
TXFB-104180,Z8FAEZM7S370FF8X5
TXFB-104181,VRURH5UDK8D2V77GN
TXFB-104182,HZ2XER4BT6BSCCCP3
TXFB-104183,ERXVWUDMX8U9T3PU4
TXFB-104184,9EK445TAAK9M3XTEV
TXFB-104185,672FEZA0YZH7W519J
TXFB-104186,M47XEF4TWGTAWVW25
TXFB-104187,AJ2RVRMDFSEF15UPV
TXFB-104188,TWHRZP26UBT4HZ7L8
TXFB-104189,F3BBM4YN3HB85M0MY
TXFB-104190,HMM13R6428LH1MWWX
TXFB-104191,0LLKS27LLZAY2NYGF
TXFB-104192,CPTLPJZHYNMPG6FBR
TXFB-104193,JJEL99F3LS46NBY9Y
TXFB-104194,VDB09SG1WTNN2EMZV
TXFB-104195,0300BDJ5JD9CNDPNV
TXFB-104196,6J81EFFEX0ZHR0FTV
TXFB-104197,ZJLYUK5LTWTN665Y4
TXFB-104198,5BZY4RHPMPH68JJF8
TXFB-104199,1YVNJS8RDJVB5M1H9
TXFB-104200,N432YDLB022RCCFX0
TXFB-104201,2Y35D7P3HP81NT6WJ
TXFB-104202,5N7NJYKRGYFFYN1X4
TXFB-104203,8ZD8ABWJWW93EEKZB
TXFB-104204,46AYUWBAHT17F1GGW
TXFB-104205,0KP89LET7HYTJADC1
TXFB-104206,PJFEJW0L8KEGMAAXR
TXFB-104207,E944ZM4FFDCGCXHLF
TXFB-104208,DJJZCJMT6K0FVF3W9
TXFB-104209,AUGP0RXPL1MWULFHJ
TXFB-104210,KRXG29B9NRAMS5KXS
TXFB-104211,ZR9GBTYXPDCC00DKH
TXFB-104212,Y76J9HUGWG231PT6S
TXFB-104213,JRJV0V3WZT2PA9E8U
TXFB-104214,EG370GSADP1RN2JF4
TXFB-104215,2HSCNXBFKWSJS00G-
TXFB-104216,L76DSUS8T0CCD6VCS
TXFB-104217,BDYVZYGT5Y8AGVMJB
TXFB-104218,FBCUMSYLJF01LCRNG
TXFB-104219,6BXV8JZE2DXMXLNDH
TXFB-104220,5CB5G2DVBB4HSW4MU
TXFB-104221,RNFHSF9B7ERZEERL9
TXFB-104222,0GYPJ15XBSDV1AWF5
TXFB-104223,7FVKMSS9JE9HKPSXV
TXFB-104224,U7U5P3D7PA6Y9GPRW
TXFB-104225,0R6N3Z86WZ1V26R3G
TXFB-104226,HKYGT5190518UART9
TXFB-104227,1F900BKJF4F82KW6C
TXFB-104228,BHEESFTKXU9V1S3G8
TXFB-104229,R4A1HY5WUV1CEKGMK
TXFB-104230,XACW98406G9WBUE7-
TXFB-104231,98A0HXXSDZ37ESGTP
TXFB-104232,ZH73S8AWRG5563V7E
TXFB-104233,6S0XE2P74KR0WZDT4
TXFB-104234,LLVZB6G69XK9NW7HE
TXFB-104235,M2HHNTSYFK5XY0E48
TXFB-104236,X53TYN6XY79N0523W
TXFB-104237,KPRRVRZHPF66PNVUV
TXFB-104238,266U91UP0X69ZZGSG
TXFB-104239,7N0RZJTJ5YYD7UF
TXFB-104240,VKF99914HNDUGM4
TXFB-104241,LKDSKGH78JVNF2808
TXFB-104242,KGWR0560KUGY81A0X
TXFB-104243,M6GWDBB7SL9312G3W
TXFB-104244,UUY1G9RHX3PUZ0RSH
TXFB-104245,2A6SJBDTJPPR9NG8A
TXFB-104246,1TE2KG5SWBJKMDP8M
TXFB-104247,62ER6S8ZVN2UN2TBZ
TXFB-104248,8D8YP0870SYGFTJRW
TXFB-104249,D5MTC9K2945C7L5P7
TXFB-104250,HYK8722TFEA35AXXT
TXFB-104251,9DGF5NWMHN45EHDR3
TXFB-104252,R0YX7D4E5GCXUD8MU
TXFB-104253,EV9MBSUWN0D5L50E2
TXFB-104254,YTV9321WC9YBFH81D
TXFB-104255,58JWG5BXMGFSPHBS-
TXFB-104256,ZGM0DWFVUNU1BJYG2
TXFB-104257,3HBA097MZPFTMGGDM
TXFB-104258,ARNFVTJ98EH6YGCW7
TXFB-104259,U46KCDF4GDJDZDZLC
TXFB-104260,9TC25PVWH10LT1EW4
TXFB-104261,0XRZFK68CS757DUXD
TXFB-104262,1S426PN8MTKXUXKZZ
TXFB-104263,G94C4W3PNERUKNYVR
TXFB-104264,E3P3C3M733240ALDB
TXFB-104265,6FTCE6XYTEF53W7JS
TXFB-104266,Z508NJJD3RB4WFABE
TXFB-104267,4XWBJ65Y3EKUZ4YG-
TXFB-104268,Y4GLBL83F6EG4FN72
TXFB-104269,7WRGY7WJG3M4JZYDP
TXFB-104270,PA8EBVK8PCAJ9BF83
TXFB-104271,3SU03M21C06S80AJ4
TXFB-104272,NG875V8TAXSWASHJ3
TXFB-104273,CSLREEX7HK75ZLUPF
TXFB-104274,BDFJGFSEDG7H5SY
TXFB-104275,N2VUH3WYVWWHY7KB8
TXFB-104276,AHG75ARAD1Z6FSNKT
TXFB-104277,WMXDPJ38Y3M7G6V4U
TXFB-104278,6F8K3R3X318HAHLZJ
TXFB-104279,L1SC6NR8NEAFD55SJ
TXFB-104280,HUXYSZB9G2RLJA792
TXFB-104281,LFDD1CAGKAMKTS9XD
TXFB-104282,RTABGNT0HLYWH1ZJE
TXFB-104283,752BLPSY99X21TU03
TXFB-104284,H0XPVUBXT67AUA8BA
TXFB-104285,8LYXBXTWY2VJ2U4
TXFB-104286,1RELM8KLBK6H64WV2
TXFB-104287,4FT7LRB05T66KL7RX
TXFB-104288,R8TNR7UCL3BE9D4GA
TXFB-104289,NK24HS26KGWND0LWH
TXFB-104290,4EE8EHJ70CU4KB17P
TXFB-104291,GNDKAU9PY0CKR99HJ
TXFB-104292,D4865DSE7H9YXCJ60
TXFB-104293,FKB5DBW8UWCJT5HMF
TXFB-104294,19BES1SM75FEBBHH8
TXFB-104295,HKBJ5GREUFXLTAT4B
TXFB-104296,FT945YTJDKHXW9WL9
TXFB-104297,9WERCV8E07DVUP89A
TXFB-104298,J9CSKJT145F8FL1B5
TXFB-104299,68KN3BWETVTY1TKB2
TXFB-104300,38Z9X51LE0D5RMFCF
TXFB-104301,5B5T4DZNCB1ZHPYJY
TXFB-104302,V0N00RSBVEYM803TG
TXFB-104303,RYXMK3NC5H2RWHPES
TXFB-104304,9HFJC60B4C19LUURF
TXFB-104305,HGFU2XD2C7UEP76ZR
TXFB-104306,KCDAYD2YC23USNCEP
TXFB-104307,X9AJDDZAG3776S06J
TXFB-104308,D0SNGC6VLE2MYYRP2
TXFB-104309,31WCN11XK37AEURRK
TXFB-104310,9WMB2TFRT5Y4ZVZGR
TXFB-104311,1KDUV83S5VLSWTCSV
TXFB-104312,W9K7CCKGMCXT3XXML
TXFB-104313,9BBDXPAVXVLX0UJK4
TXFB-104314,EA38EYLPVSWR07VA4
TXFB-104315,94ZDU85UMYTZZDEVN
TXFB-104316,S56B50MYZ4LEZAPLE
TXFB-104317,T5UL23MG0BM81KNWH
TXFB-104318,JZ5RFS6V9RY4VGNHD
TXFB-104319,KJKWX8GFDMHGJH8E1
TXFB-104320,8YZN9TXFU9J8ZY4FJ
TXFB-104321,2ECNY9ZGBXPPW6ZGR
TXFB-104322,2A9MFGURJP5CE2BWB
TXFB-104323,08WYC3LKUC7U53N77
TXFB-104324,FYYHE152GE6Z49301
TXFB-104325,EXNW1BSCNDX4WWL36
TXFB-104326,DUDYX8HUL3VEUDT7G
TXFB-104327,9G1AG5TL6MENEEK
TXFB-104328,JXK7FG5XXH65HBWXF
TXFB-104329,JVVLDA130V7W5JX7P
TXFB-104330,XVCK38L3TAYCW3RPJ
TXFB-104331,GKGNPDVC5DC88G5A-
TXFB-104332,YTPFMKYHZKW185YXT
TXFB-104333,BX5PZ446BXY41X3PW
TXFB-104334,6JRBZ645VS680L142
TXFB-104335,TJD7MUN3ZX3WYYKZL
TXFB-104336,06W2VMDJKR9VVSPGN
TXFB-104337,6ZE2WERN6BXGMKJU9
TXFB-104338,PNUDNULN9JD1PB0SX
TXFB-104339,VECR9564MPT5MDKGG
TXFB-104340,HW1FCYC0L9A8L9FK4
TXFB-104341,1LTBTC983W0SWB331
TXFB-104342,6R751KDX09LA78B6N
TXFB-104343,5HRLPBTTAHV1E4E98
TXFB-104344,8H1ZM7GF5RG4FJH0K
TXFB-104345,RCG7ZSTTYUFJHPB3L
TXFB-104346,G6AKVSY4D6P2YR8GR
TXFB-104347,VX9WA8BTGRD0ZN1RV
TXFB-104348,23457CCWJCAGZE0B6
TXFB-104349,V0JGPPUSCFCYHU7
TXFB-104350,C1D5PK8MT4G9EE74L
TXFB-104351,BHX25L3VBMKVK41XY
TXFB-104352,X5E0SSTW7BTXN9AX5
TXFB-104353,3WVRUMKZST94Z6MBR
TXFB-104354,9JDELK532DXYVLLVE
TXFB-104355,RZEF1CENEBR635XND
TXFB-104356,YCZE0BYTH4BYXZ4LW
TXFB-104357,B3ZMA3BY0BC8R69L5
TXFB-104358,W1T73XWW6LUU4PG
TXFB-104359,2LLL15WULYZJRVERZ
TXFB-104360,ZWZWHRJF1Y5G0MUXT
TXFB-104361,XW4T5L4EDPHSYPSAN
TXFB-104362,9XLBYZXHXC9RGCNEK
TXFB-104363,5FX5L76BKSENE6GY3
TXFB-104364,BJC5X306EDZ5P41UT
TXFB-104365,J47V4V82B8YNT28JP
TXFB-104366,ZNB2VZ48THECPX3L6
TXFB-104367,5LWAF7FXB1W2P421U
TXFB-104368,4P0EDA2BCXUF07JB4
TXFB-104369,XXDHZGMH1Z0Y6MAH4
TXFB-104370,GVHJ70WM080TZR3
TXFB-104371,9VWR81323FRU3BXGR
TXFB-104372,4YU9WPU6DGGRFXTRR
TXFB-104373,75B7GJWWPA3JWKW3E
TXFB-104374,8UJHYURHXTDS8TK5K
TXFB-104375,BGUVRMFND09PH3HDY
TXFB-104376,KB0VS2GWCS9RXHPPC
TXFB-104377,7Z9G8N3PM9U45GCEX
TXFB-104378,LPA2S1RX8L9WEG12P
TXFB-104379,P36D6804C1MHRMH9B
TXFB-104380,NWLULXMRHL24MFXDX
TXFB-104381,DWYLZWDNAWJ3Y11DR
TXFB-104382,YPJCJPFWAVYPFFVAS
TXFB-104383,HSX6JRFV2WE4P1S6Z
TXFB-104384,38G9WYW56WCY4BEF6
TXFB-104385,03HS63M3NDUSKBVYH
TXFB-104386,A4N89MWA4S35Z3A66
TXFB-104387,7ELJZ9DTD36SG9NZE
TXFB-104388,KAYXLRCXMJ2U8HTFG
TXFB-104389,LTL5KUZ9ZSMNFCHK6
TXFB-104390,YW76DV1SG3BMVX3UM
TXFB-104391,LLK55GL8YE4BJCEHN
TXFB-104392,865UHGT6TBREE48SM
TXFB-104393,M9MC7AK0657Y7JZX9
TXFB-104394,VU4EVXLZZSK8AF78C
TXFB-104395,VNTVC6RDW6G37BVZH
TXFB-104396,2KSWMPTD5DN44E8ER
TXFB-104397,A3W9J2SGWSGXXE77V
TXFB-104398,5AM576ZVU6R8KF5CZ
TXFB-104399,A6RXW7L3095404CDH
TXFB-104400,BCTX6G9MKY3RWR3R1
TXFB-104401,41VFWSH4AGMSATAWP
TXFB-104402,F8F0M4847J8BH955H
TXFB-104403,AZJWA0U91JAN5XJHH
TXFB-104404,RFUBGKMATYZNMEEEK
TXFB-104405,MFB3H4YZ50PBK0HDJ
TXFB-104406,ARKNYZXHB17G6CX9D
TXFB-104407,22X86DVZY2C7CZ7SY
TXFB-104408,GFN52JHYG7ULA2ZDM
TXFB-104409,5B8BS1GH0MR1SRGBE
TXFB-104410,Z9FCLSSTJGC7J4Z6L
TXFB-104411,URYRSTH7ETXY8TAEE
TXFB-104412,8H2RLNSY8VS5B8NGB
TXFB-104413,2ZFWYMHNP1AAC2RFT
TXFB-104414,K6JKA22KENXEAMEUD
TXFB-104415,BAUBLMEHKZH5CL9UT
TXFB-104416,5JRWK664NRS7LDKG7
TXFB-104417,KFV8DLRVUH2DX5H5Y
TXFB-104418,1YCGZS9ECY2K3U41A
TXFB-104419,B4YVXULUHGXCV1REP
TXFB-104420,T2TG3G7NDUN1J1X6P
TXFB-104421,L4ZV7JVWX8R4F5FY5
TXFB-104422,73XLR9HBWN2AJX290
TXFB-104423,8VDHTLUK59B5SNCET
TXFB-104424,MYZMG6FX2D2LECE78
TXFB-104425,50JK0F8H03MSBNT5A
TXFB-104426,DCB4WH1TMVMT6SYD-
TXFB-104427,8BW6LKZK74C08EF9P
TXFB-104428,9YZ767ML69N36Y7PT
TXFB-104429,L6VFNBW8PXD613LL2
TXFB-104430,J1AZ0LTVCU9U6X5C4
TXFB-104431,7USK1RG5CDTXWBYJD
TXFB-104432,45E71U9HK0HFWE6YZ
TXFB-104433,BV3JHY9615HD011RT
TXFB-104434,NY0G6CR63N1919H
TXFB-104435,7LZ7HTXRL3TDYNAM-
TXFB-104436,XRYA41SPHEUBJXCHM
TXFB-104437,3FBCG8EDPP5VUXEP-
TXFB-104438,2FLZ5LPCMKNZVV53H
TXFB-104439,WM8BNPPC83RR17AM4
TXFB-104440,0LNHPWHSLMRWWZWNC
TXFB-104441,B2WZ9G3KCJDL2BA0U
TXFB-104442,TFSVDVVCNJF1Y100K
TXFB-104443,BH793HMWF7SW8AF0Y
TXFB-104444,UMZ882UJA1KCFU986
TXFB-104445,J2UEN801WRXB2EA6H
TXFB-104446,PMM4884UYBSC9L3CA
TXFB-104447,YBY42GTYC92AMT8S8
TXFB-104448,VSARLL5YJ9HG7SPZR
TXFB-104449,KHYFBSAG4KGC34KCY
TXFB-104450,ESKWTKF0MYKHNBCDE
TXFB-104451,G52DW0F0N052S46BM
TXFB-104452,RW6UZTJW824W88AD5
TXFB-104453,RXK8C878C6ZGJLRJ9
TXFB-104454,ZB8RKW40V5KB7W7Z6
TXFB-104455,93J44ZGWU96Z1DNC3
TXFB-104456,BPXMEDUMRT97157GA
TXFB-104457,XUEYS0BJD893MYGHD
TXFB-104458,PR3ZVBMYPN1GG52H-
TXFB-104459,MBK9WJ7AZPNJMEGVB
TXFB-104460,8XVPJ829PGNNWAFAL
TXFB-104461,0WMD9KAJJ90TALWYF
TXFB-104462,AG5D5PSRTVGU4TSCY
TXFB-104463,E8ZZZS9NZK80BCG8K
TXFB-104464,8A6W8JJ14HY998BKE
TXFB-104465,KL66P3JX6FHR4MX9J
TXFB-104466,VBELWHA15TF7P622T
TXFB-104467,5SWPAYXXZJN603WJV
TXFB-104468,HV0CJ4J8KWDNT7SXY
TXFB-104469,NGMDE16HEE6WMCMX0
TXFB-104470,TVZBJGCKV1UVGX7UM
TXFB-104471,UT36YWM0YYG87MUVF
TXFB-104472,P9U0AD13XKR8ARG0S
TXFB-104473,8G97GSTN698ABU4NW
TXFB-104474,S1JN89MG6W1J0GC9F
TXFB-104475,LBF4MC6B62TKBUMZ4
TXFB-104476,V7XV2PD2GE11H66LU
TXFB-104477,1SL9TVHYR3DK7RUV8
TXFB-104478,4X1XT27V8H52AZNTD
TXFB-104479,GTBM37K4TRVXB2P
TXFB-104480,C182XR5LR65XRNGUD
TXFB-104481,HKZCHY146MG16MMV3
TXFB-104482,CCK91KUPRH1G3LAB9
TXFB-104483,BT8LBSXNDK3ZS24FY
TXFB-104484,AV355V61V6U6H2GFR
TXFB-104485,ML0VDA7ZVJ5WD78WK
TXFB-104486,Z723K3H2XD6346HKA
TXFB-104487,24C3DCDLCK5B2XG76
TXFB-104488,8HATG830N8R81S8XL
TXFB-104489,7DK0JZLGPN1APW4XS
TXFB-104490,16HR94KJPRT4M5J0K
TXFB-104491,BSWM23RANHN8NE4A4
TXFB-104492,4SGCAX5BZ6R3KPJPA
TXFB-104493,Z7HRVJKLG70XST2T3
TXFB-104494,RRUUEA2SRLNS0RPAX
TXFB-104495,EZDRFLP0RRUCR5015
TXFB-104496,8M0RR0Y8ZXMYNJE1K
TXFB-104497,CTJ5L4H8MS863FJK9
TXFB-104498,R5YGG8ZBYS4F5WM20
TXFB-104499,00S20M23BUGDF5CBB
TXFB-104500,MMW1RN2J0KMKYBSKJ
TXFB-104501,EE3CES5BN56YLSGE6
TXFB-104502,8HBD9JE1ETE8JRKDF
TXFB-104503,EKAMZW17G0WFVZ0V4
TXFB-104504,7VHY4KRU21X4KT6VC
TXFB-104505,RVSTG7BR3KGFBNTGJ
TXFB-104506,19ZWNZ036HKWUABF7
TXFB-104507,WRN1K35NKK2ENR9AM
TXFB-104508,UX9RDVDLBVEJCEHY9
TXFB-104509,S2F0800NS28PDHY7V
TXFB-104510,JJ4AZP2J3T53JW7WS
TXFB-104511,REGG9LH1U3GFX9A6V
TXFB-104512,5XA7C3P0SVN9MSUVD
TXFB-104513,031HVYJ4SRXTW7XUW
TXFB-104514,VUVXUZ6KCSVFUFCEF
TXFB-104515,4B14JJRPY75ZK3018
TXFB-104516,LK6YD2MPGUPARP6MJ
TXFB-104517,LM4P6W805CLF33V6F
TXFB-104518,0HUASUA178089N17M
TXFB-104519,0LMRVDXJ90SWEN59W
TXFB-104520,5BZTEL4T7J3NNTZJA
TXFB-104521,BFLNPPMFPNCSWYAFA
TXFB-104522,RJ54ZCHV218LCGUPT
TXFB-104523,3LCVVA8KBK1X3Z17R
TXFB-104524,XR6N2V9PZYXJ0JDUH
TXFB-104525,W3D556E06HN4HD04A
TXFB-104526,SAXR7GPEM3PM3H9HS
TXFB-104527,ASS2BRWSEUSW9CXGW
TXFB-104528,HC8X9SY07PZ0A07CT
TXFB-104529,JCP4MTF2LVW4DP2ML
TXFB-104530,0X2C11NHD2F3M9C9R
TXFB-104531,SJKFCSY736N5J4H59
TXFB-104532,58VLPWPSVFVX3SSU6
TXFB-104533,VVGCDPGNLLWUM4JJU
TXFB-104534,250GUVKPWY47EDZC4
TXFB-104535,FJJRRE4L0DWMLYEHP
TXFB-104536,63PUUTAK99WG4YSB1
TXFB-104537,4A1LYZPK9A8JBN15E
TXFB-104538,XTDA8RM82K7FYVM3F
TXFB-104539,L71L2KXV9PK39AFAF
TXFB-104540,J7JM618VGXP8KDT6R
TXFB-104541,U81TUZE5F1VT8V8A4
TXFB-104542,4XBDXFHEJA6A3UALN
TXFB-104543,16B8W531LMHJ7H7CX
TXFB-104544,EWK8W7MEELF3DDGUU
TXFB-104545,YPSRBMNU4Z086LE3H
TXFB-104546,9XZFD7S0AJGYH544T
TXFB-104547,SNAKCBRLHDJTVK15D
TXFB-104548,YBB6BAT468FZHWT15
TXFB-104549,YGVFBGDLBEHSBWYCH
TXFB-104550,JAP0TDU0RFA3MDB9U
TXFB-104551,VYS0XUGVCCKA6EZK4
TXFB-104552,H9Y1AUZSMPY26XJ4R
TXFB-104553,3GP2FWAJWNJB1R79P
TXFB-104554,9J3VKDS5LZJPUKUDX
TXFB-104555,5Y9RVY2TW3Y0EE3UU
TXFB-104556,WGYTNXJ571A1R5DFD
TXFB-104557,LVBP2D3CEVAPYJ119
TXFB-104558,E0075FX32Y4137J9H
TXFB-104559,F5TEG37XGL7ZPWHK8
TXFB-104560,5GXHZG58CZ1HBVA3L
TXFB-104561,4H88EU6RDUHFL7PF-
TXFB-104562,BB46LA2ZBWJZ53HJE
TXFB-104563,0JXZJP4ZGH8MZH9XL
TXFB-104564,G76X4LEZSHTSFURBD
TXFB-104565,FK295YFXUDM08FV4Y
TXFB-104566,A5VJNDD6HNFB5N25J
TXFB-104567,DB39RXZKBT12SA05E
TXFB-104568,NVVL35SJFTFBSMACK
TXFB-104569,30WF48Z2W9X5UFN39
TXFB-104570,W4UY5JGKLP1PS7X0P
TXFB-104571,TG0SZAZRW23R9TCPR
TXFB-104572,F0UKSVZXJ99JAHBNE
TXFB-104573,SUV56XN37SXWN6CCB
TXFB-104574,LDLCDA5A75FM8NP44
TXFB-104575,2VTGX5VCF8FSZP7M5
TXFB-104576,9073H7943HHYRCM3L
TXFB-104577,EEK8X41P32V7W4CMT
TXFB-104578,9YMJAGD4SF9LG3JCR
TXFB-104579,6AFZW24N1BGEJ2TVV
TXFB-104580,4LGF54N1XJB24G5TP
TXFB-104581,URF1JVSEFLFG1XMRR
TXFB-104582,E6CXKFBS33DH8BS5G
TXFB-104583,4VNAUS5ZP3BV0CCYD
TXFB-104584,TL9NJUU2FC6G3HJ2F
TXFB-104585,H6BEJCNUF2WM9L0EX
TXFB-104586,TML0EFRUSLDHHBU85
TXFB-104587,HFME3K7ZZY47V3BCC
TXFB-104588,B4NDX2F0YKAWBBZ1S
TXFB-104589,2YNCE8SDBM0FS8VR1
TXFB-104590,Z0EJZL82PWCUHXX5N
TXFB-104591,EA9AGE3JN71NNZBM-
TXFB-104592,HXZ6GWKFRZDWUAUP3
TXFB-104593,TGDY9D3AX0GPKNG6G
TXFB-104594,6SZYUD2G0GNND788W
TXFB-104595,D19HMYJF2HA4RNC6P
TXFB-104596,F12156XVRN2V7WHUA
TXFB-104597,H885XL2D27DH49ZJL
TXFB-104598,DWF8TCXYEHF2CMJHG
TXFB-104599,YYMPJCY1SPKNMU47G
TXFB-104600,KP00S032A8PMRUHT1
TXFB-104601,9WY0LTJP8RV9JHFJ5
TXFB-104602,L83WVFKL6F18LT8S2
TXFB-104603,NDHG2X9XGTJMFC33L
TXFB-104604,9S7SFNF8BYYYWLWS-
TXFB-104605,R04X859T6FMWRH01S
TXFB-104606,EPPVP0EKJ7BU539PH
TXFB-104607,PWL98V5N7R6PY7G7K
TXFB-104608,GLFKE68C1896P7WN7
TXFB-104609,8KS693L81M5VZJBGZ
TXFB-104610,ULLPJY7FFR7E54PPX
TXFB-104611,RD0RMW0DBU5Z2SVEZ
TXFB-104612,RREBT81Y9A97AJJK2
TXFB-104613,MFU3GZMNTYFPEVHRG
TXFB-104614,44CCVCU46WPPWG84W
TXFB-104615,20TTJ2FLTD2XYC9KV
TXFB-104616,PALCZUC1TD5PE8716
TXFB-104617,WFW7PWJ9LFSDB0P9N
TXFB-104618,V9ACZL7F9KFEVR8ZY
TXFB-104619,7AXY9C9CB6RXYWS3A
TXFB-104620,0YHLJ6JFP7VJUDX81
TXFB-104621,A35SPZBR40LSS9F1V
TXFB-104622,GWPG2T58N8A8LBZ97
TXFB-104623,C62GK9FNE6HZG2XM2
TXFB-104624,GJUVA4BKW06Y6JCNY
TXFB-104625,ZRKJ791KC51FXPMP8
TXFB-104626,WCS739H80DYBEB62D
TXFB-104627,57CPP8TPANL3V9YFJ
TXFB-104628,ZVD285A89BNYNLP97
TXFB-104629,VFNLN0SDVSVRJ45DE
TXFB-104630,C6D1BA0WHC921NFL5
TXFB-104631,GA9577981X3XZDHXE
TXFB-104632,HT8NYSFB890VH3BBH
TXFB-104633,TN9T7DBGRYKRZHNGZ
TXFB-104634,GV308N8UVLWF4CEMJ
TXFB-104635,8V5N8FCT6DT4JLH68
TXFB-104636,FFNVS4BBXP4EHLDJ1
TXFB-104637,Z98R4PP0YS6BHFYE8
TXFB-104638,LX4T87UEFU2ZGE6Y3
TXFB-104639,RRL80BS5XAXCW69F7
TXFB-104640,2JF448A7ZLKUFVN7L
TXFB-104641,EXVW4C5SH2YHKT9X0
TXFB-104642,59U2S6FESPN2XN4T3
TXFB-104643,ER9LDBZD9PW39CUAC
TXFB-104644,L5TW9ZMWNR89X8744
TXFB-104645,GK2HASEH4K866FHZE
TXFB-104646,HR6484SK4B030CDE9
TXFB-104647,XMBEE7K2Z834Z7J
TXFB-104648,RLJ5YPDL6UBZR7M65
TXFB-104649,AN62MPMZYFENA0HRP
TXFB-104650,WN97XDH7F7VPA3UXY
TXFB-104651,175YPC214KSDSPMP2
TXFB-104652,9KRTDFCUFEFKHDNKC
TXFB-104653,FGK9DPUPTAMKDH220
TXFB-104654,8K2L5BMZ43X3S8VLB
TXFB-104655,G10YY6A4PCJA5M4UB
TXFB-104656,JS9S9YXHHFN07BU64
TXFB-104657,0U1TWDB4CRC2R0EUJ
TXFB-104658,TTNS982ZA2NNWJUZU
TXFB-104659,VBB9KYZNBJZ0374
TXFB-104660,M70BDSR6LG23YS36C
TXFB-104661,9KYWPDDYM9YT09BJ1
TXFB-104662,PEA7LBZKLKNSRP580
TXFB-104663,TFDFPSCGMZ48T7WK4
TXFB-104664,12M452KZ8LX1HHA
TXFB-104665,1M7ZGP2S3PE033C26
TXFB-104666,LB8JJ5KBMP5NEZRPY
TXFB-104667,DTNUVRSTT12PKRE6K
TXFB-104668,3HUHUJ5R5YXAR92XJ
TXFB-104669,4BF0J9HWV4J75W3YB
TXFB-104670,B625KPA5V7FXYJGD3
TXFB-104671,989UNM76RR95YF9
TXFB-104672,5C8UX7PFNP87CUALL
TXFB-104673,4JG5LBG8BT9ZC3NEY
TXFB-104674,DK5HNNK3L5BBF705V
TXFB-104675,N2C5T2HZUKWSLW8M9
TXFB-104676,B404R5UBSHAP1XBP3
TXFB-104677,GLX6X4VW0XJ5W80W2
TXFB-104678,79334A09MXHW3FDP1
TXFB-104679,YZS8GVCHSEZ7CVDD-
TXFB-104680,CTD6PJG4E1RSRSPAH
TXFB-104681,6290A91BMLXZSM1EB
TXFB-104682,JJTWATZWV93RXR9YL
TXFB-104683,PPAGXTK9Z1APXA5ES
TXFB-104684,8HN5H4KETEEYWNCDC
TXFB-104685,V0K2D241HDSP847NX
TXFB-104686,1UVXRFUCS9M5RT10U
TXFB-104687,AVDA81RBWGB1VRNA1
TXFB-104688,6FJDGVRXRYBZWCG
TXFB-104689,X2JGD1YFUA826JLKX
TXFB-104690,DATA4A1F0DW12LSGC
TXFB-104691,E9G8AA4TA60K409D5
TXFB-104692,NT3WE2MD83FBVGUAT
TXFB-104693,VDCFUL9F7A70WK631
TXFB-104694,3HBPHZW91MYBJX18Y
TXFB-104695,U85K3F34XUCMPMZGY
TXFB-104696,XJ7JLY649U3YV2A6Z
TXFB-104697,EDSGV0Y4X7P2093LW
TXFB-104698,9M34BHX586XJ9KH91
TXFB-104699,W18EYLT8351FZP5ZE
TXFB-104700,Z4UMP5UHGEHVHG5NT
TXFB-104701,JJBWXFFBNE91CWBHK
TXFB-104702,UGS8RG8S8GEZ83E98
TXFB-104703,GCJFMZ6ULB8J9VBFS
TXFB-104704,8GGS02J2KNZTKW05X
TXFB-104705,FVH07L2U85R74VP4R
TXFB-104706,E0XDJ98NFUG81WCUF
TXFB-104707,LUTXZHZDTF021M5ZS
TXFB-104708,1LTST955V9L6LXUKE
TXFB-104709,JVSG144UD29CGP4FK
TXFB-104710,75N016Z60P73Y09FX
TXFB-104711,GKCVMAU6640E1396Y
TXFB-104712,YLBF3F279MBRGJTH7
TXFB-104713,VYEB1JE7GY3K99MV4
TXFB-104714,2A7A6T805TRVMEGGV
TXFB-104715,6MD5YBER5HTME91EA
TXFB-104716,CS7H2HZ4UDZZE12CL
TXFB-104717,PYP8VTEJTV1E8XRYG
TXFB-104718,KXN9Y64D0CY5LKE67
TXFB-104719,2YJ74U4CKNR2D4W6E
TXFB-104720,0AB6BH1NRKUJCDFZJ
TXFB-104721,PMCWC4184KN6RPSDP
TXFB-104722,83JT8EC2UKA90YPKZ
TXFB-104723,XLV9ZU8DKMPWPK6XN
TXFB-104724,7C221VWJZ0A7EPN70
TXFB-104725,D99YN8BAJ2HTD4HXL
TXFB-104726,ESY446YU3B6W3S30Z
TXFB-104727,AMK6ZNGXZ5SKY63R6
TXFB-104728,BJ4WJL3JEG4GB7UXF
TXFB-104729,KJAM0LRT5U1JUW4AZ
TXFB-104730,S50U2L8S83SP6BKUJ
TXFB-104731,DV1N6YC6EBFT0ZB67
TXFB-104732,1480YK5SVRC7B4Z92
TXFB-104733,TFUV0A2EMREX2N9RV
TXFB-104734,Y27VC7GU93W7XJLSF
TXFB-104735,CSHREPJY1EED402JE
TXFB-104736,SMMH10UW14TSRHNBN
TXFB-104737,CE46WTJMXRBP8925E
TXFB-104738,BXA0VB5YPWK9LM09H
TXFB-104739,0BDEDLFR8LFH8HJLP
TXFB-104740,BWHS66U4EUSG53DS0
TXFB-104741,F7PGJ7JLK4KVHN6VS
TXFB-104742,GZNY3X2YMX9Y3C0HK
TXFB-104743,XR0M3BREUSDCJTZZD
TXFB-104744,EPKP9CNSLHYNWHZJF
TXFB-104745,XC9TYXR9LG98NWWEJ
TXFB-104746,HSPH8KVE3K7XHXYEN
TXFB-104747,5X0DYXPMRC0K6SH41
TXFB-104748,6JKJGF6TF3967HTMT
TXFB-104749,RVKW7VS2W1M2439D8
TXFB-104750,VDTUXNMNRX72AVE8G
TXFB-104751,3JAG7RCJEHPVVHSEZ
TXFB-104752,66D19LLGVHRM2DAK7
TXFB-104753,B1DWFLG12LGCNAY9S
TXFB-104754,EBHJYN7UF11DXZKC9
TXFB-104755,MH8960Z29EV3BJ6U9
TXFB-104756,C1RD5KB2PJ72P9HW0
TXFB-104757,T983JRMCU00ZGPS94
TXFB-104758,EKT7A5PGB0JJK0H4C
TXFB-104759,PR26D5BLM552CJZP7
TXFB-104760,94ZB4R1ZYSZ0EAKNA
TXFB-104761,94PKBEVWCAUH5EPRP
TXFB-104762,HDL8WE6PT53JL8FSP
TXFB-104763,W5GXJHXCETSEMW80K
TXFB-104764,G0J88R5S654EVSBF1
TXFB-104765,G2LH61BC8RF81PLLN
TXFB-104766,6Y6YXCMM5VURF8GVY
TXFB-104767,MNC9KPX9ER1FPH2RF
TXFB-104768,CULLR6JA2LEFJ3SZD
TXFB-104769,DDL0NMN01DCC19YEG
TXFB-104770,NLV48SGE27P1FEHE6
TXFB-104771,NU7PZYCGL9U9B62TC
TXFB-104772,5HPKZXU9SHKWUVJVN
TXFB-104773,8TU23HDFYGVDX6K3C
TXFB-104774,3C4YWGJJUGS5EV9YP
TXFB-104775,SKU7J2HST0JMP7GZ7
TXFB-104776,JU73DTVXS8SNNCB9S
TXFB-104777,Y4FKFTCNSHC6RDY2X
TXFB-104778,KLCM56LNBK2UC54YT
TXFB-104779,LHL1LB9Z6NVGHHE4C
TXFB-104780,33M7EKHDK8GX8K9V0
TXFB-104781,4W5DNHTZU5G0RKP2P
TXFB-104782,CHK43CMPU8MPBATBS
TXFB-104783,5RGXZMUC3RWTU8X2A
TXFB-104784,S2RX9FD4LM69FKH8U
TXFB-104785,2BZAM6C0XL0J0WC56
TXFB-104786,RD7GW6P8UU2131BFY
TXFB-104787,MW0A35B6BKREZLYDV
TXFB-104788,AEY37R77T8557MUYK
TXFB-104789,2MMZZ45HTDSL754SR
TXFB-104790,X6J0FUK3RBJV0AST7
TXFB-104791,GGRUNTW32H8APDR
TXFB-104792,E6JDA4YC0MNZXS85F
TXFB-104793,D9RC6TMYDC9CP47NT
TXFB-104794,GYHVR5G292LV9ZFJJ
TXFB-104795,FYN5LVUXWWHJ7Y9MX
TXFB-104796,2GYJW78KCHJNA55ND
TXFB-104797,XZ0F42T9A0VNZJJG8
TXFB-104798,CKMEGNAKSD0MLR41C
TXFB-104799,WTBJTS6M2P9GJNU9Z
TXFB-104800,F0RGL689NKHX3RFKS
TXFB-104801,C7801PB5XD4HDSL3F
TXFB-104802,JRBN8ZUTMN1WDXMGW
TXFB-104803,1EE1GMSUNCF5559AP
TXFB-104804,82685F5NDRL60HP48
TXFB-104805,07H5UW1ZLPN0W1PYD
TXFB-104806,4AF430ERFT71HEH4R
TXFB-104807,UYMNDUED9EY6LUUAR
TXFB-104808,Y2P48CHXRDBDN1TJ9
TXFB-104809,0PC7RVBLEFF5SZ3FM
TXFB-104810,X3D52XEN80DZDH6XD
TXFB-104811,Y809Y0UEEWZVPWY9F
TXFB-104812,6MRWJSUGT15X1RC3F
TXFB-104813,JU57185VKJYPJ1L6B
TXFB-104814,0EFLAL45KLL0FCZPA
TXFB-104815,MSK004J7MY4LV057D
TXFB-104816,F38WV89DF7FLVCBJT
TXFB-104817,SLYPD1KZ23H7JSX36
TXFB-104818,7R2FN6MBYXP3HC7K-
TXFB-104819,GUYAYT32A92RNCEVB
TXFB-104820,PTBKAWWKXVNNRU6KT
TXFB-104821,5V0KLKDP65PX7T8XL
TXFB-104822,0HANHP96JXSY8TC9S
TXFB-104823,X05ELH5U8WC76G1EG
TXFB-104824,4MPAXPKMP3WNFVRD0
TXFB-104825,L62X0GC7HMKKPP25W
TXFB-104826,PWFMW6A2DVUCSW2FV
TXFB-104827,UDGVCYWHBN0TU1USR
TXFB-104828,61KL6NNDVH02VSPDJ
TXFB-104829,TDG792XTH5BLJ7N5N
TXFB-104830,46JBKEJKPUSDD3EVB
TXFB-104831,80FABCY4K9VVJ4RD3
TXFB-104832,9WEMPZNH58426U6TZ
TXFB-104833,RGFXF4ZJJLUJVMHF9
TXFB-104834,U1GC9KMASZG0LHFN5
TXFB-104835,77CAX9BN5BN5YBCFN
TXFB-104836,HBJW6N6U7Y4KEX2LB
TXFB-104837,0LSCR9TLLL8EZ6FUM
TXFB-104838,3JJLXNL99NR52XV8K
TXFB-104839,ZK4KYJVBS28B26CV3
TXFB-104840,XVLU73BUMV92JA8Y1
TXFB-104841,C7XW6J5FMS3ZSWNDU
TXFB-104842,1ZW1NT5Y3W6YCKYR8
TXFB-104843,LKCH3M6RKDKYSTAX5
TXFB-104844,S9TR5UTJC21NG8EDC
TXFB-104845,VNFWX6METB2YWC0NB
TXFB-104846,UG8VWMRELHTSG0GKC
TXFB-104847,YAGPWHG808S6JG6P4
TXFB-104848,2EUNG85YHY22HTBHF
TXFB-104849,YZYXC7BW8FES6LUWE
TXFB-104850,WYU6M2168LS5A8NLN
TXFB-104851,6S3TWFV6VPJPSYVY1
TXFB-104852,A382W69NFHNGYXCU0
TXFB-104853,MR01SA042HSRDW6RP
TXFB-104854,K6S7SZK51ECX25H3-
TXFB-104855,3JYSHBA1AVM9DVY27
TXFB-104856,WZSLZX9481PXCV22L
TXFB-104857,72EV0GTMEZWETGXK5
TXFB-104858,3TYLMDDKWD31LTK03
TXFB-104859,BY8VW35AWR5RLKUFH
TXFB-104860,CGBMWUNAR1W7EAXYP
TXFB-104861,B6GUU2HM2THSUDUSN
TXFB-104862,UDZ7ZXE07DZS2FYGH
TXFB-104863,XTU9RUVBASL1HLTRR
TXFB-104864,5B4CK3GNGKNGNY5K1
TXFB-104865,FUJCV8A74SGFL1BG5
TXFB-104866,WUDK529TA2NG80U9L
TXFB-104867,87H733GFDAYMD6ZRM
TXFB-104868,W4NK4DLTA0Z44G9M7
TXFB-104869,9HHAJV8PS8UY050K1
TXFB-104870,A2F0JDM95CPSPCSWM
TXFB-104871,8DWZFMSR7J35WAM5B
TXFB-104872,L5EN3HXJ2D2Z555CA
TXFB-104873,J76JHB7VMMK81M46U
TXFB-104874,J4TA2UDNR6ZU575VJ
TXFB-104875,606PUKH2B5HRXRS77
TXFB-104876,3H0Z0G4CVPHGBEB46
TXFB-104877,GCAJD1XCL8H4G4NC1
TXFB-104878,C31E6PX50DT4BHESU
TXFB-104879,K7C1NU46V8F5HR36P
TXFB-104880,YGG7WU45TPJ0VVR4M
TXFB-104881,DE0CAC85VP7XNBJ2W
TXFB-104882,9WU0NG03UNV7A9P1-
TXFB-104883,KHS1MHK8UAP3MYVZB
TXFB-104884,Y86AN197EM33KVRM9
TXFB-104885,VPL4YBE2F172CWU
TXFB-104886,ZV7JSTHRUX7C145J7
TXFB-104887,7BR0EX8YPT1ZE5YFA
TXFB-104888,S8BNHW7V72TGM5C0K
TXFB-104889,X0UUTAMFFD2FVPDPN
TXFB-104890,8LMVN1FS9RH069N4K
TXFB-104891,EEZF44527LY72D220
TXFB-104892,37Z3XRH9M21L68271
TXFB-104893,XVS3BZN1PPNZ25ZR8
TXFB-104894,8JUYSSWKS4NG1NY8C
TXFB-104895,ND4B0Z1CCGZEFCC5Y
TXFB-104896,4FVJ73SFKAADZHT07
TXFB-104897,V4T32D0GZXHC7ZEX1
TXFB-104898,8PMG5K4026B6NZ2BZ
TXFB-104899,KPRA7BVR9JEK1HN
TXFB-104900,FKKT64AXZMSXNEL76
TXFB-104901,36U01DKVGTJB0FM3N
TXFB-104902,VFZG1CB5T87PYL1CC
TXFB-104903,D41AXHX60GZPT3S
TXFB-104904,KRSXD5759UB80GN9G
TXFB-104905,9KHK72ZSLTNVHFF72
TXFB-104906,16S7KF1S64ZHV71X3
TXFB-104907,KBE0DVHEBXME6W6W4
TXFB-104908,V6KYJ9X1RML63SLJY
TXFB-104909,NFM9TGEE5SR4YK4H9
TXFB-104910,JV4869DFUUB25W736
TXFB-104911,DFM4SZYT9WG85ZE3J
TXFB-104912,7WU90UR6AR65CYUWF
TXFB-104913,VCCKM2CYPGVUM16HJ
TXFB-104914,B7UU68BD8TYS893U7
TXFB-104915,D5UKBA2T4Y671UD2G
TXFB-104916,0YTEZLFFCDJ6VP1JD
TXFB-104917,X7K07XE71VD2H6KU8
TXFB-104918,8GJ06SXG7B8HUH1FG
TXFB-104919,5XJEA3JXTCHNLWCVJ
TXFB-104920,7XP32NTTSY8K0SCFY
TXFB-104921,HPSK485AFZV0ZW0CJ
TXFB-104922,DX47RMJ5C8VF3DFS4
TXFB-104923,KXJMMMG2ZH751Y016
TXFB-104924,BS3XCJGF7955MRUZE
TXFB-104925,L15N5U0UCT0VWXEJA
TXFB-104926,6KSY1JNGKG2GNWXAS
TXFB-104927,LE5R8H1VFPS2SNYAZ
TXFB-104928,MWETZDGNHAVB4AP9Y
TXFB-104929,0E225S98MCMD2DPGP
TXFB-104930,KJ9J8ALZV88ULG1U3
TXFB-104931,AM7L1R9CJE6CB5T2Z
TXFB-104932,PT5DP61SF2WYZ0NV1
TXFB-104933,Y0ZZ4YSG483L7J2V1
TXFB-104934,2BZFNW5005VZX9AWB
TXFB-104935,XFN7XXHWDY6K80AXE
TXFB-104936,C9FKSF0CZR4GA036S
TXFB-104937,ZR1HPNDLF0AGDAHBL
TXFB-104938,WLXKPPFEF0YXC7J7B
TXFB-104939,H3J8KYJF1VX3V7PPK
TXFB-104940,DL13T45L4TJL81ZCM
TXFB-104941,0YP3A4732F88KSCG0
TXFB-104942,3R2KDTD8L80H9CYCJ
TXFB-104943,AXWTAX3YRXXKAUZGY
TXFB-104944,W1EJZG99H6K2D4EKP
TXFB-104945,Z0HVEFWWUXHWUWBWE
TXFB-104946,N73V5G2LALU1BGHZS
TXFB-104947,4KUNB7B4Z7UMVD9G9
TXFB-104948,U7RECRLPAREFVGW85
TXFB-104949,F6TNEY3F3XUP9TKPT
TXFB-104950,MARGUM7JZZL1ADJ
TXFB-104951,L6L2GHBU390YU094C
TXFB-104952,EGPXE6R2XJ01EUNZY
TXFB-104953,LRGLTS8ZT10K0TJNF
TXFB-104954,459S8VNFS8BWVSVZG
TXFB-104955,79T3BBS5DX6965RKB
TXFB-104956,757GHYFZJDEAUDE4P
TXFB-104957,2TJHZ4U5JJHG1LXHV
TXFB-104958,ZB891748W0AJKBWU5
TXFB-104959,VG4MRPH2DVGDZAN
TXFB-104960,L6V9BXHD8S6PCSCJH
TXFB-104961,R6A1U01YKZRX38SWB
TXFB-104962,LR21V53KNX0K2VJ1T
TXFB-104963,PRXDSJ2M7GEZEC8GX
TXFB-104964,TB8YRTMRXXWA19ND9
TXFB-104965,7CJK163V1H0L4VX20
TXFB-104966,8WM3YWB8X5A0E3BFD
TXFB-104967,0VVYPZXJ448D0HWVR
TXFB-104968,WSDBNG2T8ZD3G5N5X
TXFB-104969,9GLFZ1AYG95GF1SRJ
TXFB-104970,CLA4LN4Z38PUU9CYG
TXFB-104971,K5WZ1STZ2AJBHA2F-
TXFB-104972,S6UWX317T0ULKTW6B
TXFB-104973,YAY0JEY6SAFJVF426
TXFB-104974,FP9JA1ZT99RX4RVL2
TXFB-104975,RYLR1N5YDB9NZKDSC
TXFB-104976,RCJJ17AWA0NKL3BCU
TXFB-104977,HXXCLJLW5LFMLZ969
TXFB-104978,TF0X980LR9AF72CPJ
TXFB-104979,78C21SP76Z551CDBA
TXFB-104980,CVLCDKF5CA4T8FSBH
TXFB-104981,Z3618W4H4UGWN5R6Z
TXFB-104982,LYD8KPHMD791LZ0Z1
TXFB-104983,3382R0D52400UEJM3
TXFB-104984,KAMAC9MPNRAJK1VMZ
TXFB-104985,KYB6EY3E91BHB576T
TXFB-104986,1KX1HRETK5N45L0KR
TXFB-104987,DYRLEKKVCRF5Z3LDW
TXFB-104988,WEYZ4SPV9VE57KEUK
TXFB-104989,VHTVFPS69L67DYFG6
TXFB-104990,4R9N2GD20WKEDTS6B
TXFB-104991,6RNLC83B4RFGMNSGT
TXFB-104992,V8FZUS9PJN9AY24AP
TXFB-104993,LCS68WSBCEXN38EL8
TXFB-104994,0G25DZWJRUBLEJ28F
TXFB-104995,U2XV9RFXFSNBCYLJY
TXFB-104996,WG9JAALVWM689G4CH
TXFB-104997,P7M55G1JE202N6YEL
TXFB-104998,9078DWWZMJZP9TBB2
TXFB-104999,FN1K12K9ABSV5YV81
TXFB-105000,APRN7AFXCVDXP63VC
TXFB-200000,1T9DHUU7N8S4EAND7
TXFB-200001,FV1GR9Y2U7D8A2G00
TXFB-200002,KZS4MXCW1UUCBAX70
TXFB-200003,BR3S42KX8TMEG7DC9
TXFB-200004,3NSS9WX7GXMJDZ5HS
TXFB-200005,EEUUD2NE2VUEB7LJ5
TXFB-200006,RH5LZ2SGY3S0J0C4P
TXFB-200007,E3WEYSXTPM27U5SRY
TXFB-200008,A0UFWKXCUJ1GXPZ3U
TXFB-200009,7Z22FBFXJFEV24LYC
TXFB-200010,9RK0TAKJL84SGP26A
TXFB-200011,22HDXX0JWKFXT9SPY
TXFB-200012,4LAM8U1D320ZHHHM9
TXFB-200013,H7KELG2MLT4XZKPA6
TXFB-200014,DFG7ZKUHE7416RZF1
TXFB-200015,4K9CXGC8ACF2Y8HVA
TXFB-200016,HP3T6XGXRLDC2BZD4
TXFB-200017,T6FSBXZFXPZCX3E
TXFB-200018,DKAA3P1HU34WT8WYR
TXFB-200019,V1BHE0199C96KLCCZ
TXFB-200020,N0KFLV8XWSDGX6SU2
TXFB-200021,D3KBU0XCPFG7UEMHA
TXFB-200022,2AXGF71SEX26ZL0U1
TXFB-200023,36P6PYC8MNG60DWRX
TXFB-200024,VZRP4N54S6TAH2LCC
TXFB-200025,SXVKVPS07DUK26R7T
TXFB-200026,P0A6WKT42D32GW6WM
TXFB-200027,3S47P0FZMZKRGE740
TXFB-200028,PDN663RNRUVNWYNNF
TXFB-200029,T93Y9AV3ZJ92LAS0H
TXFB-200030,C0U66GDUC49NSEE5U
TXFB-200031,FN1XAPBGJG9Y0TZTZ
TXFB-200032,BABYD58Y6PRT9CHF5
TXFB-200033,1T5DFTCUN2KLBT5A8
TXFB-200034,UDVZJELKZVS9SCKU5
TXFB-200035,3K3KY9Y1Y964T8AXD
TXFB-200036,FWJ37FVRY3E9BTMU5
TXFB-200037,AVK1R4LGV5NWXPCHR
TXFB-200038,WWJ46KCVG5PCEYMP3
TXFB-200039,8FWTLZJ01F0586VN0
TXFB-200040,A71B8H837HVLPWETN
TXFB-200041,FKEZX3CKVJ5FHWCL3
TXFB-200042,U7E3YKWCV2BJ0NFE6
TXFB-200043,SMETJ6BCVUCN8ERMM
TXFB-200044,NHBKU92YE8YM9M7HF
TXFB-200045,6RCEL15CU0P3PFMWE
TXFB-200046,TZVAXJVNKZYT549XJ
TXFB-200047,PLKK0KAS3DJHDZY5X
TXFB-200048,9YCP6UH5C5W445ZML
TXFB-200049,JSEA6HRDS85F0MPXZ
TXFB-200050,SBYLWT5E6MTB6GXMY
TXFB-200051,8NR2FYL7HA3PUYDPB
TXFB-200052,JD5GU2EUPGJGFNMZ3
TXFB-200053,78DT1PZ5FFFGCB82U
TXFB-200054,5TKPHTFZAA6ET54
TXFB-200055,23J7K3XXR2CCCXU4F
TXFB-200056,7L1EB7JD50VMEMXVH
TXFB-200057,VPMMZANZBDVV86H19
TXFB-200058,D9T5AK86TMP47TA22
TXFB-200059,LRXK3K9JJC6FJWPM6
TXFB-200060,5A7131ZA0YHK2VXS8
TXFB-200061,VSP7YJWZJXP5VXFNA
TXFB-200062,9M97FM4CD31NM4SH7
TXFB-200063,VFCDHR1DRAA1SPLV4
TXFB-200064,U4NJD5XJSJ3LAUG
TXFB-200065,LNAN3D43UL4X8LW9D
TXFB-200066,HYTMBK0EHYDXLESZF
TXFB-200067,90P8P74Z9250LW9K4
TXFB-200068,WKTG67XY5EKKDN7EH
TXFB-200069,X8102ABAJ1P6THWRJ
TXFB-200070,3FXAANK0YLLY7VNTV
TXFB-200071,VY4EH67L8J86A9XL1
TXFB-200072,7D4PEVAKJCDEVWGY9
TXFB-200073,T7G4REY76CHNGH1YC
TXFB-200074,JVSNX2LFNSF8L8P6-
TXFB-200075,W5SP07EVLG20YHFE7
TXFB-200076,D2CT7Z7NM6BYZMVNY
TXFB-200077,R3XM1L37P8CF56U
TXFB-200078,34S8L3210VJUMKTZE
TXFB-200079,YM00UNXN0S5TNRH8H
TXFB-200080,SVMRM3S04UA4WDTBD
TXFB-200081,DP408RU2CST8ZHTV2
TXFB-200082,3AUYT98RAMYVATP76
TXFB-200083,TNWM32EKKN65NF5WL
TXFB-200084,R1ANKULSR0BEEM1YL
TXFB-200085,WT5P0T9PLSMAZ10HL
TXFB-200086,ZB4YS9UAG04PXX0AH
TXFB-200087,HY8TW8FWG63RBVT0H
TXFB-200088,T03CMGUWYP5D73M3F
TXFB-200089,3S7V2B07XJXN1YE
TXFB-200090,7SXTG6NW2D1TTUGLY
TXFB-200091,3A7UBLSBWFHGWACAS
TXFB-200092,2JPLNHC91MJRX2DV0
TXFB-200093,ZAZNXRHJ1C6LTDSU3
TXFB-200094,DUD7XKAL2V68DRUXC
TXFB-200095,Y5JP275HBHYTE0W12
TXFB-200096,BXABV00XK4VAS4H0U
TXFB-200097,2N9PWGLJEXJTSWUF6
TXFB-200098,1GXUZYLHWFF0CWHH5
TXFB-200099,T77F3TXL795HCGW18
TXFB-200100,GR26DPEKPBHYLE31F
TXFB-200101,SFZ2A8YYT4038U1HX
TXFB-200102,GHRPRMFV61WHBKJFL
TXFB-200103,MZPV4SHL9ZZ943LCF
TXFB-200104,TR74461D8BPZUN2SZ
TXFB-200105,5M64737VMGR8TDW0-
TXFB-200106,PVMZPXR9V7MGK337A
TXFB-200107,55TKG5H5VX6YCNBBR
TXFB-200108,MT71WK96AEUHL0R5A
TXFB-200109,62RU5W31UAA7WWAKL
TXFB-200110,DTZDLA9YF7DELYCK-
TXFB-200111,N5066HXWTBD3KD2ZF
TXFB-200112,RK84GCTEM7VMRC198
TXFB-200113,FGV5YAU8N6J4H52FT
TXFB-200114,57RY23XSJ4NDUJJP1
TXFB-200115,4HMU609LN5JU7EZ02
TXFB-200116,1LNEG0ZDNWYL1VEPS
TXFB-200117,Z5EJMY9TM8FJDBPKG
TXFB-200118,D7XL2ZC69UAD1VR3S
TXFB-200119,GBV48L6PMB6LPNX80
TXFB-200120,B3XEZR94LAGYAP49G
TXFB-200121,JTV5JKEHBLT24N8R-
TXFB-200122,W4FFBXF5317ZYG36G
TXFB-200123,ZDNETGZYRFA1L8TZM
TXFB-200124,BUW7F2PTKYMUV67VN
TXFB-200125,A8A0K5L5WMT36JVUU
TXFB-200126,AP1S9GD9BSBMDAUTP
TXFB-200127,3HZHGJCLDKMK1V6D8
TXFB-200128,H44YRACB33ZY2YLZ4
TXFB-200129,YXU3M820JS5WYURZL
TXFB-200130,HANP5C7F7ZH6WCDV1
TXFB-200131,ST75MK08E7D5KPKX0
TXFB-200132,5AGVZXWM5A74EYKDW
TXFB-200133,5LG641N9RWXA5BUDT
TXFB-200134,BDMBWTXH79DWFAZWT
TXFB-200135,BVLNHSYBTVW2MY2Y-
TXFB-200136,0XXANHPBH5Z1RPZJ6
TXFB-200137,6VJDG8FKJPD9GBX4R
TXFB-200138,8N4762U4W3ESNDJ
TXFB-200139,K84YPN9MBA4Z8ZA
TXFB-200140,R9ZYN5FKESP3DXT
TXFB-200141,VUZXBCNT4FAN17H42
TXFB-200142,6RA4X4FZF99VHEECC
TXFB-200143,0W00MB2GXVWA7UF50
TXFB-200144,ZNXCSJE6G0DTF6YZ9
TXFB-200145,DBZRE8V4LALUVAPXX
TXFB-200146,4MF0P91R360THDLKR
TXFB-200147,CUES4V3ZDVF4T0K2F
TXFB-200148,TNTHKJMCH1PWW1939
TXFB-200149,KTH8VA1SLV06547TL
TXFB-200150,G2WHNRFZ5UCXTDANR
TXFB-200151,ZGY490YUSMKNSA7VJ
TXFB-200152,7R8Y1NRSUY4AYTGRP
TXFB-200153,77VXXVT0V5K5CNYBC
TXFB-200154,Y9MWY3Y9GYTVCDZ72
TXFB-200155,VD74HR0RU2DHG337J
TXFB-200156,V9VDDPYYTECE5S4H6
TXFB-200157,FTX7R28DPNDDBM7VC
TXFB-200158,FTP2HM31M2UZBRJU6
TXFB-200159,6M586101ZY9338YEE
TXFB-200160,SRHR1NH6ZGPJENAU1
TXFB-200161,MLPGM69R2F3W1TMF0
TXFB-200162,5ZJCJGAH95PEFCLF9
TXFB-200163,PUPL4PYVHET3356DN
TXFB-200164,WZESPHMTHXMYXTLV8
TXFB-200165,GENTYV7K42ERW7BLV
TXFB-200166,DJRU4KKYEZ4HX6VAM
TXFB-200167,KJF9C2NV9MYHZ99ZB
TXFB-200168,R98D79H937MC6MECK
TXFB-200169,4F5HXLXXZM4D44EZK
TXFB-200170,74XX6R31TK978158-
TXFB-200171,2PN1R24RLT4AX3PZJ
TXFB-200172,MKZECBHNSH0L1HTJK
TXFB-200173,LWDLRT6RLRTY188D0
TXFB-200174,L1KUDS2NZTLU9YRX0
TXFB-200175,LA44L0YF8JVKM3JP8
TXFB-200176,RLZ3B1DD8SNWPHV2H
TXFB-200177,0FMBLVXHMY1PDC27A
TXFB-200178,PLTZPZGYAD20RXTZT
TXFB-200179,39XHK1RN1DFCYN4JM
TXFB-200180,5FX5KJBSG09WZT59R
TXFB-200181,G1ST1F4YM8EJAXXWF
TXFB-200182,99F8L5APGPNA49WB6
TXFB-200183,Y8D6LJU0F30BB3YG2
TXFB-200184,YHC0FKJFFUCAFJLZ-
TXFB-200185,X25D96MV7R73SCJBP
TXFB-200186,T5BRXFBWWUSECVMCJ
TXFB-200187,7RGJ7YF4PL8MA2X
TXFB-200188,PC639486CXP1JYYA4
TXFB-200189,PUNUX2ACNVNKS86SB
TXFB-200190,HFL1K2HKK39DERH5C
TXFB-200191,0MVZYXVS5KV4RL4TC
TXFB-200192,4LLNF3KR33J23H8G6
TXFB-200193,931XSNL2DKKLCSPN5
TXFB-200194,TLMS9M6NNVVVTASZN
TXFB-200195,1MZG4HA2JUL772YW8
TXFB-200196,KMXFN45GS013CRBY7
TXFB-200197,EXH4G3SB45AUP31MW
TXFB-200198,R0V15YAVY6Y9KB59M
TXFB-200199,G0R06D7FWCJ7CBVP8
TXFB-200200,W13TEZWKNY43WGWK8
TXFB-200201,VXSVTUX9YEBRRD81A
TXFB-200202,VYFJVPH6ATB9YU5X5
TXFB-200203,RXKHN12V4ENYU2W
TXFB-200204,4428FS1RT8YS5MVJE
TXFB-200205,T8K520NA72KM3SXGM
TXFB-200206,8WHAHPXBBXNA09J71
TXFB-200207,SFLAJKZ9XEW70N9FW
TXFB-200208,P7YUK6W0B5RMMGVCH
TXFB-200209,LAMCDSCG6ZJX0TTDK
TXFB-200210,HN5UD1H1V2VFTPAH9
TXFB-200211,66F7S4NBFRAM1TXUL
TXFB-200212,3DFJTG7DL8SY2091U
TXFB-200213,5L90EYKG33B5N6AY-
TXFB-200214,P9NFJTYDFJLM1LZAA
TXFB-200215,YUHH9KGMN70CLZUF4
TXFB-200216,R9UTRD9R77W884YRF
TXFB-200217,E3478U3CBB2SCWDY8
TXFB-200218,TKYNBC6U40WT058CM
TXFB-200219,BT2L67EXE4WV24LWX
TXFB-200220,BX961KA3U4ML5V4YV
TXFB-200221,Z5UKFM67YLZ2BWKGT
TXFB-200222,92L3YDBJEHUM4MBDV
TXFB-200223,6DAV5GVVWX73FWL4T
TXFB-200224,U6E3WFUGT6B4XZLVN
TXFB-200225,DGZ095THPTNJ9M9TZ
TXFB-200226,096UF11SPXR9AGD4K
TXFB-200227,RUY0SMXNFNUYXAYF0
TXFB-200228,JH6W7GR4LH3MJU65E
TXFB-200229,AFWMGJH3LTLPYPDBY
TXFB-200230,LYPX91HPA9AXWHZWL
TXFB-200231,HKATSHAL87HNH4DHR
TXFB-200232,Z9JFT63UFWLZYERE9
TXFB-200233,BR6TXHYPVF78CCHFY
TXFB-200234,JJ2RKA415PXTFEDXB
TXFB-200235,PEPYTBLNW3PWXE2XS
TXFB-200236,28L9WM1916U42R2X5
TXFB-200237,MK4APTTVTY92ABUPT
TXFB-200238,27R8HCXT2M28JJUDF
TXFB-200239,XHPXLKFU2K3UCX8MK
TXFB-200240,65BLNCR59E6ZARFUT
TXFB-200241,PAFT1YJEEJK4PRY0N
TXFB-200242,LGV67WSYEX4D2JN63
TXFB-200243,1R8AW07ZPZCN6FXJ7
TXFB-200244,6XY9VY8D86EYRKREC
TXFB-200245,9MHHD3BUHXF3YKZCA
TXFB-200246,XFBYDZX39CPRLEVNP
TXFB-200247,48GGPLT6E8NJ6CJ6T
TXFB-200248,TA36AWP2LJW1DZYKD
TXFB-200249,MW0SZ2GK0GS4C555M
TXFB-200250,BM974JYJB7GWD5THL
TXFB-200251,2LGWDUPC2MRAEKBRS
TXFB-200252,5N8Z09JT6AMZMRR6K
TXFB-200253,KJJACNPFRVSLG3M5M
TXFB-200254,NTPA02HSZUY6E2Z0A
TXFB-200255,FJ2ZXS5BKJFF3D5CV
TXFB-200256,4WGCN6PVYHNLC7KLX
TXFB-200257,S765NXR9EM35F3E3T
TXFB-200258,TBKPBKVF7EHKR4H0Y
TXFB-200259,TXARX1XPM371PK650
TXFB-200260,3DGR2LXBH0068MHEZ
TXFB-200261,P0YN2XVGCBUJWHEWL
TXFB-200262,01PLSW8XGR8J6BPD1
TXFB-200263,UU396BWLWGD6130AE
TXFB-200264,J1AVMCWS5DD9GXSU4
TXFB-200265,21YH2XVGTFGW4SRU8
TXFB-200266,0YZSA9ZD0XTCWP4B5
TXFB-200267,4SNPG8247ST23GDLP
TXFB-200268,B17127VGZEF52UR7M
TXFB-200269,C7542TPSZR94PEPL8
TXFB-200270,B0UCU5EFT5GE5DW9P
TXFB-200271,R0J90J72WKANSLJ7Y
TXFB-200272,LS4HMNUR94CZLB0HE
TXFB-200273,MF2S3XCAN6XUNCBCM
TXFB-200274,EA60U22006Y7M3CNW
TXFB-200275,72R1KBURWS4W4DK01
TXFB-200276,BFK8LE8AGHEWU4TKP
TXFB-200277,5LZBLD1ZY8VKS7KB9
TXFB-200278,YKU5C723XWTP3VXLP
TXFB-200279,A463N6CBWJZJM6YV9
TXFB-200280,VUYTT40PSFLYT91S9
TXFB-200281,N2YLE4HBSN8VSL95P
TXFB-200282,3SZERX7BXRKHC5TNE
TXFB-200283,7D1NSUTNS00ZS61L8
TXFB-200284,A3BWGEZY7WDV7L58P
TXFB-200285,53P0V5WH4W1WE93GB
TXFB-200286,FNKY8H0J1ZDMR4Y83
TXFB-200287,Y5B3AXPDGY9TU2HUU
TXFB-200288,06U50DE3NDX5RTX90
TXFB-200289,B51KKUG78SFNHGFR5
TXFB-200290,K1UF3YM84Y1UMSD8T
TXFB-200291,UTUB90GR3PASFB849
TXFB-200292,DF67VULHNT3LNS0EV
TXFB-200293,H12YDGUXRBZP5MRNW
TXFB-200294,SWUFCN88N2HTTWBXY
TXFB-200295,CFJHYMV9C0SNYUA4Y
TXFB-200296,NSVN1CGES8LY0VNBH
TXFB-200297,0PDPT74C28L4PMKA3
TXFB-200298,5UPTVCN2YZVF3EYZV
TXFB-200299,ZWZ8AF94XUTUAJ5YG
TXFB-200300,AC19HNUDAWCCTBS6N
TXFB-200301,KG0WXH65TB2HUCKXL
TXFB-200302,56BMN693GPUK33P
TXFB-200303,X382A9L9KDDAXA1XA
TXFB-200304,6SFF4ADH7P1866P1M
TXFB-200305,S14NEMXRJFNU71U7V
TXFB-200306,CF2W93TY0WNJ49BC0
TXFB-200307,JU3VRCGNNLV9046C2
TXFB-200308,KJ3WSJU8R924LMSGS
TXFB-200309,YLLGMEXZ93RJM31FR
TXFB-200310,7D3S7R6L8FUTGEU8J
TXFB-200311,K39CG0FFE9GBYMHR5
TXFB-200312,9PXNDFM6Y0SPGJMC2
TXFB-200313,94LSSVYN26966C5PV
TXFB-200314,6N232KG8PPV9L7PAX
TXFB-200315,BNY8U1K5135WPA7S2
TXFB-200316,0PN7U10FNB88PUBZ0
TXFB-200317,3TX84PURBZV5Y3BFW
TXFB-200318,4CKGMXZ7PVVHYAC8R
TXFB-200319,46UW26AATTWDEASGP
TXFB-200320,0BFSWGL6GDEPP8CC1
TXFB-200321,R72TMYFEW1FYMM2
TXFB-200322,FEWAL5G7K0SGZFBU6
TXFB-200323,TRTAMZEALZ8G7GF43
TXFB-200324,5ANF5GSHPLEYDKR0P
TXFB-200325,X4RXMEHXJYJLEKBFJ
TXFB-200326,MF6H5ET87RT44DY8D
TXFB-200327,S04Z5DVK274G0C2D3
TXFB-200328,0SS1FAXY0KL7D1EXU
TXFB-200329,VA06VM0DNBF6SP0UN
TXFB-200330,NW2GL7U5E4CWBN2BR
TXFB-200331,N4NR52VME4PPZHZ9J
TXFB-200332,WNGLPXL4WMWG5N344
TXFB-200333,84SB0T7H05BLC0DJ7
TXFB-200334,EW17AFSDPZFVDKNNR
TXFB-200335,KRXYJABC6E4N71DXD
TXFB-200336,G87CWFFAC5YPU9PX3
TXFB-200337,NKPZH58WFUMJWJSMX
TXFB-200338,7RA3MHDU90P2607CT
TXFB-200339,0TL4AJYNFYAH8N476
TXFB-200340,426BES7TEH0US6VU7
TXFB-200341,B7GM3HZDPHPJ5SF8D
TXFB-200342,BGYRJGMMZ5WUDYRF9
TXFB-200343,VN8D14UMT64NPV184
TXFB-200344,5SS8NMDVJMRV0VWPE
TXFB-200345,946MW5KH3CD2D87CL
TXFB-200346,8ZY5NRTF46R1Y2LW6
TXFB-200347,BLXGX210M5KSG8G0S
TXFB-200348,240314MF6KEG52D9-
TXFB-200349,9A6UEPYNXS1BHBZBE
TXFB-200350,XRK8ARDFE6B3XDD
TXFB-200351,W3L5W8MS0L6PVR559
TXFB-200352,9PMYA4X2EPDZ7L5RX
TXFB-200353,S8KZL0FDX6KHW6D6S
TXFB-200354,WNAZSUL8HEHAE8Z5P
TXFB-200355,B8BSFK4VZXGS3LKHK
TXFB-200356,PPMD1VLAWVM0446P8
TXFB-200357,7GHP75G1KFNYEBXLV
TXFB-200358,R9HR6MMP8BAP21MP8
TXFB-200359,W36VSC5M2KMBEGRNY
TXFB-200360,UMW1UG8AB24BBDFYF
TXFB-200361,R2KH3RZ3HZ3N40TUE
TXFB-200362,24FCF62L8NR5F7P1E
TXFB-200363,CCHXMTWAK35TRLSGC
TXFB-200364,YT3VHXEGG2JWWBNP9
TXFB-200365,W196UJH23W3KJWP29
TXFB-200366,D31MXR3FSZH6VFRGX
TXFB-200367,89YVFB3NZ7LW2ZN2C
TXFB-200368,UEBGG8GKC9KDY0HBR
TXFB-200369,FEV6CGM279Y80FX26
TXFB-200370,ZF1519XJ6W9P5E2SM
TXFB-200371,3HTS01A6D59Y46EP9
TXFB-200372,PWBHPXF1CM5XKKG26
TXFB-200373,MG1AF48322PARSGWT
TXFB-200374,Y2M0KNMTA3F0BJ1HY
TXFB-200375,YZBRTYLBE8MNGWGWG
TXFB-200376,WH2N4GX8M74FZSYGW
TXFB-200377,6UPE0ZM3H4MPVDTY4
TXFB-200378,5R0Y6DM81JVWAAXNW
TXFB-200379,SABKLPFMUJ54DE9RG
TXFB-200380,U0G8E7HFJ0MGM7MTM
TXFB-200381,KEZJ40PLK2WUYHN1A
TXFB-200382,38JNS99M9TFKY5LM4
TXFB-200383,L5Z0YT5YYTZ2318M9
TXFB-200384,9UTGYZTK9KULTJMT3
TXFB-200385,N6PLT12X0USRNVZ
TXFB-200386,N6CEG5TLC9Z2ZB6G7
TXFB-200387,ZPEVUDTWAFLD6Y94F
TXFB-200388,0VV35F534FG9GGU3B
TXFB-200389,CZ9GLA8ETU03MNMPC
TXFB-200390,KZUE0LUZ95U06JRL4
TXFB-200391,WAA9XCWDUYJETRL
TXFB-200392,B8P2STJGPVFGKJA6C
TXFB-200393,X7X16ZFRSRR2UZF36
TXFB-200394,Y0TZF2D82CVGCMDHZ
TXFB-200395,GSSVY88WYH7CNBPHD
TXFB-200396,LZW0618W780HNN5YB
TXFB-200397,PEY1GKLANCAJYFHYH
TXFB-200398,9JNAN3Y1LXB6AB6PL
TXFB-200399,WFT64MT4ML7H0ZNAV
TXFB-200400,ZG8TER1KD2JWMZF
TXFB-200401,2KSU8Y4WXS3F4YTNJ
TXFB-200402,YWVDVU7GUZ9DDL1H8
TXFB-200403,AHEN47LKGHMBEKYTP
TXFB-200404,24H4CG03U7ATUNT2V
TXFB-200405,63UAMWJWPL3HD9N8U
TXFB-200406,CCL8ETAC3RXPENGRB
TXFB-200407,706RSURPVTGY519N-
TXFB-200408,0PRE8NJ9FBMHPN4C5
TXFB-200409,JPYD8T8L42UR7848-
TXFB-200410,3SWTD9D1HJ2WYVHWY
TXFB-200411,0T7E7TZ4FAURNNRKV
TXFB-200412,UNFW894JLRCJLJB
TXFB-200413,RNSUWRZVYJSMPWUNM
TXFB-200414,6M4U7DAKFPFN22LJH
TXFB-200415,SEJ7YJU2VSSC2BN2C
TXFB-200416,ST7G535KXD9B76Z8U
TXFB-200417,HCUCFTL3GEVERV566
TXFB-200418,MZHKYWTBS1RMWS4
TXFB-200419,5MJRE9CBMGXS2YDVJ
TXFB-200420,PXJRZFFFRAZN0513L
TXFB-200421,BHXJ4G745XBDJ3TA5
TXFB-200422,DEMU7Y4NCTDZH9P99
TXFB-200423,K1VGDA1SW22J31P8V
TXFB-200424,XVPWLCEHRWY2KVZ0E
TXFB-200425,80VF1KXRGWJP0CFLN
TXFB-200426,EWDBVGVHU7B23DA3G
TXFB-200427,WN33BZ2DCGLJ7UJAL
TXFB-200428,WCU05CPERD3T0G4P3
TXFB-200429,9K4FP1MS745FR0Z49
TXFB-200430,XE15STWFA8PD1PPL9
TXFB-200431,K3MJ3JYCXF4WU1FUK
TXFB-200432,7760F2M19DBDPR1CL
TXFB-200433,ZAPM7ZMEBEDWX7SGD
TXFB-200434,M4EW8526FLFHZRKA1
TXFB-200435,1GB4DG9P1J2UPZGKF
TXFB-200436,S129FXFCE713BPYZ5
TXFB-200437,K9JUDBCCRCKM8ADHE
TXFB-200438,BNRPXANBJBRR9H597
TXFB-200439,D6NV0ZB2EXA15TF59
TXFB-200440,1962ZPTFTTF00WBWE
TXFB-200441,9575A09Y6M3VJD86C
TXFB-200442,1VBV8GWCLAF6UVU6-
TXFB-200443,T5VSTCFWMB48HC8G7
TXFB-200444,FHYKW2SADYL3KVZ3Y
TXFB-200445,2TBRFXK4US01ZFG44
TXFB-200446,5S9L2EHZF7G4KDV1H
TXFB-200447,K8RY2J3H6298S4CWD
TXFB-200448,JGXDU0SLBXBZL532Y
TXFB-200449,PFSKG4SDDND5MN6A5
TXFB-200450,JVXBCCVNVLG9A4NAZ
TXFB-200451,RD6CFDM8XEEXJECWU
TXFB-200452,0EUR2JMH9ZSH3GD4W
TXFB-200453,82FHZXJR3NSXDVBVM
TXFB-200454,78PHF0D4SH0K1ZWKZ
TXFB-200455,6H4FLDJNRK7P44JEX
TXFB-200456,GNVDDB377FHCWXMX4
TXFB-200457,PXV8CEPZYUGD1X2T4
TXFB-200458,W0BWD4HTPVPKB5BUM
TXFB-200459,EWJS5B5D4WMC27U69
TXFB-200460,P71YL0R3GNZR4AC6L
TXFB-200461,48GEGZJ0C2P2FLTN0
TXFB-200462,L3MGJLPKS54WZ0YHX
TXFB-200463,HTSTUE350RCA4ANGN
TXFB-200464,CLKMV36J9NLH8F35E
TXFB-200465,MPYLYTKGW91XKY1SS
TXFB-200466,7MT8B7NJPVZJR28NJ
TXFB-200467,0904SM85JBBYY9D36
TXFB-200468,YMF5GS743YWVWZCJA
TXFB-200469,0DSNKU4FUFWUTXCPR
TXFB-200470,P7TU8UR8FL7N1UJR0
TXFB-200471,CCX4MHP7SP2VWX6T9
TXFB-200472,CYKYLANU8ZPSEGCB3
TXFB-200473,9WMSNB9V88NS8CZJ8
TXFB-200474,WYZM3049M8R3WBRB0
TXFB-200475,YW728376CK4S1T8ZM
TXFB-200476,N8TCYR2VDV1TM8UMV
TXFB-200477,4EU4842Z1SRH198DL
TXFB-200478,J252YD15U549PSLZT
TXFB-200479,KY64XELBTSZ0N2RMV
TXFB-200480,59U7AA4P1LNXXM07V
TXFB-200481,2Y08VJVGH75TG9J7T
TXFB-200482,79PL7GS0F2C967CE3
TXFB-200483,A9JUYWZ7P756V1THL
TXFB-200484,TZ48KZEHU61HEGG6R
TXFB-200485,FE8U5ZRUM9N71G2E1
TXFB-200486,BZ5AU8KJ7W5MGSHEG
TXFB-200487,NA90XD75RK36UNZGE
TXFB-200488,W0UB8E2D6CFD36548
TXFB-200489,YFKW42TJPCG033EU3
TXFB-200490,SMFSFFJ99D35GN1XY
TXFB-200491,3BKZS5JHGNJ0BVJ1V
TXFB-200492,416AH843FX40WPPTC
TXFB-200493,CFY536P847YGB191F
TXFB-200494,XYJD54XPWMD2D5WNE
TXFB-200495,RC4HAWNRPE1ABT497
TXFB-200496,J519GLPRM4R2YEBS5
TXFB-200497,BYSUVVH8C2JJ78C1V
TXFB-200498,MC4LDNMT1RHUMKRBX
TXFB-200499,ZWB6ACCY1WKGUTBRN
TXFB-200500,7NHP5FVDGGNUDPSA7
TXFB-200501,1MXFD1X7PPFUWYJGE
TXFB-200502,PMMWH371CTA62CTM1
TXFB-200503,2NZENWTKC463G86KL
TXFB-200504,VBKKDW79UW5RPBKVC
TXFB-200505,CF8WHKWX7399Z5ZDK
TXFB-200506,7ECFYL6VFAE0X82A6
TXFB-200507,0V7ZZGAJWC59787KA
TXFB-200508,XZ5XD8VFLT65RRVZ1
TXFB-200509,BKEAZEL3TEP3BRJMV
TXFB-200510,JCBP2LA2FPAMPLFKJ
TXFB-200511,8H3TGBF8XVD80DJAV
TXFB-200512,LUM9C16TR00ERM6U8
TXFB-200513,E7JJVEH4U4DZAXV4Z
TXFB-200514,F71ZETZ8UTX90SX0W
TXFB-200515,MB6241SWA6GBTFTJB
TXFB-200516,EW4VSGW9M2BBV8D0H
TXFB-200517,701XABLDLMPKGRKSS
TXFB-200518,HMY310P92PYXAZKXY
TXFB-200519,TVAH2T1K7LK53FMUA
TXFB-200520,NN0CN8K6DGGAY2186
TXFB-200521,4L0MEK5UV6RN70Z0E
TXFB-200522,B5MNDCWRWBVZ5RM00
TXFB-200523,F3D9F8KDLG9NVBAK-
TXFB-200524,XKZTTFDEDUHM1CZK1
TXFB-200525,ZNE09TKAMS36KLXEG
TXFB-200526,N7JVS43J7ZXJ12B9L
TXFB-200527,H72G0JR81970TCY6Y
TXFB-200528,9UYB4DRFU8S5NX17C
TXFB-200529,WSSVG3WVZ4571WATC
TXFB-200530,BNGHN2CPA8BPZYFMB
TXFB-200531,2EWH6SMGE2NWRRGE-
TXFB-200532,7YAYRCWJLEVD9X7RY
TXFB-200533,AYVXN0HRUUJM4XLP0
TXFB-200534,MR31CD3ZWA2CY9ZXT
TXFB-200535,3EZD4PM8CADGCM8LG
TXFB-200536,ESY97RRWFN70J68
TXFB-200537,3NKDNSXYAZLJVBDGF
TXFB-200538,B7J3F83MVTT431SSY
TXFB-200539,FRG4PLS9G5RVA4WT8
TXFB-200540,XZB6KXN81A5117Z46
TXFB-200541,SX9V8FZB57FGSDP7U
TXFB-200542,A20LTJPERA7B8TF46
TXFB-200543,XE3EPN9TH6W7DK5YS
TXFB-200544,C9ME5CE6BFHC5N85E
TXFB-200545,27AS8P4G2DE3775X5
TXFB-200546,AW0A68MG3042AMZEP
TXFB-200547,L31EBWZXJ8U3YYPJG
TXFB-200548,9Z4GPCZLC34ZA7ZVA
TXFB-200549,9WFSA58BABJ3Y404R
TXFB-200550,FBNJ8EB0DAJZ9SCMN
TXFB-200551,CZ654WTYN9NKRVMKU
TXFB-200552,HBNJRKWYPL619VVS9
TXFB-200553,X2V4B395L1D2J004B
TXFB-200554,R4WBYVU2Z4X4B47J8
TXFB-200555,SUKWUJRHCBS653B9F
TXFB-200556,JWDBT6PSE42RTVLJS
TXFB-200557,LPX7NJZCDHVRG5GNH
TXFB-200558,LSEAZMG858Y0YZSJR
TXFB-200559,U9AJ42ZWLRXKSF6N2
TXFB-200560,SRJADGC80RYP9KZ54
TXFB-200561,3F37SJMKCSXF5T6H9
TXFB-200562,6W336FYEBGBDF2MHT
TXFB-200563,UVGHRN3L8NLSJCZAU
TXFB-200564,VYYXU3DNTJ7SUPW48
TXFB-200565,FT2JMLWT3XFLDNUN1
TXFB-200566,9MTYFGEYVXCA0Z5DV
TXFB-200567,RJN3KV4T85YAZ5TAP
TXFB-200568,1S4LS4H6GM1C0H9HD
TXFB-200569,6M18AYXZYA1L2554G
TXFB-200570,T4N0WGHB35WBY1F
TXFB-200571,YRMA2B4JY0YTW57L3
TXFB-200572,DPPEA3Z6FWDBPWBRW
TXFB-200573,126LCTB3GTE0S81BY
TXFB-200574,560MHVFH6TPSY20BZ
TXFB-200575,T1CYH8ECD7KFLAWS5
TXFB-200576,YS8CG19SETJLA7W96
TXFB-200577,CMVBJDCJ6713GPPC7
TXFB-200578,3U8EKBYEKZ71WX8MR
TXFB-200579,B88HGN1P4K002BLET
TXFB-200580,LXJJFAMPGLUX9KGT6
TXFB-200581,9HFV3UELX082DUMAB
TXFB-200582,VSXCBWLC1VNX067B4
TXFB-200583,25A2XYSDJY8LCY9AP
TXFB-200584,DNWC264R0T982LX8T
TXFB-200585,1D98D547WMPEAEE7X
TXFB-200586,NPSGGZ6VZ921V5LAV
TXFB-200587,PCVPW50Y68N60A6DM
TXFB-200588,XHBSEP5PYKZMSDSTV
TXFB-200589,T72MA7YKXT7M81F97
TXFB-200590,4BBUJLDCM196VSU81
TXFB-200591,J0J0SYN7M7P12NXTA
TXFB-200592,E850KY6AZBBNSWC0J
TXFB-200593,X94Z41SV312Z7CJV-
TXFB-200594,XFNB17PS8D004P1P6
TXFB-200595,Z7BF12E1NS1HZHHF1
TXFB-200596,HL0UB0RWFPC01KG8U
TXFB-200597,MF4F3C2ZKYXZD17GD
TXFB-200598,SY3C8LTFWHJBXNLDG
TXFB-200599,ABM23B9583LXR6T52
TXFB-200600,WCWGZMB7Y43N5VJ8A
TXFB-200601,3NSV3JBYSE838Z3C1
TXFB-200602,32GHA8DBLDH548VDG
TXFB-200603,V20S61N18S0EBHGX0
TXFB-200604,6HYTFFAZ865YPYJ2D
TXFB-200605,G9RD9J6CYYKVFRV44
TXFB-200606,677NMEMFFHKJHKTA1
TXFB-200607,5X3FJF3EVZNFBYZA8
TXFB-200608,75ELKEXHSJETH3NWC
TXFB-200609,0P56W6C5UKGAKZEUN
TXFB-200610,PD2CDDX5JV4LKU94C
TXFB-200611,4SXGS4HKZLEUY8Z3Z
TXFB-200612,744JY3ELJLG4RCCDL
TXFB-200613,YKVA4KXW3VS05S6TZ
TXFB-200614,GD4RRJ5EXE1N8ACEM
TXFB-200615,0VBRBEH678DKPCBM6
TXFB-200616,4SD1NLL490D9VZV9E
TXFB-200617,J5WDLGHP4WBB275PP
TXFB-200618,7JMRXAYMZS1SZD13Y
TXFB-200619,X89FYG3B0J8J9027N
TXFB-200620,PEMVL5MB4PMHMHW04
TXFB-200621,2R8XZRPMSV5VCKF4B
TXFB-200622,32XDFXZ4M2SYUWNV5
TXFB-200623,G2BSPRHJDD2VARRE1
TXFB-200624,GS2PA7386WZKW32ZY
TXFB-200625,FZ7XX6JRUR6TT7XNK
TXFB-200626,JDPDF4CTTEZ61ZYJF
TXFB-200627,ZM5P84YS10BSE33LR
TXFB-200628,8FB47GSVTGYRMMFE4
TXFB-200629,8PGZGSPAC4FTB6J4N
TXFB-200630,F4SD14XT46LUBNZC3
TXFB-200631,SNUCDN1K4MGSEU619
TXFB-200632,BLYA4ATDBV52M3K9F
TXFB-200633,TNXTAJ2UDTL1C10B6
TXFB-200634,1S8CECETT6XHK0TPN
TXFB-200635,8HXNCWFV902CXH37G
TXFB-200636,U9ELUH6GRPBGSHR5C
TXFB-200637,3GWNFHUYZSVJKSUHF
TXFB-200638,L20Y9FNKTNMCU6WCE
TXFB-200639,A8JHJCNBN97N3MH08
TXFB-200640,5UWN5AWGVJDGME7P1
TXFB-200641,P6MGFYS1BN642RWDL
TXFB-200642,8BPZVXTMS36H6N0A9
TXFB-200643,2Y6B55T62YDNAD7VU
TXFB-200644,J4VXNMN6PN52RWT0U
TXFB-200645,78F7YCWT0XXUGRXYV
TXFB-200646,3YBGKZ09W2XSZW6E5
TXFB-200647,HCF2D7YU52AADJDL-
TXFB-200648,JEPR8RSDHU5GMC38F
TXFB-200649,KNYWHYVJBGN2SW4Y4
TXFB-200650,6BFVE7V751NHD5A9V
TXFB-200651,4P0RDEPNFZFNF44CG
TXFB-200652,41HCCBVD1RFGDNFE-
TXFB-200653,1B2LUS7RKHP2Z47TA
TXFB-200654,X805J1DEJG5S1WJTE
TXFB-200655,TW8H2EPEA8BN8D0EN
TXFB-200656,3DWJPBG5A31FJ0JHM
TXFB-200657,WPMX9BAYW6ANNY30V
TXFB-200658,CMF5YP7SFRW0DHRJJ
TXFB-200659,HV5VV50JB3LFCDKCM
TXFB-200660,ENV6U1TA11ZM7YKRC
TXFB-200661,BRB5SS2VVP33P1AHG
TXFB-200662,WL9MD094KRRF1DGWZ
TXFB-200663,NMTJZ7PTCN3C4G61E
TXFB-200664,L6K04E1M0JRWBVKAE
TXFB-200665,716TCWZ2Z02F4JRJR
TXFB-200666,N2DPSYM8HE44G956M
TXFB-200667,WR8TP3ZU6U418DYZ5
TXFB-200668,Z31NB8TNFVHT8HL8D
TXFB-200669,3FUY6GSWLWZ6HDUET
TXFB-200670,BAXWF8B3SV8J21P92
TXFB-200671,V667NCD1CNUC7NKXB
TXFB-200672,8UJ39XTBYXRDLEZA4
TXFB-200673,SDPBPX91DDYN5K632
TXFB-200674,7AH9704L2JKXTUNW3
TXFB-200675,L8BN49L2KUP0892VR
TXFB-200676,C4E0U41XMERFME53L
TXFB-200677,LFJ9YNUG8KXRDDZVP
TXFB-200678,89WXGA8NDE5JM8JA8
TXFB-200679,30KRM179V8XBLBRNA
TXFB-200680,GBFA7YTPXABNHY9R1
TXFB-200681,LUALLSKPXVU0UMK7B
TXFB-200682,JBG1FL02KHP9MTSGP
TXFB-200683,2K6KMMD4AAXUTHHXX
TXFB-200684,K7MLWMY776PWZ1L1A
TXFB-200685,NVEUXHYPGUNBZ1ZH9
TXFB-200686,1119LTYAY9B753CX1
TXFB-200687,0GTK0HPVC2X0Y6YL7
TXFB-200688,G2R6V5G8NKW9XFXAN
TXFB-200689,WD0SVDGL4N5NF3RCX
TXFB-200690,J8NU4ETKXX6NLD0H2
TXFB-200691,8EDZ6TA7JVWEYGB6K
TXFB-200692,F0EJTD6BV7FCMY1ME
TXFB-200693,V7D8C8YJULR23L5F5
TXFB-200694,UWWP60F88VL52T8LN
TXFB-200695,39DU1YWA1M756K8MJ
TXFB-200696,XT01BV7M900RDLL6W
TXFB-200697,EPUZHREK268WVPEXM
TXFB-200698,C04JF26CX13YRELY0
TXFB-200699,S7XE7RUYW10V064LV
TXFB-200700,WTR3U2U6JNXC1RMCZ
TXFB-200701,VL33K8URCZKMF5TN1
TXFB-200702,BD34SM7R93YZ9EZSX
TXFB-200703,P8J7NTZRCJ06TH8VL
TXFB-200704,WT5XL0F5HZX9HC7PL
TXFB-200705,SWXN8HZ50FCRFF9P3
TXFB-200706,X9PRWAS8T1V4S83WK
TXFB-200707,BVU9TCDULSMRRSF9B
TXFB-200708,7SLXU67DPYAJZ96GD
TXFB-200709,Z7MFE7C00MSTTPY7E
TXFB-200710,B02207TL51BH25R8Z
TXFB-200711,R0WP3UHADHMG3U34S
TXFB-200712,SLPMXTY8WV8MTATV7
TXFB-200713,WA1KRLJU1CRK0SE16
TXFB-200714,ULTENJU9B3TTK1VV7
TXFB-200715,CM8P7EDYD91H9BSAR
TXFB-200716,WS8VJK9GV986MLABF
TXFB-200717,7UJ7PKCB5TWKAJHNX
TXFB-200718,D78BZHWZD03XDCAKF
TXFB-200719,6JG4V10BCMS54XE0U
TXFB-200720,N8F73E7YE2CF8CT5K
TXFB-200721,4VATL3HCZBJ9FNAFZ
TXFB-200722,4372GPYBDUFKX1LY1
TXFB-200723,ZVBAU8LGARNUCELE7
TXFB-200724,BZ1MKX3VMB05U0ZP7
TXFB-200725,L7LHW6U4DTA0DURCK
TXFB-200726,MF7TCB47ALL8AVHMM
TXFB-200727,FL3T9SYSAP5YZHUAN
TXFB-200728,0F6KX17MFABE9ZBX2
TXFB-200729,249LMCV6MWZ6R200B
TXFB-200730,02Y7U2F90BD5W33BV
TXFB-200731,RPM8KR1KKZ3N54Z1Y
TXFB-200732,ZTMB6PY6T4FYAXX3H
TXFB-200733,FTN3DMUW9KJE5BX
TXFB-200734,61G3HPTTW8JAWWMY8
TXFB-200735,G4JEJXN97HWA5Z3B7
TXFB-200736,DHW9P7B6C6FTM2FCJ
TXFB-200737,UFUEUDRR1GEFKBNM5
TXFB-200738,FP1JB3T5X5BB03GY1
TXFB-200739,2DDTPUPK6R7HH0T
TXFB-200740,PPVWNF14NY5NB542F
TXFB-200741,2UWLBJLAXTNRKULD5
TXFB-200742,G01XGTB0M6KU61MC9
TXFB-200743,UMKRCAWCP411UEBX9
TXFB-200744,NAD11DSDR6ZB0XD2M
TXFB-200745,YWUAW9S2C1VEHAJD9
TXFB-200746,WEM4S7WEKS7E7RDGB
TXFB-200747,31YF3GZVEZBWNZYNP
TXFB-200748,450YB12EX5XNCVWLT
TXFB-200749,41GEJT8HA6YV6BL9A
TXFB-200750,XHPJCUKLWXTYZXH5H
TXFB-200751,3XYFZ7VRRY544MGHW
TXFB-200752,7PPACRHHM9211HK
TXFB-200753,5T9BENSY29Z1X8DGM
TXFB-200754,CRCD0V6KJN39W1E4J
TXFB-200755,J1H221P40KU7BKH5V
TXFB-200756,UXEA4RXF8EDWD702L
TXFB-200757,WW7NRH3VESUPLHANX
TXFB-200758,64WHTBTW04J9096T0
TXFB-200759,B8K10VE6CYHY6VS9T
TXFB-200760,HRCW5L3EAZS88KU6V
TXFB-200761,ZPVWG29W5BYAC40LN
TXFB-200762,HC1N6GBDTW1M66695
TXFB-200763,P412NH9K3L7NAMUUL
TXFB-200764,K2Z2XVRS9UBYCDANP
TXFB-200765,RVWSY1F51T62GZTZ4
TXFB-200766,U8RKZ81239A282HLV
TXFB-200767,YFAB65RVK6PY8XDGJ
TXFB-200768,8KFHP011PS4C1Z0V9
TXFB-200769,UX82DUWW07CML3W9J
TXFB-200770,3HMBBSCDJ4Z710B8N
TXFB-200771,HSTRTC9KZLNUGLUK9
TXFB-200772,D0U2BFJMCB75YGZAD
TXFB-200773,KYHBTYW6VUSYF80WY
TXFB-200774,K9ESH9EWJ6TD02PUU
TXFB-200775,DYULFAAKB4GNMB4ZT
TXFB-200776,JG2U09Z98F2FBJGC8
TXFB-200777,GBK6MSLHPB2V6CZ
TXFB-200778,78F3WRHHW22XAF66K
TXFB-200779,KARYEYF30BR64U78M
TXFB-200780,BUL7ACU35F25XDXN8
TXFB-200781,J3YHNS7DML27B1JF8
TXFB-200782,RHUGF0F5T1C3AJVB7
TXFB-200783,06H1RN214VXKYCVC8
TXFB-200784,9F9UXSDF1DRCM60N3
TXFB-200785,71LK8KUXG65V53R0V
TXFB-200786,2C8FPFKW8MHAY4GLU
TXFB-200787,7HV8HYWWVJDWBDDYB
TXFB-200788,YXZMVK3ZSX6EW0710
TXFB-200789,PMMF7C49SBS1RAK31
TXFB-200790,X35AW9VNHAGX9XTF7
TXFB-200791,V2HNVEMJ2PZV1EN0H
TXFB-200792,RNN51W052FMCB5J0W
TXFB-200793,HXWNCU2ANRWJRNMZP
TXFB-200794,KS3V7J73B0CVHPE3M
TXFB-200795,DHU44SNCZNFHX3WB1
TXFB-200796,VVC1CJ1SGM38W58PB
TXFB-200797,U4HG3MB3NWXRAGBZB
TXFB-200798,CJ79RM3L9LFTE2RXY
TXFB-200799,FB6ZYHR2X6SE09YVD
TXFB-200800,H8HSFKNC8HF2PZWJX
TXFB-200801,HERHHAKZSW2VT2989
TXFB-200802,14GF8ZSYK73FSDKMS
TXFB-200803,BVF8CP7LR7AN2TMAN
TXFB-200804,AV9H598WJSE4FBK0C
TXFB-200805,5MPLXAULH1MR086MM
TXFB-200806,WJDU5R3K7F8NPM26F
TXFB-200807,6TKA53233W6RRSNHK
TXFB-200808,P7ZCCBDY6ZDHZ7U
TXFB-200809,AEJBU7VRCSZ73906N
TXFB-200810,CT2TRR68TJG6F78T0
TXFB-200811,5SH78JK9L54LJGEKG
TXFB-200812,NCL0TTP7RL7XPT1GP
TXFB-200813,LFTB4KDEKS73WF5H7
TXFB-200814,AM6P06KZHTMAH94FH
TXFB-200815,CCVBUB8EY3H94E7VB
TXFB-200816,C5CGPTAWA6G6FEHFX
TXFB-200817,ZBSEBKPBT344GC42-
TXFB-200818,F1D2AXCKW5HLMVP4Y
TXFB-200819,L35S3G5HJ25XDBS86
TXFB-200820,3DELNC2B056CRA432
TXFB-200821,WH2V0XB8DYU22GSA1
TXFB-200822,BTRCDP611SGWNN83W
TXFB-200823,8X7SZUB3XP1RKHUUS
TXFB-200824,SVH0S31T9FZ1YKU6W
TXFB-200825,J6K6N8LV4MGK1395P
TXFB-200826,CMNN4XFW9ZC98YW84
TXFB-200827,WXSVVTGJTMG3ZW324
TXFB-200828,7WUB23HX83CXZGCWR
TXFB-200829,TYNS04LFM6ENLKHXT
TXFB-200830,0XB3SHS7C4UNLE3YL
TXFB-200831,N9RT2XEP3TE7EB85E
TXFB-200832,K01HF8KW669JP8CJ2
TXFB-200833,9RZHXA56U6VTMZWCW
TXFB-200834,6JEAMRMWUAZHNKGSM
TXFB-200835,PJWYNM0SAU6K2KKL0
TXFB-200836,4LGM2E29DE6X60P50
TXFB-200837,U1DE7MXGZA171LMGG
TXFB-200838,X6W6HVG9SPS3135FX
TXFB-200839,TH5ETXT2BPKU1H526
TXFB-200840,VYVXBSEV5R8RVBJWC
TXFB-200841,M6K0VX8TX74ZHR3PY
TXFB-200842,DLYH05TAUZUPS7ADH
TXFB-200843,6X94HKTU2EW2HF2K5
TXFB-200844,6RZ1JTBZT772VTUFD
TXFB-200845,R54KKU7JPR5Y9B6R4
TXFB-200846,6ZFUUZJWWEU015BAB
TXFB-200847,5A0FXNW5R1D7BETE6
TXFB-200848,HJG7EZBHDAV5AMSU7
TXFB-200849,21RWU7LZF9JC1L4HV
TXFB-200850,SF2ALFYSLKVKBT8G2
TXFB-200851,XRWHMLBMX77MAVAD-
TXFB-200852,X9JBK83H0ZMDVS4FN
TXFB-200853,VZBMGBCK9VUBZ8SN1
TXFB-200854,NCUL25PE7X37G7JC5
TXFB-200855,LU9F572YHNB7PWUN-
TXFB-200856,2WRVXMLDDB8R9YESL
TXFB-200857,N6FWVSXN0BG4L590B
TXFB-200858,20PDBULXKN6SJLH7U
TXFB-200859,EGF87YXH9RMPMRYHR
TXFB-200860,0DKN3GMYCERVVUSCC
TXFB-200861,JLB0Y9U16MX9EFZ17
TXFB-200862,H144P6A34TKR5CGKW
TXFB-200863,6P3TH2VH6MKNJXN9M
TXFB-200864,414V6169BL9H5ET34
TXFB-200865,PUBWTH32UDH0L1PXS
TXFB-200866,1TNCN0VU2FRWE1CFD
TXFB-200867,JAGPACEP3T2KFNACJ
TXFB-200868,WJ3D7XPPBCT86J1M1
TXFB-200869,KL0XPM1AGKHCJLW7S
TXFB-200870,1JFG3SXDKKNVCNZZK
TXFB-200871,N1XEUJ9MKPKHRM0CP
TXFB-200872,R5Y5YEFTXUWHXK9BM
TXFB-200873,GEFNWXGPFVUSK9534
TXFB-200874,FLCSMV24T1LT6KMYN
TXFB-200875,W4P0EMMD5R6BWV94M
TXFB-200876,M70JWZZW0ZN9SFXKS
TXFB-200877,R5SALJPHFS0SFY7DV
TXFB-200878,B2THCTL6R60YCY8PM
TXFB-200879,8ACXCN6X754TRNUY3
TXFB-200880,F0SZ1H95B3LWR20XM
TXFB-200881,HASTE8E8S01WZZ4
TXFB-200882,TFREAJGG2HFCLVR
TXFB-200883,8D0KC5TSS96GJH69K
TXFB-200884,RARHSBMTDVMWUBWSL
TXFB-200885,L74NMS29D2B8WMS48
TXFB-200886,VLC04BSDPFNR72KN5
TXFB-200887,XZR25JWJ9CT8K5Z6D
TXFB-200888,072A0PKXMHBNE3RE3
TXFB-200889,MSRNLRJB0YY5LP0Z-
TXFB-200890,K7FS62F75N6JDCD1X
TXFB-200891,GA4VRSXW10KGK3U6Z
TXFB-200892,NPE029AJUTRWSDTMD
TXFB-200893,NKL5HCU9G6WSKLU2S
TXFB-200894,GGC2DU7BUMT5KA9VS
TXFB-200895,MFA3FS46NK3R8MSLH
TXFB-200896,9RMB4R3Y1AFJVRW22
TXFB-200897,75VK4A0S4PW0DUY3-
TXFB-200898,GBDUF9CHVV5ZT41J9
TXFB-200899,TZZFK3JASSLYVDDFY
TXFB-200900,5PFJAESBSM4LPTNY-
TXFB-200901,FNJDRFMGLWZYE8U0X
TXFB-200902,RDGJLM3DJBGZAH46C
TXFB-200903,9PNDMGU4NUYAX379H
TXFB-200904,L5EGG3F2Y2FV8C6MY
TXFB-200905,MFHNT5WEYSHA6U2MJ
TXFB-200906,Z9DS0A9CAXR37ZTT8
TXFB-200907,WDHHRS242NC7YAZ
TXFB-200908,DZ2PYD2FFSB91ZZ1B
TXFB-200909,VPK0GW1SMY6CRVKCC
TXFB-200910,YM5A3TEK1KWBRCNX5
TXFB-200911,2YTFX5KXSLZ5A4C1V
TXFB-200912,5XEV1N6SKB8555Y9U
TXFB-200913,CUYL2H5JV6JTR8KEG
TXFB-200914,H491D9U9G0G248MB3
TXFB-200915,4VLL4P6NWYHZ0VAR7
TXFB-200916,WSRK2KVYK6KUJZL7P
TXFB-200917,7TS86MUPPVPR7HUXB
TXFB-200918,4K1P6AW203CR697BP
TXFB-200919,Z6UV3N556R8XA1L70
TXFB-200920,0B3K76PXV7FTUHDBD
TXFB-200921,342XGVYHZVK85F1X7
TXFB-200922,5SEVS7R8DDKK4ALND
TXFB-200923,TCC73E7AFFTFPWHVX
TXFB-200924,M20834V02FDWR174L
TXFB-200925,T72BUZA5A44KHE1
TXFB-200926,96Z32EPHKFVF9T9PA
TXFB-200927,SW1K8TT7ETRECNUCM
TXFB-200928,KG5CKFN0K6JRWPAV5
TXFB-200929,SX9PDMPJ4DEMXD00U
TXFB-200930,NZ2DMLL1ST667A257
TXFB-200931,2JKUCXDYCX1N46D8U
TXFB-200932,JNY1M5GGHJBRCLV5G
TXFB-200933,YVYMN4M5CB0PZMEW8
TXFB-200934,P63ZSGN0J674GE63G
TXFB-200935,UWZ06S919D6CH0BGG
TXFB-200936,6D0ANKB690CAV0EWZ
TXFB-200937,YJLT8EH4DM4C69200
TXFB-200938,CGCWWKXPW4GR4AH71
TXFB-200939,H9FL1BC8VW8NNM79-
TXFB-200940,CVUNBVG3UJDNWMFUB
TXFB-200941,GM15KJVNYRP251ZJX
TXFB-200942,W3HDLH5AH3Z4HJHKX
TXFB-200943,ARGZC04DCL0E8VNCL
TXFB-200944,Z91A4K2TNHMUJMN50
TXFB-200945,F3WCV0AJXBYGNMTWR
TXFB-200946,ZVCB9GJXZJHUSYE1B
TXFB-200947,6C2TJFJ8Y8AENMTJS
TXFB-200948,L73ZJLFWTMNFBXPEY
TXFB-200949,4MHSC1CWCF810EEAX
TXFB-200950,861121HCL5SM88XWZ
TXFB-200951,12ZN2EB8FZF3TLPF6
TXFB-200952,HXSR1C0G7489UFUAB
TXFB-200953,TSVCGYS87FYY9XK0D
TXFB-200954,R765DBXLP868FUBYP
TXFB-200955,8VFHPS9ZPE74415YW
TXFB-200956,ZLK60PHM4S603E5YZ
TXFB-200957,V82H1PXKJJ1Z0BFB1
TXFB-200958,YTA9YF0JGZ1FRNGLZ
TXFB-200959,29FR0PBLVZYRWS0BW
TXFB-200960,F57SJKJX9JHB3CN1A
TXFB-200961,C77WGADV0J02D1BUG
TXFB-200962,X1DK2S97T5B65G498
TXFB-200963,SZY89DJ3Y647UM5D9
TXFB-200964,F2DXGWBHXETYFD9SG
TXFB-200965,YXYUZGF2AJ9ZC3EXK
TXFB-200966,MRT1ZNT1RY3160D1B
TXFB-200967,YLM3XSF8SGUDB3BXS
TXFB-200968,7KETN1EPD244D5ZDF
TXFB-200969,2FD9J2N2XVDLMKEY3
TXFB-200970,BW481FX23DH8AD8TF
TXFB-200971,VPKZERG5VVEFKA240
TXFB-200972,DT2HV4KGXBW3DBZPC
TXFB-200973,0M7B75AW9PS3TTWYD
TXFB-200974,HLF4NK8PT6BPFU42W
TXFB-200975,ECVE6K11K0ZJHPJB0
TXFB-200976,61XTZAHAWERDEAKFC
TXFB-200977,ZS777F76KNNHKK38W
TXFB-200978,NK23PT5M5AD7GKEUY
TXFB-200979,UE4VFBVJKV5HNTAZW
TXFB-200980,EU9UTC4PZSGKLN1VM
TXFB-200981,L5NCT161K6J0SSLHK
TXFB-200982,1L5SP4F8YZHP8C1D0
TXFB-200983,0AUG1R2JTM2RUR7Z7
TXFB-200984,BDDGY82GBARNE6U
TXFB-200985,7PD8885NE8NGEL6HP
TXFB-200986,F8S4HZAFTE7100V65
TXFB-200987,0K46HAM5L27A247F5
TXFB-200988,5T1X31CXMP45RP59B
TXFB-200989,4779HMUM0Z03BA833
TXFB-200990,XJL5BR9GFXVTF3HXP
TXFB-200991,K3JVJYJ4T76FKJW44
TXFB-200992,JRN0C5U7Z8ETSTJSB
TXFB-200993,UUMPXNXW9V4092J2N
TXFB-200994,3D9PHAN34C0H31VWS
TXFB-200995,CRNVF7SERE4N4H1NP
TXFB-200996,BXLCEX901PCUCFZ2S
TXFB-200997,MFPZYAM22TS8HPC9Z
TXFB-200998,HJM8LZABDYD8YGP54
TXFB-200999,ELH45YG3XVBW1WEVL
TXFB-201000,7P24CAM9VKS6R86B4
TXFB-201001,7KXJZ8UGYUZMMM980
TXFB-201002,SZ6E1EF4KRE6BB3KY
TXFB-201003,YP56BJHLRPT1HLEE-
TXFB-201004,99B5V8EMK5HE5A7CT
TXFB-201005,V6MWL28Z7AGKTDXV7
TXFB-201006,YYUSC2HLHU6NN0SY0
TXFB-201007,TYFB78S0ER0ETDLLV
TXFB-201008,AHVHZDHUDR6RB1SF1
TXFB-201009,L3R6V4TXJV9WP91WY
TXFB-201010,YSP8HLEJ7EF0KGAUX
TXFB-201011,NY8U1UHY6JPJ6CVHN
TXFB-201012,B0ZNP5798TKZ15A9R
TXFB-201013,EFFDKBBLRG6YFAGET
TXFB-201014,6GBDJHZ8U07H8PTKP
TXFB-201015,K7YVYN19BGEE02BRE
TXFB-201016,WMUP8WYNV2M7714KL
TXFB-201017,85FCGCWYP0G9HAG9N
TXFB-201018,W3LE3H35NELHGY89P
TXFB-201019,Y6CUNW8YHMVTXNJAL
TXFB-201020,U28TAZUWT14K1URS8
TXFB-201021,N1TA4N2A2PP75KCV5
TXFB-201022,9HAJAPGJWJL39GNU0
TXFB-201023,YAC4BGXYCUYUS19S3
TXFB-201024,KZAN34HW6DAEFB2EX
TXFB-201025,MY6UCLRUUSP9Y1G1M
TXFB-201026,DEAULDRMKXHPLUFH4
TXFB-201027,TG881F78003NF21HT
TXFB-201028,AVYRA4VYJCTTAJ9JA
TXFB-201029,05XLKXP52ZJUBME63
TXFB-201030,24K9CJF4DW3FGHXFS
TXFB-201031,XUAM96S962FWZVK9K
TXFB-201032,FV0HCZPK0SFBZH1T9
TXFB-201033,7NJYRTUSLLJJ6F22M
TXFB-201034,2KMHJYX8EYH54CMYU
TXFB-201035,CTFXCEMNLHGS3C83K
TXFB-201036,3JED3LCT9B01BM9A4
TXFB-201037,AW3415PPUT4K35KYJ
TXFB-201038,AT72DH7AM0L60F4E-
TXFB-201039,DRL6E6GBLSA66UGBR
TXFB-201040,N4YYTZX3FTR2JAT
TXFB-201041,GS3ZXKXSBVXJ9NJ1S
TXFB-201042,KC039XF77XV0371S3
TXFB-201043,BM7J2FRK4YZMNMEVY
TXFB-201044,5LA5005B2Y4FKP2
TXFB-201045,YRD4Z9BJU7WFH0G2M
TXFB-201046,V29WDS8RXKDYZ778A
TXFB-201047,L0DN0JNBPDN93VN4R
TXFB-201048,70951DANEUKR8M6A5
TXFB-201049,JWXTNXG5XZ6L6ZNWN
TXFB-201050,UTB3XLZSKYU4A3YYF
TXFB-201051,1RDR0WKEWS60BPZ26
TXFB-201052,KN51DAWH1MUWBS859
TXFB-201053,6N47RMGNR9C6974JM
TXFB-201054,SK9FE9A90WG5F0TX3
TXFB-201055,B5L6KRDHTEF0BPF94
TXFB-201056,X5SRF9JGT8W6D8W0K
TXFB-201057,39P5K5M7UZW84AUV3
TXFB-201058,EYPDZ81RK09B6RFVA
TXFB-201059,42W2W3UWUX35JW3EY
TXFB-201060,F1L6FKD1Y9Y7EEDG-
TXFB-201061,CE3S4FZFCJAX3Z1YX
TXFB-201062,PH58EA5Z7P62FYT5G
TXFB-201063,06L0SD6GARRPNWZTG
TXFB-201064,KN15WXBNX70WKWMMW
TXFB-201065,FV0FAWRSNTG8FYTHG
TXFB-201066,ZPB9GR61YJ9K2DAXW
TXFB-201067,WW3X9MKMKC9NC9P3F
TXFB-201068,PT35JUFWL3X4X4ERH
TXFB-201069,5H934L8Y3P9JVKCV5
TXFB-201070,N8JGAP0531NRYC57C
TXFB-201071,JPCSR324GZBTUHLK0
TXFB-201072,WCT0MSVZ6FUC7HXEZ
TXFB-201073,6LPGG89753H4MD60A
TXFB-201074,4U886E6B30D0CULCA
TXFB-201075,TLEC69K56HZDF7FUJ
TXFB-201076,G1ED7HNMV6L5V6EX2
TXFB-201077,TA2BXN0LDDT3VD8T8
TXFB-201078,UTTM1LGW8UU8JNSXZ
TXFB-201079,46S7RTH51YLZGDD
TXFB-201080,WFFB92800FVZXG7CK
TXFB-201081,AZ3XFTGN57JCTVURN
TXFB-201082,GGLN883U91JVV8RU5
TXFB-201083,TJ0ZL0NVV5NXLXPH7
TXFB-201084,WK3S17ETEM8BFPANL
TXFB-201085,6DW8TSSJPXFMHPF05
TXFB-201086,ETDE6TWGWY0VSCRRS
TXFB-201087,SN7AAB4PWK8R9EN86
TXFB-201088,ZW9ACHM5V45ZWGFTG
TXFB-201089,A3SP5SWMV1352LSAP
TXFB-201090,22UJV6M0NKH53V2CN
TXFB-201091,B4WY7RNPWR0HT9RKB
TXFB-201092,6K9ALK4AD1HWFGR0C
TXFB-201093,TLKNFK9Z11BW7KSUM
TXFB-201094,LZ771EY4AKHBSF05W
TXFB-201095,LUW665RX2ER0U876Y
TXFB-201096,YZ31ME7CHKJH7SAA5
TXFB-201097,U3MJFXY3KMN0RJ8C9
TXFB-201098,LFKZYPPCG5PBK4U3K
TXFB-201099,HFZ81S6VT2LCCP0ZA
TXFB-201100,68JPBSMHGK91MSY2T
TXFB-201101,KTL6HUYDMTSV4GREP
TXFB-201102,AE20GBEM792SBWKPV
TXFB-201103,0AW55FGBUE4DT93ZA
TXFB-201104,T0MGW8A9WWYARDJBX
TXFB-201105,RK1HUPPW6JSDZGD0V
TXFB-201106,V0TD5XXEMUCAJ84EY
TXFB-201107,K66SPS1Z2M70K4E7B
TXFB-201108,WU4AYNHFT80ESDNUM
TXFB-201109,98H2L0T339SN696AD
TXFB-201110,5TZ5CURL99EWSAX1-
TXFB-201111,V65TX8S3DE9WJT87X
TXFB-201112,AV4J05R36C1VSX27U
TXFB-201113,13X3PKCAPJ6BBW2NW
TXFB-201114,VCGSPNLJEH5N7PYGC
TXFB-201115,FTJRL8JW3CLGBE9A5
TXFB-201116,4CR0WZDSCDKM233HZ
TXFB-201117,M1MPFTGLW3873LA2F
TXFB-201118,T8029MXEA7ALU9S2L
TXFB-201119,3FA4V0H96SGHN5TG2
TXFB-201120,PXBHK1T44VZCYHXNM
TXFB-201121,RHRGSMXFGSNL8ZX53
TXFB-201122,GP3192KLR6L4WU2AU
TXFB-201123,HEL6Y9JUVB94PS3TP
TXFB-201124,LMNC2THZ5NTULHTDZ
TXFB-201125,UVZEAFG2FLCUCL8TV
TXFB-201126,RLMKUMXD2M6EY8VGZ
TXFB-201127,W7MT8DDHWG1R5B0BH
TXFB-201128,PVBTW4B0S5NH03MWL
TXFB-201129,D5WHE9DD07FMWKJFX
TXFB-201130,F4VVAY4KN9D528DTW
TXFB-201131,7DW6P2K2MX96BU0D9
TXFB-201132,Y8GVMLFHM6FUSLE61
TXFB-201133,LUXAVD57806P3LFTX
TXFB-201134,GU116Z26TL0WKSZ1X
TXFB-201135,GZZATWA30DALUXRP0
TXFB-201136,ZMGUPUK81HXLFAHBE
TXFB-201137,WYLMGMWTFUHBM85Z6
TXFB-201138,2BJ8CU6C0HG3KU5WD
TXFB-201139,CXWDVMX3J1D1L3UAX
TXFB-201140,R304VWRRN5AH1CK88
TXFB-201141,FX5HZL9Z5V84B1P1E
TXFB-201142,BLGUCMMWD0VKG77UR
TXFB-201143,2KVMU440UB9YDDUEG
TXFB-201144,W54JL5AGSB5FXDR3V
TXFB-201145,V38RRA1TCAKSEG6MX
TXFB-201146,P6XVU9EC3UY8X4G0X
TXFB-201147,KUG0HKMP5UWMD0JKF
TXFB-201148,8PJBZTNFD4AWNGWMS
TXFB-201149,RC0MZX53D6CTCU39Z
TXFB-201150,NEDNYSDWHLS3EVHX-
TXFB-201151,B2SDGVGAY9267NES5
TXFB-201152,141DMUATXV5NK79ZS
TXFB-201153,XDPCD4EVYBATE0CFG
TXFB-201154,0WDYDMZEPBH0U9GL7
TXFB-201155,2U9NP8JZT8FPE3NCL
TXFB-201156,J12RJXJEH6V7DWWC8
TXFB-201157,6ELMUGSPUXYDVRBL2
TXFB-201158,U4EVKAWSB0ZADW9EP
TXFB-201159,UVWNDJDSCJB72RU00
TXFB-201160,S02MEK3T280GVBE54
TXFB-201161,U9Y6T14Z978JT6TE9
TXFB-201162,WK3M2P0BLWYGHS5LY
TXFB-201163,K1A9C2EA9YCA5CWKE
TXFB-201164,LLB69M78TXHB5YZG-
TXFB-201165,EY5WTGX5H2LRV6VDL
TXFB-201166,5530L8HDRWNGWM6S8
TXFB-201167,E44VKY13BUPM9D227
TXFB-201168,VWCXW4LNX4R03W7HW
TXFB-201169,RKW2V44V0PXN50USC
TXFB-201170,3AL0UC6XPLNABY8MR
TXFB-201171,E0L9E8TE39XT7M74M
TXFB-201172,3XP0STPH9LE6D2LH1
TXFB-201173,M1G5WCLWUHNJL8P7H
TXFB-201174,M0FYNND0YM1CLZLP6
TXFB-201175,9EYBWMXCBNAFGBV7X
TXFB-201176,N1GU6AD60F5032TJD
TXFB-201177,D3YMN171KFL6ZJGCF
TXFB-201178,04L8P2ZDTT8MWDCRH
TXFB-201179,87XRMWCHJ0EDL89D0
TXFB-201180,9E7DKSZMPU1KW8Z
TXFB-201181,ALB0162GNKDLG6BP1
TXFB-201182,XUUH77T0M1S54H7GW
TXFB-201183,4S5HGC15YVU8RWE99
TXFB-201184,8C34BCW3H9VGMFR5U
TXFB-201185,FUH622Z08XBJX1675
TXFB-201186,B8EZ6L667F2EF3F0H
TXFB-201187,96TRJE7TJKB7AVNK6
TXFB-201188,6FXMJMDW20DYABWMP
TXFB-201189,CK18H0G7B8B6E1T0F
TXFB-201190,UA61B61217J40NEW8
TXFB-201191,PRV7881NFD14NB0RX
TXFB-201192,KEYEPJR2ADCLCEZFW
TXFB-201193,4KCRWGTNYGLWHTBPV
TXFB-201194,XT733JWD0FKWF254B
TXFB-201195,7HCVYB5TEAE130F51
TXFB-201196,78L8ZWR0HW8BE9EFF
TXFB-201197,ASNFUCAUECVM9DYTS
TXFB-201198,4JC09TX25G1SK595S
TXFB-201199,PWZJ371X93R1PTTW9
TXFB-201200,N8H4P9FR9FFB2ESZM
TXFB-201201,X41KULZGDHZE2CMP0
TXFB-201202,LWJLLFB143F4RHK98
TXFB-201203,72JVUEUDF1BK45UPS
TXFB-201204,0LH156CC3B6S2M5V4
TXFB-201205,J4CLTPE74JJXVV01C
TXFB-201206,JPG5Z5EKU5DB9RTBR
TXFB-201207,P2NPMY5G6E1ZZDN30
TXFB-201208,RNCGYNSU53ZKY55W4
TXFB-201209,DT2BBMG3H3B1MCK6R
TXFB-201210,3HJZDW24D8BW0CEJ9
TXFB-201211,6B1181LDJ96GSJ4
TXFB-201212,B53SE7TFXPH9MF7X3
TXFB-201213,P69L74JGKTCPDR0R9
TXFB-201214,AAL017L86Z6BMJPHR
TXFB-201215,7H1HH6NC00CFYT8HJ
TXFB-201216,1SLZYX8BJ9ECW3AE2
TXFB-201217,N6G1YZS6G61TX8D
TXFB-201218,1KGBWX84ZDSWFW7EZ
TXFB-201219,9MXU62MB4CTHH5BGJ
TXFB-201220,VBU77K77N38Y66HZJ
TXFB-201221,U5JJ304MD55W5CC10
TXFB-201222,9BUCZ24WDJFZ8WDFX
TXFB-201223,ML99GBLAP3RETMBTX
TXFB-201224,MD939ARR7H6AY73LZ
TXFB-201225,AVRDGZJ3G98GA2BSK
TXFB-201226,LLB3SR0ML37987EP9
TXFB-201227,JLALGSV9ATSBR4UTM
TXFB-201228,1C0LJ6XWG13HYCBP4
TXFB-201229,ZWNTPC77Z9EWDD2RZ
TXFB-201230,276YJ9HMEYPAFJ1T4
TXFB-201231,ADZU11S8VMRV3SWG3
TXFB-201232,J2TH5B1NCY0XA7D5J
TXFB-201233,E5G3BHV8WPLUHRY0L
TXFB-201234,M1UN337CTLNXFXPE7
TXFB-201235,1V6M4BN92ZVN70BX8
TXFB-201236,S4B9BF63ZV9045C4P
TXFB-201237,B2TNDAHRZCG80ZK80
TXFB-201238,GVLDYTNC4KJL53VJB
TXFB-201239,W5NYV67KSN692FZX8
TXFB-201240,9SMDMK4ZZT7U6SU9Z
TXFB-201241,N82WV4ETPNGZVKJ4T
TXFB-201242,C8Z4UH3AVFTC4G758
TXFB-201243,M5WJXGELXLT3NA3B4
TXFB-201244,L48V8CVN3PZPK55HF
TXFB-201245,MK9WUHL1W6J5HF9MZ
TXFB-201246,STPNTG0G9G9P832FZ
TXFB-201247,Z1N06M9WZMH8TKL9B
TXFB-201248,R2J8N61R61J78N2LS
TXFB-201249,DJWMKC422C1BPL39-
TXFB-201250,AUGJW0L2CLY3XB23V
TXFB-201251,PCP0P65P0GL7C3T99
TXFB-201252,YK5EPY8HS9R1340MX
TXFB-201253,BVRJ9PTSBJ85SAUB3
TXFB-201254,YVRD5KT0RL4AJGWMM
TXFB-201255,N900M692CN6M9WHP1
TXFB-201256,H4SXE4CB54FL2W05T
TXFB-201257,E7ZFU4BHZC9U89W8U
TXFB-201258,7PNUV29H8EHR5J04T
TXFB-201259,8Z4MDJUMXRF1HWXYL
TXFB-201260,0ZHNN9BDU7P7J3YBE
TXFB-201261,EYEEJLLTVZ9PBADDV
TXFB-201262,Y52UBWLM1RYCA1WXC
TXFB-201263,UXVLYHBN30HJ2H43G
TXFB-201264,6TZWZ1NFGRB3KET1H
TXFB-201265,72JPY908N6BT37FAK
TXFB-201266,S3SAKXPK0SG3A5CVJ
TXFB-201267,MM31Y6MXTW794S63G
TXFB-201268,5V7FJ6L5SRKKSAAW7
TXFB-201269,T8BC0T8817JK8K6DP
TXFB-201270,P6JXU3YX67F0SVAAR
TXFB-201271,1G2WYSRXABFMBAL70
TXFB-201272,JZEK1EBSU91H1MB
TXFB-201273,BU6UWP0F9RZDFCKXS
TXFB-201274,TLSDADRVX7V065SGH
TXFB-201275,FZE2YRJ0GCURNB4EG
TXFB-201276,SYMTZ1JC3G65HVKLH
TXFB-201277,VTXKKZN7J1GL26EEW
TXFB-201278,3JHLV7RUX1N0FLFDN
TXFB-201279,GE2ZDTJ7K9DMLBUDS
TXFB-201280,Y7FWDAU0D6Y4W94BZ
TXFB-201281,70UEXUS4WB7L317J9
TXFB-201282,67VVGZFW9P9KENVB0
TXFB-201283,8LEZA38DL4T09C6MG
TXFB-201284,36GTENY4BAFNNAC48
TXFB-201285,V2WA4Y0GMG1G71KH8
TXFB-201286,T98CSNJZ4X68D1R3H
TXFB-201287,TN329R2STCYFS6R
TXFB-201288,XWKZH99SJY3MU81ET
TXFB-201289,UKBTUBHTFK4JUFKSG
TXFB-201290,JXJ17YB9WGH8K2W3L
TXFB-201291,3AB965CEAL2JRKC81
TXFB-201292,CD6RTTX88AJRZECH7
TXFB-201293,ZV967EL6LHV3M1677
TXFB-201294,BARTRU6T66DKBVLS2
TXFB-201295,0DAJ1NWY93MXX3F3M
TXFB-201296,LEKPSAL2C3L65RW
TXFB-201297,CC94F8ZGGCRDNK8J7
TXFB-201298,C7HDGYH0T26RTC7FS
TXFB-201299,GTB7AV6K173R6MT6F
TXFB-201300,8MZ3D9E9P1TMBA34Z
TXFB-201301,A745PUYUTZE38LYV9
TXFB-201302,8SBE86LEZ2A0GEDZ8
TXFB-201303,YRWK7CSKEWX6X12D4
TXFB-201304,K0H4P3F7BL75SK3KZ
TXFB-201305,7DH5JPEP8FR2NYFR6
TXFB-201306,571KVRFPZJAT5ZWXP
TXFB-201307,HRYHTYH2KSLZRHXM1
TXFB-201308,RLUJ3523PP8FP6UD-
TXFB-201309,L8S5DX2MUS4N1256N
TXFB-201310,8ZLC0SLRL3LRY5SL0
TXFB-201311,5HBWS50HSJ6RFN8J2
TXFB-201312,HHWB351AFXLBRPAE0
TXFB-201313,HDH4446SCXU7DJDWD
TXFB-201314,SRCP2TUWE4X6FMKH2
TXFB-201315,SMMPDJRJKWDBEZAV9
TXFB-201316,EPL97ZBRFYXNVC64E
TXFB-201317,JB9KJGD369LT1237W
TXFB-201318,34SRWX9BYTLLB42EA
TXFB-201319,U8SCJJSXT4ZC07TES
TXFB-201320,RPAXJHAY2TCNZFU7B
TXFB-201321,RWHUR9ZAHFJKTY26P
TXFB-201322,3XK3RS155A08270FZ
TXFB-201323,BE9ZKPFHDT2GTRXL0
TXFB-201324,WB9VUNZF7U45S4MN6
TXFB-201325,MYCHM9PM0PMAZN1ZH
TXFB-201326,WYM25ZFSUTJP66UXS
TXFB-201327,XE1PV4TJ323DY266L
TXFB-201328,K68MHAPZ9B3FJT36F
TXFB-201329,26LLL7N9VRDWCRBE1
TXFB-201330,TJGM8E0GR07HRYEVN
TXFB-201331,SPFW1P1V3YN3UNY6-
TXFB-201332,EB01F1DT6KLAZ898Z
TXFB-201333,89KVY52A6D39K5MLR
TXFB-201334,5HUNRLVL1HY3L6DK3
TXFB-201335,V647ZRH51UHL3ZUEC
TXFB-201336,9HXJC2XLTWVM1VSVS
TXFB-201337,RR299HN4738NR4M17
TXFB-201338,EMFKBN05U774TZ0U3
TXFB-201339,75GSWSU7LH8A5F986
TXFB-201340,8S33ZDAMGNVYCHUUD
TXFB-201341,LP1YY65EG06U8ZJMY
TXFB-201342,0UVZ6EAW1FZT99A5C
TXFB-201343,MV6333AM905GZC6
TXFB-201344,YT38HVSC9MJ7PY91E
TXFB-201345,S8LK9Y0WGW8F0N53Z
TXFB-201346,DVKKWMDD7X7F625YM
TXFB-201347,WCR2NHPZBKG8ZTTFK
TXFB-201348,6T4H8EL7T4DLJ8D30
TXFB-201349,B7XRDYUXB0E38JGFP
TXFB-201350,XNR6VEN1PPPFMGHH6
TXFB-201351,1T0GDM926BKUC1UZR
TXFB-201352,2U7GTKAGZK6EXTYUK
TXFB-201353,2HKJYU26SSUNH455J
TXFB-201354,EVJ1UMHY4R10X5VD2
TXFB-201355,8FZEXE2S2JZ1C2FV5
TXFB-201356,LM7AKSELLY5DP975C
TXFB-201357,M3T236MNAR8JEW6C8
TXFB-201358,JF47B6FA9FXH4GBVF
TXFB-201359,SJ5LE0CSS8HU9XEH0
TXFB-201360,GRDH8CKJDD2CEWGE-
TXFB-201361,SUYL11WWKNKP44H7J
TXFB-201362,FR1B4BZ4JFCZ0TEKA
TXFB-201363,0H2VP4RA5V25HYF6X
TXFB-201364,3RN0PTJMK96JN7LZC
TXFB-201365,NZZM3K9WHR3AF9F
TXFB-201366,XF859T7N5A7ACVKZB
TXFB-201367,5ZFVYMTDL25TVX72W
TXFB-201368,00WXJVXGXL8F2P4P3
TXFB-201369,5T7KELK6A7D12881M
TXFB-201370,1C46S1012VAXJL1BY
TXFB-201371,6K2Y500NSXT7DR89Y
TXFB-201372,VAF6L0144B35UY47-
TXFB-201373,P1XJAHSTYB4EPFA5P
TXFB-201374,T03B84NG68XLKLEVT
TXFB-201375,YPK0XXG476CTYU5GT
TXFB-201376,6MADFBZMSJKGXSNRD
TXFB-201377,J5MX33TCVNV5C1N5T
TXFB-201378,ECN7BZBTYX60Z32W2
TXFB-201379,9ENCNR81G943C4TMG
TXFB-201380,2XYZRMEFMG8DJ7CYX
TXFB-201381,YNAPUNS07MDWD4JY7
TXFB-201382,74B6WU8SUX9FCDUEB
TXFB-201383,HXYDV0R8LG87N2YG-
TXFB-201384,XY33FNEAN9XJ0H8U5
TXFB-201385,SEFCTRTPNR67PVYSB
TXFB-201386,NFFTY0A6BUMYLZTWN
TXFB-201387,X16W3CSVC431KYYCA
TXFB-201388,8ENGU7DK96BZ40H0K
TXFB-201389,SDXYANUVAG98ZPN5P
TXFB-201390,PR580JWRRRKLZ27DY
TXFB-201391,RG2JDABUAJU048DK3
TXFB-201392,L3B8STA7Z5HHEKZ9-
TXFB-201393,GY71CHF1S0LA9DP86
TXFB-201394,RSY8W7N6J7BS0CG9H
TXFB-201395,K4146MGKFFB1A0KXY
TXFB-201396,2X50SY3FMFVVZF94C
TXFB-201397,U0FUB5KX1LB89NJPY
TXFB-201398,CMTADDAHLCRRDXBB7
TXFB-201399,H3ZD2YMFE7ZGJPUJU
TXFB-201400,1L89NDZY2SF2D1Z
TXFB-201401,YLRX2ABX3CKNTGCSH
TXFB-201402,1WFPGBL68286D97CV
TXFB-201403,0ZY3ZL27UTJFJ31F5
TXFB-201404,P725L563S5007YTT3
TXFB-201405,77D84LJPKFFLNWC5A
TXFB-201406,84HAB8N5K1Z719YNW
TXFB-201407,A5P806WMUKYSJ9LM2
TXFB-201408,5SM270PSX3PZ1H7LT
TXFB-201409,25SRP0SXDU16GLFN7
TXFB-201410,FA65RF3MR9BKAFU9S
TXFB-201411,M9EFJE37A049GM0Z6
TXFB-201412,BN839L8XG9JLEDU90
TXFB-201413,47NKRYYKDEWVPR7KA
TXFB-201414,34913JU935U2WCVGZ
TXFB-201415,919ZBG1D3WFFZZYF-
TXFB-201416,TXXUA72P6SV3X2Y87
TXFB-201417,UFM90SZJXWUCK05GB
TXFB-201418,9XMEACDLHCVT156J0
TXFB-201419,Y68Y62ZC3BRPMBJ6K
TXFB-201420,1ZU8VY2GCE0U6LD44
TXFB-201421,JWKKEGF0BR7HA7L7K
TXFB-201422,G55GYWDPD1GBB9GGY
TXFB-201423,08GU9GTS610VT5MS2
TXFB-201424,DG5HM3KFU1D3E1YGL
TXFB-201425,31EVXUKE5V6P3N89Z
TXFB-201426,LJVAR2V60XJ4JYV3U
TXFB-201427,AT4M779DB8EUHGMHV
TXFB-201428,BD069FMDNAH85GM4G
TXFB-201429,8XN1TH42SHC0HUW9Z
TXFB-201430,HA80388PP6KT9VGKK
TXFB-201431,RZP5XMGNSTTXKEEHE
TXFB-201432,VS1Z49WYM95WP8UUT
TXFB-201433,NN9UNVA55W95U19WS
TXFB-201434,521PP8TCL2W660EYN
TXFB-201435,WYMSAKXGMD3K9J4WG
TXFB-201436,3CRDYU5DCF7Z00WXN
TXFB-201437,U30VWX283HR19JH07
TXFB-201438,Z8BZPGALD9ZFMTWMR
TXFB-201439,HN961Z2NH8YW1GPUX
TXFB-201440,R23GMLBW72N039UMH
TXFB-201441,BRXYUARTAUXSSFKNM
TXFB-201442,NVEMZN93ENNBK1CJ1
TXFB-201443,YHJ212TYBRLHY0NSK
TXFB-201444,71KKK2MP2242CJEE4
TXFB-201445,LZ62J7CKGWGRCCAVY
TXFB-201446,H8YPP7EEKBCMD55H4
TXFB-201447,0SDA54FSCNR6ART5S
TXFB-201448,0HJTDK2W5H504JXJ4
TXFB-201449,WS3NFNE01R5UUDCJZ
TXFB-201450,FSXNRFRWTHFRXZ95H
TXFB-201451,70DZ20PHKX93FXHYG
TXFB-201452,8AABA1LZAHBF2DFKT
TXFB-201453,EW851P23D9WXSE7CE
TXFB-201454,LRSVB12U2P4W9W0GA
TXFB-201455,EP4JJEJE9W0XT3HDT
TXFB-201456,2XDVZPJCAT18GP54L
TXFB-201457,FNMHY7AMU9NJ29MG-
TXFB-201458,EGZS79Y1WLLW4TC18
TXFB-201459,L1C7P1M9JKLBASUYS
TXFB-201460,T1MPN19UW2XR9079N
TXFB-201461,Z51W78BS55ETJ8594
TXFB-201462,T26MPD5AVXPYYGPD5
TXFB-201463,0C7B6B08PCPB1TKCN
TXFB-201464,MHRWD253NT66WZP9R
TXFB-201465,DT66ZUDU0B2SBRXA6
TXFB-201466,9ZLBXVGYGZJRGF67E
TXFB-201467,66WGWEEYF48WJWMSC
TXFB-201468,E83FS8L8CX9539DYA
TXFB-201469,52TM7D6VVN3EZDBSJ
TXFB-201470,2J7FJ20RUSRSAUYA1
TXFB-201471,G8T189CH4HY57D9SX
TXFB-201472,30WZ8WGGWDE6F07T3
TXFB-201473,1L5ZWE1U8XA6F0HN9
TXFB-201474,HN51F048XSM7MEAMJ
TXFB-201475,34NZ4RBW4GTW884HG
TXFB-201476,UEBA14394L9LER3W8
TXFB-201477,SYDX5XYFP70ZNFX66
TXFB-201478,AKTWL7PAMTV58RNAK
TXFB-201479,3P0XXPYNFM66ARPMT
TXFB-201480,D2EPVS9JMWKANWA41
TXFB-201481,UEK65CZWRGG37YMXZ
TXFB-201482,5AY86VS83BLRUJTE8
TXFB-201483,MBV1PLZR6GK8RN86N
TXFB-201484,GS5FVE760T32KT7HJ
TXFB-201485,RM0YWV8JCNSHAWMN2
TXFB-201486,5TMCTBYGM0MN5BM2A
TXFB-201487,TU6033BTBK2WESKY4
TXFB-201488,UC6H91GBPZKW33626
TXFB-201489,49M2WZDRSVTS998AV
TXFB-201490,L0AD8RMVFXKU7B1TR
TXFB-201491,KH37YKMZBJ079HFT0
TXFB-201492,7B1EHXMFKS6PMSKBA
TXFB-201493,ZNUE0Z7SP4XXN28A8
TXFB-201494,HG8VV1B983JNU722B
TXFB-201495,TY8X9Z6952TGJHBNH
TXFB-201496,NMJFRD5DN3278DN15
TXFB-201497,U9TM4AYDYSGEGZ6LR
TXFB-201498,RN622C7D1L7BM9ZR9
TXFB-201499,A3Y1LR7CNE6VAEL
