Location_ID,LocationNumber,BranchID,AddressLine1,State,County,Latitude,Longitude
L_1,2,ORPHAN_ID_999,5276 Main St,TX,Galveston,,
L_2,3,ORPHAN_ID_999,2253 Main St,TX,Cameron,,
L_3,1,ORPHAN_ID_999,251 Main St,TX,Galveston,33.4301,-93.7687
L_4,2,ORPHAN_ID_999,112 Main St,TX,Travis,34.8802,-96.9443
L_5,2,ORPHAN_ID_999,7607 Main St,TX,McLennan,32.1755,-99.3386
L_6,2,ORPHAN_ID_999,7240 Main St,TX,Harris,31.0162,-100.2321
L_7,1,ORPHAN_ID_999,1298 Main St,TX,Cameron,32.343,-97.7095
L_8,2,ORPHAN_ID_999,5222 Main St,TX,McLennan,34.5386,-100.2085
L_9,1,ORPHAN_ID_999,780 Main St,TX,Dallas,33.4429,-99.6792
L_10,3,ORPHAN_ID_999,4837 Main St,TX,Galveston,29.1796,-105.768
L_11,3,ORPHAN_ID_999,2620 Main St,TX,Galveston,30.2634,-100.3993
L_12,1,ORPHAN_ID_999,996 Main St,TX,Nueces,35.8469,-102.0574
L_13,3,ORPHAN_ID_999,5251 Main St,TX,McLennan,33.2634,-106.3274
L_14,2,ORPHAN_ID_999,9313 Main St,TX,Dallas,28.8817,-104.0822
L_15,2,ORPHAN_ID_999,6414 Main St,TX,Cameron,28.2835,-103.7219
L_16,2,ORPHAN_ID_999,8307 Main St,TX,Nueces,29.4289,-98.7125
L_17,1,ORPHAN_ID_999,5973 Main St,TX,Nueces,32.8295,-104.8818
L_18,2,ORPHAN_ID_999,6981 Main St,TX,Travis,28.9393,-97.2809
L_19,2,ORPHAN_ID_999,9859 Main St,TX,Nueces,34.714,-97.7823
L_20,2,ORPHAN_ID_999,7397 Main St,TX,Nueces,34.3169,-96.1232
L_21,1,B_21,7646 Main St,TX,Travis,34.8365,-98.4539
L_22,1,B_22,1367 Main St,TX,Galveston,33.817,-97.8616
L_23,2,B_23,5114 Main St,TX,Galveston,,
L_24,3,B_24,3210 Main St,TX,Harris,32.2815,-105.2782
L_25,3,B_25,3635 Main St,TX,Nueces,36.4333,-102.6222
L_26,2,B_26,7021 Main St,TX,McLennan,28.0409,-105.9837
L_27,1,B_27,492 Main St,TX,Galveston,,
L_28,2,B_28,8376 Main St,TX,Dallas,35.2257,-101.9227
L_29,2,B_29,788 Main St,TX,Cameron,34.6591,-94.8826
L_30,2,B_30,9813 Main St,TX,McLennan,26.1421,-105.766
L_31,2,B_31,721 Main St,TX,Harris,32.4079,-105.019
L_32,2,B_32,1890 Main St,TX,Nueces,28.5587,-102.1418
L_33,3,B_33,823 Main St,TX,Travis,29.6011,-105.9885
L_34,2,B_34,1388 Main St,TX,Harris,28.6622,-104.6196
L_35,3,B_35,4761 Main St,TX,McLennan,33.1845,-99.8484
L_36,1,B_36,6941 Main St,TX,Travis,32.9635,-97.3461
L_37,2,B_37,1673 Main St,TX,Dallas,35.715,-100.8645
L_38,1,B_38,920 Main St,TX,Travis,30.6914,-95.5751
L_39,3,B_39,3647 Main St,TX,Travis,26.987,-105.2128
L_40,3,B_40,9928 Main St,TX,Dallas,32.3331,-96.3538
L_41,3,B_41,2537 Main St,TX,Galveston,34.6126,-106.0502
L_42,3,B_42,8055 Main St,TX,Galveston,,
L_43,3,B_43,8512 Main St,TX,Travis,32.5402,-95.1916
L_44,2,B_44,8692 Main St,TX,Cameron,27.4802,-102.7732
L_45,1,B_45,8305 Main St,TX,Travis,30.5242,-99.9728
L_46,3,B_46,9230 Main St,TX,Harris,26.8624,-98.1231
L_47,3,B_47,1708 Main St,TX,Cameron,27.2742,-95.4834
L_48,3,B_48,8913 Main St,TX,Galveston,30.2485,-96.5257
L_49,2,B_49,9830 Main St,TX,Dallas,28.4249,-96.0002
L_50,3,B_50,3493 Main St,TX,Nueces,31.2037,-105.4834
L_51,1,B_51,726 Main St,TX,Nueces,33.8768,-101.8756
L_52,1,B_52,4704 Main St,TX,Travis,32.9154,-104.6139
L_53,2,B_53,6501 Main St,TX,Travis,33.8625,-101.0754
L_54,1,B_54,1977 Main St,TX,Nueces,34.3789,-101.1843
L_55,3,B_55,6422 Main St,TX,Harris,30.7087,-95.4337
L_56,2,B_56,4082 Main St,TX,Harris,29.671,-106.2101
L_57,2,B_57,9190 Main St,TX,Harris,,
L_58,3,B_58,8668 Main St,TX,McLennan,25.9065,-96.0382
L_59,1,B_59,1965 Main St,TX,Dallas,35.897,-105.4894
L_60,2,B_60,6778 Main St,TX,McLennan,29.1684,-93.7365
L_61,1,B_61,8427 Main St,TX,Travis,27.5583,-105.7948
L_62,2,B_62,7851 Main St,TX,Harris,32.8639,-98.1968
L_63,2,B_63,8876 Main St,TX,Harris,26.4186,-98.3259
L_64,1,B_64,5872 Main St,TX,Nueces,32.8659,-99.7909
L_65,1,B_65,1551 Main St,TX,Nueces,30.1014,-97.6806
L_66,3,B_66,8741 Main St,TX,Cameron,29.0563,-96.8707
L_67,2,B_67,5887 Main St,TX,Harris,25.8846,-102.9349
L_68,3,B_68,6988 Main St,TX,Galveston,35.6488,-97.4261
L_69,3,B_69,9862 Main St,TX,Nueces,27.9949,-99.468
L_70,2,B_70,849 Main St,TX,Dallas,34.2353,-98.0583
L_71,1,B_71,5842 Main St,TX,McLennan,33.2629,-94.9715
L_72,3,B_72,676 Main St,TX,Dallas,34.1627,-101.301
L_73,3,B_73,9786 Main St,TX,Nueces,29.0264,-106.1157
L_74,3,B_74,6355 Main St,TX,Harris,33.5586,-96.9053
L_75,1,B_75,5573 Main St,TX,Travis,27.1483,-93.6058
L_76,2,B_76,6657 Main St,TX,Galveston,26.7932,-99.3716
L_77,2,B_77,9222 Main St,TX,Nueces,33.9004,-104.5036
L_78,1,B_78,8886 Main St,TX,Dallas,26.0984,-96.1646
L_79,3,B_79,2726 Main St,TX,Travis,32.1398,-103.4384
L_80,2,B_80,6329 Main St,TX,Nueces,33.5736,-93.6709
L_81,2,B_81,7941 Main St,TX,Harris,,
L_82,3,B_82,2985 Main St,TX,Cameron,,
L_83,2,B_83,8685 Main St,TX,Harris,32.5088,-101.9564
L_84,3,B_84,661 Main St,TX,Harris,,
L_85,3,B_85,297 Main St,TX,Harris,27.1348,-102.6967
L_86,2,B_86,7950 Main St,TX,Nueces,30.6487,-93.7233
L_87,1,B_87,2657 Main St,TX,Cameron,36.3823,-99.1907
L_88,3,B_88,8099 Main St,TX,Galveston,32.5169,-99.6139
L_89,3,B_89,2665 Main St,TX,Galveston,29.5486,-102.8726
L_90,1,B_90,129 Main St,TX,Dallas,34.1972,-97.2354
L_91,2,B_91,9176 Main St,TX,Nueces,33.4436,-99.7924
L_92,1,B_92,1939 Main St,TX,Cameron,29.308,-98.971
L_93,2,B_93,4857 Main St,TX,Cameron,29.6656,-105.3164
L_94,3,B_94,7430 Main St,TX,Harris,34.6643,-105.5265
L_95,3,B_95,2628 Main St,TX,Galveston,,
L_96,1,B_96,3264 Main St,TX,Nueces,30.8959,-100.7553
L_97,2,B_97,7605 Main St,TX,Travis,29.7514,-99.7061
L_98,3,B_98,3553 Main St,TX,Galveston,31.3527,-101.4283
L_99,2,B_99,5862 Main St,TX,Galveston,31.1375,-101.0532
L_100,3,B_100,6980 Main St,TX,Cameron,35.7621,-100.187
L_101,3,B_101,4732 Main St,TX,Dallas,36.214,-95.8081
L_102,1,B_102,390 Main St,TX,Galveston,,
L_103,3,B_103,7736 Main St,TX,Travis,27.1602,-97.2839
L_104,3,B_104,8550 Main St,TX,Harris,,
L_105,3,B_105,3758 Main St,TX,McLennan,33.3384,-95.2911
L_106,3,B_106,571 Main St,TX,Dallas,27.0632,-103.8144
L_107,1,B_107,8840 Main St,TX,Travis,30.8649,-96.8209
L_108,2,B_108,3736 Main St,TX,Dallas,35.9015,-101.7618
L_109,1,B_109,914 Main St,TX,Nueces,32.2371,-101.2471
L_110,2,B_110,6659 Main St,TX,Harris,,
L_111,1,B_111,9990 Main St,TX,Galveston,26.231,-104.5917
L_112,3,B_112,7365 Main St,TX,Nueces,36.4039,-102.6273
L_113,3,B_113,8626 Main St,TX,Galveston,34.2659,-104.738
L_114,1,B_114,9904 Main St,TX,Cameron,26.3206,-94.8853
L_115,1,B_115,9668 Main St,TX,Travis,35.3129,-103.7759
L_116,2,B_116,9433 Main St,TX,Harris,31.0301,-104.9975
L_117,3,B_117,6182 Main St,TX,McLennan,29.5305,-95.1974
L_118,3,B_118,1791 Main St,TX,McLennan,30.2681,-99.0929
L_119,1,B_119,4282 Main St,TX,Galveston,35.4331,-96.3643
L_120,3,B_120,5779 Main St,TX,Nueces,33.5044,-98.6652
L_121,2,B_121,4753 Main St,TX,Cameron,31.201,-100.5617
L_122,1,B_122,9088 Main St,TX,Harris,30.6051,-95.2509
L_123,1,B_123,3449 Main St,TX,Harris,34.358,-97.895
L_124,1,B_124,6844 Main St,TX,Travis,30.183,-103.55
L_125,1,B_125,7660 Main St,TX,Nueces,31.5886,-94.0492
L_126,2,B_126,1401 Main St,TX,McLennan,35.3235,-96.9595
L_127,1,B_127,4363 Main St,TX,Travis,32.7113,-95.256
L_128,2,B_128,6449 Main St,TX,Dallas,33.3671,-99.1069
L_129,1,B_129,7977 Main St,TX,Harris,33.3692,-99.2503
L_130,2,B_130,4416 Main St,TX,McLennan,27.1245,-99.2725
L_131,1,B_131,9345 Main St,TX,Travis,27.859,-98.495
L_132,2,B_132,678 Main St,TX,Galveston,26.3658,-99.1298
L_133,3,B_133,7223 Main St,TX,Dallas,27.8265,-100.3666
L_134,1,B_134,6308 Main St,TX,Travis,35.3964,-105.0243
L_135,1,B_135,8731 Main St,TX,Galveston,27.7233,-106.3514
L_136,1,B_136,8539 Main St,TX,McLennan,34.2183,-103.3867
L_137,2,B_137,6946 Main St,TX,McLennan,33.3501,-94.9717
L_138,3,B_138,7463 Main St,TX,Dallas,30.5533,-96.0293
L_139,3,B_139,6204 Main St,TX,Galveston,30.0992,-106.0107
L_140,2,B_140,1220 Main St,TX,Harris,26.0489,-100.8751
L_141,2,B_141,9294 Main St,TX,Cameron,34.9982,-102.4423
L_142,3,B_142,5631 Main St,TX,Cameron,27.0267,-105.2987
L_143,3,B_143,8151 Main St,TX,McLennan,27.5993,-104.7132
L_144,1,B_144,1754 Main St,TX,Nueces,26.759,-102.581
L_145,3,B_145,1476 Main St,TX,Harris,27.6103,-98.5504
L_146,1,B_146,7062 Main St,TX,Harris,26.0907,-105.8336
L_147,2,B_147,5086 Main St,TX,Cameron,29.2244,-101.192
L_148,3,B_148,5905 Main St,TX,Travis,29.2691,-101.6808
L_149,2,B_149,7163 Main St,TX,Travis,34.6568,-105.0153
L_150,3,B_150,844 Main St,TX,McLennan,27.9674,-96.747
L_151,1,B_151,5852 Main St,TX,Harris,31.0749,-96.7437
L_152,1,B_152,6087 Main St,TX,Travis,29.92,-105.0924
L_153,1,B_153,6689 Main St,TX,Galveston,,
L_154,1,B_154,3495 Main St,TX,Galveston,30.1557,-100.2574
L_155,2,B_155,5075 Main St,TX,Galveston,28.301,-94.9914
L_156,2,B_156,4178 Main St,TX,Galveston,36.1092,-97.7562
L_157,1,B_157,1564 Main St,TX,Harris,31.7354,-96.3137
L_158,3,B_158,8353 Main St,TX,Galveston,30.1522,-105.5008
L_159,2,B_159,899 Main St,TX,Harris,27.977,-93.9204
L_160,2,B_160,7290 Main St,TX,Cameron,36.3428,-96.3555
L_161,2,B_161,3532 Main St,TX,McLennan,31.5516,-101.0488
L_162,1,B_162,9743 Main St,TX,McLennan,35.553,-100.6822
L_163,2,B_163,2501 Main St,TX,Galveston,,
L_164,3,B_164,366 Main St,TX,Galveston,34.6743,-102.8108
L_165,2,B_165,630 Main St,TX,Galveston,25.8058,-94.3711
L_166,1,B_166,2306 Main St,TX,McLennan,30.9594,-98.7679
L_167,3,B_167,5826 Main St,TX,Travis,34.7825,-101.62
L_168,3,B_168,8771 Main St,TX,McLennan,29.5602,-98.3181
L_169,3,B_169,5770 Main St,TX,Galveston,31.2605,-106.0042
L_170,1,B_170,7120 Main St,TX,Travis,33.7093,-99.2236
L_171,2,B_171,5527 Main St,TX,Travis,29.0168,-101.4215
L_172,3,B_172,3604 Main St,TX,Dallas,27.1159,-104.7706
L_173,2,B_173,4035 Main St,TX,Cameron,28.7902,-100.9413
L_174,2,B_174,7795 Main St,TX,Harris,36.0444,-102.4302
L_175,2,B_175,7912 Main St,TX,Cameron,29.4662,-103.1762
L_176,1,B_176,7998 Main St,TX,Galveston,30.6441,-103.3783
L_177,1,B_177,4064 Main St,TX,Harris,29.4554,-100.5766
L_178,3,B_178,401 Main St,TX,Dallas,32.2148,-106.392
L_179,1,B_179,3377 Main St,TX,Harris,32.7169,-106.5732
L_180,2,B_180,1728 Main St,TX,Galveston,35.4455,-97.7875
L_181,1,B_181,6301 Main St,TX,Dallas,30.2208,-94.872
L_182,3,B_182,8212 Main St,TX,Harris,33.9584,-99.5505
L_183,3,B_183,9229 Main St,TX,McLennan,34.2242,-98.0968
L_184,3,B_184,7981 Main St,TX,Travis,26.6295,-106.1946
L_185,3,B_185,1873 Main St,TX,Cameron,32.9863,-97.7936
L_186,2,B_186,9797 Main St,TX,Dallas,29.577,-95.9526
L_187,1,B_187,2735 Main St,TX,McLennan,34.6539,-101.9106
L_188,1,B_188,6910 Main St,TX,Galveston,34.0172,-97.4689
L_189,2,B_189,1865 Main St,TX,Travis,25.8902,-100.5387
L_190,3,B_190,6181 Main St,TX,Cameron,30.557,-103.6981
L_191,2,B_191,4739 Main St,TX,Dallas,26.0117,-102.9171
L_192,3,B_192,9070 Main St,TX,Travis,35.659,-101.9125
L_193,3,B_193,7972 Main St,TX,Nueces,,
L_194,1,B_194,2618 Main St,TX,Nueces,29.044,-97.1967
L_195,3,B_195,306 Main St,TX,Dallas,28.3066,-100.1311
L_196,1,B_196,1795 Main St,TX,Dallas,29.6841,-102.9221
L_197,1,B_197,2452 Main St,TX,Harris,33.3646,-103.861
L_198,3,B_198,4402 Main St,TX,Travis,27.8981,-95.8433
L_199,2,B_199,1043 Main St,TX,Nueces,35.1081,-99.1448
L_200,3,B_200,2369 Main St,TX,Cameron,31.7041,-97.9561
L_201,2,B_201,6243 Main St,TX,Nueces,33.1015,-99.1967
L_202,3,B_202,4852 Main St,TX,Travis,26.4994,-104.92
L_203,2,B_203,5621 Main St,TX,Nueces,,
L_204,3,B_204,5363 Main St,TX,Cameron,31.898,-103.6137
L_205,2,B_205,489 Main St,TX,McLennan,31.397,-96.3525
L_206,1,B_206,1047 Main St,TX,Nueces,33.0544,-93.6054
L_207,3,B_207,5704 Main St,TX,Nueces,31.5025,-103.2867
L_208,2,B_208,4946 Main St,TX,Galveston,30.657,-94.3136
L_209,2,B_209,9764 Main St,TX,McLennan,32.6583,-94.2457
L_210,3,B_210,613 Main St,TX,Harris,,
L_211,1,B_211,8411 Main St,TX,Dallas,35.8447,-100.9336
L_212,2,B_212,697 Main St,TX,Cameron,28.7322,-97.6897
L_213,3,B_213,9333 Main St,TX,Nueces,29.6677,-96.6568
L_214,3,B_214,9703 Main St,TX,Cameron,28.2027,-102.9591
L_215,1,B_215,9120 Main St,TX,Harris,30.6028,-106.5324
L_216,1,B_216,3520 Main St,TX,Harris,26.6754,-99.1092
L_217,2,B_217,9406 Main St,TX,McLennan,26.0715,-96.9395
L_218,1,B_218,8226 Main St,TX,Cameron,30.3349,-105.6248
L_219,3,B_219,6677 Main St,TX,Dallas,28.4748,-104.4453
L_220,1,B_220,7607 Main St,TX,Galveston,32.4981,-105.3329
L_221,1,B_221,3981 Main St,TX,Harris,34.4462,-98.8378
L_222,1,B_222,8626 Main St,TX,Galveston,29.377,-103.3196
L_223,2,B_223,8455 Main St,TX,Dallas,26.9539,-103.4775
L_224,1,B_224,7936 Main St,TX,Dallas,29.4466,-105.8869
L_225,1,B_225,2313 Main St,TX,McLennan,29.3694,-96.1971
L_226,2,B_226,5176 Main St,TX,Cameron,34.1005,-98.4837
L_227,3,B_227,6285 Main St,TX,Travis,33.9759,-98.4079
L_228,1,B_228,1695 Main St,TX,Cameron,26.7152,-105.805
L_229,1,B_229,6518 Main St,TX,Nueces,,
L_230,2,B_230,3615 Main St,TX,McLennan,29.1521,-95.4952
L_231,3,B_231,316 Main St,TX,Cameron,,
L_232,1,B_232,3412 Main St,TX,Galveston,,
L_233,3,B_233,4721 Main St,TX,Cameron,30.5285,-102.6507
L_234,3,B_234,4175 Main St,TX,McLennan,32.5002,-105.7381
L_235,2,B_235,8720 Main St,TX,Dallas,33.0499,-99.2737
L_236,3,B_236,3700 Main St,TX,Harris,29.8816,-105.3446
L_237,3,B_237,1073 Main St,TX,Nueces,28.2943,-98.7456
L_238,1,B_238,550 Main St,TX,Nueces,25.9135,-101.5706
L_239,1,B_239,590 Main St,TX,Travis,34.3083,-95.0728
L_240,1,B_240,9607 Main St,TX,Dallas,32.4258,-102.151
L_241,1,B_241,1402 Main St,TX,Nueces,34.1773,-100.6516
L_242,1,B_242,4868 Main St,TX,Nueces,27.8596,-105.2548
L_243,2,B_243,3760 Main St,TX,Harris,26.5227,-96.2586
L_244,2,B_244,5226 Main St,TX,Galveston,31.9334,-98.2505
L_245,1,B_245,2678 Main St,TX,Galveston,30.3048,-97.1074
L_246,2,B_246,5133 Main St,TX,Galveston,28.4017,-96.159
L_247,3,B_247,3803 Main St,TX,McLennan,26.4473,-102.5172
L_248,2,B_248,390 Main St,TX,Galveston,36.0692,-96.7177
L_249,2,B_249,8156 Main St,TX,Galveston,35.2719,-96.441
L_250,3,B_250,4654 Main St,TX,McLennan,27.3773,-102.5564
L_251,1,B_251,1842 Main St,TX,Harris,29.7465,-106.4941
L_252,3,B_252,7270 Main St,TX,Dallas,32.0749,-97.7143
L_253,2,B_253,9408 Main St,TX,Nueces,,
L_254,3,B_254,9379 Main St,TX,Travis,31.2261,-95.6592
L_255,1,B_255,6862 Main St,TX,Nueces,30.3161,-104.0402
L_256,2,B_256,5246 Main St,TX,Galveston,35.521,-96.313
L_257,1,B_257,4547 Main St,TX,Galveston,32.9461,-97.4984
L_258,3,B_258,6871 Main St,TX,Cameron,32.2175,-102.262
L_259,3,B_259,6448 Main St,TX,Nueces,36.1048,-98.529
L_260,3,B_260,2600 Main St,TX,Nueces,27.5364,-100.6486
L_261,2,B_261,8488 Main St,TX,Cameron,26.2515,-103.7258
L_262,1,B_262,8235 Main St,TX,Galveston,,
L_263,3,B_263,3289 Main St,TX,McLennan,28.1864,-103.5834
L_264,1,B_264,5985 Main St,TX,McLennan,32.4759,-103.4689
L_265,1,B_265,1734 Main St,TX,McLennan,33.6601,-94.1211
L_266,2,B_266,8650 Main St,TX,Travis,29.3472,-96.9049
L_267,2,B_267,6286 Main St,TX,Dallas,27.9969,-104.1864
L_268,3,B_268,2668 Main St,TX,Galveston,29.6821,-105.6341
L_269,1,B_269,2480 Main St,TX,Harris,,
L_270,1,B_270,5618 Main St,TX,Nueces,,
L_271,1,B_271,2642 Main St,TX,Nueces,27.8801,-98.9275
L_272,2,B_272,7511 Main St,TX,Galveston,26.2698,-106.2111
L_273,3,B_273,5462 Main St,TX,Galveston,27.6634,-95.0015
L_274,1,B_274,6722 Main St,TX,Galveston,29.436,-99.336
L_275,1,B_275,1012 Main St,TX,Nueces,26.03,-95.5583
L_276,2,B_276,168 Main St,TX,Cameron,26.0246,-97.7254
L_277,1,B_277,2818 Main St,TX,Galveston,34.2253,-105.1463
L_278,2,B_278,2187 Main St,TX,Nueces,29.0643,-103.454
L_279,3,B_279,4192 Main St,TX,Dallas,34.4615,-97.9421
L_280,3,B_280,712 Main St,TX,Harris,36.255,-93.5302
L_281,3,B_281,2224 Main St,TX,McLennan,35.2338,-95.0931
L_282,3,B_282,3777 Main St,TX,Cameron,,
L_283,3,B_283,4801 Main St,TX,Harris,,
L_284,3,B_284,738 Main St,TX,Galveston,34.3054,-104.089
L_285,1,B_285,6199 Main St,TX,Harris,29.8045,-98.7459
L_286,1,B_286,6362 Main St,TX,Galveston,28.4167,-105.9948
L_287,1,B_287,7769 Main St,TX,Harris,27.8234,-99.5854
L_288,2,B_288,7499 Main St,TX,Travis,34.2486,-102.3074
L_289,3,B_289,1772 Main St,TX,Harris,,
L_290,1,B_290,3122 Main St,TX,McLennan,34.313,-95.1656
L_291,1,B_291,5988 Main St,TX,McLennan,34.9111,-93.9142
L_292,1,B_292,1391 Main St,TX,Cameron,28.0388,-105.5336
L_293,3,B_293,6145 Main St,TX,Harris,32.8995,-105.7502
L_294,3,B_294,8597 Main St,TX,Nueces,33.839,-98.1496
L_295,2,B_295,9338 Main St,TX,Nueces,31.1349,-100.5181
L_296,2,B_296,812 Main St,TX,Nueces,29.8005,-97.5019
L_297,1,B_297,4399 Main St,TX,Harris,31.0943,-103.0848
L_298,2,B_298,1775 Main St,TX,Nueces,35.6567,-98.9498
L_299,3,B_299,8563 Main St,TX,Dallas,26.1917,-103.7242
L_300,1,B_300,2819 Main St,TX,Harris,35.0359,-101.4137
L_301,3,B_301,8404 Main St,TX,McLennan,29.0742,-94.9579
L_302,1,B_302,296 Main St,TX,Cameron,35.8098,-101.6992
L_303,3,B_303,5618 Main St,TX,Nueces,27.2373,-105.4992
L_304,3,B_304,1237 Main St,TX,Travis,30.5562,-101.9944
L_305,1,B_305,6863 Main St,TX,Nueces,30.7782,-98.4633
L_306,1,B_306,6695 Main St,TX,McLennan,30.3593,-100.4751
L_307,2,B_307,7167 Main St,TX,Dallas,30.1758,-96.061
L_308,1,B_308,811 Main St,TX,Harris,29.8914,-104.2477
L_309,1,B_309,8984 Main St,TX,Nueces,32.7053,-101.8959
L_310,1,B_310,1980 Main St,TX,Travis,26.6819,-95.5619
L_311,2,B_311,3044 Main St,TX,Cameron,32.6871,-96.3051
L_312,3,B_312,3663 Main St,TX,McLennan,35.7147,-105.3108
L_313,3,B_313,9588 Main St,TX,Cameron,,
L_314,2,B_314,2182 Main St,TX,Cameron,,
L_315,2,B_315,8092 Main St,TX,Travis,27.9433,-104.0239
L_316,3,B_316,8737 Main St,TX,Galveston,29.0391,-95.9161
L_317,2,B_317,9165 Main St,TX,McLennan,33.1139,-103.0045
L_318,1,B_318,4915 Main St,TX,Galveston,36.4786,-93.5209
L_319,1,B_319,4612 Main St,TX,Travis,33.8505,-96.9083
L_320,1,B_320,8061 Main St,TX,Harris,25.8913,-102.6769
L_321,2,B_321,651 Main St,TX,Harris,34.1795,-101.3101
L_322,1,B_322,9663 Main St,TX,Harris,32.0055,-98.0155
L_323,1,B_323,9223 Main St,TX,Cameron,31.2853,-96.6288
L_324,2,B_324,6352 Main St,TX,Galveston,,
L_325,1,B_325,3273 Main St,TX,Cameron,28.2281,-96.7863
L_326,3,B_326,6920 Main St,TX,Harris,31.3193,-96.3037
L_327,2,B_327,1458 Main St,TX,Cameron,33.5309,-100.5556
L_328,3,B_328,5447 Main St,TX,Dallas,34.2735,-102.4987
L_329,3,B_329,2402 Main St,TX,McLennan,27.81,-96.5113
L_330,1,B_330,7860 Main St,TX,McLennan,33.268,-103.8544
L_331,2,B_331,6504 Main St,TX,Cameron,31.7754,-101.6914
L_332,3,B_332,5391 Main St,TX,Travis,31.9793,-104.9187
L_333,1,B_333,9138 Main St,TX,Nueces,25.9036,-95.9837
L_334,1,B_334,4717 Main St,TX,Galveston,29.4361,-101.1092
L_335,3,B_335,5060 Main St,TX,McLennan,33.1377,-101.3159
L_336,2,B_336,5063 Main St,TX,Cameron,31.5524,-102.3284
L_337,1,B_337,2644 Main St,TX,Galveston,,
L_338,1,B_338,342 Main St,TX,Travis,34.2033,-94.5199
L_339,2,B_339,2471 Main St,TX,Harris,35.9932,-102.2737
L_340,2,B_340,2722 Main St,TX,Nueces,32.2521,-98.6373
L_341,1,B_341,4352 Main St,TX,Travis,35.0763,-93.7597
L_342,3,B_342,9198 Main St,TX,Dallas,27.985,-101.4827
L_343,1,B_343,2544 Main St,TX,Harris,27.8152,-105.1768
L_344,2,B_344,4213 Main St,TX,Harris,30.6314,-94.8789
L_345,1,B_345,8893 Main St,TX,Harris,,
L_346,1,B_346,9016 Main St,TX,Travis,26.9162,-99.3569
L_347,1,B_347,6537 Main St,TX,Dallas,26.143,-97.5738
L_348,3,B_348,3235 Main St,TX,Nueces,27.7976,-105.6897
L_349,1,B_349,1255 Main St,TX,Galveston,28.8368,-103.5472
L_350,3,B_350,4102 Main St,TX,Travis,32.8574,-105.6833
L_351,3,B_351,7661 Main St,TX,McLennan,26.4147,-99.8072
L_352,2,B_352,3945 Main St,TX,McLennan,27.6385,-95.3378
L_353,1,B_353,7669 Main St,TX,Travis,30.1962,-104.5428
L_354,1,B_354,1358 Main St,TX,Galveston,,
L_355,2,B_355,5018 Main St,TX,McLennan,31.54,-100.3349
L_356,2,B_356,6112 Main St,TX,Galveston,,
L_357,3,B_357,780 Main St,TX,Harris,35.063,-104.8979
L_358,1,B_358,3808 Main St,TX,Travis,28.0007,-100.9382
L_359,1,B_359,1307 Main St,TX,Harris,30.8801,-98.6914
L_360,3,B_360,1900 Main St,TX,McLennan,35.849,-98.9039
L_361,3,B_361,8832 Main St,TX,Galveston,33.1277,-102.9917
L_362,3,B_362,617 Main St,TX,Harris,,
L_363,1,B_363,2598 Main St,TX,McLennan,27.3268,-105.762
L_364,2,B_364,6330 Main St,TX,Cameron,34.441,-99.7113
L_365,1,B_365,6336 Main St,TX,Dallas,35.5402,-95.082
L_366,1,B_366,9720 Main St,TX,Harris,31.9646,-96.9415
L_367,1,B_367,2095 Main St,TX,Dallas,28.8807,-95.059
L_368,3,B_368,4418 Main St,TX,Dallas,30.6825,-97.4259
L_369,2,B_369,2091 Main St,TX,Nueces,28.9827,-98.5693
L_370,3,B_370,4172 Main St,TX,McLennan,34.4668,-104.3058
L_371,2,B_371,9500 Main St,TX,Travis,28.4657,-94.8105
L_372,2,B_372,6797 Main St,TX,Galveston,30.6988,-94.6681
L_373,1,B_373,204 Main St,TX,Cameron,31.8842,-101.4445
L_374,2,B_374,6378 Main St,TX,McLennan,35.9189,-103.46
L_375,3,B_375,1497 Main St,TX,Nueces,28.7294,-98.3721
L_376,1,B_376,501 Main St,TX,Nueces,35.6044,-97.4556
L_377,3,B_377,4420 Main St,TX,Cameron,28.1246,-100.1353
L_378,1,B_378,7541 Main St,TX,Harris,31.7152,-93.5614
L_379,2,B_379,1615 Main St,TX,Galveston,,
L_380,2,B_380,8314 Main St,TX,Nueces,,
L_381,3,B_381,9403 Main St,TX,Travis,34.002,-102.3292
L_382,2,B_382,2133 Main St,TX,McLennan,30.625,-103.2888
L_383,2,B_383,1770 Main St,TX,Travis,31.2149,-100.5456
L_384,2,B_384,9605 Main St,TX,Harris,,
L_385,2,B_385,2151 Main St,TX,McLennan,33.231,-96.7785
L_386,2,B_386,5266 Main St,TX,Harris,33.7817,-95.3894
L_387,1,B_387,6299 Main St,TX,Galveston,25.9149,-105.0977
L_388,3,B_388,9918 Main St,TX,Galveston,29.3001,-96.7923
L_389,1,B_389,2443 Main St,TX,Travis,30.9869,-105.7061
L_390,1,B_390,5077 Main St,TX,Travis,31.6682,-103.426
L_391,3,B_391,8065 Main St,TX,Galveston,27.3007,-95.8524
L_392,1,B_392,6804 Main St,TX,Dallas,34.8047,-104.3653
L_393,1,B_393,9278 Main St,TX,Galveston,,
L_394,3,B_394,9147 Main St,TX,Cameron,,
L_395,2,B_395,3563 Main St,TX,McLennan,28.9473,-99.596
L_396,2,B_396,4842 Main St,TX,Cameron,26.6302,-96.597
L_397,3,B_397,1138 Main St,TX,Harris,27.4424,-101.9091
L_398,1,B_398,841 Main St,TX,Galveston,26.1686,-97.7569
L_399,3,B_399,3711 Main St,TX,Galveston,33.2551,-95.6418
L_400,2,B_400,4389 Main St,TX,Nueces,32.6588,-97.215
L_401,1,B_401,1386 Main St,TX,Harris,29.9796,-102.561
L_402,3,B_402,4702 Main St,TX,Nueces,,
L_403,2,B_403,1627 Main St,TX,Harris,,
L_404,1,B_404,3344 Main St,TX,Cameron,34.0081,-94.4325
L_405,1,B_405,1242 Main St,TX,McLennan,29.8087,-103.4751
L_406,3,B_406,8548 Main St,TX,Harris,,
L_407,1,B_407,1798 Main St,TX,Travis,30.312,-93.6403
L_408,1,B_408,1916 Main St,TX,Galveston,27.856,-97.8368
L_409,2,B_409,9313 Main St,TX,Harris,35.2405,-96.1603
L_410,2,B_410,1796 Main St,TX,McLennan,34.6858,-104.4007
L_411,1,B_411,5212 Main St,TX,Harris,30.2478,-105.1893
L_412,1,B_412,259 Main St,TX,Galveston,31.814,-104.1169
L_413,3,B_413,5700 Main St,TX,Dallas,28.0162,-99.5037
L_414,1,B_414,1507 Main St,TX,Harris,27.0926,-103.7995
L_415,1,B_415,3892 Main St,TX,Travis,29.6154,-104.3256
L_416,2,B_416,2665 Main St,TX,Galveston,29.1838,-101.5017
L_417,1,B_417,5258 Main St,TX,McLennan,30.7089,-105.7352
L_418,2,B_418,1997 Main St,TX,Cameron,32.7544,-101.7664
L_419,1,B_419,7389 Main St,TX,Cameron,,
L_420,2,B_420,9721 Main St,TX,Galveston,29.0264,-98.7548
L_421,3,B_421,136 Main St,TX,Nueces,26.8894,-99.576
L_422,3,B_422,5174 Main St,TX,Dallas,36.3987,-95.4589
L_423,2,B_423,5208 Main St,TX,McLennan,27.6346,-94.0366
L_424,3,B_424,7479 Main St,TX,Dallas,32.2186,-93.7435
L_425,1,B_425,731 Main St,TX,Cameron,33.0535,-93.862
L_426,2,B_426,8330 Main St,TX,Dallas,33.2228,-102.2502
L_427,1,B_427,6017 Main St,TX,Travis,32.5983,-95.02
L_428,2,B_428,6884 Main St,TX,Cameron,34.9116,-100.2841
L_429,3,B_429,122 Main St,TX,Harris,32.3113,-98.936
L_430,2,B_430,9480 Main St,TX,Travis,29.8914,-98.2082
L_431,2,B_431,4603 Main St,TX,Travis,28.287,-98.9042
L_432,2,B_432,882 Main St,TX,Nueces,28.2889,-98.5258
L_433,1,B_433,6430 Main St,TX,Travis,35.3955,-102.5541
L_434,2,B_434,7525 Main St,TX,McLennan,33.6957,-96.6801
L_435,1,B_435,1739 Main St,TX,Harris,26.4412,-101.6937
L_436,3,B_436,4948 Main St,TX,Harris,27.4229,-103.9226
L_437,2,B_437,8346 Main St,TX,Cameron,,
L_438,3,B_438,7616 Main St,TX,McLennan,35.6805,-98.7652
L_439,2,B_439,8727 Main St,TX,Travis,35.9209,-96.9158
L_440,1,B_440,3584 Main St,TX,Travis,29.317,-102.9565
L_441,1,B_441,1233 Main St,TX,Dallas,32.6865,-96.6375
L_442,1,B_442,456 Main St,TX,Cameron,36.26,-98.1106
L_443,3,B_443,3342 Main St,TX,Cameron,26.0535,-95.5052
L_444,2,B_444,1813 Main St,TX,Dallas,29.3446,-103.4265
L_445,2,B_445,4403 Main St,TX,Nueces,35.501,-97.8884
L_446,2,B_446,5894 Main St,TX,Galveston,33.1546,-97.1745
L_447,3,B_447,6485 Main St,TX,Dallas,32.3063,-101.6025
L_448,1,B_448,4552 Main St,TX,Harris,30.5333,-106.5208
L_449,3,B_449,5256 Main St,TX,McLennan,35.1076,-105.6832
L_450,2,B_450,7862 Main St,TX,Travis,27.8594,-98.2898
L_451,3,B_451,2150 Main St,TX,Galveston,,
L_452,3,B_452,2598 Main St,TX,Dallas,27.9852,-105.398
L_453,3,B_453,7599 Main St,TX,Cameron,34.6941,-94.3933
L_454,3,B_454,5475 Main St,TX,Galveston,26.6364,-97.1026
L_455,3,B_455,7839 Main St,TX,McLennan,29.1327,-97.1461
L_456,2,B_456,9924 Main St,TX,McLennan,28.4207,-104.2887
L_457,3,B_457,4503 Main St,TX,Cameron,28.8533,-100.7276
L_458,3,B_458,995 Main St,TX,Galveston,28.7089,-96.3651
L_459,2,B_459,7554 Main St,TX,Galveston,,
L_460,2,B_460,4486 Main St,TX,Nueces,30.0612,-104.4023
L_461,2,B_461,547 Main St,TX,Galveston,31.2066,-96.9724
L_462,3,B_462,3745 Main St,TX,Travis,33.9355,-95.8632
L_463,2,B_463,3619 Main St,TX,Harris,26.012,-101.6034
L_464,3,B_464,7468 Main St,TX,Dallas,34.9383,-96.659
L_465,3,B_465,4450 Main St,TX,Cameron,32.1685,-104.5983
L_466,3,B_466,4331 Main St,TX,Dallas,33.5751,-103.2295
L_467,1,B_467,9612 Main St,TX,Dallas,30.7611,-100.6578
L_468,1,B_468,8705 Main St,TX,Galveston,32.2845,-105.6576
L_469,1,B_469,7469 Main St,TX,Cameron,,
L_470,2,B_470,160 Main St,TX,Galveston,27.4556,-104.1159
L_471,1,B_471,3862 Main St,TX,Nueces,,
L_472,3,B_472,4145 Main St,TX,Galveston,33.5612,-100.162
L_473,3,B_473,1845 Main St,TX,Nueces,35.861,-93.8865
L_474,3,B_474,3847 Main St,TX,Nueces,31.0382,-98.2023
L_475,3,B_475,6541 Main St,TX,Travis,32.0949,-101.2449
L_476,2,B_476,4833 Main St,TX,Travis,26.2154,-94.527
L_477,2,B_477,1557 Main St,TX,Travis,29.9176,-99.1905
L_478,2,B_478,3144 Main St,TX,Travis,27.8782,-100.8845
L_479,2,B_479,6727 Main St,TX,McLennan,28.5313,-94.6386
L_480,3,B_480,5022 Main St,TX,Travis,33.528,-99.9241
L_481,2,B_481,1260 Main St,TX,Travis,31.0283,-97.5808
L_482,1,B_482,170 Main St,TX,Travis,33.2521,-98.0731
L_483,2,B_483,6412 Main St,TX,Nueces,33.6716,-103.4252
L_484,2,B_484,377 Main St,TX,Dallas,26.1692,-95.948
L_485,3,B_485,3772 Main St,TX,Cameron,33.0378,-97.4631
L_486,2,B_486,2849 Main St,TX,Dallas,32.7051,-103.1766
L_487,1,B_487,7089 Main St,TX,Dallas,30.6735,-97.678
L_488,1,B_488,7487 Main St,TX,Harris,32.243,-94.1317
L_489,2,B_489,5844 Main St,TX,McLennan,34.8042,-106.4384
L_490,3,B_490,3929 Main St,TX,Nueces,32.6951,-94.5888
L_491,3,B_491,1170 Main St,TX,Galveston,32.0719,-94.797
L_492,1,B_492,9218 Main St,TX,Nueces,27.8204,-101.0594
L_493,2,B_493,845 Main St,TX,Travis,34.6783,-103.2874
L_494,1,B_494,5796 Main St,TX,Dallas,29.0337,-93.9233
L_495,2,B_495,8110 Main St,TX,Nueces,29.8958,-102.5655
L_496,2,B_496,6597 Main St,TX,McLennan,30.2042,-95.1192
L_497,1,B_497,4055 Main St,TX,Travis,33.5859,-105.4358
L_498,3,B_498,1535 Main St,TX,Harris,34.1106,-102.0885
L_499,2,B_499,693 Main St,TX,Galveston,,
L_500,2,B_500,1430 Main St,TX,Travis,33.8114,-94.4168
L_501,2,B_501,538 Main St,TX,Cameron,29.0967,-93.67
L_502,1,B_502,8846 Main St,TX,Galveston,25.8169,-105.6851
L_503,2,B_503,9972 Main St,TX,Nueces,31.4171,-98.0258
L_504,2,B_504,6752 Main St,TX,Travis,33.6436,-104.3647
L_505,1,B_505,5544 Main St,TX,Harris,33.3333,-104.0059
L_506,2,B_506,4938 Main St,TX,Nueces,35.9488,-100.6963
L_507,1,B_507,6768 Main St,TX,McLennan,34.5138,-104.1681
L_508,3,B_508,1650 Main St,TX,Galveston,,
L_509,1,B_509,2815 Main St,TX,Galveston,33.9231,-103.2025
L_510,1,B_510,5377 Main St,TX,McLennan,35.4543,-101.2448
L_511,2,B_511,3800 Main St,TX,Cameron,32.4813,-95.2245
L_512,3,B_512,6590 Main St,TX,Galveston,28.9364,-101.6518
L_513,2,B_513,713 Main St,TX,Nueces,29.461,-98.928
L_514,1,B_514,6465 Main St,TX,Dallas,30.9135,-97.7863
L_515,1,B_515,4828 Main St,TX,Cameron,,
L_516,1,B_516,449 Main St,TX,McLennan,26.4533,-96.7514
L_517,2,B_517,1106 Main St,TX,Harris,,
L_518,3,B_518,4702 Main St,TX,Cameron,36.3675,-105.3314
L_519,3,B_519,7322 Main St,TX,Travis,31.389,-106.5049
L_520,2,B_520,4861 Main St,TX,Travis,32.2519,-93.6717
L_521,1,B_521,8636 Main St,TX,McLennan,33.9466,-94.3891
L_522,2,B_522,6653 Main St,TX,Dallas,30.8636,-102.1849
L_523,1,B_523,7700 Main St,TX,Nueces,29.7674,-94.939
L_524,3,B_524,9921 Main St,TX,Harris,34.5403,-94.273
L_525,3,B_525,5020 Main St,TX,Travis,32.9163,-101.6425
L_526,2,B_526,9298 Main St,TX,Travis,26.4125,-101.936
L_527,1,B_527,6302 Main St,TX,Nueces,26.8719,-100.6144
L_528,1,B_528,9666 Main St,TX,Dallas,33.2719,-97.0996
L_529,1,B_529,8600 Main St,TX,Galveston,27.2858,-98.715
L_530,3,B_530,9781 Main St,TX,Cameron,28.7903,-97.4396
L_531,2,B_531,4550 Main St,TX,McLennan,34.5211,-101.7736
L_532,2,B_532,8435 Main St,TX,Dallas,32.4164,-97.9687
L_533,3,B_533,4234 Main St,TX,Dallas,30.8846,-101.188
L_534,3,B_534,8566 Main St,TX,Dallas,27.8109,-93.681
L_535,1,B_535,1236 Main St,TX,Dallas,36.0458,-95.9547
L_536,3,B_536,7756 Main St,TX,Galveston,,
L_537,2,B_537,298 Main St,TX,Nueces,26.2896,-96.021
L_538,1,B_538,4137 Main St,TX,Harris,30.5541,-98.6514
L_539,2,B_539,6740 Main St,TX,Cameron,32.3547,-105.5341
L_540,1,B_540,1845 Main St,TX,Dallas,30.3787,-94.3976
L_541,3,B_541,515 Main St,TX,Cameron,36.3595,-95.372
L_542,1,B_542,977 Main St,TX,Dallas,35.4857,-96.981
L_543,1,B_543,7571 Main St,TX,McLennan,28.9443,-104.0445
L_544,2,B_544,7776 Main St,TX,Travis,27.3318,-99.7873
L_545,2,B_545,164 Main St,TX,Galveston,34.9678,-99.9893
L_546,1,B_546,1276 Main St,TX,Dallas,27.1681,-96.1616
L_547,1,B_547,7382 Main St,TX,Harris,33.0018,-99.4114
L_548,3,B_548,8067 Main St,TX,Harris,27.5982,-100.7536
L_549,3,B_549,3735 Main St,TX,Harris,,
L_550,1,B_550,7972 Main St,TX,McLennan,32.8903,-103.4442
L_551,1,B_551,5231 Main St,TX,Harris,33.8598,-97.9573
L_552,2,B_552,9506 Main St,TX,Nueces,,
L_553,3,B_553,5178 Main St,TX,McLennan,30.4534,-97.2235
L_554,1,B_554,9856 Main St,TX,Galveston,35.74,-94.7753
L_555,1,B_555,3332 Main St,TX,Harris,28.158,-103.2251
L_556,1,B_556,3409 Main St,TX,Travis,30.8964,-94.8426
L_557,1,B_557,705 Main St,TX,Dallas,27.1171,-104.8216
L_558,3,B_558,7376 Main St,TX,Galveston,33.5619,-105.4152
L_559,1,B_559,8747 Main St,TX,Nueces,35.1298,-94.3937
L_560,1,B_560,1791 Main St,TX,Travis,33.9998,-98.7311
L_561,1,B_561,1912 Main St,TX,Galveston,29.834,-97.2015
L_562,3,B_562,1310 Main St,TX,Nueces,29.8837,-98.1885
L_563,1,B_563,7347 Main St,TX,Harris,34.9607,-96.0093
L_564,2,B_564,1846 Main St,TX,Galveston,27.0379,-105.4514
L_565,1,B_565,9500 Main St,TX,Galveston,,
L_566,3,B_566,7032 Main St,TX,Galveston,35.8282,-96.8455
L_567,2,B_567,953 Main St,TX,McLennan,27.0423,-101.7826
L_568,2,B_568,698 Main St,TX,Travis,34.9306,-94.1017
L_569,2,B_569,4655 Main St,TX,Cameron,25.818,-105.7893
L_570,1,B_570,487 Main St,TX,Nueces,34.8642,-93.764
L_571,3,B_571,2888 Main St,TX,Harris,29.7058,-97.7011
L_572,1,B_572,1620 Main St,TX,Dallas,34.3232,-99.7913
L_573,2,B_573,4491 Main St,TX,Harris,28.1769,-101.4214
L_574,3,B_574,4795 Main St,TX,Harris,30.7284,-104.7044
L_575,3,B_575,4912 Main St,TX,McLennan,35.8889,-95.6325
L_576,3,B_576,1511 Main St,TX,McLennan,31.1482,-100.6292
L_577,2,B_577,5943 Main St,TX,Galveston,27.3608,-97.8839
L_578,1,B_578,5575 Main St,TX,Harris,33.3217,-98.7547
L_579,1,B_579,9797 Main St,TX,Travis,29.1051,-93.6266
L_580,2,B_580,7028 Main St,TX,McLennan,27.1211,-93.5413
L_581,1,B_581,7435 Main St,TX,Nueces,30.9176,-95.7442
L_582,1,B_582,4676 Main St,TX,McLennan,31.0968,-97.3758
L_583,3,B_583,3826 Main St,TX,Travis,29.8308,-93.747
L_584,3,B_584,3907 Main St,TX,McLennan,29.3646,-95.7547
L_585,2,B_585,3922 Main St,TX,Cameron,33.6394,-95.9835
L_586,2,B_586,8603 Main St,TX,Travis,33.2944,-105.9114
L_587,3,B_587,5064 Main St,TX,Cameron,27.7155,-100.2137
L_588,1,B_588,9351 Main St,TX,Cameron,36.333,-97.9638
L_589,1,B_589,6770 Main St,TX,Dallas,34.8791,-93.6171
L_590,2,B_590,5710 Main St,TX,Travis,31.663,-102.1799
L_591,1,B_591,6228 Main St,TX,Dallas,33.0535,-93.6269
L_592,3,B_592,2750 Main St,TX,Nueces,29.9844,-99.6852
L_593,1,B_593,3848 Main St,TX,Galveston,33.2512,-104.0443
L_594,1,B_594,9398 Main St,TX,Galveston,30.0134,-104.8852
L_595,2,B_595,1884 Main St,TX,Cameron,32.0101,-96.0536
L_596,3,B_596,7965 Main St,TX,McLennan,34.893,-97.3044
L_597,1,B_597,534 Main St,TX,Travis,30.6956,-104.4556
L_598,2,B_598,3558 Main St,TX,McLennan,27.2719,-97.483
L_599,1,B_599,3936 Main St,TX,Travis,28.9146,-104.7028
L_600,2,B_600,6001 Main St,TX,McLennan,28.1341,-96.7962
L_601,2,B_601,4094 Main St,TX,Galveston,25.8977,-97.09
L_602,1,B_602,120 Main St,TX,Nueces,33.058,-93.6509
L_603,1,B_603,1007 Main St,TX,Galveston,,
L_604,3,B_604,5197 Main St,TX,McLennan,35.9693,-101.0048
L_605,3,B_605,9695 Main St,TX,Travis,34.8058,-94.4696
L_606,3,B_606,9661 Main St,TX,Harris,,
L_607,1,B_607,3050 Main St,TX,Nueces,27.7221,-105.9126
L_608,1,B_608,6403 Main St,TX,Travis,36.289,-98.0837
L_609,2,B_609,6722 Main St,TX,McLennan,32.1493,-93.8966
L_610,2,B_610,5801 Main St,TX,Travis,32.5086,-101.3077
L_611,1,B_611,3613 Main St,TX,Dallas,26.1637,-103.4448
L_612,3,B_612,6422 Main St,TX,Travis,31.0283,-97.5874
L_613,3,B_613,1929 Main St,TX,Galveston,32.7849,-101.6826
L_614,3,B_614,7925 Main St,TX,Cameron,34.31,-97.9734
L_615,2,B_615,7577 Main St,TX,Galveston,35.0544,-98.0809
L_616,2,B_616,3956 Main St,TX,Dallas,28.7448,-98.0431
L_617,3,B_617,1800 Main St,TX,Nueces,27.084,-105.5175
L_618,1,B_618,7545 Main St,TX,Travis,31.0346,-97.8388
L_619,3,B_619,3646 Main St,TX,Nueces,26.0464,-99.0939
L_620,2,B_620,9404 Main St,TX,Harris,28.7289,-96.8358
L_621,3,B_621,5071 Main St,TX,Travis,34.2995,-104.2276
L_622,1,B_622,7105 Main St,TX,Galveston,32.6972,-100.9191
L_623,1,B_623,2635 Main St,TX,Cameron,26.864,-105.7682
L_624,1,B_624,4573 Main St,TX,Galveston,34.3089,-104.1779
L_625,3,B_625,8399 Main St,TX,Nueces,26.0113,-99.3156
L_626,1,B_626,8215 Main St,TX,McLennan,31.5397,-95.9602
L_627,1,B_627,2594 Main St,TX,Galveston,31.3522,-98.9401
L_628,1,B_628,3312 Main St,TX,McLennan,33.4371,-96.2501
L_629,2,B_629,9277 Main St,TX,Galveston,,
L_630,1,B_630,5817 Main St,TX,Galveston,36.1328,-94.8414
L_631,3,B_631,8718 Main St,TX,Cameron,32.2104,-104.2428
L_632,2,B_632,6262 Main St,TX,Harris,34.3655,-104.9881
L_633,3,B_633,5499 Main St,TX,McLennan,27.1783,-103.8984
L_634,2,B_634,4091 Main St,TX,McLennan,27.5249,-99.2313
L_635,1,B_635,2613 Main St,TX,Galveston,26.1746,-93.7629
L_636,2,B_636,7950 Main St,TX,McLennan,31.2158,-101.8374
L_637,1,B_637,6457 Main St,TX,Galveston,30.3266,-94.2175
L_638,3,B_638,9167 Main St,TX,Galveston,,
L_639,2,B_639,7525 Main St,TX,Nueces,35.9245,-99.7953
L_640,1,B_640,1615 Main St,TX,Travis,34.176,-97.965
L_641,3,B_641,4372 Main St,TX,McLennan,30.5606,-99.0404
L_642,1,B_642,1381 Main St,TX,Cameron,31.3925,-93.6831
L_643,3,B_643,4055 Main St,TX,Dallas,29.5677,-99.5495
L_644,2,B_644,4580 Main St,TX,Nueces,26.8594,-95.8611
L_645,2,B_645,9545 Main St,TX,McLennan,28.337,-104.1362
L_646,2,B_646,3389 Main St,TX,Cameron,34.7091,-94.0578
L_647,3,B_647,2137 Main St,TX,McLennan,32.2429,-103.7699
L_648,2,B_648,7990 Main St,TX,Harris,27.1749,-98.4477
L_649,2,B_649,6498 Main St,TX,Dallas,26.5956,-103.2599
L_650,2,B_650,7314 Main St,TX,Dallas,29.8851,-94.7621
L_651,3,B_651,646 Main St,TX,Cameron,26.6908,-103.2702
L_652,3,B_652,7152 Main St,TX,Harris,33.2313,-99.5797
L_653,1,B_653,196 Main St,TX,Harris,,
L_654,3,B_654,6084 Main St,TX,McLennan,33.6396,-93.5608
L_655,1,B_655,6061 Main St,TX,Travis,33.2558,-104.0766
L_656,1,B_656,9262 Main St,TX,Cameron,32.8333,-95.8513
L_657,1,B_657,1759 Main St,TX,Harris,30.2906,-104.5893
L_658,3,B_658,7926 Main St,TX,Dallas,36.4192,-100.9195
L_659,3,B_659,3851 Main St,TX,Cameron,,
L_660,3,B_660,5333 Main St,TX,Dallas,32.2586,-105.5844
L_661,3,B_661,7677 Main St,TX,McLennan,27.1334,-105.1591
L_662,3,B_662,2152 Main St,TX,Cameron,26.5058,-98.2137
L_663,1,B_663,2040 Main St,TX,Travis,29.6822,-102.2309
L_664,1,B_664,2089 Main St,TX,Galveston,35.0968,-103.6425
L_665,2,B_665,6466 Main St,TX,Cameron,,
L_666,1,B_666,2332 Main St,TX,Harris,36.1659,-101.6399
L_667,2,B_667,5654 Main St,TX,Harris,,
L_668,2,B_668,501 Main St,TX,McLennan,35.7043,-104.2979
L_669,3,B_669,6542 Main St,TX,Nueces,29.0801,-95.8404
L_670,3,B_670,9724 Main St,TX,Nueces,31.4599,-97.424
L_671,3,B_671,9230 Main St,TX,Travis,35.0598,-99.3748
L_672,1,B_672,3179 Main St,TX,Dallas,32.2999,-94.8549
L_673,3,B_673,6178 Main St,TX,Dallas,27.627,-94.2007
L_674,1,B_674,4408 Main St,TX,Galveston,29.4933,-96.889
L_675,2,B_675,6541 Main St,TX,Dallas,36.1576,-99.635
L_676,3,B_676,5052 Main St,TX,Nueces,34.891,-100.3531
L_677,3,B_677,6664 Main St,TX,Nueces,,
L_678,1,B_678,3518 Main St,TX,Harris,,
L_679,3,B_679,9808 Main St,TX,Galveston,27.4638,-104.9446
L_680,1,B_680,8867 Main St,TX,Travis,29.8532,-96.966
L_681,1,B_681,9864 Main St,TX,Galveston,,
L_682,1,B_682,7437 Main St,TX,Cameron,36.2271,-97.3317
L_683,3,B_683,355 Main St,TX,Travis,28.4655,-98.626
L_684,3,B_684,1765 Main St,TX,Nueces,27.7592,-93.6802
L_685,3,B_685,4949 Main St,TX,Dallas,34.3436,-100.0208
L_686,3,B_686,5468 Main St,TX,McLennan,28.7513,-100.9963
L_687,2,B_687,6008 Main St,TX,Galveston,35.2308,-95.9363
L_688,2,B_688,8062 Main St,TX,Galveston,34.9798,-94.1883
L_689,1,B_689,180 Main St,TX,Harris,29.1463,-105.4192
L_690,3,B_690,3881 Main St,TX,Harris,,
L_691,2,B_691,9918 Main St,TX,Nueces,35.9101,-104.437
L_692,3,B_692,3988 Main St,TX,Travis,26.4143,-96.8613
L_693,3,B_693,4204 Main St,TX,McLennan,31.7295,-100.1437
L_694,1,B_694,2267 Main St,TX,Cameron,36.0952,-101.0458
L_695,2,B_695,7889 Main St,TX,Harris,33.6195,-100.3165
L_696,2,B_696,1722 Main St,TX,Harris,36.4781,-94.9661
L_697,3,B_697,8963 Main St,TX,Dallas,33.2673,-101.2883
L_698,2,B_698,6573 Main St,TX,Dallas,32.3943,-94.6674
L_699,2,B_699,6613 Main St,TX,Nueces,33.4415,-97.396
L_700,2,B_700,9655 Main St,TX,Nueces,28.4132,-96.9193
L_701,2,B_701,2572 Main St,TX,Harris,34.61,-95.0677
L_702,3,B_702,6032 Main St,TX,Travis,31.4508,-98.6196
L_703,3,B_703,5378 Main St,TX,Cameron,36.1217,-97.7638
L_704,2,B_704,2166 Main St,TX,McLennan,35.2367,-99.7419
L_705,3,B_705,997 Main St,TX,Harris,26.6038,-95.6037
L_706,1,B_706,5494 Main St,TX,Travis,31.2964,-94.1225
L_707,3,B_707,490 Main St,TX,Travis,30.3231,-101.6339
L_708,2,B_708,2944 Main St,TX,Harris,27.0116,-94.626
L_709,1,B_709,6480 Main St,TX,Travis,28.4725,-99.5375
L_710,3,B_710,978 Main St,TX,Galveston,27.0612,-102.6808
L_711,3,B_711,216 Main St,TX,Travis,28.9409,-103.8088
L_712,1,B_712,884 Main St,TX,Harris,31.8866,-103.7512
L_713,2,B_713,1414 Main St,TX,Travis,29.0616,-94.3762
L_714,3,B_714,1920 Main St,TX,Cameron,34.6353,-106.1359
L_715,2,B_715,1007 Main St,TX,Harris,32.4099,-100.2037
L_716,3,B_716,1462 Main St,TX,Dallas,29.6065,-98.5366
L_717,3,B_717,5452 Main St,TX,Harris,29.5867,-106.5325
L_718,1,B_718,7048 Main St,TX,Travis,35.3251,-104.1613
L_719,3,B_719,1309 Main St,TX,Harris,26.8843,-100.1542
L_720,2,B_720,6903 Main St,TX,McLennan,26.7068,-99.8624
L_721,2,B_721,1253 Main St,TX,Harris,27.1251,-100.2149
L_722,1,B_722,9691 Main St,TX,Harris,32.826,-103.6382
L_723,3,B_723,7631 Main St,TX,McLennan,30.0303,-102.6794
L_724,3,B_724,3254 Main St,TX,McLennan,30.3833,-104.2134
L_725,3,B_725,9305 Main St,TX,McLennan,34.4835,-105.1761
L_726,2,B_726,4325 Main St,TX,Nueces,34.7811,-104.48
L_727,1,B_727,4234 Main St,TX,Galveston,30.4434,-101.894
L_728,2,B_728,8525 Main St,TX,Nueces,27.9236,-104.1167
L_729,1,B_729,1441 Main St,TX,Harris,,
L_730,3,B_730,2382 Main St,TX,Nueces,33.76,-94.7969
L_731,1,B_731,1537 Main St,TX,Nueces,27.9292,-100.3212
L_732,2,B_732,3884 Main St,TX,McLennan,32.9181,-103.118
L_733,2,B_733,119 Main St,TX,McLennan,30.3057,-99.3934
L_734,2,B_734,868 Main St,TX,Dallas,34.3581,-97.2424
L_735,2,B_735,9210 Main St,TX,Nueces,33.979,-95.0489
L_736,1,B_736,8488 Main St,TX,Galveston,35.6821,-95.5559
L_737,1,B_737,2392 Main St,TX,Harris,26.9741,-105.1868
L_738,2,B_738,3265 Main St,TX,Cameron,,
L_739,2,B_739,8797 Main St,TX,Cameron,31.15,-96.5473
L_740,2,B_740,5063 Main St,TX,Travis,28.3306,-97.7141
L_741,2,B_741,6251 Main St,TX,Galveston,36.2479,-96.9396
L_742,1,B_742,9487 Main St,TX,Galveston,28.8973,-100.2343
L_743,1,B_743,939 Main St,TX,Dallas,33.9416,-103.3545
L_744,2,B_744,9286 Main St,TX,Harris,31.2703,-103.332
L_745,2,B_745,6733 Main St,TX,Harris,35.0466,-93.5752
L_746,1,B_746,7932 Main St,TX,McLennan,28.4467,-95.85
L_747,2,B_747,2194 Main St,TX,McLennan,27.923,-97.3454
L_748,2,B_748,3321 Main St,TX,Galveston,33.3023,-100.0194
L_749,1,B_749,3672 Main St,TX,Dallas,27.7387,-93.5976
L_750,1,B_750,1305 Main St,TX,Harris,32.5889,-103.5951
L_751,2,B_751,1105 Main St,TX,Dallas,27.2156,-106.0974
L_752,3,B_752,4420 Main St,TX,Travis,36.3973,-94.4288
L_753,3,B_753,4399 Main St,TX,Cameron,32.3962,-105.4087
L_754,1,B_754,8770 Main St,TX,Harris,,
L_755,2,B_755,2145 Main St,TX,McLennan,30.1581,-102.5856
L_756,3,B_756,8190 Main St,TX,Galveston,28.2763,-102.1961
L_757,3,B_757,7738 Main St,TX,Dallas,30.9274,-99.9208
L_758,1,B_758,4114 Main St,TX,Cameron,29.0559,-103.0729
L_759,1,B_759,6861 Main St,TX,Cameron,29.556,-101.1232
L_760,2,B_760,6044 Main St,TX,Cameron,26.3089,-106.0644
L_761,1,B_761,5293 Main St,TX,McLennan,26.3578,-96.8437
L_762,3,B_762,6964 Main St,TX,Galveston,30.851,-94.6989
L_763,1,B_763,1250 Main St,TX,McLennan,26.8782,-104.1786
L_764,3,B_764,2369 Main St,TX,Harris,29.6903,-102.6129
L_765,2,B_765,2171 Main St,TX,Dallas,26.8367,-106.421
L_766,1,B_766,1276 Main St,TX,Travis,31.7039,-95.3081
L_767,2,B_767,8788 Main St,TX,Nueces,33.7318,-101.8659
L_768,3,B_768,9061 Main St,TX,Cameron,31.4588,-101.7321
L_769,2,B_769,2331 Main St,TX,McLennan,32.7577,-103.8486
L_770,3,B_770,2388 Main St,TX,Nueces,35.293,-104.8906
L_771,3,B_771,443 Main St,TX,Dallas,33.7457,-105.0234
L_772,1,B_772,6828 Main St,TX,Harris,35.5603,-98.0279
L_773,3,B_773,3595 Main St,TX,McLennan,27.8376,-97.369
L_774,3,B_774,1437 Main St,TX,Harris,26.6012,-99.4398
L_775,2,B_775,8722 Main St,TX,Travis,29.469,-97.0979
L_776,2,B_776,6614 Main St,TX,Cameron,27.9614,-97.1579
L_777,2,B_777,4809 Main St,TX,Travis,26.2688,-104.0886
L_778,2,B_778,2091 Main St,TX,Cameron,28.502,-95.1103
L_779,2,B_779,7975 Main St,TX,Galveston,35.5029,-93.8258
L_780,2,B_780,6398 Main St,TX,Galveston,30.5988,-97.203
L_781,1,B_781,1134 Main St,TX,Galveston,26.5245,-101.111
L_782,2,B_782,3759 Main St,TX,Harris,31.1914,-106.3134
L_783,1,B_783,576 Main St,TX,Galveston,33.2548,-104.911
L_784,3,B_784,2648 Main St,TX,Dallas,26.2863,-99.1831
L_785,2,B_785,3206 Main St,TX,Nueces,33.2237,-96.8966
L_786,3,B_786,6874 Main St,TX,Nueces,33.1262,-95.1997
L_787,1,B_787,4389 Main St,TX,Harris,27.571,-96.7655
L_788,1,B_788,2006 Main St,TX,Harris,34.1393,-101.3489
L_789,3,B_789,7249 Main St,TX,Galveston,27.7695,-104.504
L_790,1,B_790,4011 Main St,TX,Cameron,33.2549,-95.0831
L_791,2,B_791,7039 Main St,TX,Nueces,30.6732,-97.3284
L_792,1,B_792,8402 Main St,TX,Nueces,29.0465,-103.7136
L_793,1,B_793,3201 Main St,TX,Galveston,31.708,-104.3585
L_794,2,B_794,5291 Main St,TX,Harris,,
L_795,3,B_795,9783 Main St,TX,Travis,28.3489,-106.0879
L_796,1,B_796,1183 Main St,TX,Cameron,,
L_797,1,B_797,6880 Main St,TX,Travis,35.2545,-94.4531
L_798,2,B_798,7676 Main St,TX,Galveston,34.2596,-98.1844
L_799,1,B_799,7219 Main St,TX,Travis,28.4644,-95.8133
L_800,2,B_800,4587 Main St,TX,Dallas,31.5202,-106.5817
L_801,3,B_801,344 Main St,TX,Dallas,29.5178,-98.6724
L_802,1,B_802,4094 Main St,TX,Dallas,29.7495,-105.5095
L_803,2,B_803,2514 Main St,TX,Harris,31.6772,-97.1408
L_804,1,B_804,3791 Main St,TX,Harris,32.3429,-102.3473
L_805,3,B_805,9560 Main St,TX,Harris,,
L_806,2,B_806,1209 Main St,TX,Harris,34.6161,-103.7274
L_807,2,B_807,9464 Main St,TX,Harris,27.6911,-93.872
L_808,1,B_808,3837 Main St,TX,Galveston,36.2728,-96.4058
L_809,2,B_809,3043 Main St,TX,Travis,34.1515,-105.2056
L_810,3,B_810,5724 Main St,TX,Galveston,29.8872,-98.0349
L_811,1,B_811,2392 Main St,TX,Travis,35.1093,-98.2906
L_812,2,B_812,8843 Main St,TX,Galveston,34.5403,-103.7096
L_813,3,B_813,2544 Main St,TX,Dallas,28.6761,-98.9802
L_814,2,B_814,6691 Main St,TX,McLennan,34.4427,-96.737
L_815,2,B_815,7541 Main St,TX,Harris,28.2794,-97.0857
L_816,2,B_816,1766 Main St,TX,McLennan,29.7444,-94.7816
L_817,2,B_817,2964 Main St,TX,McLennan,26.8025,-104.2222
L_818,3,B_818,6334 Main St,TX,Dallas,27.7798,-95.3032
L_819,1,B_819,9971 Main St,TX,McLennan,27.8208,-100.1742
L_820,2,B_820,4038 Main St,TX,McLennan,33.6054,-98.1169
L_821,1,B_821,7654 Main St,TX,Dallas,26.0252,-104.4658
L_822,2,B_822,9654 Main St,TX,Travis,27.7018,-101.436
L_823,3,B_823,4360 Main St,TX,Galveston,26.5432,-105.6562
L_824,2,B_824,9400 Main St,TX,Nueces,35.5277,-93.888
L_825,1,B_825,5357 Main St,TX,McLennan,26.8725,-99.6992
L_826,1,B_826,2810 Main St,TX,Harris,34.4455,-98.6969
L_827,2,B_827,3155 Main St,TX,Dallas,29.8433,-106.3286
L_828,1,B_828,5228 Main St,TX,Cameron,33.9689,-98.1573
L_829,2,B_829,3131 Main St,TX,Cameron,,
L_830,2,B_830,6890 Main St,TX,McLennan,28.4573,-105.5049
L_831,1,B_831,4314 Main St,TX,Nueces,,
L_832,1,B_832,4329 Main St,TX,Travis,32.513,-106.4232
L_833,1,B_833,5036 Main St,TX,Travis,36.1401,-94.0552
L_834,1,B_834,8623 Main St,TX,Nueces,,
L_835,3,B_835,4661 Main St,TX,Harris,29.4208,-97.3323
L_836,1,B_836,4168 Main St,TX,McLennan,27.9648,-100.3064
L_837,3,B_837,7132 Main St,TX,Harris,30.5543,-104.4628
L_838,2,B_838,8982 Main St,TX,Travis,29.3498,-104.5759
L_839,3,B_839,7227 Main St,TX,Cameron,,
L_840,3,B_840,8411 Main St,TX,Travis,33.2048,-98.3799
L_841,2,B_841,1950 Main St,TX,Galveston,,
L_842,2,B_842,2002 Main St,TX,Travis,34.6267,-105.2531
L_843,1,B_843,1318 Main St,TX,Dallas,28.9751,-99.8988
L_844,1,B_844,5164 Main St,TX,Galveston,27.3176,-94.6506
L_845,1,B_845,3746 Main St,TX,Harris,,
L_846,2,B_846,3717 Main St,TX,Travis,30.3703,-104.6694
L_847,3,B_847,859 Main St,TX,Nueces,28.217,-95.0852
L_848,3,B_848,7080 Main St,TX,Dallas,29.9168,-95.0167
L_849,1,B_849,4318 Main St,TX,Galveston,27.0028,-104.3788
L_850,3,B_850,498 Main St,TX,Dallas,26.9785,-105.2673
L_851,2,B_851,8615 Main St,TX,Galveston,29.6232,-98.5344
L_852,1,B_852,501 Main St,TX,Galveston,,
L_853,1,B_853,5350 Main St,TX,Galveston,35.6426,-94.8678
L_854,2,B_854,9306 Main St,TX,Nueces,27.7053,-99.6507
L_855,1,B_855,8286 Main St,TX,Harris,33.0699,-104.6321
L_856,1,B_856,7946 Main St,TX,Galveston,29.0267,-95.8899
L_857,3,B_857,1495 Main St,TX,Galveston,26.912,-94.5973
L_858,2,B_858,5571 Main St,TX,Dallas,32.8805,-94.3792
L_859,2,B_859,5298 Main St,TX,Galveston,33.411,-105.5996
L_860,1,B_860,5797 Main St,TX,Harris,,
L_861,3,B_861,9829 Main St,TX,Cameron,27.3905,-98.0083
L_862,3,B_862,1014 Main St,TX,Nueces,29.9794,-97.1504
L_863,3,B_863,6467 Main St,TX,Nueces,30.9192,-105.7182
L_864,1,B_864,2834 Main St,TX,Dallas,31.9829,-94.0294
L_865,2,B_865,7988 Main St,TX,Cameron,26.7678,-93.5685
L_866,1,B_866,8794 Main St,TX,Galveston,29.9197,-102.417
L_867,1,B_867,7946 Main St,TX,Dallas,30.335,-97.5162
L_868,2,B_868,954 Main St,TX,Nueces,34.2905,-102.2316
L_869,2,B_869,2913 Main St,TX,Harris,32.7973,-103.3786
L_870,1,B_870,5938 Main St,TX,Dallas,30.2797,-100.088
L_871,3,B_871,9555 Main St,TX,Harris,31.4975,-95.8396
L_872,1,B_872,1705 Main St,TX,Cameron,32.0163,-101.0739
L_873,1,B_873,2589 Main St,TX,Cameron,33.2204,-96.7975
L_874,1,B_874,359 Main St,TX,Travis,33.3231,-103.519
L_875,2,B_875,4465 Main St,TX,Galveston,,
L_876,1,B_876,6492 Main St,TX,Harris,25.9836,-99.2853
L_877,2,B_877,3956 Main St,TX,Galveston,35.6537,-105.8195
L_878,2,B_878,7767 Main St,TX,Cameron,34.8816,-95.2453
L_879,3,B_879,2857 Main St,TX,Harris,28.9533,-104.7118
L_880,1,B_880,2004 Main St,TX,McLennan,34.9304,-93.8692
L_881,1,B_881,6857 Main St,TX,Cameron,28.3947,-95.7555
L_882,2,B_882,3025 Main St,TX,McLennan,26.3978,-104.7948
L_883,3,B_883,6601 Main St,TX,McLennan,36.094,-97.3781
L_884,1,B_884,6576 Main St,TX,Cameron,26.0819,-93.9596
L_885,3,B_885,468 Main St,TX,Harris,33.305,-97.918
L_886,1,B_886,3644 Main St,TX,Nueces,,
L_887,2,B_887,2488 Main St,TX,Nueces,35.1141,-106.2046
L_888,2,B_888,3217 Main St,TX,Galveston,26.6452,-105.5904
L_889,3,B_889,5408 Main St,TX,McLennan,31.8903,-95.9404
L_890,1,B_890,8434 Main St,TX,Galveston,,
L_891,2,B_891,4965 Main St,TX,Harris,33.7561,-96.7998
L_892,1,B_892,1287 Main St,TX,Galveston,29.0047,-101.2091
L_893,2,B_893,8868 Main St,TX,Galveston,34.1609,-97.4923
L_894,1,B_894,209 Main St,TX,McLennan,28.8684,-104.5579
L_895,1,B_895,2970 Main St,TX,Cameron,26.1437,-96.7602
L_896,2,B_896,5334 Main St,TX,Nueces,25.9163,-95.6919
L_897,1,B_897,5747 Main St,TX,Dallas,33.075,-95.1247
L_898,1,B_898,9757 Main St,TX,Travis,31.7295,-95.7333
L_899,1,B_899,9402 Main St,TX,Harris,31.17,-97.3075
L_900,1,B_900,8123 Main St,TX,Harris,27.4778,-93.8521
L_901,3,B_901,7774 Main St,TX,Harris,36.2638,-104.9608
L_902,1,B_902,3825 Main St,TX,Travis,28.0669,-98.4905
L_903,3,B_903,7560 Main St,TX,Dallas,28.1423,-104.1936
L_904,1,B_904,9459 Main St,TX,Nueces,31.7844,-95.5736
L_905,2,B_905,3304 Main St,TX,Galveston,30.8123,-102.4972
L_906,3,B_906,9957 Main St,TX,Nueces,34.6516,-104.4408
L_907,2,B_907,5981 Main St,TX,Harris,32.7191,-104.049
L_908,1,B_908,8109 Main St,TX,Galveston,,
L_909,1,B_909,9584 Main St,TX,McLennan,26.6326,-98.6982
L_910,1,B_910,5274 Main St,TX,Nueces,26.1001,-102.9031
L_911,1,B_911,5773 Main St,TX,McLennan,31.5948,-105.7443
L_912,2,B_912,1205 Main St,TX,McLennan,32.1891,-96.6896
L_913,1,B_913,9345 Main St,TX,Cameron,31.7031,-98.2371
L_914,3,B_914,2492 Main St,TX,Nueces,,
L_915,3,B_915,4275 Main St,TX,Harris,36.2503,-99.2012
L_916,1,B_916,7496 Main St,TX,Travis,31.832,-96.248
L_917,1,B_917,4514 Main St,TX,Harris,,
L_918,3,B_918,1498 Main St,TX,McLennan,29.166,-94.24
L_919,1,B_919,1304 Main St,TX,McLennan,25.8907,-101.9279
L_920,3,B_920,1154 Main St,TX,Harris,30.0601,-104.047
L_921,1,B_921,7955 Main St,TX,Travis,33.8447,-97.0935
L_922,1,B_922,3648 Main St,TX,Travis,36.2202,-97.3952
L_923,2,B_923,6514 Main St,TX,Cameron,,
L_924,3,B_924,7571 Main St,TX,Galveston,33.7335,-105.2769
L_925,1,B_925,294 Main St,TX,Dallas,34.4402,-104.6326
L_926,2,B_926,3678 Main St,TX,McLennan,32.0828,-101.5943
L_927,3,B_927,8745 Main St,TX,Travis,32.074,-95.4384
L_928,2,B_928,7074 Main St,TX,Nueces,27.4215,-100.5333
L_929,1,B_929,2531 Main St,TX,Cameron,26.7982,-97.1881
L_930,3,B_930,5918 Main St,TX,McLennan,35.2631,-96.0221
L_931,1,B_931,6538 Main St,TX,Dallas,32.8002,-96.5284
L_932,1,B_932,7686 Main St,TX,Nueces,36.1112,-99.8365
L_933,1,B_933,7162 Main St,TX,McLennan,33.5973,-98.0667
L_934,3,B_934,1805 Main St,TX,Cameron,29.4531,-96.3119
L_935,1,B_935,1794 Main St,TX,Cameron,29.6554,-95.387
L_936,1,B_936,2726 Main St,TX,Travis,30.4106,-94.9321
L_937,3,B_937,6076 Main St,TX,Galveston,29.9477,-103.8644
L_938,3,B_938,9203 Main St,TX,Harris,26.6025,-104.6035
L_939,3,B_939,4878 Main St,TX,Cameron,31.1235,-96.0581
L_940,2,B_940,2727 Main St,TX,Nueces,,
L_941,2,B_941,3463 Main St,TX,Harris,31.6544,-93.9068
L_942,1,B_942,3507 Main St,TX,Travis,34.1615,-105.4581
L_943,2,B_943,601 Main St,TX,Travis,26.807,-102.4903
L_944,1,B_944,336 Main St,TX,Nueces,27.5278,-102.9305
L_945,1,B_945,8997 Main St,TX,Dallas,29.6876,-105.4311
L_946,2,B_946,803 Main St,TX,Cameron,34.0598,-103.2209
L_947,2,B_947,6022 Main St,TX,Nueces,28.5395,-95.1158
L_948,3,B_948,6619 Main St,TX,McLennan,32.7581,-104.7601
L_949,3,B_949,4183 Main St,TX,Dallas,27.1264,-99.1496
L_950,3,B_950,625 Main St,TX,Harris,,
L_951,2,B_951,8425 Main St,TX,McLennan,34.9913,-101.3477
L_952,3,B_952,2494 Main St,TX,Dallas,34.9699,-94.5855
L_953,2,B_953,9570 Main St,TX,Harris,,
L_954,1,B_954,2821 Main St,TX,McLennan,29.724,-95.5327
L_955,3,B_955,4240 Main St,TX,Galveston,29.7984,-97.6632
L_956,3,B_956,9252 Main St,TX,Cameron,28.6123,-95.1305
L_957,2,B_957,2382 Main St,TX,Nueces,32.4406,-98.1653
L_958,2,B_958,8476 Main St,TX,Nueces,28.4195,-95.8418
L_959,3,B_959,7740 Main St,TX,Nueces,,
L_960,2,B_960,3756 Main St,TX,Galveston,28.9101,-104.5275
L_961,1,B_961,2906 Main St,TX,Cameron,26.5809,-101.5143
L_962,3,B_962,1912 Main St,TX,Dallas,30.7464,-105.3751
L_963,2,B_963,744 Main St,TX,Cameron,32.6746,-94.8083
L_964,3,B_964,7828 Main St,TX,Travis,30.7739,-105.4757
L_965,3,B_965,8647 Main St,TX,McLennan,33.63,-94.5813
L_966,1,B_966,8697 Main St,TX,Dallas,35.6707,-96.5364
L_967,1,B_967,3421 Main St,TX,Travis,27.9343,-102.2938
L_968,1,B_968,1463 Main St,TX,Nueces,36.4619,-100.2295
L_969,2,B_969,2914 Main St,TX,Nueces,30.8955,-102.9533
L_970,2,B_970,7331 Main St,TX,Nueces,,
L_971,3,B_971,3860 Main St,TX,Travis,27.4664,-100.4434
L_972,1,B_972,7092 Main St,TX,McLennan,32.6503,-102.4056
L_973,1,B_973,5885 Main St,TX,McLennan,26.1352,-98.7259
L_974,3,B_974,4861 Main St,TX,Travis,29.869,-94.3324
L_975,1,B_975,9025 Main St,TX,Harris,30.4022,-100.3983
L_976,1,B_976,5816 Main St,TX,Nueces,,
L_977,2,B_977,2546 Main St,TX,Dallas,35.0878,-94.1204
L_978,3,B_978,3112 Main St,TX,McLennan,33.1153,-103.065
L_979,3,B_979,143 Main St,TX,Cameron,26.6944,-105.6927
L_980,2,B_980,7832 Main St,TX,Travis,30.1342,-102.6918
L_981,2,B_981,2291 Main St,TX,Harris,35.1228,-99.7254
L_982,3,B_982,207 Main St,TX,Galveston,28.5761,-95.7198
L_983,1,B_983,1149 Main St,TX,Travis,26.7891,-94.7885
L_984,2,B_984,7459 Main St,TX,Cameron,33.859,-104.4446
L_985,2,B_985,468 Main St,TX,Harris,30.2844,-100.371
L_986,2,B_986,9117 Main St,TX,Galveston,27.5194,-97.4734
L_987,2,B_987,4932 Main St,TX,Harris,33.214,-101.5023
L_988,2,B_988,2356 Main St,TX,McLennan,25.9063,-96.3418
L_989,3,B_989,9025 Main St,TX,Travis,32.1893,-105.5807
L_990,2,B_990,7799 Main St,TX,Cameron,32.3967,-102.3591
L_991,1,B_991,4251 Main St,TX,Galveston,35.847,-96.8688
L_992,2,B_992,1236 Main St,TX,Harris,29.1867,-104.6284
L_993,1,B_993,7257 Main St,TX,Galveston,27.3781,-95.2777
L_994,3,B_994,2724 Main St,TX,Dallas,27.0156,-93.8933
L_995,1,B_995,8129 Main St,TX,Cameron,31.3714,-106.5518
L_996,3,B_996,7143 Main St,TX,Travis,30.621,-95.6941
L_997,2,B_997,3529 Main St,TX,McLennan,27.1452,-100.7138
L_998,2,B_998,6580 Main St,TX,Galveston,26.8427,-103.736
L_999,1,B_999,5445 Main St,TX,Nueces,30.2959,-99.4463
L_1000,3,B_1000,1184 Main St,TX,Harris,29.8399,-102.0401
L_1001,3,B_1001,2672 Main St,TX,Nueces,36.1977,-99.0434
L_1002,3,B_1002,5461 Main St,TX,Galveston,,
L_1003,1,B_1003,5891 Main St,TX,Cameron,25.9732,-94.8538
L_1004,1,B_1004,5539 Main St,TX,Nueces,35.085,-97.4389
L_1005,3,B_1005,1597 Main St,TX,Harris,30.6792,-101.2239
L_1006,2,B_1006,419 Main St,TX,Galveston,31.6044,-99.7465
L_1007,2,B_1007,400 Main St,TX,McLennan,33.9864,-105.1147
L_1008,2,B_1008,6054 Main St,TX,McLennan,27.6812,-100.9882
L_1009,2,B_1009,1423 Main St,TX,Travis,27.6928,-98.8069
L_1010,3,B_1010,630 Main St,TX,McLennan,31.6076,-101.6015
L_1011,2,B_1011,8509 Main St,TX,Galveston,33.1675,-100.8688
L_1012,2,B_1012,1981 Main St,TX,Cameron,32.438,-94.4807
L_1013,1,B_1013,5073 Main St,TX,Galveston,36.4504,-96.0422
L_1014,2,B_1014,8910 Main St,TX,McLennan,26.9108,-98.0899
L_1015,1,B_1015,4293 Main St,TX,Dallas,32.394,-101.2122
L_1016,3,B_1016,2211 Main St,TX,Galveston,33.8435,-94.4533
L_1017,2,B_1017,2210 Main St,TX,Travis,26.8668,-100.7822
L_1018,3,B_1018,7133 Main St,TX,Dallas,32.0192,-106.1725
L_1019,2,B_1019,2933 Main St,TX,McLennan,28.902,-101.0896
L_1020,1,B_1020,3507 Main St,TX,Cameron,30.6645,-101.6079
L_1021,1,B_1021,880 Main St,TX,Harris,30.8244,-104.9698
L_1022,1,B_1022,310 Main St,TX,Galveston,35.5801,-101.1906
L_1023,3,B_1023,3537 Main St,TX,Harris,33.331,-96.8909
L_1024,1,B_1024,6954 Main St,TX,Nueces,,
L_1025,3,B_1025,275 Main St,TX,Travis,29.8087,-103.6664
L_1026,1,B_1026,7502 Main St,TX,Dallas,28.8346,-95.0771
L_1027,3,B_1027,2305 Main St,TX,Harris,34.7718,-96.1837
L_1028,3,B_1028,2213 Main St,TX,Travis,30.2375,-103.4356
L_1029,2,B_1029,4042 Main St,TX,Harris,30.2358,-106.3966
L_1030,2,B_1030,5379 Main St,TX,Harris,29.8061,-95.9011
L_1031,3,B_1031,727 Main St,TX,Travis,34.5744,-98.7407
L_1032,1,B_1032,2615 Main St,TX,Galveston,36.063,-93.5939
L_1033,2,B_1033,8766 Main St,TX,Harris,36.2163,-104.0761
L_1034,3,B_1034,3883 Main St,TX,Travis,32.6954,-95.746
L_1035,1,B_1035,146 Main St,TX,Harris,31.983,-104.9118
L_1036,3,B_1036,3219 Main St,TX,Cameron,36.2577,-104.3243
L_1037,3,B_1037,4551 Main St,TX,Galveston,31.3349,-100.87
L_1038,1,B_1038,2432 Main St,TX,Cameron,,
L_1039,1,B_1039,4599 Main St,TX,Cameron,31.1956,-98.3281
L_1040,1,B_1040,3335 Main St,TX,Travis,34.1918,-95.5563
L_1041,1,B_1041,7585 Main St,TX,Cameron,28.5845,-99.3569
L_1042,1,B_1042,5521 Main St,TX,Harris,27.9803,-105.3782
L_1043,3,B_1043,3453 Main St,TX,McLennan,30.4804,-98.3615
L_1044,1,B_1044,9509 Main St,TX,Galveston,26.0977,-97.3308
L_1045,2,B_1045,1979 Main St,TX,Harris,26.6429,-101.5905
L_1046,2,B_1046,7222 Main St,TX,Dallas,33.743,-104.8898
L_1047,3,B_1047,9490 Main St,TX,Travis,30.6547,-98.3273
L_1048,3,B_1048,2419 Main St,TX,Harris,28.365,-94.8374
L_1049,3,B_1049,9279 Main St,TX,Galveston,31.529,-103.3872
L_1050,2,B_1050,593 Main St,TX,Cameron,34.2107,-96.5079
L_1051,1,B_1051,1932 Main St,TX,Galveston,28.7421,-94.3518
L_1052,2,B_1052,6908 Main St,TX,Dallas,32.5136,-98.2371
L_1053,3,B_1053,6594 Main St,TX,Cameron,26.9066,-100.5854
L_1054,2,B_1054,3722 Main St,TX,Dallas,32.1761,-105.1973
L_1055,3,B_1055,2131 Main St,TX,Nueces,35.3723,-105.3846
L_1056,2,B_1056,7014 Main St,TX,Nueces,29.667,-95.6181
L_1057,1,B_1057,7084 Main St,TX,Harris,31.0541,-106.3124
L_1058,2,B_1058,6416 Main St,TX,McLennan,26.5873,-94.0343
L_1059,1,B_1059,9244 Main St,TX,Cameron,,
L_1060,1,B_1060,7820 Main St,TX,Galveston,29.8152,-102.492
L_1061,1,B_1061,5106 Main St,TX,McLennan,35.5188,-96.008
L_1062,1,B_1062,251 Main St,TX,Cameron,25.9085,-104.2593
L_1063,3,B_1063,4175 Main St,TX,Cameron,32.2912,-106.188
L_1064,2,B_1064,3480 Main St,TX,Cameron,36.433,-100.2608
L_1065,1,B_1065,123 Main St,TX,Cameron,31.6474,-104.5251
L_1066,3,B_1066,4265 Main St,TX,McLennan,33.7362,-94.4618
L_1067,2,B_1067,6224 Main St,TX,Harris,26.1162,-106.2982
L_1068,3,B_1068,4662 Main St,TX,Travis,31.2757,-104.6043
L_1069,1,B_1069,4240 Main St,TX,Travis,35.0756,-105.0963
L_1070,1,B_1070,1153 Main St,TX,Travis,28.1214,-102.3092
L_1071,1,B_1071,409 Main St,TX,Dallas,28.1514,-97.0666
L_1072,2,B_1072,6482 Main St,TX,Cameron,28.6632,-100.2914
L_1073,3,B_1073,1731 Main St,TX,Cameron,29.5295,-99.3754
L_1074,3,B_1074,7241 Main St,TX,Galveston,33.7736,-100.105
L_1075,3,B_1075,6505 Main St,TX,Dallas,31.2854,-101.3608
L_1076,2,B_1076,4423 Main St,TX,Galveston,27.6507,-97.5995
L_1077,3,B_1077,9607 Main St,TX,Nueces,28.8076,-101.454
L_1078,3,B_1078,7707 Main St,TX,Galveston,34.001,-102.5182
L_1079,2,B_1079,170 Main St,TX,Galveston,36.0053,-100.2094
L_1080,2,B_1080,601 Main St,TX,Harris,30.334,-96.8133
L_1081,1,B_1081,9055 Main St,TX,Travis,34.53,-98.4399
L_1082,2,B_1082,4808 Main St,TX,Cameron,30.3936,-99.1704
L_1083,1,B_1083,4853 Main St,TX,Dallas,29.8014,-98.3117
L_1084,1,B_1084,5527 Main St,TX,Nueces,,
L_1085,2,B_1085,9149 Main St,TX,Dallas,27.5896,-106.1577
L_1086,1,B_1086,550 Main St,TX,Cameron,32.0795,-102.7555
L_1087,3,B_1087,1735 Main St,TX,Harris,32.7025,-93.9566
L_1088,2,B_1088,5493 Main St,TX,Galveston,26.1204,-104.2433
L_1089,1,B_1089,1656 Main St,TX,Nueces,34.2626,-101.9135
L_1090,1,B_1090,8124 Main St,TX,Travis,26.5773,-97.9939
L_1091,1,B_1091,6771 Main St,TX,Cameron,34.1408,-104.9978
L_1092,1,B_1092,5004 Main St,TX,McLennan,29.2089,-106.4572
L_1093,3,B_1093,2438 Main St,TX,McLennan,29.3189,-100.5036
L_1094,1,B_1094,9604 Main St,TX,Harris,35.4166,-99.2425
L_1095,2,B_1095,6864 Main St,TX,Travis,29.9258,-98.7164
L_1096,2,B_1096,2884 Main St,TX,McLennan,31.4417,-105.2517
L_1097,1,B_1097,8549 Main St,TX,McLennan,28.7751,-98.6365
L_1098,3,B_1098,158 Main St,TX,Cameron,35.0011,-105.6198
L_1099,3,B_1099,9706 Main St,TX,Nueces,30.3127,-96.6938
L_1100,3,B_1100,2223 Main St,TX,Nueces,29.2253,-104.0177
L_1101,3,B_1101,4945 Main St,TX,Cameron,31.1356,-93.6276
L_1102,1,B_1102,1671 Main St,TX,Dallas,30.3072,-104.9744
L_1103,1,B_1103,2049 Main St,TX,Cameron,29.2976,-101.5846
L_1104,3,B_1104,5976 Main St,TX,Travis,31.9676,-102.866
L_1105,3,B_1105,199 Main St,TX,McLennan,32.6872,-95.385
L_1106,1,B_1106,5307 Main St,TX,Nueces,35.5546,-102.8748
L_1107,1,B_1107,397 Main St,TX,Cameron,30.1101,-94.8646
L_1108,1,B_1108,6783 Main St,TX,Nueces,26.2186,-98.1534
L_1109,2,B_1109,9490 Main St,TX,Nueces,,
L_1110,2,B_1110,6910 Main St,TX,Dallas,26.8178,-96.0871
L_1111,2,B_1111,1717 Main St,TX,Travis,33.5388,-103.0018
L_1112,3,B_1112,3297 Main St,TX,Galveston,30.0837,-99.3105
L_1113,3,B_1113,2101 Main St,TX,Nueces,32.3518,-101.4474
L_1114,3,B_1114,5505 Main St,TX,Travis,33.2521,-100.645
L_1115,3,B_1115,2761 Main St,TX,Harris,36.1485,-105.0095
L_1116,2,B_1116,5529 Main St,TX,Dallas,29.8008,-98.5045
L_1117,2,B_1117,6202 Main St,TX,Galveston,,
L_1118,3,B_1118,2718 Main St,TX,Nueces,,
L_1119,1,B_1119,4106 Main St,TX,Cameron,,
L_1120,1,B_1120,2764 Main St,TX,Nueces,,
L_1121,2,B_1121,2281 Main St,TX,Dallas,29.2546,-97.5925
L_1122,3,B_1122,9155 Main St,TX,Dallas,30.4618,-104.3705
L_1123,3,B_1123,886 Main St,TX,McLennan,27.8454,-94.7802
L_1124,2,B_1124,5414 Main St,TX,Nueces,35.4608,-93.6367
L_1125,1,B_1125,8344 Main St,TX,Travis,35.795,-95.229
L_1126,2,B_1126,9082 Main St,TX,Dallas,28.5787,-96.3172
L_1127,3,B_1127,3263 Main St,TX,Dallas,26.9856,-94.1924
L_1128,3,B_1128,7571 Main St,TX,Harris,,
L_1129,1,B_1129,7391 Main St,TX,Harris,32.3564,-95.9564
L_1130,3,B_1130,5083 Main St,TX,Harris,27.6226,-104.7953
L_1131,2,B_1131,3950 Main St,TX,Dallas,30.7294,-104.9456
L_1132,2,B_1132,5831 Main St,TX,Galveston,33.8575,-94.9698
L_1133,2,B_1133,4540 Main St,TX,Travis,36.1344,-101.1858
L_1134,3,B_1134,1038 Main St,TX,Dallas,30.5805,-104.9969
L_1135,1,B_1135,5114 Main St,TX,Cameron,31.9834,-97.9374
L_1136,2,B_1136,8241 Main St,TX,Cameron,29.2445,-97.0257
L_1137,1,B_1137,6728 Main St,TX,McLennan,28.2164,-103.1441
L_1138,3,B_1138,2956 Main St,TX,Cameron,26.6859,-99.2835
L_1139,1,B_1139,5668 Main St,TX,Nueces,32.8564,-96.968
L_1140,1,B_1140,3351 Main St,TX,Galveston,26.6348,-93.8699
L_1141,1,B_1141,9861 Main St,TX,Galveston,,
L_1142,1,B_1142,6065 Main St,TX,Travis,25.9405,-103.7686
L_1143,2,B_1143,865 Main St,TX,Galveston,27.8107,-105.2306
L_1144,3,B_1144,1845 Main St,TX,Travis,28.0327,-98.8641
L_1145,1,B_1145,1524 Main St,TX,Cameron,34.9855,-96.6376
L_1146,2,B_1146,1997 Main St,TX,Galveston,30.658,-104.5826
L_1147,2,B_1147,5500 Main St,TX,Nueces,35.5811,-103.7339
L_1148,1,B_1148,2707 Main St,TX,Travis,29.691,-93.8267
L_1149,3,B_1149,5418 Main St,TX,Harris,31.2941,-96.3817
L_1150,2,B_1150,5332 Main St,TX,Harris,28.7729,-104.449
L_1151,2,B_1151,8399 Main St,TX,Galveston,35.1072,-98.1062
L_1152,2,B_1152,7233 Main St,TX,Galveston,,
L_1153,1,B_1153,3074 Main St,TX,Cameron,33.7718,-103.4486
L_1154,2,B_1154,7685 Main St,TX,Travis,35.3668,-104.1499
L_1155,2,B_1155,7396 Main St,TX,Cameron,,
L_1156,1,B_1156,9001 Main St,TX,Travis,32.8822,-100.6704
L_1157,2,B_1157,9146 Main St,TX,Nueces,35.7181,-105.4987
L_1158,1,B_1158,8919 Main St,TX,Dallas,30.4168,-104.6269
L_1159,1,B_1159,3002 Main St,TX,Harris,31.2348,-105.9036
L_1160,2,B_1160,6684 Main St,TX,Dallas,28.7167,-105.3187
L_1161,1,B_1161,761 Main St,TX,Dallas,32.7403,-97.0108
L_1162,2,B_1162,3721 Main St,TX,McLennan,30.3217,-102.7485
L_1163,2,B_1163,1450 Main St,TX,Travis,30.1088,-98.818
L_1164,2,B_1164,7393 Main St,TX,McLennan,31.4663,-100.1336
L_1165,1,B_1165,4627 Main St,TX,McLennan,30.4391,-97.6768
L_1166,1,B_1166,8808 Main St,TX,Dallas,32.7159,-94.0375
L_1167,2,B_1167,9726 Main St,TX,McLennan,28.1495,-105.9039
L_1168,2,B_1168,406 Main St,TX,Nueces,,
L_1169,3,B_1169,3998 Main St,TX,Travis,28.6481,-105.7374
L_1170,2,B_1170,425 Main St,TX,Dallas,26.881,-103.6333
L_1171,2,B_1171,4273 Main St,TX,Travis,32.4364,-97.2227
L_1172,2,B_1172,5977 Main St,TX,Nueces,26.884,-96.9856
L_1173,3,B_1173,8843 Main St,TX,Galveston,28.6705,-103.9053
L_1174,2,B_1174,8414 Main St,TX,McLennan,34.2073,-102.046
L_1175,2,B_1175,214 Main St,TX,Dallas,28.8815,-98.7883
L_1176,2,B_1176,9815 Main St,TX,Harris,26.8084,-100.0076
L_1177,3,B_1177,7815 Main St,TX,Travis,33.295,-100.3545
L_1178,2,B_1178,2028 Main St,TX,Cameron,35.5013,-103.4741
L_1179,3,B_1179,9005 Main St,TX,Nueces,26.5432,-104.1458
L_1180,2,B_1180,7174 Main St,TX,McLennan,35.4286,-104.742
L_1181,3,B_1181,1204 Main St,TX,Travis,25.9363,-100.3827
L_1182,2,B_1182,5170 Main St,TX,Nueces,27.6994,-103.1438
L_1183,1,B_1183,2250 Main St,TX,Travis,26.6237,-97.7024
L_1184,1,B_1184,3017 Main St,TX,Galveston,32.1559,-93.899
L_1185,2,B_1185,3707 Main St,TX,Cameron,31.0249,-103.3576
L_1186,3,B_1186,6128 Main St,TX,Nueces,,
L_1187,2,B_1187,5481 Main St,TX,Travis,34.5625,-99.1688
L_1188,3,B_1188,4933 Main St,TX,Cameron,34.7383,-99.719
L_1189,2,B_1189,6071 Main St,TX,Galveston,27.3684,-105.3698
L_1190,1,B_1190,9869 Main St,TX,Galveston,33.6772,-100.6707
L_1191,1,B_1191,3066 Main St,TX,Galveston,36.3908,-103.2289
L_1192,2,B_1192,840 Main St,TX,McLennan,31.0055,-101.8278
L_1193,2,B_1193,5440 Main St,TX,Nueces,,
L_1194,3,B_1194,5877 Main St,TX,Travis,29.5731,-97.2969
L_1195,1,B_1195,9332 Main St,TX,Travis,35.3377,-96.4537
L_1196,2,B_1196,6764 Main St,TX,Cameron,35.4532,-98.7958
L_1197,1,B_1197,7357 Main St,TX,Cameron,,
L_1198,2,B_1198,5362 Main St,TX,Nueces,33.5919,-106.3285
L_1199,3,B_1199,7389 Main St,TX,Galveston,34.962,-97.9623
L_1200,1,B_1200,8225 Main St,TX,Travis,27.3155,-100.0784
L_1201,3,B_1201,9923 Main St,TX,Travis,28.4147,-96.8927
L_1202,2,B_1202,1546 Main St,TX,Galveston,29.6458,-96.8488
L_1203,2,B_1203,1852 Main St,TX,Harris,36.0165,-98.2326
L_1204,2,B_1204,3186 Main St,TX,Harris,35.1854,-97.7077
L_1205,3,B_1205,7459 Main St,TX,Galveston,30.6072,-94.0462
L_1206,2,B_1206,9806 Main St,TX,Cameron,28.6388,-97.7042
L_1207,1,B_1207,9082 Main St,TX,McLennan,35.3015,-101.4776
L_1208,1,B_1208,3761 Main St,TX,Cameron,36.4352,-102.5479
L_1209,3,B_1209,400 Main St,TX,Cameron,,
L_1210,1,B_1210,5104 Main St,TX,Travis,31.3648,-102.1031
L_1211,2,B_1211,5528 Main St,TX,Cameron,30.438,-100.6391
L_1212,1,B_1212,7763 Main St,TX,Travis,36.1592,-96.2203
L_1213,2,B_1213,6844 Main St,TX,Harris,36.1733,-100.0641
L_1214,2,B_1214,2439 Main St,TX,Cameron,30.7896,-104.632
L_1215,3,B_1215,7344 Main St,TX,Galveston,32.4746,-97.8974
L_1216,2,B_1216,4197 Main St,TX,Nueces,28.8844,-96.1228
L_1217,1,B_1217,5427 Main St,TX,Nueces,,
L_1218,3,B_1218,1805 Main St,TX,Cameron,,
L_1219,1,B_1219,1537 Main St,TX,McLennan,28.8283,-98.8308
L_1220,3,B_1220,6474 Main St,TX,Cameron,,
L_1221,2,B_1221,109 Main St,TX,Galveston,30.4045,-97.9507
L_1222,3,B_1222,9102 Main St,TX,Harris,,
L_1223,1,B_1223,9438 Main St,TX,Harris,29.5473,-102.8892
L_1224,3,B_1224,5943 Main St,TX,Cameron,32.919,-96.5276
L_1225,2,B_1225,8793 Main St,TX,Travis,27.4589,-105.4734
L_1226,3,B_1226,9446 Main St,TX,Dallas,28.6962,-93.5535
L_1227,1,B_1227,7714 Main St,TX,McLennan,27.905,-98.9336
L_1228,2,B_1228,738 Main St,TX,McLennan,26.6637,-103.733
L_1229,3,B_1229,1886 Main St,TX,Dallas,30.863,-101.9543
L_1230,2,B_1230,5811 Main St,TX,Nueces,32.6164,-101.0644
L_1231,1,B_1231,2850 Main St,TX,Nueces,26.8501,-103.1775
L_1232,1,B_1232,3074 Main St,TX,Nueces,29.1249,-99.2128
L_1233,1,B_1233,2005 Main St,TX,Harris,29.2505,-99.026
L_1234,3,B_1234,3460 Main St,TX,Galveston,27.9347,-104.8225
L_1235,1,B_1235,3400 Main St,TX,McLennan,31.7308,-102.6561
L_1236,2,B_1236,6308 Main St,TX,Dallas,26.7159,-99.1767
L_1237,2,B_1237,8647 Main St,TX,Travis,32.523,-99.4496
L_1238,3,B_1238,9850 Main St,TX,Cameron,35.1724,-100.8767
L_1239,2,B_1239,6259 Main St,TX,Travis,27.2831,-100.8111
L_1240,1,B_1240,1095 Main St,TX,Cameron,35.8032,-97.265
L_1241,1,B_1241,227 Main St,TX,Harris,30.3761,-101.0914
L_1242,1,B_1242,8521 Main St,TX,McLennan,30.1898,-106.2375
L_1243,1,B_1243,3307 Main St,TX,Galveston,36.0452,-101.086
L_1244,2,B_1244,4561 Main St,TX,McLennan,33.8877,-98.5408
L_1245,2,B_1245,7612 Main St,TX,Cameron,28.3963,-99.8901
L_1246,2,B_1246,7188 Main St,TX,Nueces,,
L_1247,3,B_1247,1252 Main St,TX,Travis,31.613,-99.191
L_1248,3,B_1248,2228 Main St,TX,McLennan,28.9388,-96.7051
L_1249,3,B_1249,8416 Main St,TX,Travis,30.0015,-101.3215
L_1250,3,B_1250,9566 Main St,TX,Dallas,25.8637,-96.022
L_1251,3,B_1251,8557 Main St,TX,Dallas,35.1615,-100.5711
L_1252,3,B_1252,9712 Main St,TX,Travis,26.3815,-105.8835
L_1253,1,B_1253,3823 Main St,TX,Galveston,32.7537,-102.2314
L_1254,2,B_1254,215 Main St,TX,Galveston,,
L_1255,2,B_1255,8223 Main St,TX,McLennan,28.9092,-100.2928
L_1256,2,B_1256,4700 Main St,TX,Travis,29.345,-105.8027
L_1257,3,B_1257,6496 Main St,TX,Harris,33.0162,-96.9143
L_1258,3,B_1258,1833 Main St,TX,Galveston,,
L_1259,2,B_1259,2014 Main St,TX,Cameron,27.3424,-96.9004
L_1260,1,B_1260,4137 Main St,TX,Galveston,28.1919,-97.7486
L_1261,2,B_1261,9475 Main St,TX,Nueces,29.0195,-102.5273
L_1262,1,B_1262,7950 Main St,TX,Dallas,36.384,-106.5155
L_1263,3,B_1263,9558 Main St,TX,Galveston,33.1592,-105.0973
L_1264,2,B_1264,9838 Main St,TX,Cameron,,
L_1265,3,B_1265,2174 Main St,TX,Galveston,27.0951,-105.3311
L_1266,3,B_1266,7743 Main St,TX,Cameron,30.869,-95.6913
L_1267,1,B_1267,1822 Main St,TX,Nueces,26.3955,-105.0043
L_1268,2,B_1268,5479 Main St,TX,Cameron,36.3149,-95.8545
L_1269,1,B_1269,6554 Main St,TX,Galveston,31.6499,-95.8359
L_1270,1,B_1270,896 Main St,TX,Nueces,34.9947,-98.5152
L_1271,1,B_1271,3709 Main St,TX,Travis,30.4262,-98.2658
L_1272,3,B_1272,3561 Main St,TX,Travis,27.7774,-95.877
L_1273,3,B_1273,8633 Main St,TX,Dallas,32.8349,-104.3628
L_1274,3,B_1274,8058 Main St,TX,McLennan,33.7358,-99.4385
L_1275,1,B_1275,8963 Main St,TX,Nueces,28.9034,-97.8553
L_1276,1,B_1276,8604 Main St,TX,Galveston,31.0747,-97.8531
L_1277,2,B_1277,5879 Main St,TX,McLennan,29.9857,-97.4607
L_1278,2,B_1278,2484 Main St,TX,Travis,26.9485,-101.1387
L_1279,3,B_1279,8510 Main St,TX,Galveston,26.0993,-100.6122
L_1280,3,B_1280,6088 Main St,TX,McLennan,31.837,-106.4556
L_1281,1,B_1281,9288 Main St,TX,Nueces,32.7027,-94.8988
L_1282,1,B_1282,8490 Main St,TX,Nueces,26.2562,-94.7175
L_1283,1,B_1283,6597 Main St,TX,McLennan,36.1019,-100.4704
L_1284,2,B_1284,8497 Main St,TX,Cameron,28.7629,-93.739
L_1285,3,B_1285,1818 Main St,TX,Nueces,34.9575,-100.008
L_1286,3,B_1286,9047 Main St,TX,Harris,33.3566,-101.4828
L_1287,1,B_1287,4330 Main St,TX,Travis,26.4716,-98.0075
L_1288,3,B_1288,3947 Main St,TX,Dallas,29.565,-97.1784
L_1289,1,B_1289,9527 Main St,TX,Dallas,29.4304,-97.2311
L_1290,3,B_1290,7758 Main St,TX,Harris,28.7782,-96.6098
L_1291,3,B_1291,6586 Main St,TX,McLennan,29.0413,-101.4395
L_1292,3,B_1292,4076 Main St,TX,Nueces,32.7029,-101.6676
L_1293,2,B_1293,938 Main St,TX,Harris,32.851,-99.0539
L_1294,2,B_1294,9413 Main St,TX,Harris,34.0968,-99.7168
L_1295,1,B_1295,240 Main St,TX,Nueces,,
L_1296,3,B_1296,166 Main St,TX,Travis,29.2676,-94.087
L_1297,2,B_1297,7804 Main St,TX,Nueces,32.407,-101.3106
L_1298,2,B_1298,3986 Main St,TX,Nueces,,
L_1299,2,B_1299,8233 Main St,TX,Cameron,27.5032,-105.3353
L_1300,3,B_1300,9723 Main St,TX,Galveston,,
L_1301,2,B_1301,4762 Main St,TX,McLennan,35.7963,-100.359
L_1302,1,B_1302,9641 Main St,TX,Dallas,33.931,-93.7446
L_1303,2,B_1303,4969 Main St,TX,Dallas,34.4515,-97.0023
L_1304,1,B_1304,4633 Main St,TX,Harris,35.4278,-104.3206
L_1305,2,B_1305,5222 Main St,TX,Cameron,33.8872,-101.0973
L_1306,3,B_1306,7678 Main St,TX,Harris,,
L_1307,1,B_1307,4239 Main St,TX,Harris,27.0249,-95.5069
L_1308,3,B_1308,5174 Main St,TX,McLennan,26.5798,-96.6001
L_1309,1,B_1309,4640 Main St,TX,Harris,34.7953,-94.5015
L_1310,3,B_1310,1907 Main St,TX,Harris,33.2764,-101.6531
L_1311,2,B_1311,808 Main St,TX,Galveston,31.9394,-103.9835
L_1312,1,B_1312,7503 Main St,TX,McLennan,28.5017,-100.8686
L_1313,1,B_1313,6702 Main St,TX,Travis,28.8612,-103.9644
L_1314,1,B_1314,9627 Main St,TX,Cameron,34.5081,-96.0064
L_1315,1,B_1315,2891 Main St,TX,Travis,27.8576,-98.9744
L_1316,1,B_1316,7080 Main St,TX,Nueces,32.9546,-103.9336
L_1317,1,B_1317,2319 Main St,TX,Galveston,35.3582,-101.8898
L_1318,1,B_1318,6417 Main St,TX,Dallas,30.1659,-99.4398
L_1319,1,B_1319,5725 Main St,TX,Nueces,,
L_1320,3,B_1320,4766 Main St,TX,Travis,27.7828,-97.0373
L_1321,3,B_1321,3905 Main St,TX,McLennan,35.5476,-98.1868
L_1322,3,B_1322,4977 Main St,TX,Dallas,31.1091,-95.6955
L_1323,2,B_1323,7504 Main St,TX,Harris,30.8689,-101.9874
L_1324,3,B_1324,5910 Main St,TX,McLennan,32.4177,-99.2811
L_1325,2,B_1325,9406 Main St,TX,Dallas,27.2752,-105.7203
L_1326,1,B_1326,1887 Main St,TX,Travis,30.3744,-101.6729
L_1327,2,B_1327,6506 Main St,TX,Nueces,,
L_1328,2,B_1328,607 Main St,TX,Harris,,
L_1329,3,B_1329,4345 Main St,TX,Harris,28.991,-105.0551
L_1330,1,B_1330,4187 Main St,TX,Cameron,32.2359,-102.265
L_1331,1,B_1331,5685 Main St,TX,McLennan,28.197,-94.2779
L_1332,1,B_1332,9598 Main St,TX,Nueces,28.4898,-97.3871
L_1333,2,B_1333,8544 Main St,TX,Harris,,
L_1334,2,B_1334,3529 Main St,TX,Dallas,35.1248,-93.9177
L_1335,3,B_1335,8549 Main St,TX,Cameron,,
L_1336,3,B_1336,5496 Main St,TX,Cameron,34.9292,-94.3933
L_1337,2,B_1337,9401 Main St,TX,Galveston,30.0717,-105.8579
L_1338,1,B_1338,987 Main St,TX,Travis,33.2634,-105.1475
L_1339,3,B_1339,7670 Main St,TX,McLennan,30.8395,-94.5822
L_1340,1,B_1340,9476 Main St,TX,Nueces,26.1208,-102.1716
L_1341,3,B_1341,7131 Main St,TX,Galveston,29.3796,-96.582
L_1342,3,B_1342,6061 Main St,TX,Galveston,,
L_1343,3,B_1343,8394 Main St,TX,McLennan,31.6538,-96.9863
L_1344,2,B_1344,5248 Main St,TX,Dallas,35.6887,-97.9103
L_1345,2,B_1345,7480 Main St,TX,Nueces,28.3211,-105.6449
L_1346,3,B_1346,8412 Main St,TX,Travis,35.9436,-94.7534
L_1347,3,B_1347,3753 Main St,TX,McLennan,33.3231,-96.571
L_1348,3,B_1348,8240 Main St,TX,Nueces,,
L_1349,1,B_1349,5504 Main St,TX,Galveston,35.964,-98.7643
L_1350,3,B_1350,6926 Main St,TX,Galveston,26.6624,-99.3763
L_1351,1,B_1351,9146 Main St,TX,McLennan,35.9286,-103.0563
L_1352,2,B_1352,1280 Main St,TX,Nueces,,
L_1353,1,B_1353,6299 Main St,TX,Galveston,,
L_1354,2,B_1354,7914 Main St,TX,McLennan,31.2314,-98.0806
L_1355,3,B_1355,8722 Main St,TX,Cameron,29.0466,-95.4672
L_1356,3,B_1356,5169 Main St,TX,McLennan,36.1947,-106.3191
L_1357,2,B_1357,3673 Main St,TX,Travis,26.3923,-96.4657
L_1358,3,B_1358,5123 Main St,TX,McLennan,34.4816,-99.6022
L_1359,2,B_1359,738 Main St,TX,Cameron,33.0968,-96.9332
L_1360,2,B_1360,8108 Main St,TX,Nueces,26.3579,-96.5696
L_1361,3,B_1361,3549 Main St,TX,Nueces,30.398,-101.0085
L_1362,1,B_1362,1030 Main St,TX,Galveston,,
L_1363,1,B_1363,7355 Main St,TX,Harris,35.3995,-93.7288
L_1364,3,B_1364,1703 Main St,TX,Travis,29.7345,-104.0632
L_1365,2,B_1365,7734 Main St,TX,Nueces,26.4198,-103.5604
L_1366,2,B_1366,7729 Main St,TX,Galveston,28.2302,-96.8081
L_1367,2,B_1367,6455 Main St,TX,Galveston,34.287,-99.1586
L_1368,3,B_1368,1638 Main St,TX,Travis,36.403,-106.4048
L_1369,3,B_1369,3267 Main St,TX,Travis,33.5021,-95.9547
L_1370,1,B_1370,5282 Main St,TX,Galveston,,
L_1371,1,B_1371,518 Main St,TX,Cameron,,
L_1372,1,B_1372,142 Main St,TX,Harris,26.2678,-102.0194
L_1373,1,B_1373,8159 Main St,TX,Cameron,28.4134,-102.7694
L_1374,2,B_1374,8420 Main St,TX,Dallas,32.2855,-100.329
L_1375,3,B_1375,8858 Main St,TX,Cameron,,
L_1376,2,B_1376,3670 Main St,TX,Galveston,,
L_1377,1,B_1377,6455 Main St,TX,Travis,28.4771,-99.4782
L_1378,3,B_1378,9666 Main St,TX,McLennan,31.0957,-96.9686
L_1379,1,B_1379,2667 Main St,TX,McLennan,29.6195,-94.6122
L_1380,2,B_1380,2534 Main St,TX,Travis,28.1571,-97.2579
L_1381,1,B_1381,3225 Main St,TX,Cameron,34.1482,-102.7658
L_1382,3,B_1382,3333 Main St,TX,Travis,32.794,-99.6983
L_1383,1,B_1383,8309 Main St,TX,Dallas,28.6626,-97.4592
L_1384,1,B_1384,5368 Main St,TX,Nueces,26.3778,-94.8044
L_1385,1,B_1385,4728 Main St,TX,Travis,33.3489,-98.4535
L_1386,2,B_1386,323 Main St,TX,McLennan,28.7937,-103.9334
L_1387,2,B_1387,3971 Main St,TX,Harris,,
L_1388,2,B_1388,3198 Main St,TX,Travis,36.2425,-103.58
L_1389,1,B_1389,6797 Main St,TX,Dallas,33.7384,-103.8389
L_1390,2,B_1390,9629 Main St,TX,Harris,34.5353,-104.7403
L_1391,2,B_1391,9731 Main St,TX,Dallas,36.2636,-97.4517
L_1392,3,B_1392,9996 Main St,TX,Harris,30.6553,-105.1035
L_1393,3,B_1393,5671 Main St,TX,Travis,31.1383,-106.1578
L_1394,3,B_1394,2228 Main St,TX,McLennan,28.7743,-101.5673
L_1395,3,B_1395,9182 Main St,TX,Harris,26.7041,-102.9439
L_1396,3,B_1396,5556 Main St,TX,Galveston,31.1003,-95.2977
L_1397,1,B_1397,808 Main St,TX,Nueces,26.2752,-103.9049
L_1398,3,B_1398,3168 Main St,TX,Dallas,27.7734,-100.9528
L_1399,1,B_1399,3773 Main St,TX,Harris,,
L_1400,1,B_1400,1525 Main St,TX,Dallas,29.0651,-99.5057
L_1401,3,B_1401,2364 Main St,TX,McLennan,29.5215,-106.2595
L_1402,3,B_1402,6532 Main St,TX,Dallas,32.3135,-94.8995
L_1403,3,B_1403,5261 Main St,TX,Dallas,35.6729,-94.7124
L_1404,3,B_1404,3304 Main St,TX,Galveston,32.1233,-96.68
L_1405,3,B_1405,2698 Main St,TX,Dallas,29.4481,-95.737
L_1406,3,B_1406,7613 Main St,TX,Harris,30.3748,-97.0471
L_1407,3,B_1407,3997 Main St,TX,Dallas,33.6689,-105.8517
L_1408,1,B_1408,5237 Main St,TX,Travis,26.9685,-101.5158
L_1409,2,B_1409,5523 Main St,TX,Dallas,33.5179,-97.7186
L_1410,2,B_1410,2047 Main St,TX,Travis,34.9861,-94.3125
L_1411,3,B_1411,4765 Main St,TX,Nueces,31.9268,-99.1552
L_1412,1,B_1412,7480 Main St,TX,Dallas,31.3524,-104.4706
L_1413,1,B_1413,2653 Main St,TX,Cameron,33.7783,-94.4869
L_1414,2,B_1414,4400 Main St,TX,Nueces,,
L_1415,1,B_1415,9835 Main St,TX,Cameron,,
L_1416,2,B_1416,978 Main St,TX,Dallas,34.3556,-94.1423
L_1417,1,B_1417,3186 Main St,TX,Harris,,
L_1418,1,B_1418,2388 Main St,TX,Cameron,31.608,-102.1783
L_1419,2,B_1419,2196 Main St,TX,Travis,30.0222,-98.5363
L_1420,2,B_1420,4125 Main St,TX,Nueces,32.8538,-96.3502
L_1421,2,B_1421,4488 Main St,TX,Nueces,32.3056,-104.9716
L_1422,3,B_1422,7998 Main St,TX,Travis,31.8823,-102.395
L_1423,2,B_1423,8083 Main St,TX,Galveston,27.713,-100.5383
L_1424,1,B_1424,1326 Main St,TX,Dallas,30.507,-100.4896
L_1425,3,B_1425,4884 Main St,TX,Dallas,36.135,-100.3093
L_1426,1,B_1426,7044 Main St,TX,Harris,28.1309,-105.8325
L_1427,2,B_1427,5502 Main St,TX,Galveston,28.758,-98.6047
L_1428,1,B_1428,646 Main St,TX,Galveston,26.4853,-104.2446
L_1429,3,B_1429,9687 Main St,TX,Cameron,28.7547,-95.2154
L_1430,3,B_1430,4081 Main St,TX,Harris,,
L_1431,3,B_1431,5948 Main St,TX,Nueces,27.3718,-98.5049
L_1432,1,B_1432,5243 Main St,TX,Travis,26.3305,-105.1008
L_1433,2,B_1433,6131 Main St,TX,Nueces,,
L_1434,3,B_1434,5747 Main St,TX,McLennan,33.1235,-95.3265
L_1435,3,B_1435,7497 Main St,TX,Harris,26.2489,-97.2026
L_1436,1,B_1436,786 Main St,TX,Travis,26.4507,-97.2394
L_1437,2,B_1437,2537 Main St,TX,Nueces,28.5547,-97.7131
L_1438,2,B_1438,702 Main St,TX,Nueces,29.5807,-97.19
L_1439,2,B_1439,770 Main St,TX,Galveston,29.5421,-105.585
L_1440,2,B_1440,6835 Main St,TX,Harris,31.2681,-103.4956
L_1441,2,B_1441,1960 Main St,TX,McLennan,29.2859,-101.7352
L_1442,3,B_1442,7804 Main St,TX,Dallas,34.6028,-101.1508
L_1443,1,B_1443,4220 Main St,TX,Harris,35.1716,-104.7257
L_1444,1,B_1444,1306 Main St,TX,McLennan,29.294,-96.275
L_1445,1,B_1445,3287 Main St,TX,McLennan,29.3843,-101.2534
L_1446,3,B_1446,6950 Main St,TX,Harris,30.8363,-93.8471
L_1447,3,B_1447,5165 Main St,TX,Travis,32.4545,-104.4999
L_1448,1,B_1448,4449 Main St,TX,Harris,,
L_1449,1,B_1449,6005 Main St,TX,Nueces,35.557,-106.2655
L_1450,2,B_1450,9334 Main St,TX,Cameron,34.446,-99.9086
L_1451,3,B_1451,4590 Main St,TX,Galveston,31.2376,-98.9825
L_1452,2,B_1452,7802 Main St,TX,Nueces,28.0991,-95.7175
L_1453,2,B_1453,6516 Main St,TX,McLennan,26.1488,-97.086
L_1454,2,B_1454,1921 Main St,TX,McLennan,29.8777,-93.5285
L_1455,2,B_1455,2723 Main St,TX,Dallas,26.6394,-105.5872
L_1456,1,B_1456,1865 Main St,TX,McLennan,35.81,-103.658
L_1457,2,B_1457,9127 Main St,TX,Cameron,31.9465,-99.4181
L_1458,2,B_1458,9335 Main St,TX,Dallas,30.2735,-96.9971
L_1459,3,B_1459,4184 Main St,TX,McLennan,34.8693,-99.6864
L_1460,2,B_1460,9882 Main St,TX,McLennan,26.3503,-100.4125
L_1461,1,B_1461,1627 Main St,TX,Harris,30.5189,-103.0737
L_1462,1,B_1462,2516 Main St,TX,Harris,28.9358,-103.4032
L_1463,3,B_1463,7925 Main St,TX,Galveston,34.0138,-101.8583
L_1464,1,B_1464,333 Main St,TX,Nueces,33.8056,-105.088
L_1465,1,B_1465,6956 Main St,TX,Travis,28.3792,-97.0003
L_1466,2,B_1466,5423 Main St,TX,Galveston,29.6721,-101.989
L_1467,3,B_1467,586 Main St,TX,McLennan,31.2104,-94.6183
L_1468,1,B_1468,7269 Main St,TX,Galveston,32.2758,-100.7185
L_1469,2,B_1469,6739 Main St,TX,Harris,31.892,-95.7691
L_1470,3,B_1470,1793 Main St,TX,Nueces,,
L_1471,3,B_1471,2620 Main St,TX,McLennan,31.5525,-96.4285
L_1472,3,B_1472,2866 Main St,TX,McLennan,30.1615,-98.9397
L_1473,3,B_1473,2548 Main St,TX,Galveston,,
L_1474,3,B_1474,8964 Main St,TX,Nueces,28.8697,-102.4886
L_1475,3,B_1475,3980 Main St,TX,Cameron,,
L_1476,1,B_1476,532 Main St,TX,Dallas,30.3049,-93.7195
L_1477,2,B_1477,6074 Main St,TX,Cameron,32.5691,-96.4784
L_1478,3,B_1478,6427 Main St,TX,Travis,35.4286,-95.1191
L_1479,1,B_1479,4950 Main St,TX,Nueces,,
L_1480,2,B_1480,4741 Main St,TX,Galveston,,
L_1481,1,B_1481,6968 Main St,TX,Cameron,31.734,-94.4154
L_1482,1,B_1482,9233 Main St,TX,Galveston,27.1525,-106.1536
L_1483,2,B_1483,5878 Main St,TX,Travis,30.4162,-97.5604
L_1484,3,B_1484,4168 Main St,TX,McLennan,36.3923,-104.8659
L_1485,2,B_1485,171 Main St,TX,McLennan,35.0756,-94.566
L_1486,2,B_1486,4305 Main St,TX,Dallas,35.4756,-101.9578
L_1487,3,B_1487,6178 Main St,TX,Galveston,31.7593,-97.273
L_1488,2,B_1488,6157 Main St,TX,Travis,27.0736,-94.8437
L_1489,1,B_1489,5405 Main St,TX,Galveston,32.1288,-98.5222
L_1490,1,B_1490,5672 Main St,TX,Harris,26.284,-96.9224
L_1491,3,B_1491,9613 Main St,TX,Galveston,30.6032,-101.2437
L_1492,3,B_1492,5555 Main St,TX,Galveston,34.7324,-102.8103
L_1493,2,B_1493,936 Main St,TX,Harris,27.2403,-104.1968
L_1494,2,B_1494,2165 Main St,TX,Harris,35.6049,-94.3303
L_1495,2,B_1495,6782 Main St,TX,Cameron,,
L_1496,2,B_1496,3577 Main St,TX,Travis,35.3829,-98.8245
L_1497,3,B_1497,5553 Main St,TX,Cameron,32.7486,-101.6302
L_1498,3,B_1498,7123 Main St,TX,McLennan,30.4929,-99.9365
L_1499,3,B_1499,208 Main St,TX,Dallas,32.0925,-94.2235
L_1500,3,B_1500,8287 Main St,TX,Cameron,,
L_1501,1,B_1501,8266 Main St,TX,Harris,29.45,-99.2099
L_1502,3,B_1502,8083 Main St,TX,McLennan,35.4011,-99.0043
L_1503,1,B_1503,8929 Main St,TX,Travis,34.8315,-101.0104
L_1504,1,B_1504,5205 Main St,TX,Nueces,29.2088,-104.2628
L_1505,2,B_1505,3645 Main St,TX,Galveston,,
L_1506,1,B_1506,3902 Main St,TX,Travis,34.5097,-96.9764
L_1507,2,B_1507,2342 Main St,TX,Travis,36.3845,-103.8401
L_1508,1,B_1508,8097 Main St,TX,Harris,31.954,-98.5372
L_1509,3,B_1509,6816 Main St,TX,Dallas,26.8643,-102.8692
L_1510,2,B_1510,3240 Main St,TX,Cameron,,
L_1511,1,B_1511,9546 Main St,TX,Harris,30.4964,-95.0019
L_1512,2,B_1512,9940 Main St,TX,Galveston,35.6193,-93.6466
L_1513,3,B_1513,1111 Main St,TX,Harris,35.6923,-97.8697
L_1514,1,B_1514,4406 Main St,TX,Galveston,,
L_1515,2,B_1515,6834 Main St,TX,Harris,34.7751,-96.7113
L_1516,1,B_1516,679 Main St,TX,Nueces,,
L_1517,2,B_1517,578 Main St,TX,Dallas,35.4572,-94.0259
L_1518,2,B_1518,8612 Main St,TX,Nueces,34.3492,-106.5127
L_1519,3,B_1519,3015 Main St,TX,McLennan,34.7078,-106.2623
L_1520,3,B_1520,4100 Main St,TX,Dallas,27.9736,-94.2623
L_1521,1,B_1521,6658 Main St,TX,Cameron,33.6334,-99.7763
L_1522,3,B_1522,9366 Main St,TX,Harris,28.9559,-105.164
L_1523,2,B_1523,6277 Main St,TX,Travis,33.3576,-95.5339
L_1524,2,B_1524,2428 Main St,TX,McLennan,30.5551,-100.9373
L_1525,2,B_1525,7048 Main St,TX,Travis,28.6147,-95.275
L_1526,2,B_1526,9321 Main St,TX,Nueces,33.6285,-105.0743
L_1527,3,B_1527,384 Main St,TX,Cameron,26.646,-96.2075
L_1528,1,B_1528,3110 Main St,TX,Dallas,33.5828,-102.3148
L_1529,3,B_1529,3110 Main St,TX,Cameron,28.7544,-98.3388
L_1530,2,B_1530,2552 Main St,TX,McLennan,31.2874,-96.4207
L_1531,1,B_1531,1116 Main St,TX,Nueces,29.1685,-94.486
L_1532,2,B_1532,9344 Main St,TX,Harris,35.7763,-96.196
L_1533,1,B_1533,7376 Main St,TX,Travis,29.1975,-95.5773
L_1534,1,B_1534,6236 Main St,TX,Harris,35.19,-106.1332
L_1535,3,B_1535,5624 Main St,TX,Galveston,25.8853,-104.8069
L_1536,3,B_1536,482 Main St,TX,Cameron,35.8918,-97.7791
L_1537,3,B_1537,6660 Main St,TX,McLennan,28.6386,-104.6162
L_1538,3,B_1538,1806 Main St,TX,Travis,34.5084,-96.9904
L_1539,1,B_1539,7602 Main St,TX,Dallas,28.8238,-103.9987
L_1540,2,B_1540,708 Main St,TX,Dallas,35.1717,-94.1441
L_1541,1,B_1541,7172 Main St,TX,Dallas,34.9716,-96.7823
L_1542,2,B_1542,7673 Main St,TX,Nueces,,
L_1543,2,B_1543,489 Main St,TX,Dallas,26.5197,-99.2936
L_1544,3,B_1544,1199 Main St,TX,Travis,28.0315,-104.2667
L_1545,1,B_1545,5683 Main St,TX,Cameron,28.6149,-101.6182
L_1546,1,B_1546,1866 Main St,TX,Cameron,32.6235,-100.2565
L_1547,2,B_1547,2928 Main St,TX,Cameron,27.7267,-102.6687
L_1548,3,B_1548,733 Main St,TX,Nueces,28.9256,-100.2457
L_1549,2,B_1549,1014 Main St,TX,Galveston,29.9966,-101.9216
L_1550,2,B_1550,3494 Main St,TX,Dallas,30.9463,-105.3354
L_1551,3,B_1551,9668 Main St,TX,Cameron,,
L_1552,1,B_1552,3520 Main St,TX,Dallas,35.2256,-96.71
L_1553,1,B_1553,4242 Main St,TX,Nueces,36.1722,-102.3373
L_1554,3,B_1554,5168 Main St,TX,Dallas,32.8879,-105.0828
L_1555,2,B_1555,643 Main St,TX,Galveston,29.2123,-105.1127
L_1556,3,B_1556,7589 Main St,TX,Nueces,33.3416,-96.4648
L_1557,2,B_1557,7250 Main St,TX,Nueces,34.4105,-100.1918
L_1558,2,B_1558,9916 Main St,TX,McLennan,30.2084,-103.5233
L_1559,2,B_1559,7892 Main St,TX,Nueces,31.2301,-94.9435
L_1560,3,B_1560,2780 Main St,TX,Dallas,34.1763,-105.8035
L_1561,2,B_1561,1976 Main St,TX,Nueces,28.5992,-102.4392
L_1562,3,B_1562,6365 Main St,TX,Dallas,29.9877,-100.8104
L_1563,1,B_1563,3087 Main St,TX,Dallas,30.0659,-94.648
L_1564,1,B_1564,1310 Main St,TX,Cameron,33.5916,-102.1481
L_1565,1,B_1565,9131 Main St,TX,Nueces,29.1011,-101.2315
L_1566,1,B_1566,3272 Main St,TX,McLennan,31.9258,-104.4184
L_1567,1,B_1567,3993 Main St,TX,Dallas,28.0063,-98.4087
L_1568,3,B_1568,3888 Main St,TX,Cameron,32.3624,-102.2811
L_1569,2,B_1569,9736 Main St,TX,McLennan,32.2731,-106.339
L_1570,1,B_1570,1288 Main St,TX,McLennan,33.5278,-96.0884
L_1571,1,B_1571,9869 Main St,TX,Nueces,,
L_1572,2,B_1572,2681 Main St,TX,Harris,35.5608,-96.5544
L_1573,1,B_1573,9569 Main St,TX,Cameron,32.8078,-99.8057
L_1574,2,B_1574,6291 Main St,TX,Harris,27.9233,-104.5434
L_1575,2,B_1575,2503 Main St,TX,Dallas,31.532,-95.3376
L_1576,2,B_1576,1942 Main St,TX,Travis,28.2539,-96.1032
L_1577,3,B_1577,140 Main St,TX,Harris,29.3471,-103.7754
L_1578,3,B_1578,5624 Main St,TX,Cameron,35.8581,-106.1274
L_1579,3,B_1579,3775 Main St,TX,Nueces,,
L_1580,1,B_1580,507 Main St,TX,Cameron,26.897,-101.387
L_1581,2,B_1581,7970 Main St,TX,Nueces,27.4793,-102.6508
L_1582,2,B_1582,1493 Main St,TX,Harris,34.0648,-103.3603
L_1583,1,B_1583,2715 Main St,TX,Travis,28.7153,-104.9803
L_1584,3,B_1584,2939 Main St,TX,Galveston,32.8115,-104.8814
L_1585,2,B_1585,6946 Main St,TX,Dallas,33.7236,-103.063
L_1586,3,B_1586,790 Main St,TX,Cameron,,
L_1587,3,B_1587,1011 Main St,TX,Galveston,,
L_1588,1,B_1588,9262 Main St,TX,Galveston,33.9575,-101.1585
L_1589,1,B_1589,2163 Main St,TX,McLennan,25.9577,-95.7237
L_1590,2,B_1590,2480 Main St,TX,McLennan,32.2721,-104.6108
L_1591,1,B_1591,8470 Main St,TX,Dallas,33.6738,-96.2167
L_1592,3,B_1592,3920 Main St,TX,Travis,27.8788,-98.6654
L_1593,2,B_1593,7690 Main St,TX,McLennan,29.1404,-102.3592
L_1594,2,B_1594,7382 Main St,TX,Cameron,26.0507,-103.0099
L_1595,2,B_1595,4683 Main St,TX,Cameron,28.6277,-98.0057
L_1596,1,B_1596,3079 Main St,TX,Harris,28.9163,-105.3809
L_1597,1,B_1597,7538 Main St,TX,Cameron,31.8027,-100.2681
L_1598,1,B_1598,987 Main St,TX,Dallas,35.512,-99.615
L_1599,3,B_1599,5270 Main St,TX,Nueces,25.9842,-100.0888
L_1600,2,B_1600,4787 Main St,TX,Galveston,29.7883,-99.4398
L_1601,1,B_1601,9269 Main St,TX,Cameron,,
L_1602,1,B_1602,5410 Main St,TX,Dallas,28.1975,-93.825
L_1603,3,B_1603,8144 Main St,TX,Nueces,28.2836,-101.7553
L_1604,3,B_1604,8971 Main St,TX,Nueces,32.6782,-102.2451
L_1605,2,B_1605,8872 Main St,TX,McLennan,34.4636,-93.8168
L_1606,1,B_1606,7389 Main St,TX,Nueces,,
L_1607,3,B_1607,2828 Main St,TX,Travis,27.611,-95.2708
L_1608,1,B_1608,9070 Main St,TX,Nueces,28.4747,-104.7486
L_1609,3,B_1609,2480 Main St,TX,Nueces,30.8666,-97.1283
L_1610,2,B_1610,1118 Main St,TX,Galveston,28.287,-96.5469
L_1611,1,B_1611,6657 Main St,TX,Travis,28.4967,-102.5199
L_1612,3,B_1612,3270 Main St,TX,Dallas,29.4152,-104.627
L_1613,3,B_1613,2569 Main St,TX,Travis,29.2394,-99.1944
L_1614,1,B_1614,2701 Main St,TX,Travis,30.1499,-106.527
L_1615,2,B_1615,8595 Main St,TX,Dallas,33.1873,-96.709
L_1616,2,B_1616,522 Main St,TX,Galveston,31.6378,-102.4995
L_1617,2,B_1617,1396 Main St,TX,Cameron,29.2437,-97.3138
L_1618,2,B_1618,2842 Main St,TX,Nueces,34.9876,-93.5949
L_1619,3,B_1619,7004 Main St,TX,Travis,26.6713,-105.2239
L_1620,1,B_1620,9552 Main St,TX,Travis,33.282,-101.6785
L_1621,1,B_1621,9167 Main St,TX,Cameron,27.5344,-96.7993
L_1622,3,B_1622,968 Main St,TX,Dallas,27.5783,-100.8674
L_1623,2,B_1623,4869 Main St,TX,Harris,26.218,-101.0432
L_1624,1,B_1624,4338 Main St,TX,Cameron,34.3937,-100.2178
L_1625,2,B_1625,6915 Main St,TX,Travis,33.8142,-99.4332
L_1626,1,B_1626,6966 Main St,TX,McLennan,30.0736,-102.7126
L_1627,3,B_1627,6091 Main St,TX,Nueces,28.9482,-94.5222
L_1628,3,B_1628,8345 Main St,TX,Nueces,31.3905,-98.5422
L_1629,2,B_1629,9596 Main St,TX,Cameron,32.7574,-104.7461
L_1630,3,B_1630,5409 Main St,TX,Galveston,27.9877,-98.5566
L_1631,3,B_1631,2350 Main St,TX,Cameron,31.3574,-103.3088
L_1632,2,B_1632,4535 Main St,TX,Travis,30.7528,-94.3357
L_1633,1,B_1633,8145 Main St,TX,Dallas,35.7198,-97.1663
L_1634,1,B_1634,6790 Main St,TX,McLennan,34.9206,-104.8271
L_1635,3,B_1635,315 Main St,TX,Cameron,34.6747,-106.4713
L_1636,1,B_1636,9403 Main St,TX,Dallas,30.2544,-104.6304
L_1637,1,B_1637,6931 Main St,TX,Cameron,,
L_1638,2,B_1638,418 Main St,TX,Travis,36.2536,-102.5149
L_1639,1,B_1639,7089 Main St,TX,McLennan,27.8081,-97.508
L_1640,1,B_1640,4446 Main St,TX,Galveston,29.3421,-105.7995
L_1641,1,B_1641,7308 Main St,TX,Galveston,27.474,-102.0091
L_1642,1,B_1642,2649 Main St,TX,Cameron,28.2185,-98.3624
L_1643,1,B_1643,4311 Main St,TX,Galveston,28.738,-95.8481
L_1644,3,B_1644,5713 Main St,TX,Harris,32.0538,-102.5947
L_1645,2,B_1645,2998 Main St,TX,Dallas,32.4822,-101.3172
L_1646,1,B_1646,6027 Main St,TX,Travis,28.5258,-99.5127
L_1647,1,B_1647,7653 Main St,TX,McLennan,32.8552,-105.5851
L_1648,2,B_1648,3663 Main St,TX,Cameron,33.618,-102.9322
L_1649,3,B_1649,7522 Main St,TX,Cameron,26.8948,-96.1608
L_1650,2,B_1650,9113 Main St,TX,Nueces,33.9968,-102.2749
L_1651,2,B_1651,7731 Main St,TX,Nueces,32.1362,-102.9682
L_1652,1,B_1652,4205 Main St,TX,Dallas,34.4381,-95.1855
L_1653,3,B_1653,7788 Main St,TX,Travis,32.9529,-100.3984
L_1654,1,B_1654,8207 Main St,TX,Harris,34.182,-93.643
L_1655,2,B_1655,9069 Main St,TX,Travis,26.7773,-96.0761
L_1656,3,B_1656,8887 Main St,TX,Dallas,27.3675,-104.4409
L_1657,3,B_1657,4374 Main St,TX,Travis,35.1584,-102.3643
L_1658,2,B_1658,330 Main St,TX,Nueces,26.3584,-99.8967
L_1659,3,B_1659,7333 Main St,TX,Nueces,32.9138,-102.3151
L_1660,3,B_1660,159 Main St,TX,McLennan,31.154,-105.0634
L_1661,2,B_1661,4566 Main St,TX,Harris,29.8372,-101.5496
L_1662,2,B_1662,6925 Main St,TX,Nueces,29.1359,-99.762
L_1663,1,B_1663,5311 Main St,TX,McLennan,31.4783,-95.029
L_1664,3,B_1664,7940 Main St,TX,Harris,36.0224,-94.2141
L_1665,3,B_1665,7769 Main St,TX,Nueces,33.4114,-95.5976
L_1666,2,B_1666,7606 Main St,TX,Harris,31.044,-96.2646
L_1667,1,B_1667,966 Main St,TX,Travis,33.1334,-99.2914
L_1668,3,B_1668,7210 Main St,TX,McLennan,30.4589,-102.0388
L_1669,3,B_1669,1515 Main St,TX,Harris,,
L_1670,3,B_1670,2431 Main St,TX,Cameron,30.787,-97.8225
L_1671,3,B_1671,8520 Main St,TX,Harris,28.0874,-99.2667
L_1672,2,B_1672,8294 Main St,TX,Travis,36.4775,-94.2938
L_1673,1,B_1673,7534 Main St,TX,Nueces,27.7154,-96.8061
L_1674,2,B_1674,2609 Main St,TX,Nueces,,
L_1675,2,B_1675,9041 Main St,TX,Cameron,31.4282,-106.5264
L_1676,3,B_1676,5118 Main St,TX,Dallas,29.1212,-105.3672
L_1677,3,B_1677,2640 Main St,TX,Dallas,29.7469,-103.2757
L_1678,2,B_1678,6635 Main St,TX,Nueces,32.2925,-106.1608
L_1679,2,B_1679,8659 Main St,TX,Cameron,30.9225,-106.0247
L_1680,2,B_1680,1104 Main St,TX,Galveston,28.5075,-98.409
L_1681,2,B_1681,9909 Main St,TX,Galveston,34.6096,-95.2923
L_1682,2,B_1682,2333 Main St,TX,Cameron,36.4704,-98.3177
L_1683,2,B_1683,8499 Main St,TX,Harris,30.8659,-95.1383
L_1684,2,B_1684,2502 Main St,TX,Nueces,34.4395,-106.0997
L_1685,1,B_1685,6670 Main St,TX,Dallas,26.1086,-94.8851
L_1686,3,B_1686,1266 Main St,TX,Harris,33.6773,-95.191
L_1687,3,B_1687,6287 Main St,TX,McLennan,27.2086,-101.1036
L_1688,3,B_1688,4313 Main St,TX,Cameron,26.3997,-98.249
L_1689,3,B_1689,2058 Main St,TX,Cameron,,
L_1690,2,B_1690,7268 Main St,TX,Dallas,26.843,-99.4725
L_1691,3,B_1691,539 Main St,TX,Dallas,36.3224,-104.0562
L_1692,1,B_1692,121 Main St,TX,Dallas,32.3698,-106.3816
L_1693,1,B_1693,5696 Main St,TX,Cameron,34.8761,-102.4541
L_1694,2,B_1694,3309 Main St,TX,Galveston,35.4913,-98.9123
L_1695,2,B_1695,8172 Main St,TX,Travis,35.904,-99.8359
L_1696,1,B_1696,1321 Main St,TX,Travis,35.8638,-101.3184
L_1697,1,B_1697,8553 Main St,TX,Cameron,32.9652,-105.7491
L_1698,3,B_1698,7050 Main St,TX,Galveston,31.1663,-97.0507
L_1699,3,B_1699,645 Main St,TX,Nueces,,
L_1700,2,B_1700,5583 Main St,TX,Nueces,28.7481,-103.9972
L_1701,1,B_1701,6443 Main St,TX,Cameron,27.6508,-96.8165
L_1702,1,B_1702,6617 Main St,TX,Cameron,25.8345,-103.0137
L_1703,2,B_1703,8992 Main St,TX,Galveston,29.4535,-99.1569
L_1704,1,B_1704,8542 Main St,TX,Galveston,31.8582,-100.5346
L_1705,3,B_1705,273 Main St,TX,Nueces,,
L_1706,2,B_1706,3397 Main St,TX,Travis,26.769,-97.0429
L_1707,3,B_1707,1316 Main St,TX,Harris,32.1253,-93.9485
L_1708,3,B_1708,6676 Main St,TX,Galveston,34.2395,-103.7504
L_1709,2,B_1709,6293 Main St,TX,Harris,26.6696,-97.112
L_1710,1,B_1710,5107 Main St,TX,Harris,34.7592,-98.1856
L_1711,2,B_1711,7832 Main St,TX,McLennan,35.4458,-104.0968
L_1712,3,B_1712,9557 Main St,TX,Travis,33.8874,-104.8612
L_1713,1,B_1713,6124 Main St,TX,Cameron,,
L_1714,3,B_1714,1150 Main St,TX,Harris,27.7046,-104.7604
L_1715,1,B_1715,2464 Main St,TX,Cameron,28.2178,-104.134
L_1716,1,B_1716,7738 Main St,TX,Cameron,27.6951,-102.7364
L_1717,1,B_1717,9645 Main St,TX,Travis,33.2639,-103.1345
L_1718,3,B_1718,8680 Main St,TX,Travis,31.0418,-99.0191
L_1719,1,B_1719,3227 Main St,TX,McLennan,29.5328,-98.1921
L_1720,2,B_1720,2118 Main St,TX,Cameron,32.552,-95.7043
L_1721,1,B_1721,2954 Main St,TX,Nueces,,
L_1722,3,B_1722,4400 Main St,TX,Travis,34.7315,-101.5476
L_1723,3,B_1723,2287 Main St,TX,Harris,28.0541,-97.4013
L_1724,1,B_1724,9220 Main St,TX,Nueces,34.4767,-96.1688
L_1725,2,B_1725,6014 Main St,TX,Nueces,33.2863,-100.0007
L_1726,1,B_1726,4003 Main St,TX,Dallas,34.6795,-96.1947
L_1727,2,B_1727,6212 Main St,TX,Harris,,
L_1728,3,B_1728,4524 Main St,TX,Harris,28.5629,-100.4733
L_1729,2,B_1729,1463 Main St,TX,Travis,26.1365,-105.0896
L_1730,2,B_1730,6635 Main St,TX,Harris,27.7948,-104.7684
L_1731,3,B_1731,395 Main St,TX,Cameron,29.7834,-101.6494
L_1732,1,B_1732,1488 Main St,TX,Dallas,32.0958,-106.1566
L_1733,2,B_1733,9550 Main St,TX,Travis,33.3038,-98.3539
L_1734,1,B_1734,9994 Main St,TX,Galveston,25.8845,-101.0796
L_1735,1,B_1735,1502 Main St,TX,Harris,32.7323,-105.2873
L_1736,2,B_1736,9215 Main St,TX,Harris,29.0771,-100.4844
L_1737,2,B_1737,4387 Main St,TX,McLennan,27.7919,-106.3151
L_1738,3,B_1738,9212 Main St,TX,Galveston,30.684,-99.0549
L_1739,3,B_1739,423 Main St,TX,Galveston,30.0729,-95.6733
L_1740,1,B_1740,8657 Main St,TX,Cameron,29.7934,-102.1738
L_1741,1,B_1741,7308 Main St,TX,Dallas,33.0605,-102.6677
L_1742,2,B_1742,145 Main St,TX,Cameron,35.1885,-96.6024
L_1743,1,B_1743,2041 Main St,TX,Galveston,31.2245,-101.0851
L_1744,3,B_1744,7821 Main St,TX,Cameron,36.0076,-101.3502
L_1745,3,B_1745,119 Main St,TX,Cameron,,
L_1746,1,B_1746,8528 Main St,TX,McLennan,31.2806,-94.5172
L_1747,1,B_1747,6659 Main St,TX,Dallas,35.2866,-93.9554
L_1748,1,B_1748,8060 Main St,TX,Cameron,27.9235,-93.8612
L_1749,2,B_1749,1783 Main St,TX,Cameron,27.1898,-102.2358
L_1750,3,B_1750,6113 Main St,TX,Galveston,36.1825,-102.5485
L_1751,1,B_1751,2894 Main St,TX,Dallas,33.9943,-96.1005
L_1752,2,B_1752,745 Main St,TX,Galveston,27.5692,-106.589
L_1753,1,B_1753,7956 Main St,TX,Galveston,,
L_1754,1,B_1754,7756 Main St,TX,Cameron,29.0237,-105.5471
L_1755,3,B_1755,1795 Main St,TX,Nueces,27.9755,-105.4188
L_1756,1,B_1756,998 Main St,TX,Galveston,33.1264,-95.5217
L_1757,1,B_1757,7821 Main St,TX,Cameron,30.9076,-102.0843
L_1758,2,B_1758,4773 Main St,TX,Harris,33.1486,-97.446
L_1759,2,B_1759,1053 Main St,TX,Galveston,32.9523,-95.7094
L_1760,3,B_1760,4769 Main St,TX,Harris,33.9647,-105.3447
L_1761,3,B_1761,3804 Main St,TX,Travis,27.175,-96.6041
L_1762,3,B_1762,3785 Main St,TX,Nueces,,
L_1763,1,B_1763,7057 Main St,TX,McLennan,34.0739,-94.8359
L_1764,3,B_1764,9077 Main St,TX,Dallas,34.5718,-97.0321
L_1765,2,B_1765,9586 Main St,TX,Dallas,30.3431,-101.4406
L_1766,2,B_1766,6211 Main St,TX,Travis,26.5667,-100.2031
L_1767,2,B_1767,7352 Main St,TX,Galveston,32.0748,-103.6958
L_1768,3,B_1768,9882 Main St,TX,McLennan,32.3112,-96.5412
L_1769,2,B_1769,6314 Main St,TX,Travis,29.7497,-102.148
L_1770,3,B_1770,7522 Main St,TX,Travis,34.6086,-98.6016
L_1771,1,B_1771,2584 Main St,TX,Dallas,33.843,-94.6189
L_1772,1,B_1772,4911 Main St,TX,Harris,27.2775,-104.1376
L_1773,2,B_1773,6854 Main St,TX,Harris,30.4588,-102.1514
L_1774,2,B_1774,1463 Main St,TX,Galveston,30.3551,-102.867
L_1775,3,B_1775,979 Main St,TX,Galveston,34.5876,-106.1438
L_1776,3,B_1776,5466 Main St,TX,Cameron,30.3126,-104.4576
L_1777,3,B_1777,1203 Main St,TX,Cameron,34.7263,-100.5095
L_1778,1,B_1778,1600 Main St,TX,Travis,26.6843,-97.6125
L_1779,2,B_1779,673 Main St,TX,Galveston,,
L_1780,2,B_1780,9449 Main St,TX,Harris,34.398,-106.4399
L_1781,1,B_1781,108 Main St,TX,McLennan,29.2136,-99.0717
L_1782,3,B_1782,939 Main St,TX,Dallas,29.9087,-100.6435
L_1783,1,B_1783,7783 Main St,TX,Harris,36.0712,-101.3377
L_1784,1,B_1784,935 Main St,TX,Cameron,29.0416,-103.2117
L_1785,2,B_1785,1838 Main St,TX,Nueces,32.2589,-96.0883
L_1786,3,B_1786,8232 Main St,TX,Galveston,29.7892,-100.3965
L_1787,2,B_1787,9197 Main St,TX,Dallas,29.3852,-99.5912
L_1788,2,B_1788,6032 Main St,TX,Nueces,34.2048,-93.7524
L_1789,3,B_1789,560 Main St,TX,Dallas,31.4893,-101.5765
L_1790,1,B_1790,2993 Main St,TX,Travis,33.0195,-104.6299
L_1791,2,B_1791,293 Main St,TX,Galveston,35.7957,-98.869
L_1792,2,B_1792,6198 Main St,TX,Travis,27.9145,-95.9519
L_1793,1,B_1793,887 Main St,TX,Dallas,33.5856,-100.6396
L_1794,3,B_1794,2534 Main St,TX,Travis,26.3194,-102.9095
L_1795,3,B_1795,5801 Main St,TX,Galveston,,
L_1796,2,B_1796,4835 Main St,TX,Harris,29.728,-94.9519
L_1797,3,B_1797,9362 Main St,TX,McLennan,33.1443,-103.2945
L_1798,2,B_1798,7858 Main St,TX,Nueces,28.9687,-95.8689
L_1799,2,B_1799,2778 Main St,TX,Harris,27.7124,-101.9248
L_1800,3,B_1800,3862 Main St,TX,Dallas,25.9875,-102.3473
L_1801,1,B_1801,2977 Main St,TX,Harris,32.1748,-101.9201
L_1802,1,B_1802,636 Main St,TX,Travis,26.1918,-96.9233
L_1803,1,B_1803,1441 Main St,TX,Galveston,26.6993,-105.3611
L_1804,1,B_1804,295 Main St,TX,Harris,32.5722,-100.9526
L_1805,1,B_1805,2920 Main St,TX,Harris,36.1988,-97.5742
L_1806,2,B_1806,7811 Main St,TX,Galveston,34.6336,-95.6626
L_1807,3,B_1807,6071 Main St,TX,Travis,33.6398,-99.7414
L_1808,1,B_1808,9980 Main St,TX,McLennan,30.7051,-105.5974
L_1809,3,B_1809,7855 Main St,TX,Harris,27.3702,-93.8034
L_1810,2,B_1810,4507 Main St,TX,Nueces,35.2378,-101.5969
L_1811,2,B_1811,7648 Main St,TX,Dallas,36.2889,-105.5682
L_1812,2,B_1812,5568 Main St,TX,Cameron,33.8172,-101.0649
L_1813,1,B_1813,3869 Main St,TX,Travis,26.0395,-94.1503
L_1814,3,B_1814,9916 Main St,TX,Travis,28.5484,-98.0471
L_1815,1,B_1815,7018 Main St,TX,Harris,34.7543,-100.922
L_1816,2,B_1816,5364 Main St,TX,Nueces,,
L_1817,2,B_1817,9848 Main St,TX,Cameron,28.5924,-102.6281
L_1818,3,B_1818,7494 Main St,TX,Galveston,34.9404,-103.4068
L_1819,2,B_1819,5166 Main St,TX,Cameron,29.8043,-100.4048
L_1820,2,B_1820,4268 Main St,TX,Harris,30.4753,-96.816
L_1821,3,B_1821,2836 Main St,TX,Harris,28.7623,-97.8041
L_1822,1,B_1822,5777 Main St,TX,Galveston,35.5343,-97.7155
L_1823,3,B_1823,2579 Main St,TX,Dallas,28.7177,-101.2659
L_1824,2,B_1824,6384 Main St,TX,Galveston,,
L_1825,3,B_1825,4325 Main St,TX,Harris,27.1885,-103.1016
L_1826,1,B_1826,2815 Main St,TX,McLennan,32.2102,-93.8157
L_1827,2,B_1827,1020 Main St,TX,Galveston,28.1682,-106.3632
L_1828,1,B_1828,4708 Main St,TX,Dallas,29.2733,-105.7652
L_1829,1,B_1829,1466 Main St,TX,Galveston,33.4188,-95.7666
L_1830,1,B_1830,6726 Main St,TX,Galveston,32.5921,-102.2933
L_1831,3,B_1831,4756 Main St,TX,Travis,29.9627,-94.4187
L_1832,3,B_1832,1951 Main St,TX,Travis,25.9345,-102.1382
L_1833,3,B_1833,5821 Main St,TX,Harris,30.5549,-100.5485
L_1834,3,B_1834,3560 Main St,TX,Harris,28.0538,-97.4598
L_1835,1,B_1835,7322 Main St,TX,Cameron,28.5359,-106.1773
L_1836,1,B_1836,4879 Main St,TX,Galveston,36.1546,-98.3289
L_1837,3,B_1837,744 Main St,TX,McLennan,31.8062,-102.0766
L_1838,2,B_1838,6102 Main St,TX,Nueces,36.3381,-101.7636
L_1839,3,B_1839,1622 Main St,TX,Harris,29.1741,-97.764
L_1840,1,B_1840,3174 Main St,TX,Galveston,,
L_1841,1,B_1841,4005 Main St,TX,Galveston,27.5841,-101.9937
L_1842,2,B_1842,7613 Main St,TX,Nueces,36.4553,-106.2934
L_1843,3,B_1843,3864 Main St,TX,Galveston,31.7539,-100.1711
L_1844,3,B_1844,7376 Main St,TX,Nueces,35.6566,-104.8748
L_1845,2,B_1845,7042 Main St,TX,Nueces,34.8914,-105.3296
L_1846,1,B_1846,6579 Main St,TX,Cameron,36.4158,-99.1232
L_1847,2,B_1847,9495 Main St,TX,Galveston,27.5026,-96.4144
L_1848,1,B_1848,7428 Main St,TX,Cameron,30.0919,-101.2484
L_1849,3,B_1849,6314 Main St,TX,Galveston,30.2745,-98.7498
L_1850,1,B_1850,8842 Main St,TX,Travis,29.2176,-101.8424
L_1851,3,B_1851,1987 Main St,TX,Nueces,,
L_1852,2,B_1852,6272 Main St,TX,Dallas,35.2669,-94.0209
L_1853,2,B_1853,178 Main St,TX,Nueces,29.2002,-99.5833
L_1854,1,B_1854,8786 Main St,TX,Dallas,29.9963,-95.3464
L_1855,1,B_1855,5346 Main St,TX,Galveston,30.7639,-95.7776
L_1856,2,B_1856,5727 Main St,TX,Harris,35.6858,-104.2731
L_1857,1,B_1857,8233 Main St,TX,McLennan,28.886,-99.6221
L_1858,2,B_1858,1548 Main St,TX,Cameron,30.765,-104.3433
L_1859,3,B_1859,7600 Main St,TX,Galveston,29.9019,-98.0443
L_1860,1,B_1860,5034 Main St,TX,McLennan,36.2244,-101.2252
L_1861,3,B_1861,9909 Main St,TX,Travis,32.6097,-98.4927
L_1862,1,B_1862,860 Main St,TX,Dallas,27.2827,-98.479
L_1863,3,B_1863,6050 Main St,TX,Cameron,32.2154,-97.0089
L_1864,3,B_1864,8635 Main St,TX,Travis,35.9167,-102.3422
L_1865,3,B_1865,4986 Main St,TX,Harris,31.8916,-100.4179
L_1866,1,B_1866,6505 Main St,TX,Harris,,
L_1867,1,B_1867,8557 Main St,TX,Nueces,33.7497,-95.026
L_1868,2,B_1868,8441 Main St,TX,Cameron,31.707,-95.289
L_1869,2,B_1869,1391 Main St,TX,Cameron,27.5268,-101.7653
L_1870,3,B_1870,4606 Main St,TX,Cameron,27.6748,-94.3235
L_1871,1,B_1871,4570 Main St,TX,Galveston,29.2531,-102.7619
L_1872,2,B_1872,9737 Main St,TX,Nueces,28.015,-100.5585
L_1873,3,B_1873,671 Main St,TX,Harris,32.2548,-93.6348
L_1874,3,B_1874,8546 Main St,TX,Harris,36.209,-100.0472
L_1875,1,B_1875,1055 Main St,TX,Nueces,,
L_1876,1,B_1876,3564 Main St,TX,Travis,32.2629,-102.2605
L_1877,1,B_1877,5628 Main St,TX,McLennan,35.6457,-104.5136
L_1878,1,B_1878,8346 Main St,TX,Dallas,30.7457,-93.9916
L_1879,1,B_1879,6666 Main St,TX,Harris,,
L_1880,3,B_1880,2900 Main St,TX,Nueces,,
L_1881,1,B_1881,4740 Main St,TX,Harris,35.0776,-93.5585
L_1882,3,B_1882,839 Main St,TX,Travis,35.0252,-105.6782
L_1883,1,B_1883,5924 Main St,TX,Cameron,28.5823,-97.2207
L_1884,3,B_1884,7377 Main St,TX,Cameron,,
L_1885,3,B_1885,4285 Main St,TX,Dallas,34.1096,-98.1231
L_1886,3,B_1886,4450 Main St,TX,Cameron,26.0538,-100.3014
L_1887,1,B_1887,5518 Main St,TX,Cameron,28.9347,-101.381
L_1888,1,B_1888,539 Main St,TX,Travis,34.5988,-96.5292
L_1889,3,B_1889,9355 Main St,TX,McLennan,29.6881,-97.2122
L_1890,2,B_1890,9562 Main St,TX,Travis,31.2737,-98.0898
L_1891,3,B_1891,9239 Main St,TX,Dallas,30.3859,-104.9749
L_1892,1,B_1892,7255 Main St,TX,Cameron,,
L_1893,3,B_1893,3525 Main St,TX,Dallas,28.6087,-95.7895
L_1894,1,B_1894,3092 Main St,TX,Harris,26.9961,-104.3867
L_1895,2,B_1895,4334 Main St,TX,McLennan,30.218,-102.1482
L_1896,3,B_1896,6225 Main St,TX,Galveston,34.3124,-103.8479
L_1897,1,B_1897,4089 Main St,TX,Harris,,
L_1898,1,B_1898,5299 Main St,TX,Cameron,26.5925,-94.8205
L_1899,3,B_1899,2481 Main St,TX,Nueces,28.4186,-103.194
L_1900,3,B_1900,7331 Main St,TX,Travis,28.9596,-100.7748
L_1901,1,B_1901,9785 Main St,TX,Travis,34.2249,-97.4357
L_1902,2,B_1902,1890 Main St,TX,Dallas,31.8801,-98.813
L_1903,3,B_1903,1692 Main St,TX,Nueces,27.3839,-102.8216
L_1904,2,B_1904,2009 Main St,TX,Dallas,28.1649,-101.7419
L_1905,1,B_1905,1583 Main St,TX,Nueces,28.916,-94.2232
L_1906,2,B_1906,1029 Main St,TX,Dallas,27.4938,-98.296
L_1907,3,B_1907,8588 Main St,TX,Galveston,30.5065,-102.7371
L_1908,3,B_1908,6193 Main St,TX,Galveston,33.2374,-104.6805
L_1909,1,B_1909,1260 Main St,TX,Harris,29.9112,-98.2584
L_1910,3,B_1910,8852 Main St,TX,Galveston,,
L_1911,3,B_1911,4200 Main St,TX,Nueces,29.0416,-98.9465
L_1912,1,B_1912,6823 Main St,TX,Dallas,28.5758,-97.1531
L_1913,3,B_1913,7051 Main St,TX,Nueces,36.4585,-101.2834
L_1914,3,B_1914,8483 Main St,TX,Harris,27.6234,-102.0908
L_1915,1,B_1915,9175 Main St,TX,Harris,34.9229,-102.4827
L_1916,1,B_1916,5367 Main St,TX,Cameron,35.0599,-100.2433
L_1917,2,B_1917,9872 Main St,TX,McLennan,27.6096,-99.7194
L_1918,3,B_1918,3743 Main St,TX,Galveston,35.3993,-106.4136
L_1919,1,B_1919,2818 Main St,TX,Travis,35.9323,-102.115
L_1920,3,B_1920,1351 Main St,TX,Travis,29.1096,-103.6615
L_1921,2,B_1921,4077 Main St,TX,McLennan,28.778,-96.408
L_1922,2,B_1922,5948 Main St,TX,Dallas,34.2452,-98.085
L_1923,2,B_1923,9551 Main St,TX,McLennan,29.6146,-100.5829
L_1924,1,B_1924,6851 Main St,TX,Dallas,35.5659,-94.7274
L_1925,1,B_1925,2029 Main St,TX,Galveston,34.8495,-96.3416
L_1926,2,B_1926,8293 Main St,TX,Galveston,28.2436,-103.9469
L_1927,2,B_1927,3534 Main St,TX,Harris,30.0639,-105.3052
L_1928,1,B_1928,957 Main St,TX,Harris,26.519,-99.352
L_1929,3,B_1929,7537 Main St,TX,Harris,33.7315,-95.1687
L_1930,3,B_1930,3353 Main St,TX,Harris,26.3989,-99.1762
L_1931,1,B_1931,4605 Main St,TX,Travis,28.4533,-103.2455
L_1932,3,B_1932,8814 Main St,TX,Cameron,33.1798,-98.0744
L_1933,1,B_1933,236 Main St,TX,Harris,33.1791,-100.6255
L_1934,1,B_1934,753 Main St,TX,Harris,,
L_1935,1,B_1935,2659 Main St,TX,Harris,31.7061,-105.4032
L_1936,3,B_1936,2521 Main St,TX,Dallas,27.8332,-95.7179
L_1937,3,B_1937,6958 Main St,TX,Nueces,,
L_1938,2,B_1938,4436 Main St,TX,Harris,31.3914,-105.8027
L_1939,3,B_1939,2637 Main St,TX,McLennan,28.2352,-98.9276
L_1940,1,B_1940,5771 Main St,TX,Harris,30.7677,-99.5662
L_1941,2,B_1941,8215 Main St,TX,Harris,29.2118,-98.2958
L_1942,3,B_1942,2299 Main St,TX,Travis,27.9018,-105.0751
L_1943,2,B_1943,241 Main St,TX,Nueces,,
L_1944,2,B_1944,5587 Main St,TX,Harris,31.6033,-103.7836
L_1945,3,B_1945,5537 Main St,TX,Nueces,31.8918,-98.9796
L_1946,2,B_1946,4957 Main St,TX,Dallas,35.0142,-105.139
L_1947,2,B_1947,9056 Main St,TX,Galveston,34.1181,-104.0481
L_1948,1,B_1948,2786 Main St,TX,Nueces,32.3742,-100.6231
L_1949,2,B_1949,9511 Main St,TX,Nueces,,
L_1950,3,B_1950,8571 Main St,TX,Harris,32.2345,-100.1469
L_1951,1,B_1951,8034 Main St,TX,Cameron,31.228,-99.864
L_1952,1,B_1952,9079 Main St,TX,Harris,29.0061,-95.2389
L_1953,1,B_1953,1770 Main St,TX,Harris,28.7456,-99.2474
L_1954,1,B_1954,2408 Main St,TX,Travis,29.1042,-100.8354
L_1955,2,B_1955,1152 Main St,TX,Cameron,35.919,-100.2127
L_1956,3,B_1956,4718 Main St,TX,Galveston,36.2256,-100.4364
L_1957,3,B_1957,7808 Main St,TX,Travis,27.5455,-105.7412
L_1958,1,B_1958,4284 Main St,TX,Travis,30.4226,-102.6092
L_1959,3,B_1959,8944 Main St,TX,Travis,35.7007,-100.7941
L_1960,3,B_1960,4688 Main St,TX,Cameron,31.5629,-104.2072
L_1961,1,B_1961,7421 Main St,TX,Dallas,34.1331,-96.6066
L_1962,1,B_1962,5097 Main St,TX,Galveston,31.169,-102.4078
L_1963,3,B_1963,6433 Main St,TX,Dallas,31.4753,-105.2518
L_1964,2,B_1964,180 Main St,TX,Dallas,29.0107,-98.6152
L_1965,2,B_1965,4928 Main St,TX,Galveston,27.4542,-104.5513
L_1966,1,B_1966,2959 Main St,TX,Dallas,34.0005,-96.3059
L_1967,3,B_1967,9666 Main St,TX,Cameron,32.3283,-104.5416
L_1968,2,B_1968,4161 Main St,TX,Galveston,36.2984,-98.0393
L_1969,3,B_1969,7565 Main St,TX,Nueces,34.1434,-103.0711
L_1970,3,B_1970,1798 Main St,TX,Nueces,30.8502,-95.3833
L_1971,2,B_1971,7993 Main St,TX,Harris,27.3514,-102.2282
L_1972,1,B_1972,9072 Main St,TX,Travis,29.5871,-96.8377
L_1973,1,B_1973,4229 Main St,TX,Nueces,30.3507,-101.4446
L_1974,3,B_1974,7873 Main St,TX,Nueces,33.9558,-101.3065
L_1975,3,B_1975,3053 Main St,TX,Dallas,36.1649,-101.9677
L_1976,1,B_1976,1420 Main St,TX,Galveston,36.2323,-96.5517
L_1977,3,B_1977,4396 Main St,TX,McLennan,26.0084,-97.3732
L_1978,2,B_1978,7141 Main St,TX,Dallas,28.0321,-97.2116
L_1979,1,B_1979,1386 Main St,TX,Dallas,28.9543,-101.7075
L_1980,3,B_1980,7604 Main St,TX,Cameron,34.2628,-102.3335
L_1981,2,B_1981,3100 Main St,TX,Galveston,27.9341,-103.7838
L_1982,3,B_1982,8276 Main St,TX,McLennan,31.1815,-95.3811
L_1983,1,B_1983,5604 Main St,TX,McLennan,26.9431,-103.4149
L_1984,2,B_1984,8870 Main St,TX,Harris,30.9326,-97.1514
L_1985,2,B_1985,876 Main St,TX,Dallas,30.8276,-93.8782
L_1986,3,B_1986,4547 Main St,TX,Cameron,,
L_1987,2,B_1987,5738 Main St,TX,Travis,32.8558,-97.5898
L_1988,3,B_1988,2460 Main St,TX,Nueces,31.0113,-102.9301
L_1989,1,B_1989,3064 Main St,TX,Dallas,32.2917,-101.6873
L_1990,3,B_1990,7043 Main St,TX,Travis,26.8854,-98.2209
L_1991,1,B_1991,7407 Main St,TX,Travis,28.7537,-101.7602
L_1992,2,B_1992,7110 Main St,TX,Galveston,26.988,-104.8409
L_1993,2,B_1993,8348 Main St,TX,Dallas,33.8231,-102.3485
L_1994,2,B_1994,8594 Main St,TX,Galveston,30.2274,-104.6118
L_1995,2,B_1995,7554 Main St,TX,Harris,28.9978,-103.9801
L_1996,3,B_1996,9761 Main St,TX,Travis,26.7417,-103.3875
L_1997,1,B_1997,8976 Main St,TX,McLennan,31.9282,-96.6075
L_1998,3,B_1998,8697 Main St,TX,Travis,28.5897,-99.6435
L_1999,2,B_1999,7653 Main St,TX,Harris,26.0338,-96.4855
L_2000,2,B_2000,7810 Main St,TX,Travis,26.5276,-96.3047
L_2001,2,B_2001,5517 Main St,TX,Galveston,29.1594,-95.42
L_2002,1,B_2002,4903 Main St,TX,Dallas,35.4846,-100.7595
L_2003,3,B_2003,4667 Main St,TX,McLennan,35.2651,-104.1878
L_2004,3,B_2004,5496 Main St,TX,Galveston,30.7306,-102.2375
L_2005,3,B_2005,8500 Main St,TX,Nueces,33.3334,-103.2548
L_2006,1,B_2006,4326 Main St,TX,Dallas,33.7999,-106.2969
L_2007,2,B_2007,7504 Main St,TX,McLennan,27.0753,-101.2188
L_2008,1,B_2008,4931 Main St,TX,Harris,31.004,-105.9708
L_2009,2,B_2009,1234 Main St,TX,Travis,31.4539,-94.6399
L_2010,3,B_2010,3960 Main St,TX,McLennan,31.2812,-106.3878
L_2011,3,B_2011,4648 Main St,TX,Cameron,26.1433,-99.9948
L_2012,3,B_2012,169 Main St,TX,Nueces,34.2545,-100.1547
L_2013,3,B_2013,1993 Main St,TX,Harris,32.5878,-96.9789
L_2014,2,B_2014,2331 Main St,TX,Dallas,31.8488,-93.8376
L_2015,1,B_2015,9623 Main St,TX,Cameron,31.4899,-96.1385
L_2016,1,B_2016,3590 Main St,TX,McLennan,34.8554,-105.4507
L_2017,3,B_2017,6914 Main St,TX,Harris,32.3273,-93.5924
L_2018,3,B_2018,153 Main St,TX,Dallas,33.8454,-96.5508
L_2019,2,B_2019,5478 Main St,TX,Cameron,28.7625,-100.6881
L_2020,3,B_2020,9964 Main St,TX,Cameron,33.7066,-98.0792
L_2021,1,B_2021,7226 Main St,TX,Galveston,,
L_2022,2,B_2022,3081 Main St,TX,Travis,32.7319,-102.1485
L_2023,2,B_2023,7533 Main St,TX,Harris,33.2107,-95.8553
L_2024,1,B_2024,5553 Main St,TX,Cameron,26.0299,-99.0709
L_2025,3,B_2025,1148 Main St,TX,Galveston,,
L_2026,1,B_2026,9626 Main St,TX,Nueces,26.0019,-103.6495
L_2027,1,B_2027,3520 Main St,TX,Nueces,28.5697,-103.6801
L_2028,2,B_2028,4215 Main St,TX,Dallas,33.0176,-102.3213
L_2029,2,B_2029,6274 Main St,TX,Cameron,32.9198,-96.5139
L_2030,2,B_2030,4182 Main St,TX,Cameron,29.5947,-95.0679
L_2031,2,B_2031,8553 Main St,TX,McLennan,35.0795,-104.6009
L_2032,3,B_2032,9976 Main St,TX,Cameron,28.0057,-104.2212
L_2033,3,B_2033,545 Main St,TX,Travis,26.0806,-98.7148
L_2034,3,B_2034,1916 Main St,TX,Dallas,34.8383,-96.389
L_2035,1,B_2035,2609 Main St,TX,Harris,36.0149,-102.3103
L_2036,3,B_2036,4667 Main St,TX,Cameron,28.2621,-103.8646
L_2037,3,B_2037,8750 Main St,TX,Travis,29.0413,-101.0419
L_2038,3,B_2038,4791 Main St,TX,Cameron,35.8184,-103.7542
L_2039,1,B_2039,4926 Main St,TX,Galveston,27.2692,-94.8247
L_2040,2,B_2040,7940 Main St,TX,Travis,30.5042,-95.6725
L_2041,3,B_2041,9996 Main St,TX,Galveston,30.5503,-96.8544
L_2042,2,B_2042,4071 Main St,TX,Dallas,33.7171,-101.6165
L_2043,1,B_2043,7012 Main St,TX,Cameron,30.0712,-103.9062
L_2044,2,B_2044,5825 Main St,TX,McLennan,29.8714,-95.9301
L_2045,2,B_2045,6770 Main St,TX,Nueces,,
L_2046,1,B_2046,2046 Main St,TX,Travis,27.6735,-94.636
L_2047,1,B_2047,1245 Main St,TX,McLennan,33.5523,-105.0057
L_2048,3,B_2048,6000 Main St,TX,McLennan,33.8957,-105.0233
L_2049,3,B_2049,6810 Main St,TX,Nueces,32.2719,-96.7792
L_2050,3,B_2050,9183 Main St,TX,Travis,29.1906,-104.0981
L_2051,3,B_2051,6687 Main St,TX,Cameron,34.3578,-101.8859
L_2052,3,B_2052,2329 Main St,TX,Travis,28.5315,-105.1329
L_2053,3,B_2053,2267 Main St,TX,McLennan,30.6894,-106.505
L_2054,3,B_2054,4032 Main St,TX,Harris,30.0833,-95.3668
L_2055,1,B_2055,1117 Main St,TX,Harris,35.9193,-95.6414
L_2056,2,B_2056,7724 Main St,TX,Travis,30.4454,-95.4937
L_2057,2,B_2057,562 Main St,TX,McLennan,29.0174,-93.5038
L_2058,3,B_2058,6963 Main St,TX,McLennan,26.7036,-98.1691
L_2059,3,B_2059,5593 Main St,TX,Dallas,29.9696,-100.4252
L_2060,1,B_2060,4234 Main St,TX,McLennan,35.979,-103.0012
L_2061,2,B_2061,8594 Main St,TX,Nueces,29.259,-104.7564
L_2062,3,B_2062,595 Main St,TX,Harris,31.841,-104.9239
L_2063,3,B_2063,5278 Main St,TX,Dallas,27.4666,-97.4946
L_2064,1,B_2064,3902 Main St,TX,Cameron,26.4546,-96.0888
L_2065,1,B_2065,1773 Main St,TX,Nueces,32.8722,-101.7307
L_2066,2,B_2066,6305 Main St,TX,Cameron,27.4851,-104.3413
L_2067,2,B_2067,675 Main St,TX,Harris,36.1287,-96.8802
L_2068,3,B_2068,2251 Main St,TX,Nueces,27.7433,-95.0841
L_2069,2,B_2069,2238 Main St,TX,Galveston,,
L_2070,2,B_2070,7464 Main St,TX,Travis,27.5374,-100.082
L_2071,2,B_2071,5007 Main St,TX,Galveston,32.4908,-94.6924
L_2072,1,B_2072,4053 Main St,TX,Travis,28.6374,-102.3939
L_2073,2,B_2073,4164 Main St,TX,Harris,29.3479,-94.9565
L_2074,2,B_2074,966 Main St,TX,Harris,,
L_2075,3,B_2075,3592 Main St,TX,Galveston,35.5753,-105.9909
L_2076,2,B_2076,7308 Main St,TX,Nueces,32.204,-99.7198
L_2077,2,B_2077,2987 Main St,TX,Cameron,25.9598,-94.8468
L_2078,2,B_2078,8161 Main St,TX,Travis,26.7857,-93.6547
L_2079,1,B_2079,1204 Main St,TX,Travis,27.0028,-100.3685
L_2080,3,B_2080,8896 Main St,TX,Dallas,36.322,-95.3846
L_2081,1,B_2081,6880 Main St,TX,McLennan,31.543,-104.8393
L_2082,3,B_2082,2753 Main St,TX,Nueces,32.6144,-102.5203
L_2083,2,B_2083,4757 Main St,TX,Nueces,35.4608,-104.9206
L_2084,3,B_2084,4986 Main St,TX,Dallas,32.8232,-101.8109
L_2085,3,B_2085,7580 Main St,TX,Harris,33.4646,-100.341
L_2086,1,B_2086,5869 Main St,TX,Galveston,34.9161,-104.0286
L_2087,2,B_2087,6954 Main St,TX,Nueces,27.1889,-94.256
L_2088,1,B_2088,3181 Main St,TX,Travis,28.2134,-105.5233
L_2089,1,B_2089,1126 Main St,TX,Dallas,26.8142,-101.3097
L_2090,3,B_2090,1822 Main St,TX,Galveston,26.9259,-103.6365
L_2091,2,B_2091,2230 Main St,TX,Cameron,32.8553,-102.295
L_2092,1,B_2092,1353 Main St,TX,Galveston,32.9514,-99.7891
L_2093,2,B_2093,3535 Main St,TX,Nueces,35.2543,-96.6454
L_2094,1,B_2094,9006 Main St,TX,McLennan,27.2093,-101.0715
L_2095,2,B_2095,334 Main St,TX,Travis,32.8749,-99.0103
L_2096,2,B_2096,8153 Main St,TX,Galveston,26.1662,-94.7312
L_2097,2,B_2097,9021 Main St,TX,Cameron,26.3138,-104.0076
L_2098,3,B_2098,3147 Main St,TX,Travis,27.7492,-104.7273
L_2099,3,B_2099,9235 Main St,TX,Nueces,,
L_2100,1,B_2100,8099 Main St,TX,Dallas,34.3041,-104.4793
L_2101,3,B_2101,8940 Main St,TX,Cameron,31.9213,-100.2616
L_2102,1,B_2102,878 Main St,TX,Galveston,32.5272,-95.8974
L_2103,1,B_2103,6573 Main St,TX,Cameron,30.6375,-103.7856
L_2104,3,B_2104,6918 Main St,TX,Nueces,31.6409,-105.0566
L_2105,2,B_2105,1370 Main St,TX,Galveston,34.0231,-94.4971
L_2106,2,B_2106,5325 Main St,TX,Cameron,35.35,-103.2558
L_2107,2,B_2107,4995 Main St,TX,Dallas,34.4348,-100.2156
L_2108,1,B_2108,5780 Main St,TX,Cameron,32.8968,-97.849
L_2109,3,B_2109,8466 Main St,TX,Travis,29.4634,-99.8001
L_2110,3,B_2110,5528 Main St,TX,Travis,26.4754,-101.813
L_2111,2,B_2111,8514 Main St,TX,Galveston,36.1229,-104.9464
L_2112,1,B_2112,6675 Main St,TX,Nueces,30.6945,-105.1441
L_2113,3,B_2113,6271 Main St,TX,Dallas,31.69,-102.7262
L_2114,1,B_2114,3895 Main St,TX,Harris,29.0852,-100.8863
L_2115,2,B_2115,5894 Main St,TX,Travis,36.3321,-105.5131
L_2116,3,B_2116,7194 Main St,TX,Cameron,31.2005,-101.392
L_2117,2,B_2117,5442 Main St,TX,Harris,36.4844,-104.0471
L_2118,1,B_2118,4957 Main St,TX,Cameron,28.1739,-106.381
L_2119,1,B_2119,1409 Main St,TX,Galveston,29.5871,-98.7277
L_2120,3,B_2120,8666 Main St,TX,Harris,35.0012,-99.7219
L_2121,2,B_2121,570 Main St,TX,Nueces,29.6804,-103.5815
L_2122,1,B_2122,2807 Main St,TX,Cameron,31.4803,-101.6944
L_2123,1,B_2123,9127 Main St,TX,Nueces,,
L_2124,3,B_2124,8656 Main St,TX,Cameron,32.5871,-98.5018
L_2125,3,B_2125,2983 Main St,TX,Harris,33.8368,-104.6081
L_2126,1,B_2126,5647 Main St,TX,Nueces,32.3234,-95.3563
L_2127,2,B_2127,2385 Main St,TX,Travis,28.7791,-94.0364
L_2128,2,B_2128,1345 Main St,TX,Galveston,28.9725,-94.7975
L_2129,3,B_2129,2907 Main St,TX,Harris,35.3631,-100.4691
L_2130,3,B_2130,8673 Main St,TX,Cameron,,
L_2131,3,B_2131,8952 Main St,TX,Travis,35.8381,-106.5954
L_2132,1,B_2132,6346 Main St,TX,Cameron,31.7466,-102.518
L_2133,3,B_2133,7190 Main St,TX,Harris,32.3604,-94.0335
L_2134,2,B_2134,9668 Main St,TX,Cameron,,
L_2135,3,B_2135,779 Main St,TX,Travis,30.191,-104.7163
L_2136,2,B_2136,5278 Main St,TX,Nueces,33.9811,-96.0285
L_2137,2,B_2137,4564 Main St,TX,Nueces,28.3944,-96.2993
L_2138,3,B_2138,6491 Main St,TX,Galveston,29.9837,-104.0668
L_2139,2,B_2139,9755 Main St,TX,Cameron,26.5547,-93.98
L_2140,1,B_2140,8717 Main St,TX,Nueces,35.3512,-104.9825
L_2141,3,B_2141,5181 Main St,TX,Dallas,33.7143,-94.2291
L_2142,1,B_2142,2977 Main St,TX,Travis,27.4248,-100.7917
L_2143,3,B_2143,8895 Main St,TX,Travis,32.9929,-96.6363
L_2144,1,B_2144,8316 Main St,TX,Harris,,
L_2145,1,B_2145,2661 Main St,TX,Galveston,,
L_2146,3,B_2146,8826 Main St,TX,McLennan,29.1294,-105.2558
L_2147,1,B_2147,4794 Main St,TX,Nueces,30.8409,-97.9485
L_2148,1,B_2148,7456 Main St,TX,McLennan,28.9974,-104.9643
L_2149,1,B_2149,689 Main St,TX,Dallas,33.7492,-100.6478
L_2150,1,B_2150,5479 Main St,TX,Galveston,,
L_2151,3,B_2151,2625 Main St,TX,Travis,36.2752,-94.6724
L_2152,1,B_2152,828 Main St,TX,McLennan,29.4527,-103.0355
L_2153,2,B_2153,4073 Main St,TX,Dallas,36.3712,-101.6023
L_2154,3,B_2154,1398 Main St,TX,Galveston,27.0074,-100.4885
L_2155,1,B_2155,3708 Main St,TX,Dallas,32.0593,-95.1212
L_2156,1,B_2156,2845 Main St,TX,Nueces,34.3007,-96.6642
L_2157,3,B_2157,8953 Main St,TX,McLennan,28.2036,-105.25
L_2158,3,B_2158,9201 Main St,TX,Harris,32.2555,-98.7525
L_2159,2,B_2159,7641 Main St,TX,Harris,35.1022,-97.8897
L_2160,3,B_2160,1593 Main St,TX,Galveston,36.1067,-101.0761
L_2161,1,B_2161,2845 Main St,TX,Dallas,32.6272,-95.2663
L_2162,2,B_2162,3534 Main St,TX,Travis,28.7982,-97.1149
L_2163,2,B_2163,2710 Main St,TX,McLennan,28.7518,-103.3031
L_2164,1,B_2164,374 Main St,TX,Harris,30.2902,-95.6445
L_2165,3,B_2165,3507 Main St,TX,Harris,26.6891,-105.2752
L_2166,1,B_2166,7187 Main St,TX,Dallas,34.4241,-103.4201
L_2167,2,B_2167,6352 Main St,TX,Harris,32.1246,-97.8803
L_2168,3,B_2168,8668 Main St,TX,Cameron,,
L_2169,3,B_2169,7251 Main St,TX,Dallas,34.1559,-97.3183
L_2170,3,B_2170,4900 Main St,TX,McLennan,31.7992,-95.6299
L_2171,2,B_2171,2177 Main St,TX,Dallas,29.8213,-99.8015
L_2172,1,B_2172,7350 Main St,TX,Harris,29.8937,-98.7182
L_2173,1,B_2173,7973 Main St,TX,Dallas,32.1167,-96.2038
L_2174,1,B_2174,9031 Main St,TX,Harris,31.9592,-105.0611
L_2175,1,B_2175,6476 Main St,TX,Nueces,29.6595,-97.7888
L_2176,1,B_2176,2331 Main St,TX,Galveston,30.3136,-101.4419
L_2177,2,B_2177,7103 Main St,TX,Harris,29.5162,-96.2754
L_2178,3,B_2178,8973 Main St,TX,Cameron,31.9348,-99.7518
L_2179,1,B_2179,5636 Main St,TX,Cameron,34.5008,-98.3716
L_2180,1,B_2180,3149 Main St,TX,Cameron,32.959,-106.2641
L_2181,3,B_2181,7820 Main St,TX,Cameron,26.0583,-94.2081
L_2182,3,B_2182,2459 Main St,TX,Harris,,
L_2183,1,B_2183,8770 Main St,TX,Harris,34.3803,-97.0493
L_2184,2,B_2184,7681 Main St,TX,Galveston,28.5126,-95.8794
L_2185,1,B_2185,6304 Main St,TX,Nueces,36.2173,-103.342
L_2186,1,B_2186,576 Main St,TX,Travis,30.5723,-105.9738
L_2187,1,B_2187,4084 Main St,TX,Harris,36.4034,-103.1524
L_2188,2,B_2188,2550 Main St,TX,Travis,34.292,-103.8571
L_2189,3,B_2189,203 Main St,TX,McLennan,34.0477,-99.4307
L_2190,1,B_2190,8387 Main St,TX,Nueces,30.0941,-102.0341
L_2191,1,B_2191,8015 Main St,TX,Dallas,34.5255,-95.5342
L_2192,1,B_2192,7453 Main St,TX,Travis,34.9661,-102.2277
L_2193,2,B_2193,9292 Main St,TX,Cameron,33.7165,-95.6453
L_2194,1,B_2194,3810 Main St,TX,Nueces,34.6669,-105.273
L_2195,2,B_2195,4501 Main St,TX,McLennan,33.5248,-98.2232
L_2196,3,B_2196,7270 Main St,TX,Nueces,31.12,-104.1609
L_2197,3,B_2197,1410 Main St,TX,Dallas,29.8949,-103.1327
L_2198,2,B_2198,218 Main St,TX,Harris,29.5514,-96.0427
L_2199,1,B_2199,6763 Main St,TX,Harris,33.876,-94.0331
L_2200,2,B_2200,3081 Main St,TX,Cameron,26.9928,-98.9778
L_2201,3,B_2201,8897 Main St,TX,Harris,33.2924,-99.2576
L_2202,3,B_2202,3828 Main St,TX,Galveston,31.5593,-101.3866
L_2203,2,B_2203,3735 Main St,TX,Galveston,27.9252,-105.4139
L_2204,2,B_2204,4457 Main St,TX,Galveston,35.1832,-101.2993
L_2205,1,B_2205,5784 Main St,TX,Cameron,33.46,-99.62
L_2206,2,B_2206,6133 Main St,TX,Galveston,35.6575,-105.2425
L_2207,3,B_2207,7969 Main St,TX,McLennan,36.03,-95.9291
L_2208,3,B_2208,4076 Main St,TX,Cameron,28.9449,-99.1316
L_2209,2,B_2209,5705 Main St,TX,Nueces,,
L_2210,1,B_2210,7067 Main St,TX,McLennan,36.494,-100.8028
L_2211,3,B_2211,2942 Main St,TX,Harris,,
L_2212,2,B_2212,3260 Main St,TX,Dallas,31.6635,-97.8555
L_2213,2,B_2213,2214 Main St,TX,Galveston,31.0911,-95.6845
L_2214,3,B_2214,7520 Main St,TX,Nueces,28.4253,-103.6416
L_2215,1,B_2215,8287 Main St,TX,Dallas,32.7325,-103.7708
L_2216,3,B_2216,698 Main St,TX,Cameron,,
L_2217,2,B_2217,1016 Main St,TX,Cameron,26.0223,-98.5799
L_2218,2,B_2218,4272 Main St,TX,McLennan,34.7659,-101.1697
L_2219,2,B_2219,5516 Main St,TX,Galveston,31.8785,-101.1986
L_2220,3,B_2220,3589 Main St,TX,Cameron,32.0156,-98.383
L_2221,3,B_2221,5664 Main St,TX,McLennan,35.3081,-93.7734
L_2222,2,B_2222,8795 Main St,TX,McLennan,33.7907,-97.3416
L_2223,2,B_2223,5940 Main St,TX,Travis,36.3065,-96.0751
L_2224,3,B_2224,9668 Main St,TX,Nueces,29.7614,-94.8093
L_2225,2,B_2225,7797 Main St,TX,McLennan,35.8251,-102.406
L_2226,2,B_2226,3677 Main St,TX,Harris,36.0516,-104.8381
L_2227,1,B_2227,1097 Main St,TX,Cameron,36.3529,-103.3657
L_2228,3,B_2228,2161 Main St,TX,McLennan,31.5595,-104.9132
L_2229,2,B_2229,7674 Main St,TX,Galveston,34.1911,-99.9524
L_2230,3,B_2230,3714 Main St,TX,Cameron,29.1543,-96.025
L_2231,2,B_2231,2173 Main St,TX,Cameron,33.5051,-97.1999
L_2232,1,B_2232,2888 Main St,TX,Harris,31.7286,-93.6955
L_2233,2,B_2233,9123 Main St,TX,McLennan,30.7786,-99.0772
L_2234,3,B_2234,5742 Main St,TX,Harris,,
L_2235,2,B_2235,7442 Main St,TX,McLennan,32.4212,-100.0876
L_2236,2,B_2236,471 Main St,TX,Nueces,35.9989,-104.3554
L_2237,2,B_2237,5214 Main St,TX,Harris,31.7813,-105.8462
L_2238,1,B_2238,2774 Main St,TX,Dallas,29.5194,-95.2347
L_2239,2,B_2239,4270 Main St,TX,Travis,27.3823,-97.6657
L_2240,2,B_2240,784 Main St,TX,Harris,,
L_2241,3,B_2241,2596 Main St,TX,Galveston,31.8964,-94.1897
L_2242,1,B_2242,5524 Main St,TX,Travis,33.587,-97.2517
L_2243,2,B_2243,5706 Main St,TX,Travis,31.0517,-97.3747
L_2244,2,B_2244,5633 Main St,TX,McLennan,35.8874,-93.6807
L_2245,3,B_2245,4857 Main St,TX,Harris,30.6376,-99.547
L_2246,2,B_2246,6826 Main St,TX,Nueces,29.3367,-99.1349
L_2247,3,B_2247,8639 Main St,TX,Cameron,35.9251,-104.7105
L_2248,3,B_2248,9989 Main St,TX,Travis,31.5739,-97.6747
L_2249,3,B_2249,3752 Main St,TX,Galveston,25.8725,-98.6143
L_2250,2,B_2250,9583 Main St,TX,Nueces,29.6343,-105.0321
L_2251,2,B_2251,7470 Main St,TX,Nueces,32.3682,-99.66
L_2252,3,B_2252,7606 Main St,TX,Galveston,33.6384,-103.3407
L_2253,1,B_2253,733 Main St,TX,Cameron,33.9194,-104.2506
L_2254,3,B_2254,4903 Main St,TX,Galveston,32.7487,-100.1158
L_2255,3,B_2255,1808 Main St,TX,McLennan,27.0787,-105.4327
L_2256,2,B_2256,1803 Main St,TX,Dallas,35.9238,-99.0806
L_2257,3,B_2257,6908 Main St,TX,Cameron,29.9457,-101.2608
L_2258,1,B_2258,7909 Main St,TX,Harris,27.2821,-102.1028
L_2259,2,B_2259,9240 Main St,TX,Travis,26.8257,-101.9474
L_2260,3,B_2260,8905 Main St,TX,Harris,35.206,-100.0542
L_2261,3,B_2261,1232 Main St,TX,Nueces,30.0953,-103.631
L_2262,1,B_2262,5993 Main St,TX,Travis,36.3463,-98.3076
L_2263,3,B_2263,9664 Main St,TX,Cameron,33.8444,-99.7373
L_2264,2,B_2264,7003 Main St,TX,McLennan,26.0183,-98.6593
L_2265,3,B_2265,4777 Main St,TX,Harris,26.4329,-101.7118
L_2266,3,B_2266,6649 Main St,TX,McLennan,27.6031,-93.9768
L_2267,2,B_2267,7640 Main St,TX,McLennan,31.4616,-106.5389
L_2268,3,B_2268,3914 Main St,TX,Cameron,26.0959,-94.7426
L_2269,1,B_2269,8744 Main St,TX,Harris,34.9951,-94.0802
L_2270,2,B_2270,6505 Main St,TX,Harris,32.4433,-104.2186
L_2271,2,B_2271,5724 Main St,TX,Cameron,29.4942,-95.1755
L_2272,1,B_2272,6327 Main St,TX,Cameron,32.217,-99.0808
L_2273,2,B_2273,266 Main St,TX,Travis,35.3384,-97.3466
L_2274,2,B_2274,4966 Main St,TX,Nueces,27.6992,-104.6501
L_2275,2,B_2275,4663 Main St,TX,Nueces,26.1247,-106.0921
L_2276,3,B_2276,8536 Main St,TX,Cameron,36.0509,-94.2768
L_2277,2,B_2277,4434 Main St,TX,Galveston,29.1348,-102.7823
L_2278,1,B_2278,7165 Main St,TX,McLennan,29.5349,-104.2365
L_2279,1,B_2279,8283 Main St,TX,Nueces,35.4325,-100.0808
L_2280,1,B_2280,3839 Main St,TX,Dallas,32.2575,-93.5348
L_2281,3,B_2281,3495 Main St,TX,Cameron,35.8347,-94.4353
L_2282,2,B_2282,3170 Main St,TX,Cameron,29.9607,-100.732
L_2283,2,B_2283,3021 Main St,TX,Travis,27.0453,-99.3365
L_2284,2,B_2284,1255 Main St,TX,Cameron,29.7129,-103.4632
L_2285,3,B_2285,2771 Main St,TX,Travis,34.5482,-104.1327
L_2286,2,B_2286,4743 Main St,TX,Galveston,29.634,-94.5924
L_2287,1,B_2287,9018 Main St,TX,Galveston,34.4767,-94.6833
L_2288,3,B_2288,9967 Main St,TX,Cameron,34.778,-105.306
L_2289,3,B_2289,5511 Main St,TX,McLennan,31.3623,-97.908
L_2290,2,B_2290,5871 Main St,TX,Travis,29.2299,-99.6919
L_2291,1,B_2291,8859 Main St,TX,Travis,31.9534,-99.6318
L_2292,1,B_2292,7722 Main St,TX,Dallas,30.0178,-99.4424
L_2293,3,B_2293,7271 Main St,TX,McLennan,27.95,-102.4039
L_2294,2,B_2294,575 Main St,TX,McLennan,30.5926,-104.0057
L_2295,3,B_2295,273 Main St,TX,Nueces,30.3616,-100.8997
L_2296,3,B_2296,7034 Main St,TX,Galveston,,
L_2297,1,B_2297,2748 Main St,TX,Nueces,,
L_2298,3,B_2298,4018 Main St,TX,McLennan,26.9162,-99.2476
L_2299,3,B_2299,4388 Main St,TX,Cameron,29.0731,-93.601
L_2300,2,B_2300,5224 Main St,TX,Dallas,34.0469,-96.502
L_2301,2,B_2301,9646 Main St,TX,Cameron,31.4448,-106.0546
L_2302,1,B_2302,9812 Main St,TX,Cameron,29.0862,-98.9041
L_2303,3,B_2303,4671 Main St,TX,McLennan,35.433,-99.4895
L_2304,2,B_2304,2715 Main St,TX,Nueces,33.7101,-99.6008
L_2305,3,B_2305,7009 Main St,TX,Harris,,
L_2306,3,B_2306,4598 Main St,TX,Cameron,27.8142,-93.9691
L_2307,2,B_2307,620 Main St,TX,Cameron,,
L_2308,3,B_2308,8098 Main St,TX,Harris,35.1486,-96.9251
L_2309,1,B_2309,6859 Main St,TX,Dallas,31.4066,-104.2644
L_2310,2,B_2310,493 Main St,TX,Galveston,33.2813,-94.6703
L_2311,1,B_2311,9195 Main St,TX,Travis,26.8556,-94.1555
L_2312,3,B_2312,9842 Main St,TX,McLennan,35.3482,-97.2674
L_2313,2,B_2313,5392 Main St,TX,Nueces,,
L_2314,2,B_2314,3480 Main St,TX,Galveston,28.0121,-98.2105
L_2315,1,B_2315,1069 Main St,TX,Nueces,,
L_2316,2,B_2316,1494 Main St,TX,Galveston,28.0045,-97.569
L_2317,3,B_2317,2209 Main St,TX,McLennan,35.6901,-106.5379
L_2318,1,B_2318,873 Main St,TX,Travis,28.3721,-95.9413
L_2319,3,B_2319,3792 Main St,TX,McLennan,34.695,-93.7043
L_2320,1,B_2320,4113 Main St,TX,Travis,36.3618,-95.7719
L_2321,3,B_2321,9535 Main St,TX,Nueces,34.7643,-106.0137
L_2322,2,B_2322,8482 Main St,TX,Dallas,27.3159,-103.3751
L_2323,2,B_2323,574 Main St,TX,Travis,32.9533,-95.0465
L_2324,2,B_2324,2022 Main St,TX,Galveston,31.9048,-95.285
L_2325,1,B_2325,4053 Main St,TX,Dallas,32.5002,-103.9161
L_2326,3,B_2326,8366 Main St,TX,Nueces,33.682,-103.0287
L_2327,1,B_2327,8272 Main St,TX,Harris,30.25,-101.1813
L_2328,1,B_2328,1592 Main St,TX,Dallas,28.7755,-94.7959
L_2329,2,B_2329,6259 Main St,TX,Travis,34.539,-100.2044
L_2330,1,B_2330,2455 Main St,TX,Dallas,32.2214,-98.3924
L_2331,2,B_2331,9017 Main St,TX,Nueces,33.2472,-100.7164
L_2332,1,B_2332,3767 Main St,TX,Dallas,32.8937,-103.679
L_2333,3,B_2333,4159 Main St,TX,Nueces,27.0335,-94.781
L_2334,1,B_2334,5930 Main St,TX,Harris,27.7619,-102.3113
L_2335,3,B_2335,7051 Main St,TX,Travis,35.8955,-103.2399
L_2336,1,B_2336,9106 Main St,TX,Cameron,35.7576,-101.3835
L_2337,3,B_2337,973 Main St,TX,Galveston,28.8463,-99.1316
L_2338,2,B_2338,5350 Main St,TX,Dallas,26.9609,-105.0359
L_2339,2,B_2339,9080 Main St,TX,Cameron,35.2591,-94.1523
L_2340,1,B_2340,1340 Main St,TX,McLennan,31.7358,-100.0766
L_2341,3,B_2341,725 Main St,TX,Galveston,,
L_2342,2,B_2342,8961 Main St,TX,Dallas,36.4525,-100.4567
L_2343,1,B_2343,377 Main St,TX,Galveston,,
L_2344,3,B_2344,2016 Main St,TX,Cameron,34.7141,-104.1833
L_2345,2,B_2345,6096 Main St,TX,McLennan,33.9592,-96.036
L_2346,2,B_2346,3679 Main St,TX,Galveston,32.3839,-100.8608
L_2347,3,B_2347,3486 Main St,TX,Cameron,,
L_2348,2,B_2348,7588 Main St,TX,Galveston,26.2393,-94.3696
L_2349,3,B_2349,4690 Main St,TX,McLennan,34.0047,-104.1245
L_2350,3,B_2350,3339 Main St,TX,McLennan,28.0516,-102.4352
L_2351,3,B_2351,5442 Main St,TX,McLennan,31.8862,-94.1735
L_2352,1,B_2352,6714 Main St,TX,Harris,35.9694,-94.5239
L_2353,1,B_2353,7610 Main St,TX,Nueces,27.9469,-98.1618
L_2354,3,B_2354,446 Main St,TX,Nueces,27.4381,-102.7773
L_2355,1,B_2355,2218 Main St,TX,Cameron,,
L_2356,1,B_2356,7470 Main St,TX,McLennan,27.7684,-104.0542
L_2357,2,B_2357,8144 Main St,TX,Cameron,30.4959,-95.1855
L_2358,1,B_2358,2814 Main St,TX,Nueces,,
L_2359,2,B_2359,8480 Main St,TX,Galveston,31.4556,-99.3052
L_2360,3,B_2360,7649 Main St,TX,McLennan,27.334,-93.9693
L_2361,2,B_2361,1261 Main St,TX,Dallas,26.4068,-97.6296
L_2362,1,B_2362,5322 Main St,TX,McLennan,30.1862,-99.601
L_2363,2,B_2363,6341 Main St,TX,McLennan,32.4189,-104.3741
L_2364,1,B_2364,6093 Main St,TX,Nueces,29.763,-104.7203
L_2365,3,B_2365,7169 Main St,TX,Cameron,,
L_2366,1,B_2366,6130 Main St,TX,Travis,28.3002,-101.6061
L_2367,3,B_2367,7680 Main St,TX,Galveston,34.5067,-96.5301
L_2368,3,B_2368,9625 Main St,TX,Nueces,,
L_2369,3,B_2369,4946 Main St,TX,Cameron,32.5227,-99.2163
L_2370,1,B_2370,5890 Main St,TX,Cameron,,
L_2371,2,B_2371,8204 Main St,TX,Galveston,35.5457,-94.3225
L_2372,2,B_2372,5680 Main St,TX,Cameron,28.8224,-98.5298
L_2373,1,B_2373,9411 Main St,TX,Dallas,30.6115,-96.8003
L_2374,3,B_2374,5723 Main St,TX,Harris,32.3549,-102.0786
L_2375,1,B_2375,9439 Main St,TX,Travis,36.3714,-100.6397
L_2376,3,B_2376,6176 Main St,TX,Dallas,35.6379,-104.5939
L_2377,1,B_2377,6126 Main St,TX,Dallas,31.5401,-101.8822
L_2378,2,B_2378,516 Main St,TX,Galveston,,
L_2379,1,B_2379,5713 Main St,TX,Travis,32.6169,-104.316
L_2380,2,B_2380,5411 Main St,TX,Galveston,36.4908,-95.0466
L_2381,1,B_2381,4032 Main St,TX,Harris,26.024,-96.0486
L_2382,1,B_2382,6436 Main St,TX,Cameron,,
L_2383,1,B_2383,2295 Main St,TX,Galveston,33.4043,-99.5064
L_2384,2,B_2384,9326 Main St,TX,McLennan,28.2287,-101.3308
L_2385,3,B_2385,1459 Main St,TX,Galveston,29.5765,-94.2614
L_2386,2,B_2386,7359 Main St,TX,Cameron,30.2697,-96.9918
L_2387,3,B_2387,1979 Main St,TX,McLennan,30.5497,-101.5114
L_2388,3,B_2388,5021 Main St,TX,Dallas,29.6901,-102.3293
L_2389,3,B_2389,8520 Main St,TX,Harris,33.5394,-103.9025
L_2390,3,B_2390,6072 Main St,TX,Cameron,27.8433,-104.0507
L_2391,1,B_2391,4789 Main St,TX,Nueces,32.8548,-98.4927
L_2392,1,B_2392,1317 Main St,TX,McLennan,35.4338,-99.4185
L_2393,2,B_2393,9261 Main St,TX,Harris,30.1678,-98.1636
L_2394,3,B_2394,3774 Main St,TX,Galveston,27.3122,-105.1767
L_2395,2,B_2395,5752 Main St,TX,Nueces,29.0134,-95.6892
L_2396,1,B_2396,2728 Main St,TX,Galveston,32.4725,-105.9334
L_2397,1,B_2397,5227 Main St,TX,Cameron,31.7031,-104.547
L_2398,3,B_2398,2246 Main St,TX,Dallas,29.9119,-99.8207
L_2399,3,B_2399,6112 Main St,TX,Cameron,30.5399,-97.509
L_2400,1,B_2400,2449 Main St,TX,Cameron,32.9368,-103.0195
L_2401,1,B_2401,1110 Main St,TX,Cameron,31.828,-104.5583
L_2402,1,B_2402,7524 Main St,TX,Galveston,34.1659,-104.0087
L_2403,1,B_2403,8776 Main St,TX,McLennan,30.2008,-100.4616
L_2404,3,B_2404,8302 Main St,TX,Dallas,35.0879,-104.8897
L_2405,2,B_2405,2787 Main St,TX,Harris,29.1835,-94.3774
L_2406,3,B_2406,1317 Main St,TX,Dallas,32.3519,-96.9673
L_2407,1,B_2407,6561 Main St,TX,Harris,33.0352,-96.2908
L_2408,2,B_2408,5233 Main St,TX,Travis,26.7175,-106.4864
L_2409,1,B_2409,1677 Main St,TX,McLennan,35.0261,-105.9089
L_2410,2,B_2410,1199 Main St,TX,McLennan,34.9228,-102.4959
L_2411,2,B_2411,3130 Main St,TX,Harris,27.9722,-104.6271
L_2412,1,B_2412,1616 Main St,TX,Galveston,34.7953,-101.8455
L_2413,2,B_2413,5004 Main St,TX,Nueces,32.0429,-95.7499
L_2414,2,B_2414,6231 Main St,TX,Galveston,33.3286,-102.8044
L_2415,1,B_2415,8151 Main St,TX,Travis,26.886,-99.2393
L_2416,3,B_2416,4939 Main St,TX,Harris,27.4266,-101.1611
L_2417,2,B_2417,4947 Main St,TX,Travis,31.4957,-98.5004
L_2418,3,B_2418,5337 Main St,TX,Harris,31.7098,-100.4487
L_2419,2,B_2419,2540 Main St,TX,Travis,36.3213,-97.5615
L_2420,1,B_2420,1083 Main St,TX,Harris,36.2445,-97.9033
L_2421,3,B_2421,3450 Main St,TX,McLennan,27.3691,-100.7718
L_2422,2,B_2422,761 Main St,TX,Travis,33.8857,-104.8237
L_2423,1,B_2423,2320 Main St,TX,Travis,29.8762,-101.6303
L_2424,3,B_2424,7859 Main St,TX,Harris,26.0135,-97.5856
L_2425,1,B_2425,6419 Main St,TX,Dallas,34.5521,-94.4047
L_2426,3,B_2426,4393 Main St,TX,Dallas,32.0583,-104.218
L_2427,2,B_2427,7689 Main St,TX,McLennan,35.3657,-93.8891
L_2428,2,B_2428,3417 Main St,TX,Galveston,31.8646,-94.9986
L_2429,1,B_2429,521 Main St,TX,Galveston,35.2855,-105.6975
L_2430,3,B_2430,8503 Main St,TX,McLennan,27.2439,-102.6686
L_2431,1,B_2431,9060 Main St,TX,Galveston,27.3995,-93.5931
L_2432,3,B_2432,2418 Main St,TX,Nueces,32.9573,-94.0034
L_2433,3,B_2433,5018 Main St,TX,Nueces,33.4121,-94.1712
L_2434,3,B_2434,1028 Main St,TX,Nueces,,
L_2435,2,B_2435,3189 Main St,TX,Cameron,34.3527,-106.391
L_2436,2,B_2436,6037 Main St,TX,Cameron,30.2698,-104.3853
L_2437,2,B_2437,4064 Main St,TX,Nueces,27.8546,-102.9288
L_2438,2,B_2438,2923 Main St,TX,Harris,35.6004,-100.1861
L_2439,1,B_2439,1600 Main St,TX,Dallas,35.4922,-105.9187
L_2440,2,B_2440,2861 Main St,TX,McLennan,28.3552,-102.5831
L_2441,3,B_2441,4761 Main St,TX,Harris,30.4326,-106.07
L_2442,2,B_2442,4781 Main St,TX,Nueces,33.9295,-100.5991
L_2443,1,B_2443,257 Main St,TX,McLennan,26.6586,-99.3783
L_2444,3,B_2444,2932 Main St,TX,Dallas,27.198,-93.7849
L_2445,3,B_2445,9647 Main St,TX,Galveston,33.6607,-106.3483
L_2446,1,B_2446,3381 Main St,TX,Harris,35.4785,-101.6218
L_2447,3,B_2447,7251 Main St,TX,Dallas,26.185,-97.7981
L_2448,1,B_2448,3926 Main St,TX,McLennan,33.2564,-102.2032
L_2449,2,B_2449,4844 Main St,TX,Travis,34.3937,-95.4175
L_2450,1,B_2450,461 Main St,TX,Harris,30.157,-102.1181
L_2451,1,B_2451,9535 Main St,TX,Cameron,33.4946,-99.3638
L_2452,2,B_2452,4204 Main St,TX,McLennan,31.0305,-103.1066
L_2453,3,B_2453,1578 Main St,TX,McLennan,35.5729,-94.564
L_2454,2,B_2454,2984 Main St,TX,Cameron,,
L_2455,2,B_2455,1550 Main St,TX,Dallas,32.9286,-102.4262
L_2456,2,B_2456,9138 Main St,TX,McLennan,31.2441,-105.1128
L_2457,2,B_2457,735 Main St,TX,Harris,34.4266,-105.1977
L_2458,3,B_2458,6026 Main St,TX,Nueces,,
L_2459,1,B_2459,2799 Main St,TX,Cameron,27.4479,-96.1009
L_2460,3,B_2460,5893 Main St,TX,Harris,35.0415,-106.4736
L_2461,2,B_2461,7934 Main St,TX,Cameron,,
L_2462,3,B_2462,9466 Main St,TX,McLennan,34.4348,-95.2009
L_2463,1,B_2463,5293 Main St,TX,Dallas,32.4068,-104.5532
L_2464,2,B_2464,9651 Main St,TX,Harris,35.1234,-100.564
L_2465,1,B_2465,9409 Main St,TX,Travis,35.1454,-96.3017
L_2466,2,B_2466,1101 Main St,TX,Nueces,,
L_2467,1,B_2467,540 Main St,TX,Cameron,,
L_2468,3,B_2468,4725 Main St,TX,Galveston,27.9349,-96.8266
L_2469,1,B_2469,7938 Main St,TX,Dallas,26.6684,-105.3987
L_2470,2,B_2470,4243 Main St,TX,Dallas,35.9799,-106.5497
L_2471,2,B_2471,1550 Main St,TX,Galveston,28.2939,-105.945
L_2472,1,B_2472,2333 Main St,TX,Galveston,,
L_2473,1,B_2473,3977 Main St,TX,Harris,31.4639,-100.3638
L_2474,2,B_2474,2620 Main St,TX,McLennan,27.9111,-93.6581
L_2475,2,B_2475,5423 Main St,TX,McLennan,32.2784,-104.1626
L_2476,2,B_2476,5055 Main St,TX,Travis,28.8823,-97.7423
L_2477,1,B_2477,6762 Main St,TX,Nueces,26.4555,-104.1774
L_2478,1,B_2478,233 Main St,TX,Cameron,,
L_2479,1,B_2479,1514 Main St,TX,McLennan,27.6816,-104.0099
L_2480,3,B_2480,9171 Main St,TX,Travis,27.3397,-99.4998
L_2481,2,B_2481,9837 Main St,TX,Travis,36.2081,-97.4304
L_2482,2,B_2482,1524 Main St,TX,Dallas,33.3207,-105.6073
L_2483,2,B_2483,1965 Main St,TX,Dallas,27.8014,-102.3896
L_2484,2,B_2484,3441 Main St,TX,Nueces,27.5379,-98.2776
L_2485,3,B_2485,5057 Main St,TX,Harris,32.2366,-99.9628
L_2486,3,B_2486,3921 Main St,TX,Galveston,30.3638,-95.7995
L_2487,3,B_2487,4392 Main St,TX,Galveston,31.4769,-98.0216
L_2488,1,B_2488,8330 Main St,TX,Nueces,28.4928,-96.7187
L_2489,2,B_2489,6111 Main St,TX,Travis,26.4918,-105.7775
L_2490,2,B_2490,7849 Main St,TX,Nueces,33.6422,-98.48
L_2491,1,B_2491,1224 Main St,TX,Galveston,26.6555,-96.5859
L_2492,1,B_2492,3411 Main St,TX,Travis,33.4624,-106.4428
L_2493,2,B_2493,3611 Main St,TX,Galveston,26.7441,-98.8954
L_2494,1,B_2494,9943 Main St,TX,Harris,29.6678,-97.6778
L_2495,3,B_2495,7184 Main St,TX,Dallas,33.0567,-105.737
L_2496,2,B_2496,2981 Main St,TX,Dallas,28.6081,-95.5996
L_2497,3,B_2497,7664 Main St,TX,Travis,30.6234,-96.8773
L_2498,1,B_2498,7104 Main St,TX,Nueces,31.1467,-96.5993
L_2499,3,B_2499,9059 Main St,TX,Galveston,36.4903,-104.1073
L_2500,3,B_2500,6915 Main St,TX,McLennan,32.0834,-106.0406
L_2501,2,B_2501,1528 Main St,TX,Harris,30.7749,-100.5525
L_2502,2,B_2502,3141 Main St,TX,Galveston,34.8574,-93.8632
L_2503,1,B_2503,8186 Main St,TX,Cameron,35.4203,-100.6765
L_2504,1,B_2504,4019 Main St,TX,McLennan,27.3203,-96.7678
L_2505,3,B_2505,4857 Main St,TX,Harris,26.0619,-104.7734
L_2506,3,B_2506,2204 Main St,TX,Harris,36.3905,-98.3183
L_2507,1,B_2507,2000 Main St,TX,Dallas,30.0738,-106.4173
L_2508,2,B_2508,2008 Main St,TX,Travis,34.2677,-97.9308
L_2509,3,B_2509,2569 Main St,TX,Galveston,32.1444,-104.1908
L_2510,1,B_2510,524 Main St,TX,Harris,,
L_2511,1,B_2511,2810 Main St,TX,Galveston,27.4039,-102.1812
L_2512,3,B_2512,1514 Main St,TX,Harris,,
L_2513,2,B_2513,3439 Main St,TX,Nueces,29.0477,-94.0869
L_2514,1,B_2514,8332 Main St,TX,Dallas,31.6778,-103.6166
L_2515,1,B_2515,1469 Main St,TX,Travis,31.0059,-97.1191
L_2516,1,B_2516,3766 Main St,TX,McLennan,30.4316,-94.19
L_2517,3,B_2517,746 Main St,TX,McLennan,27.5101,-93.9048
L_2518,3,B_2518,1611 Main St,TX,Nueces,,
L_2519,2,B_2519,4851 Main St,TX,Cameron,26.5159,-102.365
L_2520,1,B_2520,9800 Main St,TX,Dallas,30.9007,-102.8099
L_2521,2,B_2521,5102 Main St,TX,Harris,35.8937,-96.0726
L_2522,3,B_2522,9282 Main St,TX,Dallas,30.2549,-106.4301
L_2523,2,B_2523,663 Main St,TX,Travis,29.0957,-104.5223
L_2524,1,B_2524,2766 Main St,TX,McLennan,32.5459,-97.6388
L_2525,2,B_2525,8712 Main St,TX,Galveston,27.1038,-104.9045
L_2526,2,B_2526,9968 Main St,TX,McLennan,28.8163,-97.1057
L_2527,1,B_2527,931 Main St,TX,Cameron,35.0458,-101.7587
L_2528,3,B_2528,9210 Main St,TX,Cameron,26.4754,-100.7433
L_2529,2,B_2529,9029 Main St,TX,Cameron,28.0412,-102.3268
L_2530,3,B_2530,8755 Main St,TX,Cameron,35.129,-102.5058
L_2531,3,B_2531,1250 Main St,TX,Travis,35.5984,-93.8599
L_2532,3,B_2532,9576 Main St,TX,Harris,31.7385,-99.0384
L_2533,3,B_2533,6323 Main St,TX,Dallas,29.3423,-104.0537
L_2534,1,B_2534,6852 Main St,TX,McLennan,27.1603,-102.384
L_2535,1,B_2535,5048 Main St,TX,Cameron,36.1912,-103.6011
L_2536,3,B_2536,6005 Main St,TX,McLennan,32.1433,-103.4951
L_2537,3,B_2537,2685 Main St,TX,Cameron,31.0279,-100.4462
L_2538,3,B_2538,3184 Main St,TX,Galveston,,
L_2539,2,B_2539,2017 Main St,TX,Dallas,31.2673,-105.3479
L_2540,2,B_2540,9476 Main St,TX,Galveston,32.4726,-105.5349
L_2541,1,B_2541,1864 Main St,TX,Galveston,32.2478,-94.9291
L_2542,3,B_2542,9532 Main St,TX,Cameron,28.6463,-100.7117
L_2543,1,B_2543,9768 Main St,TX,Harris,34.2667,-102.9816
L_2544,1,B_2544,691 Main St,TX,McLennan,27.331,-95.4942
L_2545,1,B_2545,8507 Main St,TX,Nueces,,
L_2546,2,B_2546,2624 Main St,TX,Dallas,28.4385,-98.3068
L_2547,1,B_2547,1248 Main St,TX,Harris,34.6258,-100.2786
L_2548,3,B_2548,3654 Main St,TX,Nueces,,
L_2549,3,B_2549,3248 Main St,TX,Harris,29.2244,-93.6928
L_2550,3,B_2550,5358 Main St,TX,Cameron,31.5385,-95.8038
L_2551,1,B_2551,6531 Main St,TX,Cameron,36.0477,-98.7716
L_2552,2,B_2552,9301 Main St,TX,Harris,,
L_2553,3,B_2553,3489 Main St,TX,Travis,33.6476,-96.965
L_2554,2,B_2554,1641 Main St,TX,Travis,27.8859,-96.1351
L_2555,1,B_2555,7346 Main St,TX,Harris,34.2606,-101.0588
L_2556,3,B_2556,2583 Main St,TX,Travis,34.5589,-106.457
L_2557,2,B_2557,3925 Main St,TX,Dallas,28.5926,-104.7128
L_2558,3,B_2558,7162 Main St,TX,McLennan,26.0705,-98.0636
L_2559,1,B_2559,6632 Main St,TX,Nueces,26.6422,-100.5093
L_2560,1,B_2560,8112 Main St,TX,Cameron,27.3795,-98.4008
L_2561,1,B_2561,982 Main St,TX,Dallas,31.7413,-98.8206
L_2562,2,B_2562,5021 Main St,TX,McLennan,33.9155,-105.1885
L_2563,3,B_2563,1233 Main St,TX,Travis,28.727,-102.9851
L_2564,1,B_2564,8034 Main St,TX,Nueces,30.6507,-104.466
L_2565,2,B_2565,1493 Main St,TX,Dallas,27.1753,-94.075
L_2566,2,B_2566,285 Main St,TX,Galveston,,
L_2567,2,B_2567,3666 Main St,TX,Cameron,31.7126,-101.7684
L_2568,1,B_2568,9076 Main St,TX,Harris,33.5094,-99.3933
L_2569,3,B_2569,9327 Main St,TX,Cameron,32.7157,-101.4185
L_2570,1,B_2570,1611 Main St,TX,McLennan,29.2947,-95.6474
L_2571,3,B_2571,1986 Main St,TX,McLennan,26.1695,-102.8939
L_2572,1,B_2572,8393 Main St,TX,Galveston,31.8833,-95.0293
L_2573,3,B_2573,7950 Main St,TX,Galveston,,
L_2574,1,B_2574,4860 Main St,TX,Harris,27.211,-105.7632
L_2575,1,B_2575,685 Main St,TX,Travis,26.5265,-104.6144
L_2576,1,B_2576,5360 Main St,TX,Cameron,35.8593,-103.5213
L_2577,2,B_2577,594 Main St,TX,Dallas,33.8749,-93.8626
L_2578,1,B_2578,1935 Main St,TX,Dallas,29.4183,-101.1944
L_2579,2,B_2579,4018 Main St,TX,Dallas,33.8341,-100.1488
L_2580,2,B_2580,3474 Main St,TX,Travis,31.6327,-99.7267
L_2581,2,B_2581,2703 Main St,TX,Cameron,30.0371,-104.5697
L_2582,2,B_2582,475 Main St,TX,Cameron,34.5137,-100.7247
L_2583,2,B_2583,4179 Main St,TX,Harris,,
L_2584,2,B_2584,4563 Main St,TX,Dallas,35.5522,-103.1841
L_2585,1,B_2585,4417 Main St,TX,McLennan,28.3601,-98.1537
L_2586,3,B_2586,9806 Main St,TX,McLennan,31.7672,-105.9125
L_2587,3,B_2587,6127 Main St,TX,McLennan,34.819,-103.6457
L_2588,1,B_2588,7142 Main St,TX,Galveston,,
L_2589,1,B_2589,555 Main St,TX,Galveston,28.2895,-104.6005
L_2590,3,B_2590,8178 Main St,TX,Travis,35.1142,-100.0424
L_2591,2,B_2591,1355 Main St,TX,Dallas,29.2556,-96.6969
L_2592,2,B_2592,4295 Main St,TX,Galveston,26.006,-96.5715
L_2593,3,B_2593,8607 Main St,TX,McLennan,31.0668,-97.8277
L_2594,1,B_2594,7878 Main St,TX,Galveston,31.6853,-106.0743
L_2595,3,B_2595,6503 Main St,TX,Cameron,28.0346,-98.9661
L_2596,2,B_2596,5751 Main St,TX,McLennan,25.8765,-97.4061
L_2597,3,B_2597,1050 Main St,TX,Dallas,32.0229,-101.7777
L_2598,2,B_2598,8225 Main St,TX,Cameron,27.5567,-103.8126
L_2599,1,B_2599,7534 Main St,TX,Travis,31.5377,-94.6109
L_2600,1,B_2600,5781 Main St,TX,Harris,28.8112,-99.313
L_2601,3,B_2601,2614 Main St,TX,Harris,27.5105,-103.9592
L_2602,3,B_2602,5967 Main St,TX,Cameron,29.379,-102.3155
L_2603,1,B_2603,7624 Main St,TX,McLennan,28.5857,-105.0389
L_2604,3,B_2604,2590 Main St,TX,Galveston,26.1083,-98.6959
L_2605,2,B_2605,3804 Main St,TX,Galveston,31.2763,-101.2855
L_2606,1,B_2606,1332 Main St,TX,McLennan,27.7777,-106.0543
L_2607,2,B_2607,6282 Main St,TX,Dallas,34.4096,-96.8691
L_2608,3,B_2608,3523 Main St,TX,Cameron,27.9415,-99.1303
L_2609,2,B_2609,2027 Main St,TX,McLennan,33.7958,-95.6886
L_2610,1,B_2610,6561 Main St,TX,Dallas,33.014,-94.9849
L_2611,1,B_2611,527 Main St,TX,Travis,34.5511,-101.8717
L_2612,1,B_2612,3308 Main St,TX,Travis,26.3817,-98.3979
L_2613,3,B_2613,8250 Main St,TX,Cameron,35.2629,-103.2944
L_2614,3,B_2614,8354 Main St,TX,McLennan,31.2688,-102.5403
L_2615,1,B_2615,1358 Main St,TX,Travis,28.1157,-104.23
L_2616,3,B_2616,1620 Main St,TX,Galveston,31.1456,-97.1688
L_2617,3,B_2617,998 Main St,TX,Dallas,33.5037,-100.6017
L_2618,2,B_2618,5268 Main St,TX,Harris,33.8663,-94.5373
L_2619,2,B_2619,7300 Main St,TX,Harris,32.1851,-96.1855
L_2620,1,B_2620,607 Main St,TX,Travis,32.9372,-94.3145
L_2621,3,B_2621,3179 Main St,TX,Dallas,26.6311,-105.1949
L_2622,3,B_2622,9493 Main St,TX,Galveston,,
L_2623,1,B_2623,6311 Main St,TX,Harris,,
L_2624,2,B_2624,3471 Main St,TX,Galveston,,
L_2625,1,B_2625,1090 Main St,TX,Galveston,,
L_2626,2,B_2626,7055 Main St,TX,Harris,25.8001,-100.7697
L_2627,1,B_2627,6636 Main St,TX,Harris,36.0849,-105.3263
L_2628,3,B_2628,7663 Main St,TX,Travis,29.7381,-98.1404
L_2629,3,B_2629,472 Main St,TX,Cameron,33.7378,-101.716
L_2630,1,B_2630,323 Main St,TX,Dallas,28.7958,-98.0375
L_2631,3,B_2631,5758 Main St,TX,McLennan,28.9829,-106.1416
L_2632,2,B_2632,9828 Main St,TX,Dallas,27.0848,-104.7419
L_2633,3,B_2633,4702 Main St,TX,McLennan,30.6891,-94.3876
L_2634,1,B_2634,6696 Main St,TX,Harris,35.5859,-105.0237
L_2635,2,B_2635,9884 Main St,TX,Galveston,35.9909,-96.2148
L_2636,2,B_2636,6602 Main St,TX,Dallas,35.2191,-94.3902
L_2637,1,B_2637,6607 Main St,TX,Galveston,27.0047,-97.105
L_2638,2,B_2638,4123 Main St,TX,Dallas,30.6711,-94.9876
L_2639,1,B_2639,2343 Main St,TX,Cameron,28.7225,-106.3045
L_2640,1,B_2640,4160 Main St,TX,Nueces,26.4771,-97.5374
L_2641,3,B_2641,3674 Main St,TX,Dallas,28.1056,-101.3922
L_2642,1,B_2642,7656 Main St,TX,Galveston,26.1976,-100.9344
L_2643,2,B_2643,1071 Main St,TX,Nueces,27.6727,-106.4262
L_2644,1,B_2644,579 Main St,TX,Travis,35.4023,-97.9984
L_2645,3,B_2645,8179 Main St,TX,Cameron,35.1772,-97.3003
L_2646,3,B_2646,1871 Main St,TX,Harris,27.9689,-103.0986
L_2647,1,B_2647,5314 Main St,TX,Travis,32.9823,-93.9822
L_2648,3,B_2648,8667 Main St,TX,Travis,27.8123,-97.5653
L_2649,1,B_2649,245 Main St,TX,Dallas,34.4708,-93.5545
L_2650,3,B_2650,532 Main St,TX,Harris,,
L_2651,3,B_2651,9602 Main St,TX,Cameron,34.9699,-99.2778
L_2652,2,B_2652,8217 Main St,TX,Nueces,34.274,-97.226
L_2653,1,B_2653,1176 Main St,TX,Dallas,33.745,-102.8466
L_2654,3,B_2654,4594 Main St,TX,McLennan,26.7461,-101.7884
L_2655,1,B_2655,895 Main St,TX,Dallas,34.5816,-99.4659
L_2656,1,B_2656,9265 Main St,TX,Nueces,35.4495,-97.0868
L_2657,1,B_2657,6995 Main St,TX,Galveston,29.2316,-98.225
L_2658,3,B_2658,3342 Main St,TX,Cameron,32.0083,-101.7254
L_2659,3,B_2659,4190 Main St,TX,Cameron,34.0103,-104.666
L_2660,1,B_2660,3091 Main St,TX,Dallas,32.9974,-94.9485
L_2661,2,B_2661,3642 Main St,TX,McLennan,33.0301,-101.2575
L_2662,3,B_2662,4986 Main St,TX,Dallas,36.0868,-105.4676
L_2663,1,B_2663,3630 Main St,TX,Nueces,27.2728,-94.4862
L_2664,2,B_2664,601 Main St,TX,Cameron,30.6232,-99.5363
L_2665,2,B_2665,6755 Main St,TX,McLennan,33.0796,-94.9444
L_2666,1,B_2666,5631 Main St,TX,Harris,35.6258,-93.7264
L_2667,3,B_2667,8857 Main St,TX,Nueces,,
L_2668,2,B_2668,8143 Main St,TX,Cameron,32.5699,-96.8432
L_2669,2,B_2669,4903 Main St,TX,Dallas,34.9067,-99.0846
L_2670,2,B_2670,4774 Main St,TX,Cameron,34.2774,-95.7966
L_2671,1,B_2671,8975 Main St,TX,McLennan,30.0409,-95.8129
L_2672,1,B_2672,8720 Main St,TX,Nueces,36.3984,-99.4736
L_2673,2,B_2673,9144 Main St,TX,Harris,31.9575,-103.2632
L_2674,1,B_2674,3257 Main St,TX,Galveston,35.8825,-96.9098
L_2675,3,B_2675,2903 Main St,TX,Travis,33.1189,-96.2808
L_2676,3,B_2676,4087 Main St,TX,McLennan,31.0342,-102.3361
L_2677,3,B_2677,7769 Main St,TX,Galveston,29.7945,-94.3262
L_2678,2,B_2678,5589 Main St,TX,Harris,34.5672,-103.7302
L_2679,2,B_2679,9926 Main St,TX,Galveston,30.1656,-96.7545
L_2680,1,B_2680,185 Main St,TX,Dallas,26.9388,-98.2099
L_2681,2,B_2681,9566 Main St,TX,Travis,30.6541,-95.67
L_2682,3,B_2682,8175 Main St,TX,McLennan,35.379,-104.1329
L_2683,2,B_2683,3155 Main St,TX,Nueces,,
L_2684,2,B_2684,2428 Main St,TX,Cameron,31.1983,-105.1878
L_2685,3,B_2685,8695 Main St,TX,Harris,,
L_2686,3,B_2686,5425 Main St,TX,Travis,26.5726,-94.1536
L_2687,3,B_2687,8975 Main St,TX,Harris,30.1455,-95.7895
L_2688,3,B_2688,2416 Main St,TX,Cameron,26.8335,-95.9301
L_2689,1,B_2689,6224 Main St,TX,Galveston,,
L_2690,2,B_2690,9117 Main St,TX,Harris,,
L_2691,1,B_2691,5632 Main St,TX,Harris,,
L_2692,1,B_2692,4594 Main St,TX,Galveston,34.1039,-105.6655
L_2693,2,B_2693,5933 Main St,TX,Galveston,35.9758,-101.0729
L_2694,2,B_2694,5283 Main St,TX,Cameron,30.1121,-97.4586
L_2695,2,B_2695,1944 Main St,TX,Travis,29.0123,-101.5205
L_2696,1,B_2696,3566 Main St,TX,McLennan,28.0304,-100.9863
L_2697,1,B_2697,1973 Main St,TX,Galveston,30.9193,-98.5461
L_2698,1,B_2698,9538 Main St,TX,Travis,26.2481,-100.1635
L_2699,1,B_2699,6994 Main St,TX,Cameron,,
L_2700,1,B_2700,492 Main St,TX,Harris,26.1321,-97.4217
L_2701,3,B_2701,3618 Main St,TX,Harris,29.9062,-99.5389
L_2702,2,B_2702,5192 Main St,TX,Nueces,,
L_2703,3,B_2703,8609 Main St,TX,Dallas,33.1679,-98.475
L_2704,3,B_2704,2804 Main St,TX,Galveston,36.1936,-100.177
L_2705,1,B_2705,3953 Main St,TX,Cameron,,
L_2706,3,B_2706,7118 Main St,TX,Travis,26.2138,-100.2144
L_2707,2,B_2707,8220 Main St,TX,Nueces,30.8811,-99.4771
L_2708,3,B_2708,8990 Main St,TX,Travis,26.6877,-97.1119
L_2709,3,B_2709,9288 Main St,TX,McLennan,33.457,-94.5177
L_2710,1,B_2710,3478 Main St,TX,Nueces,33.8149,-103.4379
L_2711,1,B_2711,9075 Main St,TX,Cameron,26.1675,-102.5414
L_2712,3,B_2712,8112 Main St,TX,Travis,34.1157,-95.4042
L_2713,2,B_2713,3302 Main St,TX,Galveston,30.1935,-106.4651
L_2714,3,B_2714,6594 Main St,TX,Travis,27.1737,-95.2984
L_2715,2,B_2715,9317 Main St,TX,Dallas,34.1549,-94.3444
L_2716,1,B_2716,3254 Main St,TX,Harris,31.1722,-100.5323
L_2717,1,B_2717,2481 Main St,TX,Harris,29.9535,-94.4828
L_2718,3,B_2718,4040 Main St,TX,Nueces,26.3212,-98.9278
L_2719,2,B_2719,8814 Main St,TX,Travis,33.2709,-100.1666
L_2720,3,B_2720,378 Main St,TX,Travis,35.4542,-102.7566
L_2721,2,B_2721,633 Main St,TX,Travis,27.5414,-102.7972
L_2722,2,B_2722,4328 Main St,TX,Travis,29.3461,-105.1633
L_2723,2,B_2723,3956 Main St,TX,Dallas,27.4563,-95.6304
L_2724,1,B_2724,6837 Main St,TX,Galveston,31.0028,-106.5254
L_2725,1,B_2725,4283 Main St,TX,Dallas,34.1004,-96.0309
L_2726,3,B_2726,7292 Main St,TX,Cameron,34.0654,-106.0252
L_2727,1,B_2727,6065 Main St,TX,Cameron,29.4388,-97.6523
L_2728,2,B_2728,8601 Main St,TX,Dallas,34.8473,-103.6036
L_2729,1,B_2729,5198 Main St,TX,Dallas,30.5579,-97.4198
L_2730,3,B_2730,6871 Main St,TX,Harris,26.8865,-104.7764
L_2731,3,B_2731,6999 Main St,TX,Cameron,35.9294,-99.2277
L_2732,1,B_2732,4580 Main St,TX,Dallas,30.4876,-101.7965
L_2733,2,B_2733,8574 Main St,TX,Travis,33.2785,-106.331
L_2734,2,B_2734,7157 Main St,TX,Dallas,31.4194,-97.5111
L_2735,3,B_2735,7957 Main St,TX,Travis,32.5927,-105.2071
L_2736,3,B_2736,4454 Main St,TX,Nueces,28.7843,-99.2996
L_2737,2,B_2737,1709 Main St,TX,Cameron,26.4974,-103.1576
L_2738,3,B_2738,6537 Main St,TX,Galveston,29.6268,-101.3426
L_2739,2,B_2739,3882 Main St,TX,Harris,35.5008,-95.1305
L_2740,2,B_2740,8146 Main St,TX,Galveston,,
L_2741,3,B_2741,1547 Main St,TX,Nueces,31.9035,-97.8932
L_2742,1,B_2742,2234 Main St,TX,Galveston,36.4628,-101.7095
L_2743,3,B_2743,732 Main St,TX,Harris,26.515,-96.251
L_2744,3,B_2744,6658 Main St,TX,Travis,27.785,-101.1863
L_2745,3,B_2745,3835 Main St,TX,Nueces,28.2851,-104.6692
L_2746,1,B_2746,1830 Main St,TX,Nueces,,
L_2747,1,B_2747,7593 Main St,TX,Travis,33.3058,-106.4534
L_2748,2,B_2748,5554 Main St,TX,Travis,26.4419,-96.2761
L_2749,3,B_2749,5755 Main St,TX,Harris,,
L_2750,3,B_2750,2863 Main St,TX,Cameron,32.0656,-106.484
L_2751,1,B_2751,9522 Main St,TX,Dallas,35.2201,-104.8045
L_2752,1,B_2752,7346 Main St,TX,Cameron,35.0083,-96.1039
L_2753,1,B_2753,7977 Main St,TX,McLennan,27.8187,-100.3806
L_2754,1,B_2754,6647 Main St,TX,Dallas,30.9225,-105.3025
L_2755,3,B_2755,711 Main St,TX,Cameron,32.5773,-99.5076
L_2756,3,B_2756,2096 Main St,TX,Dallas,34.4014,-104.6859
L_2757,1,B_2757,4362 Main St,TX,Galveston,,
L_2758,2,B_2758,5971 Main St,TX,McLennan,31.2556,-95.3185
L_2759,1,B_2759,8511 Main St,TX,Travis,26.5275,-99.8747
L_2760,1,B_2760,5046 Main St,TX,Dallas,36.3648,-99.1833
L_2761,1,B_2761,179 Main St,TX,Cameron,33.8615,-95.599
L_2762,2,B_2762,8502 Main St,TX,Harris,28.2112,-103.1617
L_2763,1,B_2763,1794 Main St,TX,Dallas,26.4385,-100.9425
L_2764,1,B_2764,1917 Main St,TX,Travis,35.1162,-96.3737
L_2765,1,B_2765,4513 Main St,TX,Cameron,,
L_2766,2,B_2766,4246 Main St,TX,Dallas,32.9867,-94.4068
L_2767,2,B_2767,1402 Main St,TX,Nueces,32.2889,-95.2431
L_2768,1,B_2768,6159 Main St,TX,Galveston,27.1624,-98.5449
L_2769,1,B_2769,7299 Main St,TX,Galveston,35.3096,-98.1369
L_2770,3,B_2770,3020 Main St,TX,Dallas,33.8831,-104.5396
L_2771,2,B_2771,9013 Main St,TX,Galveston,28.8776,-96.4724
L_2772,1,B_2772,1947 Main St,TX,Harris,26.1308,-105.731
L_2773,1,B_2773,5205 Main St,TX,McLennan,26.7078,-94.9194
L_2774,1,B_2774,3609 Main St,TX,Dallas,27.3575,-98.1977
L_2775,1,B_2775,6313 Main St,TX,Harris,30.008,-100.515
L_2776,1,B_2776,1221 Main St,TX,Nueces,35.6131,-102.6242
L_2777,3,B_2777,1290 Main St,TX,Harris,29.2998,-102.5633
L_2778,3,B_2778,6884 Main St,TX,Harris,31.2724,-101.5422
L_2779,3,B_2779,8931 Main St,TX,Nueces,33.1664,-97.4922
L_2780,1,B_2780,6345 Main St,TX,Travis,35.681,-98.6718
L_2781,2,B_2781,2037 Main St,TX,Dallas,32.8728,-99.0808
L_2782,1,B_2782,1770 Main St,TX,Dallas,30.8218,-105.4081
L_2783,1,B_2783,5128 Main St,TX,Dallas,31.0395,-102.1144
L_2784,1,B_2784,6435 Main St,TX,McLennan,31.3319,-98.3291
L_2785,3,B_2785,608 Main St,TX,Harris,28.6699,-103.0466
L_2786,3,B_2786,3348 Main St,TX,Dallas,28.8917,-99.8729
L_2787,1,B_2787,6244 Main St,TX,Galveston,35.4922,-94.7154
L_2788,3,B_2788,1347 Main St,TX,Travis,31.8564,-102.0345
L_2789,3,B_2789,1563 Main St,TX,Nueces,34.6354,-99.8185
L_2790,1,B_2790,8560 Main St,TX,Nueces,28.6238,-101.0476
L_2791,3,B_2791,2826 Main St,TX,McLennan,32.8525,-96.5351
L_2792,2,B_2792,6648 Main St,TX,Cameron,27.2903,-96.5142
L_2793,3,B_2793,462 Main St,TX,Nueces,33.152,-101.8645
L_2794,1,B_2794,5553 Main St,TX,Travis,31.6077,-102.393
L_2795,3,B_2795,5698 Main St,TX,Cameron,32.0247,-104.3283
L_2796,3,B_2796,5667 Main St,TX,Harris,35.1748,-98.2344
L_2797,2,B_2797,4517 Main St,TX,Nueces,34.2524,-95.7219
L_2798,1,B_2798,6310 Main St,TX,Cameron,32.728,-100.0899
L_2799,2,B_2799,5844 Main St,TX,Cameron,30.9825,-103.0533
L_2800,1,B_2800,4330 Main St,TX,Nueces,31.5503,-104.6829
L_2801,1,B_2801,2974 Main St,TX,Galveston,28.5021,-93.9387
L_2802,3,B_2802,6624 Main St,TX,Harris,36.3274,-106.5572
L_2803,3,B_2803,8304 Main St,TX,Dallas,27.8215,-94.363
L_2804,3,B_2804,4143 Main St,TX,Travis,35.7275,-100.6426
L_2805,3,B_2805,6322 Main St,TX,Nueces,32.0443,-102.9701
L_2806,3,B_2806,8399 Main St,TX,Galveston,27.9313,-105.932
L_2807,1,B_2807,4285 Main St,TX,Travis,30.3765,-93.7398
L_2808,3,B_2808,3892 Main St,TX,Cameron,30.8971,-101.5318
L_2809,3,B_2809,8289 Main St,TX,McLennan,27.0781,-104.2275
L_2810,2,B_2810,7506 Main St,TX,Galveston,34.3739,-105.886
L_2811,1,B_2811,1566 Main St,TX,Cameron,28.7677,-99.4148
L_2812,3,B_2812,4473 Main St,TX,McLennan,28.672,-96.3313
L_2813,2,B_2813,547 Main St,TX,Nueces,33.1479,-103.9159
L_2814,3,B_2814,3350 Main St,TX,Galveston,31.8623,-106.4709
L_2815,1,B_2815,4852 Main St,TX,Dallas,29.4124,-98.4209
L_2816,2,B_2816,4567 Main St,TX,Cameron,30.3989,-103.5806
L_2817,3,B_2817,5257 Main St,TX,Travis,32.4159,-99.1249
L_2818,3,B_2818,4700 Main St,TX,Travis,28.6541,-99.3607
L_2819,3,B_2819,5637 Main St,TX,Cameron,27.4232,-99.3464
L_2820,3,B_2820,9383 Main St,TX,Cameron,28.1526,-96.0452
L_2821,2,B_2821,5902 Main St,TX,Harris,27.9736,-98.5265
L_2822,3,B_2822,6821 Main St,TX,Galveston,26.7756,-96.9
L_2823,2,B_2823,7046 Main St,TX,Galveston,28.6861,-100.23
L_2824,2,B_2824,569 Main St,TX,Cameron,,
L_2825,2,B_2825,245 Main St,TX,McLennan,34.8456,-103.7052
L_2826,1,B_2826,3882 Main St,TX,Galveston,27.5724,-104.3266
L_2827,1,B_2827,213 Main St,TX,Travis,28.1577,-105.1932
L_2828,1,B_2828,1512 Main St,TX,Galveston,29.1009,-99.0067
L_2829,1,B_2829,1619 Main St,TX,Harris,29.9377,-103.8046
L_2830,2,B_2830,9946 Main St,TX,Harris,,
L_2831,1,B_2831,6877 Main St,TX,Cameron,,
L_2832,1,B_2832,2355 Main St,TX,Travis,33.4229,-100.8029
L_2833,2,B_2833,2593 Main St,TX,Travis,33.7091,-101.5634
L_2834,3,B_2834,8235 Main St,TX,Travis,32.3811,-101.6199
L_2835,3,B_2835,2554 Main St,TX,Galveston,28.7074,-95.0483
L_2836,1,B_2836,3713 Main St,TX,Galveston,34.2486,-99.7364
L_2837,1,B_2837,8663 Main St,TX,Dallas,29.2463,-100.0627
L_2838,2,B_2838,6267 Main St,TX,Nueces,34.7689,-98.6541
L_2839,1,B_2839,9718 Main St,TX,Cameron,33.327,-98.7275
L_2840,2,B_2840,7826 Main St,TX,Nueces,29.841,-96.2763
L_2841,1,B_2841,4475 Main St,TX,McLennan,28.0163,-102.4838
L_2842,2,B_2842,2159 Main St,TX,Galveston,28.4618,-102.7921
L_2843,1,B_2843,1721 Main St,TX,Dallas,28.2706,-98.7343
L_2844,2,B_2844,7391 Main St,TX,Dallas,30.8259,-106.282
L_2845,3,B_2845,3502 Main St,TX,Harris,28.4116,-97.4617
L_2846,2,B_2846,6499 Main St,TX,Galveston,34.3611,-101.5058
L_2847,1,B_2847,8789 Main St,TX,Dallas,29.4935,-101.6093
L_2848,3,B_2848,3897 Main St,TX,Harris,33.5487,-94.6896
L_2849,3,B_2849,8866 Main St,TX,McLennan,26.7572,-103.2605
L_2850,3,B_2850,6123 Main St,TX,Harris,29.7226,-93.538
L_2851,3,B_2851,1006 Main St,TX,McLennan,30.9203,-104.3921
L_2852,2,B_2852,9617 Main St,TX,Nueces,32.7016,-98.7517
L_2853,1,B_2853,5422 Main St,TX,Nueces,34.8512,-93.773
L_2854,1,B_2854,7488 Main St,TX,Travis,29.7009,-96.6347
L_2855,1,B_2855,451 Main St,TX,Travis,26.7627,-94.6024
L_2856,2,B_2856,9692 Main St,TX,Cameron,,
L_2857,1,B_2857,3273 Main St,TX,Harris,26.3357,-105.5618
L_2858,3,B_2858,4337 Main St,TX,Cameron,30.6482,-102.7597
L_2859,2,B_2859,581 Main St,TX,Travis,34.986,-102.9515
L_2860,1,B_2860,9497 Main St,TX,Galveston,28.2512,-102.5181
L_2861,1,B_2861,1493 Main St,TX,Harris,28.2804,-105.3913
L_2862,3,B_2862,6758 Main St,TX,Dallas,26.358,-98.0245
L_2863,1,B_2863,6009 Main St,TX,Galveston,36.0061,-94.2662
L_2864,3,B_2864,643 Main St,TX,Cameron,31.6629,-94.2596
L_2865,2,B_2865,9006 Main St,TX,Harris,28.3278,-96.0188
L_2866,3,B_2866,1959 Main St,TX,Cameron,33.4241,-105.7173
L_2867,2,B_2867,1240 Main St,TX,Nueces,,
L_2868,2,B_2868,3196 Main St,TX,McLennan,34.545,-104.2586
L_2869,2,B_2869,6847 Main St,TX,Cameron,,
L_2870,2,B_2870,4353 Main St,TX,Travis,30.7491,-96.6327
L_2871,2,B_2871,415 Main St,TX,Travis,33.5383,-104.5994
L_2872,3,B_2872,4041 Main St,TX,Travis,35.774,-103.382
L_2873,2,B_2873,4607 Main St,TX,Harris,,
L_2874,1,B_2874,8745 Main St,TX,Galveston,33.9999,-99.8765
L_2875,3,B_2875,4226 Main St,TX,McLennan,26.0217,-99.9909
L_2876,2,B_2876,9307 Main St,TX,Travis,26.4083,-104.8322
L_2877,2,B_2877,4556 Main St,TX,Galveston,,
L_2878,2,B_2878,3193 Main St,TX,Cameron,27.2155,-95.3119
L_2879,2,B_2879,7863 Main St,TX,Dallas,34.7268,-99.0824
L_2880,1,B_2880,7692 Main St,TX,Nueces,28.4299,-104.3056
L_2881,3,B_2881,655 Main St,TX,Dallas,26.9757,-103.3484
L_2882,1,B_2882,355 Main St,TX,McLennan,32.6495,-96.7159
L_2883,2,B_2883,6980 Main St,TX,Travis,26.5177,-101.6557
L_2884,2,B_2884,2929 Main St,TX,Dallas,25.8061,-100.5639
L_2885,2,B_2885,8079 Main St,TX,Nueces,33.0495,-101.4253
L_2886,1,B_2886,9445 Main St,TX,Galveston,30.1217,-99.7218
L_2887,1,B_2887,5518 Main St,TX,Galveston,35.8932,-101.9634
L_2888,2,B_2888,9543 Main St,TX,Dallas,32.279,-97.1895
L_2889,2,B_2889,5594 Main St,TX,Cameron,33.8425,-99.7425
L_2890,3,B_2890,2133 Main St,TX,Cameron,31.1837,-100.0536
L_2891,3,B_2891,5095 Main St,TX,Travis,34.4118,-103.8897
L_2892,1,B_2892,3069 Main St,TX,Nueces,29.7323,-102.6904
L_2893,3,B_2893,9830 Main St,TX,McLennan,32.267,-101.1974
L_2894,3,B_2894,5922 Main St,TX,Travis,29.8226,-101.7055
L_2895,3,B_2895,4279 Main St,TX,Harris,27.9261,-106.3899
L_2896,3,B_2896,4770 Main St,TX,Dallas,30.4603,-98.2363
L_2897,2,B_2897,6443 Main St,TX,Harris,,
L_2898,1,B_2898,7108 Main St,TX,Dallas,35.0576,-96.2441
L_2899,2,B_2899,9538 Main St,TX,McLennan,33.8167,-98.0972
L_2900,1,B_2900,5495 Main St,TX,Travis,29.0311,-103.3972
L_2901,3,B_2901,4911 Main St,TX,Nueces,,
L_2902,2,B_2902,2364 Main St,TX,Cameron,30.4976,-100.2232
L_2903,2,B_2903,1485 Main St,TX,Cameron,30.7777,-95.0408
L_2904,1,B_2904,7898 Main St,TX,Travis,30.7573,-101.153
L_2905,1,B_2905,5895 Main St,TX,Dallas,26.3494,-94.1848
L_2906,3,B_2906,7229 Main St,TX,Cameron,35.6734,-102.73
L_2907,2,B_2907,2236 Main St,TX,Galveston,,
L_2908,2,B_2908,7876 Main St,TX,Harris,29.9362,-98.04
L_2909,2,B_2909,5716 Main St,TX,Nueces,32.2011,-101.9525
L_2910,3,B_2910,2861 Main St,TX,Nueces,30.9051,-94.3649
L_2911,1,B_2911,8300 Main St,TX,Cameron,30.9302,-101.9825
L_2912,1,B_2912,227 Main St,TX,Travis,27.8702,-94.522
L_2913,2,B_2913,296 Main St,TX,Travis,27.5756,-93.6035
L_2914,2,B_2914,1939 Main St,TX,Dallas,27.3615,-97.2845
L_2915,2,B_2915,6897 Main St,TX,Galveston,26.0641,-103.7351
L_2916,1,B_2916,1195 Main St,TX,Harris,26.0583,-101.3153
L_2917,2,B_2917,7420 Main St,TX,Galveston,30.7251,-98.4548
L_2918,1,B_2918,3453 Main St,TX,Nueces,26.3448,-99.8273
L_2919,1,B_2919,4538 Main St,TX,Galveston,,
L_2920,3,B_2920,5114 Main St,TX,Cameron,31.0164,-96.5963
L_2921,3,B_2921,7652 Main St,TX,Dallas,26.1869,-96.3911
L_2922,2,B_2922,9602 Main St,TX,Galveston,31.86,-105.7185
L_2923,3,B_2923,4762 Main St,TX,Harris,35.7825,-101.6492
L_2924,2,B_2924,5325 Main St,TX,Nueces,30.5065,-97.1347
L_2925,1,B_2925,9685 Main St,TX,McLennan,28.658,-104.737
L_2926,1,B_2926,3116 Main St,TX,Nueces,26.7971,-101.571
L_2927,3,B_2927,3937 Main St,TX,McLennan,30.0201,-106.0512
L_2928,1,B_2928,5228 Main St,TX,Harris,36.0031,-104.0521
L_2929,1,B_2929,2025 Main St,TX,Nueces,30.2682,-95.7804
L_2930,3,B_2930,6805 Main St,TX,Nueces,31.6535,-103.2576
L_2931,3,B_2931,3587 Main St,TX,Nueces,25.8061,-105.7324
L_2932,3,B_2932,9124 Main St,TX,Nueces,28.6409,-100.2771
L_2933,2,B_2933,3834 Main St,TX,Dallas,26.5072,-100.4652
L_2934,3,B_2934,2759 Main St,TX,Travis,36.2988,-94.4848
L_2935,2,B_2935,7023 Main St,TX,Nueces,26.6557,-100.5792
L_2936,1,B_2936,4662 Main St,TX,Dallas,35.4236,-98.5199
L_2937,2,B_2937,8527 Main St,TX,Harris,34.9014,-94.0807
L_2938,2,B_2938,8069 Main St,TX,Nueces,31.7767,-94.9519
L_2939,2,B_2939,1592 Main St,TX,Galveston,29.3374,-97.8893
L_2940,2,B_2940,856 Main St,TX,Nueces,32.9449,-95.6568
L_2941,1,B_2941,968 Main St,TX,Cameron,33.1038,-96.0389
L_2942,2,B_2942,1582 Main St,TX,Nueces,28.4247,-95.9244
L_2943,2,B_2943,7390 Main St,TX,McLennan,30.4424,-103.0343
L_2944,1,B_2944,309 Main St,TX,Galveston,29.0161,-93.8568
L_2945,3,B_2945,7720 Main St,TX,Nueces,26.3488,-98.8488
L_2946,1,B_2946,9212 Main St,TX,Nueces,28.5568,-95.8047
L_2947,1,B_2947,1794 Main St,TX,Nueces,34.836,-103.7317
L_2948,2,B_2948,2155 Main St,TX,Dallas,36.0311,-100.517
L_2949,3,B_2949,4750 Main St,TX,Harris,26.855,-99.4971
L_2950,1,B_2950,5635 Main St,TX,McLennan,29.684,-96.8729
L_2951,1,B_2951,7447 Main St,TX,Nueces,29.344,-105.5372
L_2952,2,B_2952,6736 Main St,TX,Harris,30.9486,-94.4378
L_2953,2,B_2953,1327 Main St,TX,McLennan,26.5096,-102.4872
L_2954,1,B_2954,4022 Main St,TX,McLennan,35.3156,-100.8933
L_2955,3,B_2955,770 Main St,TX,Cameron,27.4483,-100.4014
L_2956,2,B_2956,4533 Main St,TX,McLennan,26.1274,-94.3175
L_2957,1,B_2957,9377 Main St,TX,Nueces,,
L_2958,3,B_2958,5043 Main St,TX,Dallas,28.3218,-95.0837
L_2959,3,B_2959,9265 Main St,TX,Nueces,36.0535,-98.8917
L_2960,1,B_2960,4717 Main St,TX,Nueces,34.8891,-102.8473
L_2961,2,B_2961,1572 Main St,TX,Harris,27.5644,-104.5146
L_2962,1,B_2962,4825 Main St,TX,Travis,29.3004,-101.6633
L_2963,2,B_2963,2946 Main St,TX,Travis,26.6868,-105.5246
L_2964,3,B_2964,4117 Main St,TX,Cameron,25.8908,-99.5211
L_2965,1,B_2965,5234 Main St,TX,Travis,31.0713,-105.3907
L_2966,1,B_2966,5844 Main St,TX,Harris,34.4467,-98.1116
L_2967,3,B_2967,2553 Main St,TX,Galveston,25.8223,-104.2738
L_2968,2,B_2968,8977 Main St,TX,Cameron,,
L_2969,3,B_2969,3409 Main St,TX,Harris,29.7244,-97.6178
L_2970,3,B_2970,3594 Main St,TX,McLennan,34.6463,-101.92
L_2971,2,B_2971,8019 Main St,TX,Nueces,26.2326,-94.9033
L_2972,1,B_2972,2868 Main St,TX,Galveston,26.2167,-98.9645
L_2973,2,B_2973,8863 Main St,TX,McLennan,36.3736,-98.5518
L_2974,2,B_2974,7831 Main St,TX,Cameron,27.8571,-104.3739
L_2975,2,B_2975,5985 Main St,TX,Nueces,36.4302,-105.1912
L_2976,1,B_2976,6741 Main St,TX,Nueces,32.3852,-99.7083
L_2977,2,B_2977,8159 Main St,TX,Cameron,28.8436,-105.7493
L_2978,2,B_2978,9500 Main St,TX,McLennan,32.286,-103.1942
L_2979,2,B_2979,9189 Main St,TX,Harris,33.2894,-105.3408
L_2980,2,B_2980,2142 Main St,TX,Travis,32.2894,-97.5737
L_2981,3,B_2981,3509 Main St,TX,Galveston,,
L_2982,3,B_2982,890 Main St,TX,Cameron,32.9156,-97.4967
L_2983,2,B_2983,2369 Main St,TX,Cameron,29.6386,-99.9337
L_2984,3,B_2984,6892 Main St,TX,Nueces,33.3505,-101.3457
L_2985,3,B_2985,5436 Main St,TX,Dallas,34.4345,-103.5199
L_2986,2,B_2986,6299 Main St,TX,Nueces,29.1098,-102.3214
L_2987,1,B_2987,4587 Main St,TX,Travis,28.3753,-104.6518
L_2988,1,B_2988,7576 Main St,TX,Nueces,26.6501,-98.9014
L_2989,2,B_2989,7839 Main St,TX,Dallas,27.0596,-105.1895
L_2990,3,B_2990,1670 Main St,TX,Cameron,27.3978,-105.6379
L_2991,3,B_2991,1456 Main St,TX,Harris,33.1587,-99.0116
L_2992,1,B_2992,5697 Main St,TX,Nueces,30.4581,-104.9937
L_2993,1,B_2993,8581 Main St,TX,Galveston,35.8856,-99.3672
L_2994,1,B_2994,9281 Main St,TX,Harris,35.8306,-103.852
L_2995,2,B_2995,2228 Main St,TX,Dallas,30.8635,-106.1567
L_2996,3,B_2996,1160 Main St,TX,McLennan,27.4749,-104.0915
L_2997,1,B_2997,8696 Main St,TX,Nueces,,
L_2998,2,B_2998,7779 Main St,TX,Cameron,,
L_2999,3,B_2999,714 Main St,TX,Cameron,28.4983,-104.156
L_3000,3,B_3000,8648 Main St,TX,Harris,32.8441,-101.3929
L_3001,3,B_3001,9840 Main St,TX,Nueces,29.2623,-104.859
L_3002,1,B_3002,4648 Main St,TX,Galveston,36.1437,-101.0672
L_3003,2,B_3003,1295 Main St,TX,Nueces,35.5958,-99.1779
L_3004,3,B_3004,133 Main St,TX,Harris,25.8796,-96.34
L_3005,1,B_3005,8089 Main St,TX,Travis,36.0109,-101.153
L_3006,3,B_3006,9551 Main St,TX,Harris,36.3755,-104.659
L_3007,1,B_3007,2079 Main St,TX,Dallas,35.2611,-103.4557
L_3008,2,B_3008,2000 Main St,TX,Harris,36.0406,-94.7143
L_3009,3,B_3009,6924 Main St,TX,Cameron,30.2712,-96.5017
L_3010,1,B_3010,2053 Main St,TX,Galveston,33.4116,-96.1173
L_3011,3,B_3011,1346 Main St,TX,Harris,25.8293,-100.2753
L_3012,1,B_3012,5026 Main St,TX,Harris,31.1615,-103.8351
L_3013,3,B_3013,6675 Main St,TX,Galveston,32.8477,-96.9513
L_3014,3,B_3014,4323 Main St,TX,Harris,31.4803,-94.9464
L_3015,1,B_3015,4271 Main St,TX,Cameron,32.3534,-98.5799
L_3016,3,B_3016,6355 Main St,TX,Galveston,35.963,-96.1163
L_3017,3,B_3017,1438 Main St,TX,Cameron,33.4944,-99.4327
L_3018,1,B_3018,1788 Main St,TX,Cameron,33.8868,-106.0169
L_3019,2,B_3019,9644 Main St,TX,Cameron,30.1585,-98.3857
L_3020,1,B_3020,8371 Main St,TX,Dallas,34.2727,-100.3838
L_3021,2,B_3021,4050 Main St,TX,Galveston,35.7408,-94.6252
L_3022,2,B_3022,1088 Main St,TX,Dallas,32.3137,-103.5746
L_3023,3,B_3023,9546 Main St,TX,Dallas,29.1724,-98.8593
L_3024,1,B_3024,7595 Main St,TX,Galveston,29.013,-98.0581
L_3025,2,B_3025,6051 Main St,TX,Harris,,
L_3026,1,B_3026,5071 Main St,TX,Nueces,35.4769,-103.2707
L_3027,1,B_3027,2925 Main St,TX,Travis,28.6394,-99.6473
L_3028,2,B_3028,5047 Main St,TX,Nueces,,
L_3029,1,B_3029,8119 Main St,TX,Cameron,30.607,-101.3996
L_3030,2,B_3030,3587 Main St,TX,Galveston,36.0574,-96.0887
L_3031,3,B_3031,8557 Main St,TX,Harris,34.5143,-99.4402
L_3032,3,B_3032,9055 Main St,TX,Dallas,30.2593,-100.0271
L_3033,1,B_3033,5612 Main St,TX,McLennan,35.9928,-96.1904
L_3034,3,B_3034,3126 Main St,TX,Travis,32.6482,-102.5887
L_3035,1,B_3035,4051 Main St,TX,Nueces,26.3478,-93.6458
L_3036,1,B_3036,8243 Main St,TX,Harris,32.8758,-102.833
L_3037,3,B_3037,8011 Main St,TX,Cameron,,
L_3038,2,B_3038,4890 Main St,TX,Travis,28.3127,-93.6405
L_3039,1,B_3039,9267 Main St,TX,Cameron,29.3159,-99.4597
L_3040,1,B_3040,8219 Main St,TX,McLennan,27.9428,-97.6254
L_3041,3,B_3041,7611 Main St,TX,McLennan,26.6525,-98.1264
L_3042,1,B_3042,177 Main St,TX,McLennan,35.9284,-106.3289
L_3043,2,B_3043,1025 Main St,TX,Nueces,,
L_3044,2,B_3044,7780 Main St,TX,Cameron,28.5627,-97.9873
L_3045,1,B_3045,9280 Main St,TX,Galveston,30.2467,-94.732
L_3046,3,B_3046,9283 Main St,TX,Travis,27.9838,-104.4528
L_3047,1,B_3047,2082 Main St,TX,Galveston,,
L_3048,1,B_3048,2508 Main St,TX,Cameron,29.1116,-99.4956
L_3049,1,B_3049,5680 Main St,TX,McLennan,31.6709,-105.7015
L_3050,3,B_3050,4069 Main St,TX,Harris,35.1435,-95.4253
L_3051,1,B_3051,2927 Main St,TX,McLennan,25.8356,-103.4619
L_3052,2,B_3052,5577 Main St,TX,Galveston,34.3004,-94.2288
L_3053,3,B_3053,1653 Main St,TX,McLennan,36.127,-105.1148
L_3054,3,B_3054,2669 Main St,TX,Cameron,27.0994,-96.5654
L_3055,2,B_3055,1517 Main St,TX,McLennan,34.1411,-100.5046
L_3056,3,B_3056,9191 Main St,TX,Galveston,,
L_3057,1,B_3057,604 Main St,TX,Galveston,28.7778,-105.5092
L_3058,2,B_3058,9121 Main St,TX,Cameron,29.5797,-101.5188
L_3059,2,B_3059,2777 Main St,TX,Harris,35.9109,-97.0984
L_3060,3,B_3060,2819 Main St,TX,Galveston,32.4377,-93.9006
L_3061,2,B_3061,6754 Main St,TX,Cameron,36.4157,-104.474
L_3062,3,B_3062,8014 Main St,TX,Harris,31.3863,-97.5672
L_3063,3,B_3063,9467 Main St,TX,Dallas,27.8776,-93.6164
L_3064,3,B_3064,9693 Main St,TX,Cameron,29.5598,-102.1436
L_3065,3,B_3065,1089 Main St,TX,Dallas,29.9653,-96.6865
L_3066,3,B_3066,6802 Main St,TX,Galveston,,
L_3067,3,B_3067,6749 Main St,TX,McLennan,31.2829,-95.9653
L_3068,2,B_3068,6849 Main St,TX,Travis,28.0723,-104.1091
L_3069,3,B_3069,419 Main St,TX,McLennan,32.6211,-96.4676
L_3070,2,B_3070,2531 Main St,TX,Galveston,26.5158,-93.5914
L_3071,2,B_3071,8966 Main St,TX,Harris,32.8302,-94.6412
L_3072,3,B_3072,7151 Main St,TX,Cameron,34.048,-101.5267
L_3073,3,B_3073,6007 Main St,TX,McLennan,32.675,-103.9916
L_3074,2,B_3074,3430 Main St,TX,Dallas,26.249,-100.6669
L_3075,3,B_3075,9099 Main St,TX,Nueces,,
L_3076,3,B_3076,3622 Main St,TX,Galveston,36.368,-94.3656
L_3077,1,B_3077,9456 Main St,TX,McLennan,32.7413,-101.1565
L_3078,2,B_3078,6014 Main St,TX,Nueces,36.1745,-95.3077
L_3079,1,B_3079,7626 Main St,TX,McLennan,26.7119,-95.5564
L_3080,1,B_3080,1135 Main St,TX,Harris,31.8071,-105.0739
L_3081,1,B_3081,6815 Main St,TX,Harris,,
L_3082,2,B_3082,5137 Main St,TX,Harris,36.4587,-97.0907
L_3083,1,B_3083,6694 Main St,TX,Nueces,32.4869,-106.1745
L_3084,1,B_3084,8777 Main St,TX,Travis,34.7369,-102.4464
L_3085,2,B_3085,2288 Main St,TX,Nueces,34.5972,-102.7558
L_3086,3,B_3086,1876 Main St,TX,Galveston,26.3876,-102.6673
L_3087,2,B_3087,119 Main St,TX,Galveston,27.265,-103.2165
L_3088,2,B_3088,327 Main St,TX,Dallas,29.8615,-104.5952
L_3089,2,B_3089,3195 Main St,TX,Dallas,29.4374,-101.2024
L_3090,2,B_3090,7839 Main St,TX,Galveston,,
L_3091,3,B_3091,257 Main St,TX,McLennan,31.4813,-105.616
L_3092,3,B_3092,9827 Main St,TX,Galveston,29.0081,-106.3022
L_3093,1,B_3093,446 Main St,TX,Cameron,29.307,-97.2754
L_3094,3,B_3094,7423 Main St,TX,Travis,35.1037,-94.3985
L_3095,3,B_3095,864 Main St,TX,Dallas,32.2511,-95.4444
L_3096,3,B_3096,4129 Main St,TX,Dallas,29.6791,-105.3534
L_3097,3,B_3097,8085 Main St,TX,Cameron,29.3715,-94.9619
L_3098,1,B_3098,8622 Main St,TX,Cameron,28.0717,-96.1151
L_3099,1,B_3099,1095 Main St,TX,Nueces,28.7587,-95.5768
L_3100,2,B_3100,8746 Main St,TX,Cameron,31.592,-95.3438
L_3101,1,B_3101,8490 Main St,TX,Dallas,34.4839,-99.4089
L_3102,2,B_3102,6930 Main St,TX,Galveston,33.1882,-102.7066
L_3103,1,B_3103,7221 Main St,TX,Dallas,31.7103,-102.7021
L_3104,3,B_3104,9603 Main St,TX,Cameron,33.8496,-106.0663
L_3105,3,B_3105,3783 Main St,TX,Cameron,30.2958,-97.9815
L_3106,3,B_3106,2790 Main St,TX,Cameron,26.357,-105.6994
L_3107,2,B_3107,699 Main St,TX,Dallas,35.9541,-98.8932
L_3108,2,B_3108,8270 Main St,TX,Cameron,,
L_3109,1,B_3109,675 Main St,TX,Nueces,30.8207,-101.8692
L_3110,1,B_3110,9449 Main St,TX,Galveston,28.6278,-98.8598
L_3111,2,B_3111,8535 Main St,TX,McLennan,31.8047,-96.1972
L_3112,1,B_3112,3943 Main St,TX,Cameron,,
L_3113,1,B_3113,4572 Main St,TX,Dallas,27.6017,-98.1048
L_3114,1,B_3114,8367 Main St,TX,Dallas,31.8885,-95.2463
L_3115,3,B_3115,4545 Main St,TX,Cameron,25.9802,-103.7387
L_3116,2,B_3116,9829 Main St,TX,Dallas,33.3773,-104.3813
L_3117,2,B_3117,2632 Main St,TX,Cameron,35.0429,-99.9231
L_3118,2,B_3118,7230 Main St,TX,Travis,36.3892,-106.5307
L_3119,2,B_3119,8156 Main St,TX,Galveston,28.7245,-96.1899
L_3120,1,B_3120,5088 Main St,TX,Cameron,27.8068,-99.4269
L_3121,3,B_3121,8960 Main St,TX,Dallas,26.4353,-103.8358
L_3122,2,B_3122,7313 Main St,TX,Travis,32.9356,-104.0786
L_3123,1,B_3123,6807 Main St,TX,McLennan,31.4473,-102.0901
L_3124,2,B_3124,2983 Main St,TX,McLennan,30.1284,-98.8609
L_3125,3,B_3125,6814 Main St,TX,Nueces,28.878,-103.3377
L_3126,2,B_3126,5795 Main St,TX,Cameron,27.1337,-101.0951
L_3127,3,B_3127,1071 Main St,TX,Nueces,31.1251,-93.7906
L_3128,2,B_3128,7878 Main St,TX,Nueces,27.8455,-103.2865
L_3129,1,B_3129,4792 Main St,TX,Travis,27.1716,-104.1849
L_3130,2,B_3130,4507 Main St,TX,McLennan,32.6568,-105.0283
L_3131,3,B_3131,5675 Main St,TX,Nueces,27.2172,-106.0733
L_3132,3,B_3132,6571 Main St,TX,Harris,33.7702,-97.0206
L_3133,1,B_3133,5288 Main St,TX,Nueces,27.2227,-103.7424
L_3134,1,B_3134,7335 Main St,TX,McLennan,36.0656,-99.0731
L_3135,3,B_3135,2282 Main St,TX,Harris,33.4744,-95.7274
L_3136,1,B_3136,7097 Main St,TX,Travis,25.9472,-105.1989
L_3137,3,B_3137,7815 Main St,TX,Cameron,27.3449,-97.1115
L_3138,3,B_3138,6574 Main St,TX,Cameron,35.0962,-102.341
L_3139,3,B_3139,6005 Main St,TX,Harris,32.8569,-97.6879
L_3140,3,B_3140,4624 Main St,TX,McLennan,30.5445,-103.9597
L_3141,3,B_3141,1571 Main St,TX,Dallas,32.5951,-103.8912
L_3142,3,B_3142,9898 Main St,TX,Harris,35.1085,-95.3587
L_3143,3,B_3143,8453 Main St,TX,McLennan,32.8866,-100.1821
L_3144,1,B_3144,2724 Main St,TX,Nueces,30.4807,-103.2973
L_3145,2,B_3145,8327 Main St,TX,Dallas,30.4362,-104.5223
L_3146,3,B_3146,1786 Main St,TX,Travis,34.1609,-95.6787
L_3147,1,B_3147,7419 Main St,TX,Cameron,31.4098,-103.9297
L_3148,3,B_3148,9700 Main St,TX,Travis,26.9815,-102.8375
L_3149,1,B_3149,4547 Main St,TX,Galveston,27.6945,-96.5254
L_3150,1,B_3150,8265 Main St,TX,Travis,30.8636,-96.6095
L_3151,1,B_3151,7909 Main St,TX,Galveston,,
L_3152,3,B_3152,9560 Main St,TX,Travis,30.6624,-102.6281
L_3153,1,B_3153,5834 Main St,TX,Travis,28.2002,-103.9679
L_3154,2,B_3154,157 Main St,TX,Travis,35.0432,-95.603
L_3155,1,B_3155,761 Main St,TX,Galveston,28.6851,-100.3074
L_3156,2,B_3156,3275 Main St,TX,Nueces,27.2283,-96.3688
L_3157,2,B_3157,5135 Main St,TX,Galveston,29.915,-93.6769
L_3158,2,B_3158,5569 Main St,TX,Harris,32.6682,-104.7045
L_3159,1,B_3159,2268 Main St,TX,McLennan,28.6641,-101.7421
L_3160,3,B_3160,2543 Main St,TX,McLennan,28.5265,-105.3053
L_3161,3,B_3161,1099 Main St,TX,Nueces,31.3263,-102.5362
L_3162,1,B_3162,3145 Main St,TX,McLennan,30.1197,-105.7751
L_3163,1,B_3163,7267 Main St,TX,Travis,36.0415,-105.1967
L_3164,2,B_3164,3041 Main St,TX,Nueces,28.4975,-103.3997
L_3165,1,B_3165,6607 Main St,TX,McLennan,36.0472,-94.399
L_3166,3,B_3166,3798 Main St,TX,Galveston,31.9462,-94.49
L_3167,1,B_3167,1055 Main St,TX,Harris,32.5145,-93.7954
L_3168,2,B_3168,3650 Main St,TX,Dallas,25.8361,-94.0421
L_3169,1,B_3169,2148 Main St,TX,Harris,33.1791,-99.3443
L_3170,1,B_3170,6472 Main St,TX,McLennan,31.8771,-106.5809
L_3171,1,B_3171,4289 Main St,TX,Nueces,26.9606,-102.587
L_3172,2,B_3172,5757 Main St,TX,Cameron,28.4875,-96.0598
L_3173,3,B_3173,2915 Main St,TX,McLennan,32.0723,-98.3621
L_3174,3,B_3174,6182 Main St,TX,Galveston,36.079,-99.1957
L_3175,2,B_3175,7363 Main St,TX,Harris,29.8652,-98.4175
L_3176,2,B_3176,3748 Main St,TX,Cameron,29.2745,-95.3629
L_3177,3,B_3177,4057 Main St,TX,Galveston,33.9205,-99.6244
L_3178,1,B_3178,265 Main St,TX,Galveston,30.4098,-99.2321
L_3179,1,B_3179,640 Main St,TX,Dallas,33.1801,-105.2482
L_3180,2,B_3180,7660 Main St,TX,Galveston,28.275,-95.2482
L_3181,3,B_3181,4325 Main St,TX,Cameron,30.2123,-93.553
L_3182,3,B_3182,742 Main St,TX,Galveston,,
L_3183,1,B_3183,6343 Main St,TX,Dallas,33.0863,-93.8154
L_3184,1,B_3184,3820 Main St,TX,Travis,30.5217,-104.8221
L_3185,2,B_3185,5588 Main St,TX,Cameron,28.1376,-105.3312
L_3186,3,B_3186,1517 Main St,TX,Travis,28.5441,-94.5715
L_3187,1,B_3187,7189 Main St,TX,Cameron,36.4071,-98.1764
L_3188,3,B_3188,8536 Main St,TX,Nueces,35.3562,-105.3754
L_3189,2,B_3189,5716 Main St,TX,Dallas,35.6822,-98.5858
L_3190,3,B_3190,2502 Main St,TX,Nueces,,
L_3191,2,B_3191,2532 Main St,TX,Nueces,32.2021,-96.8219
L_3192,2,B_3192,4552 Main St,TX,Galveston,28.3809,-100.3642
L_3193,3,B_3193,7718 Main St,TX,Nueces,27.5873,-96.679
L_3194,2,B_3194,6648 Main St,TX,McLennan,33.5967,-94.4664
L_3195,3,B_3195,7941 Main St,TX,Cameron,36.4171,-96.176
L_3196,1,B_3196,6130 Main St,TX,Harris,26.871,-100.0015
L_3197,2,B_3197,2101 Main St,TX,McLennan,28.2538,-99.0587
L_3198,3,B_3198,2150 Main St,TX,McLennan,25.801,-97.4774
L_3199,2,B_3199,5713 Main St,TX,Galveston,33.8606,-99.3126
L_3200,1,B_3200,9241 Main St,TX,Harris,33.7062,-93.7528
L_3201,3,B_3201,3378 Main St,TX,Nueces,32.9401,-104.0777
L_3202,3,B_3202,8000 Main St,TX,Harris,28.3061,-106.0078
L_3203,3,B_3203,9516 Main St,TX,Nueces,34.6519,-104.0109
L_3204,3,B_3204,9824 Main St,TX,Travis,28.9565,-105.7973
L_3205,1,B_3205,505 Main St,TX,Dallas,30.6093,-98.4957
L_3206,1,B_3206,1113 Main St,TX,Galveston,,
L_3207,2,B_3207,5968 Main St,TX,Nueces,33.5475,-101.797
L_3208,2,B_3208,3539 Main St,TX,Nueces,33.9437,-95.6648
L_3209,3,B_3209,6644 Main St,TX,Harris,33.1607,-95.6796
L_3210,1,B_3210,6787 Main St,TX,Galveston,29.8455,-104.355
L_3211,3,B_3211,9938 Main St,TX,Cameron,,
L_3212,3,B_3212,3522 Main St,TX,Nueces,34.8191,-101.0933
L_3213,1,B_3213,3280 Main St,TX,Travis,26.7077,-104.5363
L_3214,1,B_3214,2328 Main St,TX,McLennan,26.5834,-101.1628
L_3215,2,B_3215,8170 Main St,TX,Nueces,33.2867,-104.4229
L_3216,2,B_3216,7218 Main St,TX,Harris,33.4368,-95.0218
L_3217,1,B_3217,3877 Main St,TX,Cameron,35.4398,-98.849
L_3218,2,B_3218,3656 Main St,TX,Travis,36.0922,-98.9284
L_3219,2,B_3219,4324 Main St,TX,Galveston,30.6477,-95.743
L_3220,1,B_3220,2222 Main St,TX,Nueces,32.8675,-103.7758
L_3221,3,B_3221,2548 Main St,TX,Travis,30.6049,-104.345
L_3222,3,B_3222,8829 Main St,TX,Travis,34.7526,-100.7695
L_3223,3,B_3223,5915 Main St,TX,Cameron,32.2872,-94.4666
L_3224,1,B_3224,6657 Main St,TX,Travis,34.3418,-95.6533
L_3225,2,B_3225,2710 Main St,TX,Travis,27.9001,-102.7285
L_3226,3,B_3226,8613 Main St,TX,Cameron,30.7741,-105.4076
L_3227,1,B_3227,3882 Main St,TX,Cameron,34.3236,-104.9392
L_3228,3,B_3228,7724 Main St,TX,Cameron,,
L_3229,3,B_3229,2390 Main St,TX,Travis,33.6859,-99.6106
L_3230,2,B_3230,3689 Main St,TX,Travis,34.9718,-99.2632
L_3231,2,B_3231,8247 Main St,TX,Dallas,30.0223,-98.0895
L_3232,2,B_3232,2995 Main St,TX,Galveston,34.5387,-105.9079
L_3233,1,B_3233,3151 Main St,TX,McLennan,27.7238,-95.127
L_3234,1,B_3234,5621 Main St,TX,Galveston,28.3732,-105.9351
L_3235,3,B_3235,9598 Main St,TX,Harris,31.6173,-105.6283
L_3236,1,B_3236,3506 Main St,TX,Harris,26.6942,-99.7215
L_3237,3,B_3237,1771 Main St,TX,Cameron,,
L_3238,1,B_3238,679 Main St,TX,Galveston,31.6733,-95.7518
L_3239,2,B_3239,3918 Main St,TX,Travis,26.271,-100.1743
L_3240,1,B_3240,3858 Main St,TX,Dallas,34.7655,-104.7698
L_3241,1,B_3241,7825 Main St,TX,McLennan,34.2533,-97.446
L_3242,3,B_3242,971 Main St,TX,Nueces,,
L_3243,3,B_3243,213 Main St,TX,Nueces,,
L_3244,2,B_3244,9000 Main St,TX,Travis,30.5331,-101.0702
L_3245,1,B_3245,9669 Main St,TX,Galveston,26.6577,-96.6422
L_3246,3,B_3246,5214 Main St,TX,Nueces,33.0903,-93.595
L_3247,3,B_3247,2435 Main St,TX,Galveston,26.1542,-106.449
L_3248,2,B_3248,3501 Main St,TX,Dallas,26.0923,-97.89
L_3249,2,B_3249,4212 Main St,TX,Dallas,26.059,-95.9943
L_3250,2,B_3250,657 Main St,TX,Cameron,,
L_3251,1,B_3251,3449 Main St,TX,Galveston,33.9059,-96.0156
L_3252,1,B_3252,7403 Main St,TX,Cameron,26.6842,-104.1055
L_3253,3,B_3253,282 Main St,TX,Travis,35.998,-105.3128
L_3254,3,B_3254,4476 Main St,TX,Cameron,31.5676,-101.7328
L_3255,2,B_3255,3336 Main St,TX,Travis,34.2259,-96.795
L_3256,2,B_3256,3230 Main St,TX,Travis,32.2721,-97.1781
L_3257,1,B_3257,3921 Main St,TX,Nueces,29.1474,-97.7945
L_3258,1,B_3258,3321 Main St,TX,McLennan,34.3032,-99.9973
L_3259,2,B_3259,2128 Main St,TX,McLennan,28.9015,-102.773
L_3260,2,B_3260,8904 Main St,TX,Travis,27.5042,-99.4503
L_3261,1,B_3261,8531 Main St,TX,Galveston,,
L_3262,1,B_3262,3549 Main St,TX,Dallas,32.9491,-99.5258
L_3263,3,B_3263,8838 Main St,TX,Cameron,31.3878,-96.5394
L_3264,1,B_3264,4702 Main St,TX,Harris,34.6206,-102.8144
L_3265,1,B_3265,6115 Main St,TX,Dallas,32.4517,-106.0438
L_3266,2,B_3266,6631 Main St,TX,Dallas,29.8601,-106.071
L_3267,3,B_3267,1451 Main St,TX,Harris,26.0809,-98.7503
L_3268,2,B_3268,2195 Main St,TX,Travis,25.8299,-103.1772
L_3269,3,B_3269,5999 Main St,TX,Dallas,28.4281,-102.0759
L_3270,3,B_3270,8076 Main St,TX,Harris,29.6677,-99.8418
L_3271,3,B_3271,9069 Main St,TX,Cameron,30.1355,-99.2247
L_3272,2,B_3272,307 Main St,TX,Nueces,27.3972,-103.0707
L_3273,3,B_3273,4513 Main St,TX,Galveston,29.2416,-97.9367
L_3274,1,B_3274,7714 Main St,TX,Galveston,34.5909,-96.3147
L_3275,3,B_3275,3690 Main St,TX,Galveston,26.248,-97.2428
L_3276,3,B_3276,7307 Main St,TX,Travis,32.4877,-105.9052
L_3277,2,B_3277,1755 Main St,TX,Dallas,28.0247,-101.2266
L_3278,3,B_3278,9806 Main St,TX,Dallas,34.9595,-99.2868
L_3279,3,B_3279,8681 Main St,TX,McLennan,32.4136,-96.2965
L_3280,2,B_3280,6189 Main St,TX,Galveston,,
L_3281,2,B_3281,1962 Main St,TX,Travis,32.4811,-98.2652
L_3282,3,B_3282,7923 Main St,TX,Harris,35.6937,-104.1796
L_3283,3,B_3283,6997 Main St,TX,Travis,26.4903,-103.0917
L_3284,2,B_3284,9461 Main St,TX,Dallas,26.3028,-104.9964
L_3285,1,B_3285,6418 Main St,TX,Cameron,34.7334,-104.9721
L_3286,3,B_3286,8953 Main St,TX,Cameron,31.4634,-106.5349
L_3287,2,B_3287,371 Main St,TX,Cameron,28.5677,-95.374
L_3288,3,B_3288,6426 Main St,TX,Galveston,35.9484,-100.0703
L_3289,1,B_3289,4946 Main St,TX,McLennan,35.7606,-99.8448
L_3290,3,B_3290,6154 Main St,TX,Nueces,33.9732,-99.679
L_3291,3,B_3291,5941 Main St,TX,Travis,26.4866,-103.0918
L_3292,3,B_3292,5132 Main St,TX,McLennan,27.457,-105.7415
L_3293,3,B_3293,5055 Main St,TX,Cameron,32.4241,-102.7335
L_3294,1,B_3294,2460 Main St,TX,Dallas,27.6283,-99.1144
L_3295,3,B_3295,1670 Main St,TX,Harris,33.6169,-101.2599
L_3296,1,B_3296,6123 Main St,TX,Travis,27.4969,-103.4204
L_3297,2,B_3297,8119 Main St,TX,Nueces,33.4718,-101.7758
L_3298,2,B_3298,8937 Main St,TX,Dallas,33.5599,-99.679
L_3299,3,B_3299,3744 Main St,TX,Galveston,29.1126,-96.4043
L_3300,1,B_3300,7695 Main St,TX,Travis,26.6792,-95.1579
L_3301,2,B_3301,2677 Main St,TX,McLennan,34.5958,-102.7797
L_3302,3,B_3302,7228 Main St,TX,Cameron,29.9717,-101.9537
L_3303,1,B_3303,4840 Main St,TX,Travis,33.8281,-96.6747
L_3304,2,B_3304,593 Main St,TX,Dallas,35.0691,-106.0456
L_3305,2,B_3305,5395 Main St,TX,Dallas,30.1151,-103.5991
L_3306,3,B_3306,3479 Main St,TX,Cameron,29.4373,-97.6503
L_3307,1,B_3307,2483 Main St,TX,McLennan,28.944,-94.0342
L_3308,1,B_3308,7477 Main St,TX,Nueces,26.0489,-105.4917
L_3309,1,B_3309,3347 Main St,TX,Dallas,29.8368,-101.2134
L_3310,1,B_3310,9971 Main St,TX,Travis,28.7937,-102.7931
L_3311,3,B_3311,7123 Main St,TX,Cameron,34.5175,-99.9817
L_3312,2,B_3312,8658 Main St,TX,Nueces,34.0608,-97.0268
L_3313,1,B_3313,8772 Main St,TX,McLennan,29.7416,-99.3152
L_3314,2,B_3314,6041 Main St,TX,Dallas,31.1604,-104.2622
L_3315,2,B_3315,3445 Main St,TX,Cameron,29.3476,-93.8606
L_3316,1,B_3316,4410 Main St,TX,Dallas,30.7828,-95.704
L_3317,2,B_3317,2275 Main St,TX,Travis,26.4584,-97.5838
L_3318,3,B_3318,8720 Main St,TX,Dallas,26.2017,-97.6026
L_3319,1,B_3319,9211 Main St,TX,Cameron,,
L_3320,1,B_3320,3596 Main St,TX,Travis,34.9267,-103.4715
L_3321,2,B_3321,9474 Main St,TX,Galveston,28.0356,-96.5779
L_3322,3,B_3322,722 Main St,TX,Cameron,34.6652,-103.2239
L_3323,1,B_3323,3720 Main St,TX,Nueces,33.385,-101.4292
L_3324,3,B_3324,9983 Main St,TX,Travis,28.1741,-104.7474
L_3325,2,B_3325,7584 Main St,TX,Harris,,
L_3326,1,B_3326,7779 Main St,TX,Dallas,26.812,-98.7419
L_3327,3,B_3327,8584 Main St,TX,Galveston,33.5174,-96.2854
L_3328,1,B_3328,3666 Main St,TX,Nueces,32.2891,-103.9981
L_3329,2,B_3329,3560 Main St,TX,McLennan,32.1485,-98.3356
L_3330,1,B_3330,1415 Main St,TX,Harris,28.1196,-101.2946
L_3331,3,B_3331,6199 Main St,TX,McLennan,29.2563,-103.6431
L_3332,1,B_3332,474 Main St,TX,Cameron,34.9465,-97.124
L_3333,3,B_3333,3999 Main St,TX,Harris,35.624,-98.5844
L_3334,1,B_3334,2803 Main St,TX,Galveston,33.9149,-102.3105
L_3335,3,B_3335,1649 Main St,TX,Nueces,30.7403,-100.041
L_3336,2,B_3336,9829 Main St,TX,Galveston,31.7123,-95.2814
L_3337,1,B_3337,8452 Main St,TX,Galveston,25.9142,-104.1787
L_3338,3,B_3338,6229 Main St,TX,Harris,36.4707,-106.2149
L_3339,3,B_3339,9629 Main St,TX,Travis,26.9422,-96.3999
L_3340,3,B_3340,6991 Main St,TX,Nueces,,
L_3341,3,B_3341,5759 Main St,TX,McLennan,27.1686,-98.7767
L_3342,1,B_3342,6044 Main St,TX,Travis,35.6903,-103.3985
L_3343,1,B_3343,1422 Main St,TX,Travis,29.837,-100.4132
L_3344,2,B_3344,589 Main St,TX,Dallas,33.3204,-103.1431
L_3345,3,B_3345,2193 Main St,TX,Cameron,36.2753,-105.0319
L_3346,1,B_3346,5533 Main St,TX,McLennan,33.5551,-101.1568
L_3347,1,B_3347,291 Main St,TX,Harris,,
L_3348,3,B_3348,6590 Main St,TX,Cameron,28.0866,-101.7804
L_3349,1,B_3349,7241 Main St,TX,Dallas,34.2753,-104.8456
L_3350,2,B_3350,7217 Main St,TX,Dallas,26.42,-102.5229
L_3351,2,B_3351,8685 Main St,TX,Cameron,,
L_3352,2,B_3352,6732 Main St,TX,Galveston,,
L_3353,1,B_3353,703 Main St,TX,Harris,34.059,-102.8424
L_3354,1,B_3354,6707 Main St,TX,Travis,31.5698,-103.6414
L_3355,3,B_3355,7599 Main St,TX,Nueces,30.9076,-95.6213
L_3356,1,B_3356,3756 Main St,TX,Travis,32.0762,-96.6896
L_3357,3,B_3357,4976 Main St,TX,Travis,30.1579,-104.3651
L_3358,2,B_3358,8197 Main St,TX,Galveston,35.8751,-98.654
L_3359,2,B_3359,6941 Main St,TX,Travis,31.2126,-105.6371
L_3360,2,B_3360,7817 Main St,TX,McLennan,30.6288,-102.209
L_3361,1,B_3361,1633 Main St,TX,Travis,30.2755,-105.3919
L_3362,2,B_3362,4979 Main St,TX,Travis,35.7914,-97.49
L_3363,3,B_3363,9410 Main St,TX,McLennan,34.9729,-102.7493
L_3364,2,B_3364,9553 Main St,TX,Galveston,30.1576,-96.8124
L_3365,1,B_3365,8814 Main St,TX,Dallas,34.6765,-98.3407
L_3366,3,B_3366,7121 Main St,TX,Harris,29.4112,-100.1499
L_3367,3,B_3367,4140 Main St,TX,Galveston,30.4585,-96.2414
L_3368,1,B_3368,2431 Main St,TX,Travis,26.296,-97.5127
L_3369,1,B_3369,9267 Main St,TX,Dallas,27.0467,-104.9129
L_3370,3,B_3370,9661 Main St,TX,Harris,25.9923,-106.0477
L_3371,2,B_3371,5971 Main St,TX,Harris,36.3958,-99.7846
L_3372,1,B_3372,1558 Main St,TX,Harris,29.9793,-95.0125
L_3373,2,B_3373,115 Main St,TX,McLennan,26.7457,-95.1868
L_3374,1,B_3374,3886 Main St,TX,McLennan,26.0918,-104.5827
L_3375,3,B_3375,8746 Main St,TX,Dallas,30.6752,-102.403
L_3376,3,B_3376,5587 Main St,TX,Travis,33.7732,-105.2907
L_3377,2,B_3377,3134 Main St,TX,Cameron,28.1391,-94.8428
L_3378,2,B_3378,5185 Main St,TX,Dallas,29.607,-95.8921
L_3379,2,B_3379,2502 Main St,TX,Travis,31.2471,-104.1974
L_3380,2,B_3380,7795 Main St,TX,Galveston,30.9936,-95.4986
L_3381,3,B_3381,6344 Main St,TX,Cameron,31.8067,-94.7783
L_3382,1,B_3382,2867 Main St,TX,Harris,36.3279,-95.7088
L_3383,1,B_3383,2601 Main St,TX,Harris,36.1055,-105.0826
L_3384,3,B_3384,1790 Main St,TX,McLennan,29.0529,-99.3356
L_3385,3,B_3385,5428 Main St,TX,Cameron,36.3411,-96.3788
L_3386,3,B_3386,5874 Main St,TX,Galveston,28.3405,-95.2969
L_3387,2,B_3387,9373 Main St,TX,Nueces,33.6822,-99.6752
L_3388,3,B_3388,6660 Main St,TX,Galveston,28.068,-98.1487
L_3389,1,B_3389,4065 Main St,TX,Travis,32.3752,-104.9738
L_3390,2,B_3390,7337 Main St,TX,Galveston,,
L_3391,2,B_3391,4932 Main St,TX,Cameron,33.1949,-106.3635
L_3392,2,B_3392,3473 Main St,TX,Cameron,31.2292,-93.5892
L_3393,1,B_3393,9484 Main St,TX,McLennan,32.015,-105.7506
L_3394,3,B_3394,6893 Main St,TX,Travis,28.896,-99.0795
L_3395,3,B_3395,3833 Main St,TX,Dallas,35.8041,-97.238
L_3396,2,B_3396,9874 Main St,TX,Travis,30.6483,-103.2563
L_3397,1,B_3397,9991 Main St,TX,Dallas,34.4384,-101.3226
L_3398,2,B_3398,4313 Main St,TX,Nueces,31.9288,-94.2521
L_3399,2,B_3399,5618 Main St,TX,Travis,30.3019,-98.4193
L_3400,2,B_3400,9872 Main St,TX,Harris,35.1045,-97.9963
L_3401,1,B_3401,4835 Main St,TX,Nueces,32.6667,-96.6506
L_3402,3,B_3402,218 Main St,TX,Dallas,33.7824,-97.7456
L_3403,3,B_3403,3394 Main St,TX,McLennan,33.9436,-95.41
L_3404,3,B_3404,9214 Main St,TX,Nueces,,
L_3405,3,B_3405,9322 Main St,TX,Nueces,27.3534,-96.3357
L_3406,1,B_3406,5799 Main St,TX,Nueces,32.6135,-99.1492
L_3407,1,B_3407,5349 Main St,TX,Dallas,27.3722,-99.194
L_3408,2,B_3408,4785 Main St,TX,Dallas,28.9502,-96.4829
L_3409,1,B_3409,6895 Main St,TX,Travis,35.2945,-99.1398
L_3410,2,B_3410,6035 Main St,TX,Harris,34.9681,-94.1119
L_3411,2,B_3411,7234 Main St,TX,Nueces,26.9594,-95.6067
L_3412,3,B_3412,6129 Main St,TX,Travis,34.4357,-103.6783
L_3413,1,B_3413,3350 Main St,TX,Travis,34.1517,-96.4309
L_3414,2,B_3414,1320 Main St,TX,Harris,31.8339,-94.0158
L_3415,2,B_3415,7799 Main St,TX,Travis,26.3861,-98.4489
L_3416,1,B_3416,1053 Main St,TX,Harris,,
L_3417,3,B_3417,8513 Main St,TX,McLennan,31.7696,-104.5695
L_3418,3,B_3418,8137 Main St,TX,Harris,30.6918,-101.1281
L_3419,3,B_3419,3658 Main St,TX,Galveston,32.6687,-104.3217
L_3420,1,B_3420,613 Main St,TX,Harris,31.8098,-93.5695
L_3421,3,B_3421,977 Main St,TX,Harris,32.292,-102.3323
L_3422,1,B_3422,2551 Main St,TX,Cameron,35.5141,-98.0825
L_3423,2,B_3423,1591 Main St,TX,Galveston,31.3662,-97.9899
L_3424,1,B_3424,357 Main St,TX,Harris,25.9872,-95.8741
L_3425,3,B_3425,2499 Main St,TX,Dallas,28.8463,-106.5598
L_3426,1,B_3426,7763 Main St,TX,Cameron,30.16,-97.9071
L_3427,1,B_3427,3442 Main St,TX,Travis,36.3031,-94.7805
L_3428,3,B_3428,6328 Main St,TX,Travis,31.8591,-100.9127
L_3429,1,B_3429,6261 Main St,TX,McLennan,26.1204,-96.0599
L_3430,2,B_3430,3728 Main St,TX,McLennan,34.1896,-101.2784
L_3431,2,B_3431,2848 Main St,TX,Galveston,31.6262,-104.6794
L_3432,2,B_3432,5849 Main St,TX,Dallas,32.8718,-105.3752
L_3433,3,B_3433,6498 Main St,TX,McLennan,31.6916,-99.0948
L_3434,2,B_3434,7656 Main St,TX,Travis,29.4885,-98.3424
L_3435,1,B_3435,3456 Main St,TX,McLennan,35.681,-103.7621
L_3436,3,B_3436,3145 Main St,TX,McLennan,31.8112,-96.0055
L_3437,3,B_3437,2885 Main St,TX,Harris,,
L_3438,3,B_3438,3450 Main St,TX,McLennan,34.6876,-95.042
L_3439,1,B_3439,4770 Main St,TX,Galveston,34.4374,-102.4906
L_3440,1,B_3440,8373 Main St,TX,Travis,29.4043,-94.4979
L_3441,3,B_3441,7505 Main St,TX,Galveston,,
L_3442,1,B_3442,4489 Main St,TX,Cameron,34.1162,-101.3774
L_3443,1,B_3443,9345 Main St,TX,Galveston,,
L_3444,2,B_3444,3603 Main St,TX,Nueces,34.0726,-95.4681
L_3445,2,B_3445,9904 Main St,TX,Dallas,28.7093,-94.8232
L_3446,3,B_3446,1170 Main St,TX,Cameron,34.7081,-104.4484
L_3447,2,B_3447,7080 Main St,TX,Cameron,25.8105,-97.8529
L_3448,2,B_3448,6513 Main St,TX,Nueces,32.2242,-94.7139
L_3449,3,B_3449,183 Main St,TX,Nueces,36.4833,-105.0701
L_3450,3,B_3450,1673 Main St,TX,Harris,29.9429,-103.953
L_3451,2,B_3451,9606 Main St,TX,Galveston,,
L_3452,3,B_3452,2129 Main St,TX,Dallas,27.8687,-98.5842
L_3453,1,B_3453,646 Main St,TX,Travis,34.6121,-95.8144
L_3454,1,B_3454,9982 Main St,TX,Travis,26.0727,-94.216
L_3455,3,B_3455,270 Main St,TX,Dallas,29.8145,-105.8666
L_3456,2,B_3456,5053 Main St,TX,Cameron,26.6571,-98.3488
L_3457,1,B_3457,9090 Main St,TX,Galveston,,
L_3458,1,B_3458,8609 Main St,TX,Galveston,26.3813,-101.2579
L_3459,3,B_3459,7158 Main St,TX,Harris,32.536,-104.0337
L_3460,2,B_3460,6593 Main St,TX,Harris,30.5435,-101.2141
L_3461,1,B_3461,475 Main St,TX,Nueces,,
L_3462,3,B_3462,7347 Main St,TX,Travis,33.6107,-103.7113
L_3463,2,B_3463,3505 Main St,TX,Harris,25.98,-100.112
L_3464,1,B_3464,2627 Main St,TX,Dallas,30.5368,-102.9123
L_3465,1,B_3465,6872 Main St,TX,Travis,27.5367,-97.2425
L_3466,3,B_3466,5171 Main St,TX,Cameron,27.2951,-101.3178
L_3467,3,B_3467,5084 Main St,TX,Cameron,32.9839,-98.7883
L_3468,1,B_3468,7428 Main St,TX,Galveston,31.7435,-105.3939
L_3469,3,B_3469,9236 Main St,TX,Travis,35.1352,-97.1027
L_3470,3,B_3470,9455 Main St,TX,McLennan,34.6383,-94.5109
L_3471,1,B_3471,3339 Main St,TX,Travis,35.6771,-93.736
L_3472,3,B_3472,7784 Main St,TX,Harris,35.7776,-105.725
L_3473,1,B_3473,8522 Main St,TX,Dallas,34.1218,-106.3022
L_3474,2,B_3474,5955 Main St,TX,Galveston,33.0186,-103.1573
L_3475,1,B_3475,6048 Main St,TX,Galveston,27.9233,-100.6543
L_3476,2,B_3476,4677 Main St,TX,Harris,,
L_3477,3,B_3477,1596 Main St,TX,Harris,,
L_3478,3,B_3478,8035 Main St,TX,Harris,29.6293,-94.409
L_3479,1,B_3479,7157 Main St,TX,McLennan,27.968,-94.6028
L_3480,2,B_3480,1054 Main St,TX,Dallas,30.094,-100.4798
L_3481,1,B_3481,480 Main St,TX,McLennan,35.7207,-100.5183
L_3482,2,B_3482,9921 Main St,TX,Harris,36.4584,-94.7099
L_3483,2,B_3483,3341 Main St,TX,Dallas,33.0549,-105.5704
L_3484,3,B_3484,8220 Main St,TX,Cameron,29.8642,-103.7328
L_3485,1,B_3485,1684 Main St,TX,Cameron,34.6293,-93.768
L_3486,3,B_3486,6896 Main St,TX,Harris,30.8047,-99.4459
L_3487,3,B_3487,4894 Main St,TX,Dallas,36.2478,-101.6746
L_3488,1,B_3488,6092 Main St,TX,Galveston,30.5881,-94.9227
L_3489,2,B_3489,9262 Main St,TX,McLennan,31.6335,-102.577
L_3490,2,B_3490,1860 Main St,TX,Nueces,33.5681,-104.3901
L_3491,1,B_3491,337 Main St,TX,Harris,26.3113,-95.28
L_3492,1,B_3492,4778 Main St,TX,Harris,26.2601,-95.8913
L_3493,2,B_3493,5835 Main St,TX,Travis,30.4134,-102.8696
L_3494,3,B_3494,8141 Main St,TX,Nueces,,
L_3495,3,B_3495,4145 Main St,TX,Galveston,33.0979,-95.7008
L_3496,3,B_3496,4554 Main St,TX,Harris,31.5157,-94.4473
L_3497,3,B_3497,6956 Main St,TX,McLennan,35.484,-96.894
L_3498,1,B_3498,7232 Main St,TX,Galveston,31.2933,-94.6113
L_3499,1,B_3499,9515 Main St,TX,Harris,,
L_3500,2,B_3500,5017 Main St,TX,McLennan,34.7233,-98.2283
L_3501,1,B_3501,4276 Main St,TX,Travis,35.1965,-94.8851
L_3502,2,B_3502,8189 Main St,TX,Travis,32.1022,-95.7621
L_3503,2,B_3503,3596 Main St,TX,Cameron,,
L_3504,1,B_3504,3930 Main St,TX,McLennan,27.8692,-99.7955
L_3505,3,B_3505,8940 Main St,TX,Galveston,27.6363,-99.4458
L_3506,3,B_3506,7316 Main St,TX,McLennan,33.6597,-100.1639
L_3507,2,B_3507,9096 Main St,TX,Nueces,32.2895,-103.5364
L_3508,2,B_3508,1033 Main St,TX,McLennan,30.3584,-95.775
L_3509,3,B_3509,5434 Main St,TX,Travis,35.1596,-99.5344
L_3510,2,B_3510,2242 Main St,TX,Travis,35.1801,-95.4902
L_3511,3,B_3511,8311 Main St,TX,Travis,27.6962,-97.6719
L_3512,1,B_3512,9481 Main St,TX,Nueces,26.112,-103.6013
L_3513,3,B_3513,591 Main St,TX,Harris,36.0695,-106.2998
L_3514,2,B_3514,5535 Main St,TX,Cameron,32.0981,-97.1787
L_3515,2,B_3515,6473 Main St,TX,Nueces,33.084,-93.5725
L_3516,2,B_3516,7255 Main St,TX,Harris,33.2912,-101.3252
L_3517,1,B_3517,5748 Main St,TX,Nueces,28.3247,-101.2934
L_3518,2,B_3518,1539 Main St,TX,Dallas,34.1448,-104.6803
L_3519,1,B_3519,9162 Main St,TX,Harris,29.7064,-106.5705
L_3520,3,B_3520,3235 Main St,TX,Galveston,26.7026,-95.5871
L_3521,3,B_3521,7349 Main St,TX,Galveston,32.5322,-102.3046
L_3522,1,B_3522,8985 Main St,TX,Cameron,36.416,-97.7084
L_3523,2,B_3523,5063 Main St,TX,Travis,32.8572,-106.4057
L_3524,3,B_3524,7462 Main St,TX,Nueces,36.3809,-94.3245
L_3525,1,B_3525,7350 Main St,TX,McLennan,33.1482,-101.2954
L_3526,3,B_3526,1583 Main St,TX,Travis,27.4086,-105.6455
L_3527,2,B_3527,9822 Main St,TX,Cameron,35.8266,-105.6469
L_3528,2,B_3528,8761 Main St,TX,McLennan,31.9056,-102.3112
L_3529,1,B_3529,8943 Main St,TX,Nueces,30.687,-98.8164
L_3530,2,B_3530,8332 Main St,TX,Travis,26.222,-98.8627
L_3531,2,B_3531,3973 Main St,TX,Travis,34.0665,-103.0824
L_3532,1,B_3532,7391 Main St,TX,Galveston,32.3159,-102.8167
L_3533,2,B_3533,4580 Main St,TX,McLennan,31.65,-106.3882
L_3534,1,B_3534,4122 Main St,TX,Dallas,27.4942,-94.9125
L_3535,3,B_3535,4425 Main St,TX,Dallas,26.2043,-102.2655
L_3536,2,B_3536,5912 Main St,TX,Travis,26.1628,-98.6723
L_3537,1,B_3537,811 Main St,TX,Nueces,32.8868,-99.4961
L_3538,3,B_3538,6707 Main St,TX,Travis,36.2326,-98.7633
L_3539,3,B_3539,8424 Main St,TX,Cameron,31.2288,-102.7765
L_3540,3,B_3540,5325 Main St,TX,Galveston,,
L_3541,3,B_3541,3611 Main St,TX,Cameron,29.4136,-96.9659
L_3542,2,B_3542,8347 Main St,TX,McLennan,31.2806,-98.3533
L_3543,3,B_3543,764 Main St,TX,Cameron,28.8342,-100.6806
L_3544,2,B_3544,6572 Main St,TX,Travis,31.6389,-100.6017
L_3545,2,B_3545,2684 Main St,TX,Cameron,35.5682,-97.4918
L_3546,3,B_3546,5398 Main St,TX,Nueces,29.6192,-104.2545
L_3547,1,B_3547,1046 Main St,TX,Dallas,35.3786,-101.3383
L_3548,1,B_3548,2554 Main St,TX,McLennan,29.9783,-104.0325
L_3549,3,B_3549,4027 Main St,TX,Travis,34.0294,-97.9969
L_3550,2,B_3550,838 Main St,TX,McLennan,26.0805,-98.5359
L_3551,3,B_3551,8480 Main St,TX,Galveston,34.1487,-93.9778
L_3552,2,B_3552,9449 Main St,TX,Cameron,,
L_3553,2,B_3553,9794 Main St,TX,Dallas,32.5177,-93.849
L_3554,2,B_3554,6488 Main St,TX,Nueces,31.4945,-101.5634
L_3555,1,B_3555,4694 Main St,TX,McLennan,27.4041,-98.4303
L_3556,2,B_3556,6543 Main St,TX,Dallas,35.5939,-99.9739
L_3557,3,B_3557,2809 Main St,TX,Cameron,27.4469,-95.6734
L_3558,1,B_3558,4445 Main St,TX,Travis,29.2252,-99.0439
L_3559,2,B_3559,3742 Main St,TX,Nueces,33.8225,-96.2441
L_3560,2,B_3560,4985 Main St,TX,Nueces,33.0927,-106.5914
L_3561,2,B_3561,3904 Main St,TX,Harris,33.101,-96.2195
L_3562,1,B_3562,5970 Main St,TX,McLennan,29.7449,-97.4889
L_3563,2,B_3563,4214 Main St,TX,Dallas,35.2483,-97.9072
L_3564,2,B_3564,8757 Main St,TX,McLennan,35.0853,-96.7021
L_3565,1,B_3565,6746 Main St,TX,Travis,29.9747,-97.0673
L_3566,3,B_3566,9846 Main St,TX,Travis,29.3511,-100.6181
L_3567,3,B_3567,5506 Main St,TX,Cameron,,
L_3568,1,B_3568,2996 Main St,TX,Nueces,27.5967,-94.8131
L_3569,1,B_3569,1936 Main St,TX,Nueces,33.7873,-95.4325
L_3570,1,B_3570,3158 Main St,TX,Dallas,28.6711,-104.2085
L_3571,3,B_3571,1773 Main St,TX,Galveston,30.7293,-101.4377
L_3572,3,B_3572,5927 Main St,TX,McLennan,27.3018,-95.7733
L_3573,2,B_3573,6471 Main St,TX,McLennan,32.3418,-104.1675
L_3574,2,B_3574,627 Main St,TX,Travis,28.4389,-94.1335
L_3575,1,B_3575,3952 Main St,TX,McLennan,33.1137,-96.9144
L_3576,3,B_3576,8364 Main St,TX,Dallas,34.8602,-96.2571
L_3577,3,B_3577,7503 Main St,TX,Harris,28.1775,-94.2781
L_3578,2,B_3578,1140 Main St,TX,Nueces,35.4462,-99.099
L_3579,1,B_3579,183 Main St,TX,Travis,26.9032,-101.2958
L_3580,2,B_3580,8637 Main St,TX,Nueces,33.1238,-94.6004
L_3581,2,B_3581,9044 Main St,TX,Nueces,33.948,-97.1363
L_3582,3,B_3582,837 Main St,TX,Nueces,27.7035,-94.2202
L_3583,3,B_3583,3533 Main St,TX,Harris,36.1643,-104.3487
L_3584,3,B_3584,5508 Main St,TX,McLennan,35.9229,-103.6964
L_3585,3,B_3585,5184 Main St,TX,Galveston,29.4736,-98.636
L_3586,2,B_3586,6974 Main St,TX,Nueces,26.8938,-95.3281
L_3587,3,B_3587,4863 Main St,TX,Dallas,35.8535,-105.2086
L_3588,2,B_3588,6354 Main St,TX,Nueces,29.7508,-106.2639
L_3589,3,B_3589,7098 Main St,TX,Nueces,31.3526,-94.073
L_3590,2,B_3590,111 Main St,TX,McLennan,35.9605,-99.2812
L_3591,2,B_3591,5009 Main St,TX,Cameron,,
L_3592,2,B_3592,9724 Main St,TX,Dallas,29.2287,-100.2102
L_3593,3,B_3593,1060 Main St,TX,McLennan,33.0771,-95.7943
L_3594,3,B_3594,3572 Main St,TX,Nueces,27.8775,-98.3715
L_3595,3,B_3595,7914 Main St,TX,Cameron,,
L_3596,3,B_3596,6692 Main St,TX,McLennan,33.0271,-99.8887
L_3597,2,B_3597,4352 Main St,TX,McLennan,31.9735,-94.4652
L_3598,2,B_3598,7330 Main St,TX,Travis,27.0112,-100.2961
L_3599,1,B_3599,4625 Main St,TX,Harris,26.3017,-99.7678
L_3600,2,B_3600,7629 Main St,TX,Cameron,32.0272,-103.0743
L_3601,3,B_3601,7150 Main St,TX,Galveston,,
L_3602,1,B_3602,9649 Main St,TX,Cameron,28.049,-102.5707
L_3603,2,B_3603,2107 Main St,TX,Harris,30.6543,-102.3193
L_3604,3,B_3604,1442 Main St,TX,Harris,26.9473,-97.051
L_3605,3,B_3605,7080 Main St,TX,Dallas,29.7174,-94.9921
L_3606,1,B_3606,1428 Main St,TX,Travis,34.5477,-100.3663
L_3607,2,B_3607,3151 Main St,TX,Travis,34.8509,-99.7287
L_3608,3,B_3608,3006 Main St,TX,McLennan,28.3482,-101.0161
L_3609,1,B_3609,1997 Main St,TX,Harris,26.29,-94.0266
L_3610,1,B_3610,5638 Main St,TX,Cameron,34.8587,-97.4677
L_3611,2,B_3611,825 Main St,TX,Galveston,26.9674,-94.1499
L_3612,3,B_3612,3995 Main St,TX,Dallas,34.2793,-106.139
L_3613,2,B_3613,9513 Main St,TX,Cameron,30.686,-98.5341
L_3614,1,B_3614,6736 Main St,TX,Travis,35.9433,-105.0016
L_3615,1,B_3615,5228 Main St,TX,McLennan,32.1316,-100.4052
L_3616,1,B_3616,5853 Main St,TX,Galveston,,
L_3617,1,B_3617,9131 Main St,TX,Harris,27.2085,-100.338
L_3618,3,B_3618,6797 Main St,TX,Cameron,27.1886,-95.5344
L_3619,2,B_3619,8336 Main St,TX,Galveston,34.9641,-102.0371
L_3620,3,B_3620,1249 Main St,TX,Travis,27.5418,-104.8073
L_3621,2,B_3621,9324 Main St,TX,Dallas,29.3406,-96.0008
L_3622,1,B_3622,827 Main St,TX,Cameron,30.3812,-105.8354
L_3623,2,B_3623,794 Main St,TX,Harris,34.0703,-99.9656
L_3624,2,B_3624,5059 Main St,TX,Dallas,34.2776,-100.7079
L_3625,2,B_3625,2109 Main St,TX,Nueces,28.9956,-104.4046
L_3626,2,B_3626,5242 Main St,TX,Galveston,29.4154,-102.1816
L_3627,2,B_3627,8638 Main St,TX,Galveston,32.9617,-99.5083
L_3628,2,B_3628,9966 Main St,TX,McLennan,29.433,-98.893
L_3629,3,B_3629,3730 Main St,TX,Harris,34.3236,-102.443
L_3630,2,B_3630,3620 Main St,TX,Galveston,32.366,-104.2711
L_3631,1,B_3631,3650 Main St,TX,Travis,27.1792,-94.0501
L_3632,3,B_3632,6208 Main St,TX,Nueces,36.1537,-95.9573
L_3633,2,B_3633,2246 Main St,TX,Travis,30.3807,-102.2469
L_3634,1,B_3634,9009 Main St,TX,Dallas,27.2565,-95.4517
L_3635,3,B_3635,6915 Main St,TX,Nueces,26.2588,-96.0988
L_3636,3,B_3636,6671 Main St,TX,Nueces,28.2564,-98.1198
L_3637,3,B_3637,120 Main St,TX,Travis,28.2834,-94.0442
L_3638,2,B_3638,1745 Main St,TX,Galveston,,
L_3639,1,B_3639,3760 Main St,TX,Travis,35.1879,-95.0316
L_3640,3,B_3640,8547 Main St,TX,Harris,34.3526,-95.2228
L_3641,1,B_3641,5241 Main St,TX,Dallas,26.5409,-106.527
L_3642,2,B_3642,5271 Main St,TX,Cameron,26.1615,-103.9264
L_3643,2,B_3643,105 Main St,TX,Nueces,31.7443,-104.2138
L_3644,3,B_3644,524 Main St,TX,Harris,,
L_3645,2,B_3645,2841 Main St,TX,Galveston,34.907,-99.7252
L_3646,2,B_3646,9703 Main St,TX,Galveston,32.0748,-93.5642
L_3647,3,B_3647,5649 Main St,TX,Travis,31.0497,-100.0554
L_3648,3,B_3648,7995 Main St,TX,McLennan,34.8987,-93.6249
L_3649,3,B_3649,3262 Main St,TX,Nueces,30.6043,-98.2511
L_3650,1,B_3650,8597 Main St,TX,Nueces,35.9592,-98.1748
L_3651,1,B_3651,289 Main St,TX,McLennan,27.4018,-106.5166
L_3652,2,B_3652,1835 Main St,TX,Galveston,31.3139,-96.9224
L_3653,3,B_3653,610 Main St,TX,Galveston,29.7465,-103.8601
L_3654,1,B_3654,1223 Main St,TX,Cameron,31.4264,-96.0495
L_3655,2,B_3655,3120 Main St,TX,Cameron,31.614,-95.9057
L_3656,3,B_3656,4921 Main St,TX,Nueces,27.8375,-105.7758
L_3657,3,B_3657,5896 Main St,TX,Cameron,27.3324,-95.5807
L_3658,2,B_3658,7729 Main St,TX,Cameron,,
L_3659,3,B_3659,1651 Main St,TX,Dallas,29.0621,-105.3869
L_3660,3,B_3660,8979 Main St,TX,Nueces,25.8868,-105.423
L_3661,2,B_3661,1617 Main St,TX,Galveston,28.6076,-104.502
L_3662,1,B_3662,6240 Main St,TX,Galveston,30.7561,-106.2826
L_3663,2,B_3663,9257 Main St,TX,Cameron,30.8468,-99.8053
L_3664,2,B_3664,997 Main St,TX,Dallas,26.7319,-100.626
L_3665,1,B_3665,6404 Main St,TX,Cameron,35.4284,-100.311
L_3666,3,B_3666,1584 Main St,TX,Cameron,33.791,-101.8422
L_3667,2,B_3667,9893 Main St,TX,Harris,30.977,-101.6363
L_3668,2,B_3668,4936 Main St,TX,Harris,35.8809,-102.3368
L_3669,2,B_3669,9409 Main St,TX,Dallas,32.4191,-99.9068
L_3670,3,B_3670,9576 Main St,TX,Dallas,34.098,-97.8258
L_3671,3,B_3671,1999 Main St,TX,Harris,35.4263,-99.3452
L_3672,1,B_3672,3207 Main St,TX,Harris,29.9997,-99.4032
L_3673,2,B_3673,6672 Main St,TX,Harris,30.503,-105.0158
L_3674,2,B_3674,6222 Main St,TX,Harris,26.4775,-97.594
L_3675,2,B_3675,692 Main St,TX,Nueces,34.2232,-97.0592
L_3676,1,B_3676,5936 Main St,TX,Nueces,32.8127,-93.9373
L_3677,1,B_3677,5605 Main St,TX,Cameron,35.7091,-102.3317
L_3678,3,B_3678,2079 Main St,TX,Travis,27.6462,-99.0459
L_3679,3,B_3679,9530 Main St,TX,Cameron,32.3785,-96.893
L_3680,2,B_3680,1654 Main St,TX,Dallas,35.2327,-94.085
L_3681,1,B_3681,9817 Main St,TX,McLennan,33.641,-96.1278
L_3682,3,B_3682,3747 Main St,TX,Travis,32.8325,-98.9342
L_3683,2,B_3683,9543 Main St,TX,McLennan,32.6518,-103.5048
L_3684,1,B_3684,6846 Main St,TX,McLennan,31.6921,-103.5024
L_3685,2,B_3685,8820 Main St,TX,Galveston,32.7905,-97.3976
L_3686,3,B_3686,7276 Main St,TX,Dallas,28.4164,-99.0334
L_3687,3,B_3687,1435 Main St,TX,Nueces,27.9741,-99.3171
L_3688,3,B_3688,8319 Main St,TX,Travis,29.0963,-101.1258
L_3689,1,B_3689,7195 Main St,TX,Cameron,32.6973,-96.9438
L_3690,2,B_3690,8168 Main St,TX,Dallas,35.2428,-103.7329
L_3691,2,B_3691,1358 Main St,TX,Harris,28.9013,-94.2611
L_3692,1,B_3692,8013 Main St,TX,Dallas,31.9102,-103.1804
L_3693,2,B_3693,227 Main St,TX,McLennan,28.5167,-95.979
L_3694,1,B_3694,8886 Main St,TX,Nueces,32.34,-97.1021
L_3695,1,B_3695,287 Main St,TX,Harris,30.581,-95.7942
L_3696,2,B_3696,5198 Main St,TX,Dallas,35.0086,-100.8518
L_3697,1,B_3697,2518 Main St,TX,Dallas,27.7987,-104.3163
L_3698,3,B_3698,9888 Main St,TX,Nueces,,
L_3699,1,B_3699,3442 Main St,TX,McLennan,26.3932,-103.371
L_3700,3,B_3700,2769 Main St,TX,Cameron,30.8131,-99.6963
L_3701,2,B_3701,9250 Main St,TX,Harris,27.0039,-100.1767
L_3702,3,B_3702,6090 Main St,TX,McLennan,35.3806,-102.3179
L_3703,2,B_3703,382 Main St,TX,Nueces,31.7739,-94.6138
L_3704,2,B_3704,8134 Main St,TX,Dallas,28.4004,-104.645
L_3705,3,B_3705,1761 Main St,TX,Cameron,33.8544,-105.3089
L_3706,1,B_3706,9933 Main St,TX,Travis,34.2876,-101.3976
L_3707,2,B_3707,7023 Main St,TX,Travis,34.2593,-95.295
L_3708,2,B_3708,1471 Main St,TX,Galveston,27.6539,-95.0278
L_3709,3,B_3709,2618 Main St,TX,Travis,28.6388,-99.3398
L_3710,1,B_3710,9782 Main St,TX,Nueces,35.8551,-95.0088
L_3711,3,B_3711,3704 Main St,TX,Nueces,31.2133,-99.1471
L_3712,2,B_3712,3500 Main St,TX,Nueces,28.0533,-96.9062
L_3713,1,B_3713,2401 Main St,TX,Harris,29.7825,-99.8622
L_3714,3,B_3714,1316 Main St,TX,Galveston,32.6205,-101.4341
L_3715,3,B_3715,3290 Main St,TX,Harris,,
L_3716,2,B_3716,4678 Main St,TX,Cameron,33.8315,-93.5322
L_3717,3,B_3717,9545 Main St,TX,Travis,34.0237,-103.9539
L_3718,1,B_3718,5883 Main St,TX,Cameron,29.0325,-94.5147
L_3719,3,B_3719,2773 Main St,TX,Travis,32.7059,-95.9278
L_3720,2,B_3720,2308 Main St,TX,Dallas,34.9505,-99.0825
L_3721,3,B_3721,789 Main St,TX,Harris,,
L_3722,1,B_3722,9316 Main St,TX,McLennan,26.5106,-95.6591
L_3723,3,B_3723,4444 Main St,TX,Cameron,28.0476,-97.0638
L_3724,2,B_3724,777 Main St,TX,Dallas,35.4144,-95.2345
L_3725,1,B_3725,954 Main St,TX,Harris,,
L_3726,2,B_3726,3593 Main St,TX,Nueces,,
L_3727,3,B_3727,7931 Main St,TX,Galveston,34.1377,-97.0401
L_3728,2,B_3728,1296 Main St,TX,Cameron,29.5262,-106.2852
L_3729,1,B_3729,7819 Main St,TX,Harris,30.9143,-98.0358
L_3730,1,B_3730,8226 Main St,TX,Galveston,27.8635,-98.5817
L_3731,3,B_3731,6050 Main St,TX,Cameron,25.8526,-101.1558
L_3732,1,B_3732,8654 Main St,TX,Galveston,28.0515,-98.8253
L_3733,1,B_3733,9204 Main St,TX,Cameron,,
L_3734,1,B_3734,5814 Main St,TX,Travis,36.1513,-104.6981
L_3735,1,B_3735,6413 Main St,TX,McLennan,26.3181,-104.6228
L_3736,2,B_3736,2631 Main St,TX,Cameron,28.0175,-105.0532
L_3737,3,B_3737,7455 Main St,TX,Harris,33.2943,-100.5695
L_3738,3,B_3738,4276 Main St,TX,McLennan,30.7921,-97.9516
L_3739,2,B_3739,8962 Main St,TX,Galveston,,
L_3740,3,B_3740,213 Main St,TX,Travis,32.2825,-96.8271
L_3741,2,B_3741,6467 Main St,TX,Cameron,,
L_3742,1,B_3742,6644 Main St,TX,McLennan,27.006,-101.3247
L_3743,3,B_3743,1840 Main St,TX,Dallas,27.1857,-104.2327
L_3744,3,B_3744,1218 Main St,TX,Galveston,,
L_3745,1,B_3745,3070 Main St,TX,Dallas,33.5219,-100.751
L_3746,1,B_3746,6891 Main St,TX,Nueces,32.8804,-94.4755
L_3747,2,B_3747,2251 Main St,TX,McLennan,33.9315,-94.3855
L_3748,3,B_3748,637 Main St,TX,McLennan,27.9181,-98.439
L_3749,3,B_3749,3860 Main St,TX,McLennan,33.6076,-106.115
L_3750,2,B_3750,1075 Main St,TX,Nueces,30.4165,-102.1812
L_3751,1,B_3751,6462 Main St,TX,Harris,32.8656,-100.635
L_3752,3,B_3752,9797 Main St,TX,Galveston,34.4805,-96.4259
L_3753,2,B_3753,6171 Main St,TX,Galveston,,
L_3754,2,B_3754,1303 Main St,TX,Cameron,28.8179,-105.284
L_3755,2,B_3755,7134 Main St,TX,Cameron,34.2513,-97.6522
L_3756,3,B_3756,5310 Main St,TX,Cameron,27.3045,-102.1833
L_3757,2,B_3757,8134 Main St,TX,Galveston,,
L_3758,2,B_3758,1628 Main St,TX,Harris,36.3072,-104.6333
L_3759,1,B_3759,2852 Main St,TX,McLennan,28.8678,-104.9126
L_3760,1,B_3760,1904 Main St,TX,McLennan,34.7879,-98.8526
L_3761,2,B_3761,2031 Main St,TX,Nueces,29.724,-93.9234
L_3762,2,B_3762,9182 Main St,TX,Dallas,33.5208,-95.6006
L_3763,2,B_3763,7171 Main St,TX,Harris,,
L_3764,1,B_3764,887 Main St,TX,Travis,33.7406,-98.0175
L_3765,1,B_3765,1139 Main St,TX,Harris,28.0964,-97.8629
L_3766,1,B_3766,8980 Main St,TX,Nueces,27.1718,-97.5013
L_3767,3,B_3767,1441 Main St,TX,Dallas,31.1132,-106.3761
L_3768,2,B_3768,2089 Main St,TX,Dallas,26.8397,-93.9076
L_3769,1,B_3769,2258 Main St,TX,Cameron,,
L_3770,2,B_3770,3868 Main St,TX,Cameron,30.3353,-101.8969
L_3771,2,B_3771,3731 Main St,TX,Dallas,29.295,-101.7964
L_3772,3,B_3772,3305 Main St,TX,McLennan,29.0843,-94.4953
L_3773,2,B_3773,1071 Main St,TX,Travis,28.0685,-106.2457
L_3774,1,B_3774,3083 Main St,TX,Dallas,35.8742,-94.9659
L_3775,3,B_3775,5417 Main St,TX,Galveston,26.0744,-93.6297
L_3776,3,B_3776,5951 Main St,TX,McLennan,35.753,-101.0658
L_3777,2,B_3777,9663 Main St,TX,Travis,29.6715,-104.4784
L_3778,2,B_3778,8422 Main St,TX,Galveston,31.095,-105.81
L_3779,3,B_3779,8215 Main St,TX,Travis,32.21,-105.7941
L_3780,3,B_3780,9615 Main St,TX,Nueces,36.1147,-100.951
L_3781,2,B_3781,2322 Main St,TX,Travis,35.023,-106.3068
L_3782,3,B_3782,1075 Main St,TX,Galveston,27.1534,-102.9137
L_3783,3,B_3783,7131 Main St,TX,Harris,35.442,-102.1147
L_3784,3,B_3784,2568 Main St,TX,Travis,28.5934,-95.2809
L_3785,1,B_3785,3723 Main St,TX,Harris,33.1236,-98.1893
L_3786,1,B_3786,1984 Main St,TX,Travis,28.1737,-97.2947
L_3787,1,B_3787,4761 Main St,TX,Nueces,28.4718,-104.9665
L_3788,3,B_3788,5684 Main St,TX,Galveston,35.5154,-101.2874
L_3789,1,B_3789,9930 Main St,TX,Travis,31.1113,-94.6239
L_3790,3,B_3790,7152 Main St,TX,Dallas,32.6463,-101.7718
L_3791,1,B_3791,9192 Main St,TX,Nueces,29.0984,-105.75
L_3792,1,B_3792,8372 Main St,TX,Dallas,30.5381,-97.7304
L_3793,1,B_3793,1827 Main St,TX,Nueces,29.7801,-101.0303
L_3794,2,B_3794,430 Main St,TX,Nueces,28.4332,-100.3176
L_3795,2,B_3795,9646 Main St,TX,Cameron,,
L_3796,3,B_3796,6439 Main St,TX,Travis,34.7534,-103.3106
L_3797,2,B_3797,1865 Main St,TX,Galveston,26.983,-99.3303
L_3798,1,B_3798,9450 Main St,TX,Cameron,34.3307,-99.8642
L_3799,2,B_3799,6728 Main St,TX,Galveston,,
L_3800,3,B_3800,9071 Main St,TX,McLennan,26.0851,-94.6598
L_3801,3,B_3801,893 Main St,TX,Galveston,31.7261,-105.2851
L_3802,1,B_3802,4821 Main St,TX,Harris,33.9689,-105.4213
L_3803,2,B_3803,5986 Main St,TX,Travis,27.5321,-99.8367
L_3804,1,B_3804,605 Main St,TX,Dallas,31.6248,-99.8292
L_3805,1,B_3805,5732 Main St,TX,Galveston,32.9711,-100.7343
L_3806,2,B_3806,2775 Main St,TX,Dallas,27.385,-106.2007
L_3807,2,B_3807,1559 Main St,TX,McLennan,33.5018,-93.838
L_3808,2,B_3808,1166 Main St,TX,Travis,33.3361,-100.5287
L_3809,2,B_3809,2409 Main St,TX,Galveston,26.2542,-100.6662
L_3810,2,B_3810,902 Main St,TX,Cameron,30.7428,-103.5976
L_3811,2,B_3811,3657 Main St,TX,Dallas,26.6529,-105.9738
L_3812,2,B_3812,7017 Main St,TX,Cameron,29.664,-99.6479
L_3813,1,B_3813,196 Main St,TX,Nueces,29.0125,-96.1066
L_3814,3,B_3814,8601 Main St,TX,Cameron,33.3335,-106.2752
L_3815,2,B_3815,2106 Main St,TX,Galveston,27.7445,-99.6348
L_3816,1,B_3816,6734 Main St,TX,McLennan,31.4509,-101.9451
L_3817,2,B_3817,4590 Main St,TX,Cameron,30.3955,-103.2757
L_3818,1,B_3818,1791 Main St,TX,Nueces,,
L_3819,2,B_3819,9222 Main St,TX,Dallas,27.0893,-106.5284
L_3820,2,B_3820,318 Main St,TX,Dallas,27.9289,-97.8092
L_3821,3,B_3821,4247 Main St,TX,Travis,35.1322,-103.9752
L_3822,2,B_3822,4279 Main St,TX,Cameron,34.6017,-94.5551
L_3823,3,B_3823,6769 Main St,TX,Cameron,28.5202,-100.8691
L_3824,1,B_3824,796 Main St,TX,Travis,30.0118,-95.8162
L_3825,3,B_3825,8965 Main St,TX,Dallas,26.6446,-98.9346
L_3826,3,B_3826,1334 Main St,TX,Nueces,34.6884,-97.4368
L_3827,3,B_3827,8284 Main St,TX,Cameron,26.1433,-93.7643
L_3828,3,B_3828,1774 Main St,TX,Travis,30.1119,-101.0251
L_3829,2,B_3829,4305 Main St,TX,Dallas,29.1234,-102.2727
L_3830,2,B_3830,724 Main St,TX,Nueces,33.8795,-96.1841
L_3831,2,B_3831,9140 Main St,TX,Harris,,
L_3832,2,B_3832,3968 Main St,TX,Galveston,32.9319,-104.9714
L_3833,2,B_3833,4575 Main St,TX,Cameron,26.0102,-98.0181
L_3834,3,B_3834,7060 Main St,TX,Harris,31.6195,-94.2667
L_3835,2,B_3835,9339 Main St,TX,Harris,,
L_3836,3,B_3836,5435 Main St,TX,Galveston,33.903,-95.3612
L_3837,2,B_3837,4419 Main St,TX,Dallas,32.5525,-103.0688
L_3838,3,B_3838,4695 Main St,TX,Dallas,25.8324,-103.3343
L_3839,1,B_3839,9373 Main St,TX,Travis,36.4731,-105.7383
L_3840,2,B_3840,5873 Main St,TX,McLennan,34.1937,-106.0459
L_3841,3,B_3841,588 Main St,TX,Dallas,32.333,-100.0259
L_3842,3,B_3842,6718 Main St,TX,Galveston,28.9846,-95.7253
L_3843,2,B_3843,289 Main St,TX,McLennan,34.5923,-94.4267
L_3844,1,B_3844,9776 Main St,TX,Galveston,32.2854,-93.635
L_3845,3,B_3845,5546 Main St,TX,Galveston,32.7339,-103.9975
L_3846,2,B_3846,8316 Main St,TX,Galveston,33.1312,-95.941
L_3847,1,B_3847,669 Main St,TX,Cameron,31.755,-102.7667
L_3848,2,B_3848,6882 Main St,TX,Cameron,29.8874,-105.2955
L_3849,3,B_3849,2257 Main St,TX,McLennan,28.1142,-102.8448
L_3850,2,B_3850,7583 Main St,TX,Harris,,
L_3851,2,B_3851,4397 Main St,TX,Cameron,28.6481,-103.5438
L_3852,1,B_3852,5678 Main St,TX,Nueces,29.2488,-104.2025
L_3853,1,B_3853,6626 Main St,TX,Galveston,36.1473,-97.8265
L_3854,2,B_3854,7181 Main St,TX,Cameron,32.0366,-94.6532
L_3855,2,B_3855,9834 Main St,TX,Travis,36.4537,-100.7565
L_3856,2,B_3856,9234 Main St,TX,Dallas,25.9569,-97.2795
L_3857,2,B_3857,3711 Main St,TX,Nueces,27.567,-100.9567
L_3858,3,B_3858,9051 Main St,TX,Dallas,36.3721,-97.9498
L_3859,2,B_3859,5807 Main St,TX,Dallas,26.0815,-100.4788
L_3860,2,B_3860,9463 Main St,TX,McLennan,31.3166,-95.8604
L_3861,1,B_3861,765 Main St,TX,Travis,31.5839,-104.353
L_3862,2,B_3862,8080 Main St,TX,Travis,26.7525,-105.8805
L_3863,1,B_3863,4325 Main St,TX,Nueces,32.9193,-106.2407
L_3864,1,B_3864,2420 Main St,TX,Travis,34.3948,-98.3762
L_3865,2,B_3865,4592 Main St,TX,Travis,26.8173,-94.4054
L_3866,2,B_3866,1380 Main St,TX,Travis,35.8207,-94.2373
L_3867,2,B_3867,5097 Main St,TX,Nueces,28.3168,-97.6351
L_3868,2,B_3868,2444 Main St,TX,Harris,31.9157,-98.7993
L_3869,1,B_3869,363 Main St,TX,Travis,35.269,-96.3815
L_3870,2,B_3870,4857 Main St,TX,Cameron,27.3687,-105.1334
L_3871,3,B_3871,5983 Main St,TX,Travis,36.2433,-93.991
L_3872,2,B_3872,7543 Main St,TX,McLennan,33.6212,-99.5587
L_3873,2,B_3873,7359 Main St,TX,McLennan,32.4978,-93.964
L_3874,1,B_3874,7162 Main St,TX,Cameron,31.2379,-95.9193
L_3875,2,B_3875,3035 Main St,TX,Travis,34.91,-93.8863
L_3876,1,B_3876,5280 Main St,TX,Harris,35.3676,-102.6161
L_3877,1,B_3877,3221 Main St,TX,Travis,27.2792,-96.6724
L_3878,2,B_3878,8843 Main St,TX,Cameron,35.2179,-101.9357
L_3879,2,B_3879,4812 Main St,TX,Travis,31.2907,-94.455
L_3880,1,B_3880,7540 Main St,TX,Travis,31.9106,-100.8314
L_3881,3,B_3881,6755 Main St,TX,Galveston,30.483,-106.4489
L_3882,1,B_3882,6498 Main St,TX,Harris,34.487,-103.2005
L_3883,1,B_3883,1502 Main St,TX,Dallas,26.301,-100.3866
L_3884,3,B_3884,9939 Main St,TX,Cameron,26.8026,-95.562
L_3885,3,B_3885,5758 Main St,TX,Travis,34.8107,-101.6187
L_3886,1,B_3886,3298 Main St,TX,Cameron,,
L_3887,1,B_3887,835 Main St,TX,Dallas,32.1738,-105.4013
L_3888,3,B_3888,1668 Main St,TX,Harris,26.6991,-104.5324
L_3889,3,B_3889,6501 Main St,TX,Cameron,33.0154,-98.8654
L_3890,1,B_3890,4780 Main St,TX,Travis,34.2687,-98.7413
L_3891,3,B_3891,8216 Main St,TX,Dallas,30.3312,-94.7601
L_3892,2,B_3892,2377 Main St,TX,Cameron,33.5704,-101.4634
L_3893,3,B_3893,8692 Main St,TX,Nueces,32.972,-95.4921
L_3894,1,B_3894,6667 Main St,TX,Dallas,32.911,-105.9447
L_3895,2,B_3895,2122 Main St,TX,Harris,,
L_3896,2,B_3896,7790 Main St,TX,Travis,29.5947,-97.2547
L_3897,2,B_3897,4908 Main St,TX,Galveston,34.258,-96.2495
L_3898,2,B_3898,6249 Main St,TX,Harris,29.5943,-106.0233
L_3899,3,B_3899,8599 Main St,TX,Galveston,32.6729,-104.2809
L_3900,3,B_3900,5345 Main St,TX,Travis,28.8401,-94.8917
L_3901,1,B_3901,9642 Main St,TX,Dallas,33.193,-99.2877
L_3902,1,B_3902,334 Main St,TX,Nueces,29.838,-105.1982
L_3903,3,B_3903,2307 Main St,TX,Nueces,32.0171,-95.3472
L_3904,2,B_3904,6447 Main St,TX,Cameron,32.6606,-104.2194
L_3905,3,B_3905,2221 Main St,TX,Harris,35.267,-94.4664
L_3906,2,B_3906,7407 Main St,TX,Harris,28.8285,-98.6113
L_3907,2,B_3907,6458 Main St,TX,Harris,28.4606,-103.1307
L_3908,1,B_3908,1489 Main St,TX,McLennan,32.3463,-106.2644
L_3909,3,B_3909,2081 Main St,TX,Nueces,29.1426,-105.7516
L_3910,2,B_3910,6493 Main St,TX,Nueces,,
L_3911,3,B_3911,6439 Main St,TX,Travis,31.8009,-105.2611
L_3912,3,B_3912,2346 Main St,TX,McLennan,27.323,-93.7459
L_3913,2,B_3913,8949 Main St,TX,Harris,33.9325,-95.7857
L_3914,2,B_3914,6637 Main St,TX,Harris,31.606,-104.9617
L_3915,1,B_3915,7233 Main St,TX,Galveston,31.9404,-96.2596
L_3916,2,B_3916,229 Main St,TX,Cameron,31.5205,-99.6216
L_3917,1,B_3917,3207 Main St,TX,McLennan,31.1694,-98.5555
L_3918,1,B_3918,5153 Main St,TX,Cameron,27.2708,-103.2132
L_3919,3,B_3919,9877 Main St,TX,Dallas,30.9309,-93.6232
L_3920,1,B_3920,8653 Main St,TX,Cameron,30.5634,-99.0577
L_3921,2,B_3921,2188 Main St,TX,Nueces,32.4687,-105.7693
L_3922,2,B_3922,4524 Main St,TX,Travis,29.0089,-103.7907
L_3923,1,B_3923,6653 Main St,TX,Dallas,34.6777,-98.9169
L_3924,3,B_3924,9084 Main St,TX,Dallas,33.8966,-97.1055
L_3925,3,B_3925,9840 Main St,TX,Travis,29.6279,-96.7031
L_3926,3,B_3926,6867 Main St,TX,Harris,34.519,-93.5186
L_3927,1,B_3927,8015 Main St,TX,Nueces,33.4477,-105.1857
L_3928,1,B_3928,853 Main St,TX,Galveston,33.5009,-94.8828
L_3929,2,B_3929,2146 Main St,TX,Harris,36.2968,-106.0263
L_3930,2,B_3930,6585 Main St,TX,Cameron,31.7523,-105.3634
L_3931,1,B_3931,6155 Main St,TX,Harris,34.6816,-106.3127
L_3932,3,B_3932,6300 Main St,TX,McLennan,27.5716,-94.7258
L_3933,3,B_3933,2678 Main St,TX,Dallas,28.7791,-102.6426
L_3934,1,B_3934,8253 Main St,TX,Dallas,27.3477,-104.9681
L_3935,1,B_3935,8145 Main St,TX,Nueces,,
L_3936,1,B_3936,4939 Main St,TX,Cameron,26.1378,-104.0684
L_3937,3,B_3937,834 Main St,TX,Dallas,28.8939,-106.2299
L_3938,1,B_3938,2690 Main St,TX,Galveston,30.1021,-105.7723
L_3939,2,B_3939,1130 Main St,TX,Galveston,30.9814,-94.6586
L_3940,3,B_3940,6062 Main St,TX,Cameron,34.0647,-104.9392
L_3941,3,B_3941,8246 Main St,TX,Galveston,31.5592,-96.7356
L_3942,2,B_3942,2264 Main St,TX,Travis,32.5462,-99.4382
L_3943,2,B_3943,3479 Main St,TX,Cameron,33.6055,-95.2515
L_3944,1,B_3944,1521 Main St,TX,Nueces,31.6973,-105.3306
L_3945,1,B_3945,2516 Main St,TX,Galveston,,
L_3946,3,B_3946,5380 Main St,TX,McLennan,28.6983,-99.8277
L_3947,3,B_3947,2524 Main St,TX,McLennan,36.4495,-96.2867
L_3948,3,B_3948,4581 Main St,TX,Harris,32.4613,-94.5596
L_3949,3,B_3949,3037 Main St,TX,Harris,35.9349,-99.4485
L_3950,3,B_3950,3427 Main St,TX,Nueces,31.5609,-96.0576
L_3951,3,B_3951,5673 Main St,TX,Cameron,36.2352,-101.4147
L_3952,3,B_3952,2580 Main St,TX,Harris,30.5117,-94.4129
L_3953,2,B_3953,5696 Main St,TX,Harris,29.1421,-94.9079
L_3954,2,B_3954,6494 Main St,TX,McLennan,26.7662,-102.1423
L_3955,1,B_3955,654 Main St,TX,Harris,29.155,-97.9552
L_3956,1,B_3956,111 Main St,TX,McLennan,26.9839,-98.5606
L_3957,3,B_3957,8636 Main St,TX,Galveston,33.0709,-105.8325
L_3958,1,B_3958,5359 Main St,TX,Galveston,30.912,-101.8668
L_3959,3,B_3959,8660 Main St,TX,Nueces,29.8819,-97.4986
L_3960,2,B_3960,5161 Main St,TX,Travis,29.5585,-105.678
L_3961,3,B_3961,9933 Main St,TX,Harris,,
L_3962,1,B_3962,6497 Main St,TX,Galveston,26.462,-95.6939
L_3963,3,B_3963,1124 Main St,TX,Galveston,34.0528,-96.0217
L_3964,2,B_3964,7515 Main St,TX,Cameron,29.164,-101.2187
L_3965,2,B_3965,3045 Main St,TX,Nueces,27.1457,-99.8579
L_3966,2,B_3966,1869 Main St,TX,Dallas,28.581,-101.7217
L_3967,2,B_3967,6030 Main St,TX,Dallas,26.3972,-100.2398
L_3968,1,B_3968,1026 Main St,TX,Nueces,,
L_3969,2,B_3969,5662 Main St,TX,McLennan,32.1571,-98.0676
L_3970,3,B_3970,2560 Main St,TX,Travis,29.0221,-104.8199
L_3971,2,B_3971,235 Main St,TX,Cameron,32.0099,-104.256
L_3972,2,B_3972,5997 Main St,TX,Cameron,29.8268,-101.6869
L_3973,2,B_3973,3830 Main St,TX,Nueces,34.205,-96.8987
L_3974,2,B_3974,5514 Main St,TX,Dallas,31.7573,-100.9027
L_3975,1,B_3975,3363 Main St,TX,Travis,31.1233,-105.945
L_3976,3,B_3976,1536 Main St,TX,Galveston,28.6048,-106.4119
L_3977,3,B_3977,3187 Main St,TX,Nueces,29.1249,-101.051
L_3978,3,B_3978,2050 Main St,TX,McLennan,29.6968,-96.6929
L_3979,2,B_3979,8538 Main St,TX,Travis,29.4371,-94.9087
L_3980,3,B_3980,4559 Main St,TX,Dallas,31.9119,-96.349
L_3981,2,B_3981,6186 Main St,TX,Galveston,29.2126,-103.7084
L_3982,3,B_3982,6878 Main St,TX,Nueces,34.4163,-106.2215
L_3983,1,B_3983,372 Main St,TX,Cameron,,
L_3984,2,B_3984,5496 Main St,TX,Harris,29.754,-96.134
L_3985,3,B_3985,3867 Main St,TX,Cameron,34.1811,-95.4088
L_3986,2,B_3986,4821 Main St,TX,Cameron,30.2805,-97.4222
L_3987,3,B_3987,2547 Main St,TX,Galveston,,
L_3988,3,B_3988,4068 Main St,TX,Dallas,30.0424,-102.2246
L_3989,2,B_3989,2548 Main St,TX,Nueces,28.2493,-105.8965
L_3990,2,B_3990,2178 Main St,TX,Dallas,33.2343,-97.754
L_3991,3,B_3991,2124 Main St,TX,Harris,27.7981,-104.3087
L_3992,3,B_3992,208 Main St,TX,Cameron,36.1071,-96.1437
L_3993,2,B_3993,1495 Main St,TX,Galveston,35.2305,-97.5093
L_3994,3,B_3994,2506 Main St,TX,Travis,30.8712,-101.3438
L_3995,1,B_3995,9580 Main St,TX,Travis,33.9728,-98.5661
L_3996,3,B_3996,4537 Main St,TX,Galveston,26.9091,-104.2829
L_3997,3,B_3997,4329 Main St,TX,Travis,33.3878,-105.2911
L_3998,1,B_3998,3806 Main St,TX,Cameron,36.2048,-100.006
L_3999,3,B_3999,1885 Main St,TX,Nueces,31.5075,-99.8264
L_4000,2,B_4000,4641 Main St,TX,Galveston,26.4417,-96.6375
L_4001,3,B_4001,1330 Main St,TX,Galveston,25.9606,-100.3829
L_4002,1,B_4002,4704 Main St,TX,Dallas,31.3241,-101.4113
L_4003,2,B_4003,607 Main St,TX,McLennan,33.4073,-93.6096
L_4004,2,B_4004,8918 Main St,TX,Dallas,27.168,-95.1425
L_4005,2,B_4005,8054 Main St,TX,Travis,27.6499,-98.7986
L_4006,3,B_4006,8488 Main St,TX,McLennan,35.8769,-100.7824
L_4007,3,B_4007,3744 Main St,TX,Galveston,25.9457,-96.0949
L_4008,2,B_4008,4445 Main St,TX,Travis,30.5734,-93.5758
L_4009,1,B_4009,3324 Main St,TX,Harris,28.6154,-104.4502
L_4010,3,B_4010,7728 Main St,TX,Travis,34.4883,-105.6026
L_4011,3,B_4011,7992 Main St,TX,McLennan,33.6158,-94.5543
L_4012,3,B_4012,9795 Main St,TX,McLennan,26.3721,-99.6732
L_4013,1,B_4013,9012 Main St,TX,Galveston,33.929,-100.3287
L_4014,2,B_4014,2576 Main St,TX,Nueces,29.4992,-98.8875
L_4015,3,B_4015,5076 Main St,TX,Harris,33.8524,-105.97
L_4016,1,B_4016,839 Main St,TX,Galveston,36.2186,-98.2742
L_4017,3,B_4017,2534 Main St,TX,Harris,28.6326,-99.8659
L_4018,1,B_4018,1683 Main St,TX,Harris,27.1204,-99.2969
L_4019,3,B_4019,1980 Main St,TX,Galveston,31.1871,-95.0897
L_4020,1,B_4020,7097 Main St,TX,Cameron,33.8509,-94.1547
L_4021,1,B_4021,8798 Main St,TX,Travis,26.3045,-97.7467
L_4022,3,B_4022,2512 Main St,TX,Dallas,30.3928,-102.5979
L_4023,1,B_4023,3836 Main St,TX,Harris,32.7786,-102.1651
L_4024,3,B_4024,1619 Main St,TX,Cameron,,
L_4025,3,B_4025,3655 Main St,TX,McLennan,27.9059,-95.0713
L_4026,1,B_4026,8162 Main St,TX,Galveston,,
L_4027,2,B_4027,9370 Main St,TX,Nueces,27.4496,-97.2607
L_4028,2,B_4028,8571 Main St,TX,Cameron,34.0363,-98.5464
L_4029,2,B_4029,1423 Main St,TX,Travis,33.6803,-93.7993
L_4030,1,B_4030,8328 Main St,TX,Cameron,32.4425,-95.9157
L_4031,2,B_4031,1886 Main St,TX,Harris,,
L_4032,2,B_4032,353 Main St,TX,Nueces,34.077,-96.5895
L_4033,2,B_4033,798 Main St,TX,Cameron,28.9401,-98.1961
L_4034,3,B_4034,9387 Main St,TX,Travis,33.7422,-100.1904
L_4035,1,B_4035,6372 Main St,TX,Cameron,,
L_4036,3,B_4036,2567 Main St,TX,Galveston,31.7395,-101.6285
L_4037,3,B_4037,5191 Main St,TX,Nueces,26.5787,-100.381
L_4038,2,B_4038,2764 Main St,TX,McLennan,33.4421,-98.0188
L_4039,1,B_4039,6791 Main St,TX,Harris,,
L_4040,1,B_4040,5732 Main St,TX,Harris,32.2921,-101.53
L_4041,1,B_4041,7688 Main St,TX,Nueces,26.2462,-102.2907
L_4042,2,B_4042,8608 Main St,TX,Travis,32.5982,-106.1651
L_4043,1,B_4043,7230 Main St,TX,Galveston,34.2832,-103.593
L_4044,2,B_4044,3656 Main St,TX,Cameron,31.1825,-104.7028
L_4045,1,B_4045,5547 Main St,TX,Cameron,28.255,-95.4942
L_4046,1,B_4046,6024 Main St,TX,Dallas,35.2277,-106.4452
L_4047,1,B_4047,8356 Main St,TX,Harris,35.0365,-96.2793
L_4048,3,B_4048,7857 Main St,TX,Cameron,31.3073,-97.2315
L_4049,2,B_4049,7499 Main St,TX,McLennan,30.0408,-100.3884
L_4050,2,B_4050,4724 Main St,TX,Harris,35.4835,-95.5625
L_4051,1,B_4051,5782 Main St,TX,Harris,27.6431,-103.2713
L_4052,2,B_4052,2188 Main St,TX,Dallas,35.6097,-94.0828
L_4053,2,B_4053,6932 Main St,TX,Dallas,28.5997,-100.9998
L_4054,2,B_4054,3593 Main St,TX,Galveston,28.0498,-99.5904
L_4055,2,B_4055,5023 Main St,TX,Cameron,26.5057,-98.7037
L_4056,1,B_4056,8329 Main St,TX,Cameron,33.339,-99.3626
L_4057,1,B_4057,8663 Main St,TX,Harris,,
L_4058,3,B_4058,8835 Main St,TX,Harris,33.8855,-96.1141
L_4059,3,B_4059,2454 Main St,TX,Travis,32.9638,-103.4439
L_4060,1,B_4060,3301 Main St,TX,Travis,32.1746,-104.6732
L_4061,2,B_4061,8193 Main St,TX,Cameron,31.175,-97.94
L_4062,2,B_4062,2542 Main St,TX,Nueces,33.6682,-96.0688
L_4063,3,B_4063,5253 Main St,TX,Nueces,30.3538,-98.9191
L_4064,3,B_4064,5192 Main St,TX,McLennan,31.3051,-104.5695
L_4065,3,B_4065,4940 Main St,TX,Cameron,33.1894,-105.8019
L_4066,2,B_4066,3142 Main St,TX,Cameron,29.1652,-99.018
L_4067,1,B_4067,2201 Main St,TX,Cameron,,
L_4068,2,B_4068,5374 Main St,TX,McLennan,30.929,-103.0074
L_4069,2,B_4069,3419 Main St,TX,Travis,30.6087,-104.7984
L_4070,2,B_4070,5456 Main St,TX,Nueces,26.1898,-105.427
L_4071,2,B_4071,2012 Main St,TX,Cameron,32.2009,-96.8051
L_4072,1,B_4072,1207 Main St,TX,McLennan,29.8803,-103.2905
L_4073,1,B_4073,7733 Main St,TX,Harris,35.4788,-95.7055
L_4074,1,B_4074,8724 Main St,TX,Nueces,32.1386,-104.4682
L_4075,2,B_4075,9227 Main St,TX,Dallas,28.3195,-99.159
L_4076,3,B_4076,3156 Main St,TX,Nueces,,
L_4077,2,B_4077,9169 Main St,TX,Harris,36.343,-97.9601
L_4078,2,B_4078,513 Main St,TX,Travis,31.1497,-101.4661
L_4079,1,B_4079,5525 Main St,TX,Galveston,35.8976,-99.1778
L_4080,1,B_4080,854 Main St,TX,Galveston,31.3328,-99.8576
L_4081,3,B_4081,4188 Main St,TX,Travis,26.3283,-99.0272
L_4082,3,B_4082,4224 Main St,TX,Harris,27.5953,-105.0132
L_4083,1,B_4083,5611 Main St,TX,McLennan,34.5335,-106.4048
L_4084,3,B_4084,6088 Main St,TX,Nueces,35.3119,-106.3868
L_4085,1,B_4085,3874 Main St,TX,Nueces,29.9296,-100.915
L_4086,3,B_4086,9177 Main St,TX,McLennan,27.0264,-94.6785
L_4087,2,B_4087,8738 Main St,TX,Galveston,32.5558,-97.8037
L_4088,3,B_4088,3158 Main St,TX,Cameron,34.3818,-100.3009
L_4089,1,B_4089,8468 Main St,TX,Cameron,25.9199,-105.5047
L_4090,2,B_4090,7828 Main St,TX,Travis,28.9615,-101.718
L_4091,1,B_4091,2702 Main St,TX,Cameron,28.8898,-94.5838
L_4092,3,B_4092,216 Main St,TX,Travis,28.317,-99.3553
L_4093,3,B_4093,4392 Main St,TX,Cameron,32.7537,-98.2009
L_4094,3,B_4094,7331 Main St,TX,Dallas,26.7101,-99.9146
L_4095,3,B_4095,6599 Main St,TX,Galveston,,
L_4096,2,B_4096,7846 Main St,TX,Travis,30.9637,-101.0831
L_4097,2,B_4097,7229 Main St,TX,Dallas,33.8365,-95.3836
L_4098,2,B_4098,6320 Main St,TX,McLennan,32.6642,-104.0457
L_4099,2,B_4099,6307 Main St,TX,Galveston,35.07,-98.888
L_4100,2,B_4100,825 Main St,TX,Galveston,34.2541,-106.1432
L_4101,2,B_4101,8820 Main St,TX,Travis,27.9245,-96.4725
L_4102,1,B_4102,2205 Main St,TX,Travis,25.9808,-95.6576
L_4103,1,B_4103,8952 Main St,TX,Harris,27.7515,-101.7522
L_4104,1,B_4104,9045 Main St,TX,Cameron,35.895,-94.1223
L_4105,1,B_4105,8212 Main St,TX,McLennan,32.0951,-100.8683
L_4106,2,B_4106,5002 Main St,TX,McLennan,26.5975,-106.344
L_4107,1,B_4107,5358 Main St,TX,Nueces,30.4643,-93.861
L_4108,3,B_4108,8301 Main St,TX,Dallas,32.9523,-101.0707
L_4109,3,B_4109,7419 Main St,TX,Dallas,26.7847,-106.4292
L_4110,1,B_4110,1394 Main St,TX,Harris,35.6027,-102.6819
L_4111,1,B_4111,2219 Main St,TX,Nueces,,
L_4112,1,B_4112,1011 Main St,TX,McLennan,26.7662,-95.5865
L_4113,2,B_4113,7843 Main St,TX,Cameron,28.2053,-102.9033
L_4114,3,B_4114,5234 Main St,TX,Cameron,31.5957,-105.2825
L_4115,2,B_4115,3501 Main St,TX,Cameron,35.6696,-98.8516
L_4116,1,B_4116,1283 Main St,TX,Cameron,30.8229,-99.7514
L_4117,2,B_4117,3624 Main St,TX,Dallas,25.961,-96.4736
L_4118,2,B_4118,6490 Main St,TX,McLennan,33.9342,-100.9684
L_4119,2,B_4119,9200 Main St,TX,Cameron,28.948,-104.7552
L_4120,3,B_4120,5996 Main St,TX,McLennan,31.517,-99.1662
L_4121,1,B_4121,9998 Main St,TX,Nueces,27.5046,-98.6492
L_4122,2,B_4122,3206 Main St,TX,Dallas,34.1986,-99.6838
L_4123,1,B_4123,1783 Main St,TX,Travis,31.5773,-99.2898
L_4124,3,B_4124,6185 Main St,TX,Travis,31.3644,-98.2778
L_4125,3,B_4125,2332 Main St,TX,Nueces,,
L_4126,3,B_4126,6590 Main St,TX,Dallas,31.4618,-97.6641
L_4127,2,B_4127,2203 Main St,TX,Harris,34.163,-105.6483
L_4128,3,B_4128,1661 Main St,TX,Galveston,,
L_4129,1,B_4129,664 Main St,TX,Nueces,30.3877,-101.8444
L_4130,3,B_4130,7976 Main St,TX,McLennan,34.8297,-99.1415
L_4131,1,B_4131,4942 Main St,TX,Nueces,26.0501,-98.8094
L_4132,2,B_4132,1446 Main St,TX,Galveston,,
L_4133,3,B_4133,4309 Main St,TX,Nueces,27.2199,-95.0565
L_4134,3,B_4134,4414 Main St,TX,Dallas,33.9748,-101.9036
L_4135,2,B_4135,3702 Main St,TX,McLennan,34.8872,-98.3331
L_4136,2,B_4136,162 Main St,TX,Galveston,34.6921,-104.1533
L_4137,3,B_4137,2095 Main St,TX,Cameron,,
L_4138,3,B_4138,349 Main St,TX,Travis,36.2622,-99.3518
L_4139,1,B_4139,6451 Main St,TX,Harris,,
L_4140,3,B_4140,1437 Main St,TX,Nueces,35.4013,-101.7721
L_4141,3,B_4141,4644 Main St,TX,Nueces,,
L_4142,2,B_4142,4788 Main St,TX,Galveston,,
L_4143,3,B_4143,5924 Main St,TX,Harris,29.3911,-102.482
L_4144,3,B_4144,2432 Main St,TX,Nueces,30.7281,-100.6144
L_4145,1,B_4145,9780 Main St,TX,Travis,33.3549,-97.8104
L_4146,1,B_4146,9889 Main St,TX,Galveston,,
L_4147,3,B_4147,6357 Main St,TX,Dallas,28.9757,-98.7122
L_4148,2,B_4148,5111 Main St,TX,McLennan,34.1894,-105.3349
L_4149,2,B_4149,5875 Main St,TX,Travis,33.0008,-95.6643
L_4150,2,B_4150,7658 Main St,TX,Harris,28.7995,-98.628
L_4151,3,B_4151,5209 Main St,TX,Harris,35.8576,-100.8918
L_4152,1,B_4152,4543 Main St,TX,Travis,27.6942,-104.754
L_4153,2,B_4153,3454 Main St,TX,Cameron,29.3767,-98.902
L_4154,2,B_4154,3598 Main St,TX,Dallas,30.6073,-95.9738
L_4155,2,B_4155,1232 Main St,TX,Nueces,35.5735,-103.1372
L_4156,3,B_4156,9851 Main St,TX,Dallas,33.6261,-103.1101
L_4157,1,B_4157,7945 Main St,TX,Nueces,,
L_4158,1,B_4158,1684 Main St,TX,Nueces,29.5087,-102.7532
L_4159,3,B_4159,2106 Main St,TX,Harris,34.7346,-102.4216
L_4160,1,B_4160,6037 Main St,TX,Nueces,27.1527,-95.5315
L_4161,1,B_4161,3815 Main St,TX,Travis,27.3144,-95.5362
L_4162,3,B_4162,3820 Main St,TX,Cameron,34.6864,-97.295
L_4163,1,B_4163,4081 Main St,TX,Nueces,,
L_4164,2,B_4164,4632 Main St,TX,Travis,33.6572,-105.7699
L_4165,3,B_4165,9613 Main St,TX,McLennan,30.0725,-94.478
L_4166,3,B_4166,7487 Main St,TX,Harris,30.1871,-94.1466
L_4167,1,B_4167,2797 Main St,TX,Dallas,30.7151,-103.8323
L_4168,3,B_4168,7180 Main St,TX,Galveston,,
L_4169,3,B_4169,7757 Main St,TX,Dallas,34.8695,-100.443
L_4170,1,B_4170,566 Main St,TX,Dallas,27.7006,-104.4653
L_4171,3,B_4171,1611 Main St,TX,Cameron,29.3107,-97.1533
L_4172,1,B_4172,512 Main St,TX,Galveston,25.8541,-105.4346
L_4173,1,B_4173,848 Main St,TX,Cameron,35.9149,-95.8996
L_4174,3,B_4174,3475 Main St,TX,Harris,33.1707,-97.2063
L_4175,1,B_4175,5056 Main St,TX,Nueces,27.2579,-101.1021
L_4176,2,B_4176,3807 Main St,TX,McLennan,29.9675,-94.3651
L_4177,2,B_4177,4924 Main St,TX,Dallas,35.6889,-96.1876
L_4178,1,B_4178,5040 Main St,TX,Cameron,30.9517,-105.8282
L_4179,2,B_4179,9926 Main St,TX,Nueces,31.8183,-97.456
L_4180,1,B_4180,9924 Main St,TX,Dallas,35.9521,-105.4018
L_4181,3,B_4181,8231 Main St,TX,Harris,36.2296,-98.6035
L_4182,3,B_4182,6068 Main St,TX,Harris,35.2792,-105.1694
L_4183,1,B_4183,8992 Main St,TX,Travis,34.5342,-105.4711
L_4184,2,B_4184,5931 Main St,TX,Harris,26.6653,-95.0705
L_4185,1,B_4185,9136 Main St,TX,Harris,28.2333,-95.8981
L_4186,1,B_4186,6872 Main St,TX,Dallas,34.2952,-105.9026
L_4187,3,B_4187,1227 Main St,TX,McLennan,31.8938,-103.9851
L_4188,3,B_4188,8794 Main St,TX,Cameron,,
L_4189,2,B_4189,8676 Main St,TX,Dallas,26.5584,-100.9645
L_4190,3,B_4190,8399 Main St,TX,Cameron,25.9574,-94.0635
L_4191,2,B_4191,1612 Main St,TX,Nueces,33.2971,-93.6575
L_4192,3,B_4192,7901 Main St,TX,Cameron,,
L_4193,1,B_4193,8484 Main St,TX,Harris,34.2017,-99.2408
L_4194,1,B_4194,6710 Main St,TX,Travis,29.3013,-102.7612
L_4195,3,B_4195,979 Main St,TX,McLennan,34.4748,-104.7549
L_4196,3,B_4196,2243 Main St,TX,Travis,31.8721,-100.4649
L_4197,1,B_4197,1994 Main St,TX,Galveston,31.932,-95.2658
L_4198,1,B_4198,6102 Main St,TX,Travis,30.2097,-104.8773
L_4199,1,B_4199,9482 Main St,TX,Travis,28.5509,-94.0692
L_4200,3,B_4200,9779 Main St,TX,Nueces,30.2236,-97.0016
L_4201,2,B_4201,2614 Main St,TX,Harris,34.2854,-99.8578
L_4202,1,B_4202,8277 Main St,TX,Nueces,,
L_4203,2,B_4203,4280 Main St,TX,Harris,34.4111,-95.9767
L_4204,1,B_4204,3661 Main St,TX,Nueces,,
L_4205,2,B_4205,7576 Main St,TX,Harris,33.5613,-105.6735
L_4206,1,B_4206,7261 Main St,TX,Cameron,26.2858,-101.9915
L_4207,1,B_4207,3697 Main St,TX,Harris,32.3353,-103.6947
L_4208,2,B_4208,8537 Main St,TX,Harris,30.8105,-102.7123
L_4209,3,B_4209,2190 Main St,TX,Travis,36.1878,-96.3339
L_4210,2,B_4210,8145 Main St,TX,Galveston,30.485,-99.7354
L_4211,1,B_4211,4826 Main St,TX,Harris,28.3889,-95.1852
L_4212,1,B_4212,9657 Main St,TX,Galveston,31.4704,-101.2862
L_4213,1,B_4213,837 Main St,TX,Galveston,31.6387,-106.0902
L_4214,1,B_4214,3551 Main St,TX,Dallas,30.3932,-104.0618
L_4215,2,B_4215,3612 Main St,TX,Dallas,31.6631,-93.6346
L_4216,3,B_4216,2025 Main St,TX,McLennan,36.4621,-94.928
L_4217,2,B_4217,2724 Main St,TX,Cameron,31.1862,-99.4322
L_4218,2,B_4218,2842 Main St,TX,Nueces,29.2017,-103.6151
L_4219,1,B_4219,3150 Main St,TX,Dallas,35.6562,-96.1489
L_4220,1,B_4220,3853 Main St,TX,Harris,34.893,-101.2828
L_4221,1,B_4221,9964 Main St,TX,Galveston,,
L_4222,2,B_4222,5367 Main St,TX,Nueces,,
L_4223,1,B_4223,4426 Main St,TX,McLennan,29.3737,-100.7637
L_4224,1,B_4224,9221 Main St,TX,Dallas,30.5544,-102.9752
L_4225,1,B_4225,771 Main St,TX,Travis,26.3363,-101.8826
L_4226,1,B_4226,7292 Main St,TX,Cameron,29.5711,-101.8287
L_4227,2,B_4227,325 Main St,TX,Nueces,28.0041,-104.2057
L_4228,2,B_4228,4848 Main St,TX,McLennan,34.6238,-98.8177
L_4229,1,B_4229,7480 Main St,TX,Harris,29.3664,-96.5699
L_4230,2,B_4230,3487 Main St,TX,Nueces,,
L_4231,2,B_4231,2027 Main St,TX,Galveston,33.2883,-97.0289
L_4232,3,B_4232,5215 Main St,TX,Harris,32.2209,-94.9478
L_4233,1,B_4233,8707 Main St,TX,Harris,,
L_4234,3,B_4234,3677 Main St,TX,Nueces,,
L_4235,3,B_4235,6593 Main St,TX,Travis,26.8713,-96.3963
L_4236,1,B_4236,9202 Main St,TX,Travis,35.873,-105.3587
L_4237,1,B_4237,7691 Main St,TX,Nueces,26.0043,-102.2962
L_4238,3,B_4238,5173 Main St,TX,Nueces,35.884,-97.6661
L_4239,3,B_4239,7633 Main St,TX,Nueces,,
L_4240,2,B_4240,7826 Main St,TX,Cameron,27.5996,-106.2883
L_4241,2,B_4241,8232 Main St,TX,Cameron,29.7692,-103.5371
L_4242,3,B_4242,4291 Main St,TX,Galveston,35.7742,-97.4479
L_4243,3,B_4243,204 Main St,TX,Dallas,26.6898,-104.2796
L_4244,2,B_4244,7620 Main St,TX,Harris,,
L_4245,3,B_4245,394 Main St,TX,Nueces,,
L_4246,2,B_4246,3723 Main St,TX,Cameron,,
L_4247,2,B_4247,6697 Main St,TX,Dallas,30.4838,-102.4899
L_4248,2,B_4248,6407 Main St,TX,Galveston,31.855,-95.1778
L_4249,2,B_4249,6835 Main St,TX,Harris,,
L_4250,3,B_4250,5887 Main St,TX,Dallas,27.4896,-101.1284
L_4251,3,B_4251,6689 Main St,TX,Harris,35.633,-105.5659
L_4252,2,B_4252,305 Main St,TX,Travis,26.9876,-103.7888
L_4253,1,B_4253,161 Main St,TX,Nueces,27.7591,-95.0915
L_4254,3,B_4254,7461 Main St,TX,Travis,36.1428,-98.0237
L_4255,2,B_4255,6287 Main St,TX,McLennan,33.1444,-103.1989
L_4256,2,B_4256,2381 Main St,TX,Galveston,32.4087,-106.1809
L_4257,2,B_4257,2755 Main St,TX,Nueces,36.0277,-100.1507
L_4258,1,B_4258,9105 Main St,TX,Dallas,33.9853,-97.3752
L_4259,3,B_4259,2633 Main St,TX,Harris,30.7615,-99.3852
L_4260,3,B_4260,2068 Main St,TX,Cameron,33.3788,-98.8725
L_4261,1,B_4261,3065 Main St,TX,McLennan,29.7179,-106.2325
L_4262,3,B_4262,8927 Main St,TX,Galveston,33.8357,-105.7385
L_4263,3,B_4263,2181 Main St,TX,Galveston,,
L_4264,1,B_4264,2081 Main St,TX,Galveston,36.0441,-98.4513
L_4265,1,B_4265,9619 Main St,TX,Dallas,36.1772,-96.4755
L_4266,2,B_4266,3582 Main St,TX,Nueces,,
L_4267,3,B_4267,8348 Main St,TX,Travis,33.1833,-99.0154
L_4268,3,B_4268,6904 Main St,TX,McLennan,25.8321,-102.0385
L_4269,2,B_4269,8901 Main St,TX,Dallas,35.8333,-95.0944
L_4270,2,B_4270,2803 Main St,TX,Harris,31.2194,-97.4466
L_4271,1,B_4271,7976 Main St,TX,Dallas,33.9354,-105.7562
L_4272,1,B_4272,9202 Main St,TX,Harris,32.5074,-94.6809
L_4273,2,B_4273,4385 Main St,TX,Harris,36.3982,-102.1878
L_4274,2,B_4274,7314 Main St,TX,Galveston,35.3434,-94.026
L_4275,3,B_4275,2289 Main St,TX,Dallas,29.6432,-96.6445
L_4276,1,B_4276,7090 Main St,TX,Travis,28.4069,-101.7032
L_4277,3,B_4277,4383 Main St,TX,Harris,27.3676,-101.8664
L_4278,3,B_4278,3630 Main St,TX,Cameron,,
L_4279,1,B_4279,9909 Main St,TX,Galveston,,
L_4280,1,B_4280,3474 Main St,TX,Travis,36.1122,-99.1409
L_4281,2,B_4281,3336 Main St,TX,Dallas,31.9804,-98.162
L_4282,1,B_4282,281 Main St,TX,Travis,30.0563,-100.987
L_4283,3,B_4283,5004 Main St,TX,Dallas,35.5799,-95.8024
L_4284,3,B_4284,6000 Main St,TX,Harris,,
L_4285,2,B_4285,9704 Main St,TX,McLennan,31.6501,-97.2056
L_4286,3,B_4286,7159 Main St,TX,McLennan,30.9093,-106.0224
L_4287,2,B_4287,9437 Main St,TX,Nueces,28.3855,-100.3253
L_4288,3,B_4288,2821 Main St,TX,Nueces,33.0783,-97.2118
L_4289,3,B_4289,701 Main St,TX,Harris,32.8857,-99.1294
L_4290,1,B_4290,6691 Main St,TX,Travis,28.892,-98.9882
L_4291,1,B_4291,6668 Main St,TX,Dallas,36.106,-101.6879
L_4292,1,B_4292,6605 Main St,TX,McLennan,28.2078,-106.5636
L_4293,3,B_4293,631 Main St,TX,Dallas,31.0513,-101.6616
L_4294,3,B_4294,4575 Main St,TX,Harris,27.4818,-102.302
L_4295,3,B_4295,8997 Main St,TX,Travis,28.1322,-98.3092
L_4296,3,B_4296,5872 Main St,TX,Cameron,26.5798,-103.816
L_4297,1,B_4297,3894 Main St,TX,Dallas,29.8605,-103.2581
L_4298,1,B_4298,1648 Main St,TX,Travis,35.4176,-104.1943
L_4299,3,B_4299,3077 Main St,TX,Cameron,,
L_4300,2,B_4300,3415 Main St,TX,McLennan,31.5485,-104.1926
L_4301,1,B_4301,4234 Main St,TX,Dallas,26.4543,-104.1533
L_4302,3,B_4302,4435 Main St,TX,Galveston,33.3163,-104.6422
L_4303,1,B_4303,3468 Main St,TX,McLennan,34.2453,-102.5689
L_4304,2,B_4304,5671 Main St,TX,Travis,34.9593,-105.6864
L_4305,3,B_4305,8636 Main St,TX,Harris,26.1418,-106.0782
L_4306,1,B_4306,4640 Main St,TX,Galveston,30.3128,-97.7344
L_4307,2,B_4307,9574 Main St,TX,Nueces,25.8601,-96.5876
L_4308,3,B_4308,9314 Main St,TX,Dallas,31.5888,-94.6328
L_4309,1,B_4309,1600 Main St,TX,Nueces,28.3998,-104.6158
L_4310,1,B_4310,1942 Main St,TX,McLennan,35.4605,-105.4421
L_4311,3,B_4311,8633 Main St,TX,Dallas,30.0006,-103.7187
L_4312,1,B_4312,5167 Main St,TX,Dallas,27.2561,-94.4495
L_4313,3,B_4313,7194 Main St,TX,Galveston,33.0582,-94.0543
L_4314,2,B_4314,5858 Main St,TX,Galveston,30.685,-96.7195
L_4315,2,B_4315,1706 Main St,TX,Galveston,31.7544,-93.7355
L_4316,3,B_4316,2623 Main St,TX,Galveston,34.9721,-95.3248
L_4317,2,B_4317,4382 Main St,TX,Harris,,
L_4318,1,B_4318,3070 Main St,TX,Travis,32.1496,-98.8239
L_4319,3,B_4319,2039 Main St,TX,Galveston,27.5921,-105.9918
L_4320,2,B_4320,576 Main St,TX,McLennan,35.9998,-103.4525
L_4321,3,B_4321,6470 Main St,TX,Dallas,32.9801,-95.0418
L_4322,3,B_4322,3950 Main St,TX,Nueces,35.2668,-104.7468
L_4323,2,B_4323,7762 Main St,TX,Galveston,31.3711,-105.5816
L_4324,1,B_4324,9231 Main St,TX,McLennan,30.7428,-100.5299
L_4325,1,B_4325,1547 Main St,TX,Harris,,
L_4326,3,B_4326,7863 Main St,TX,McLennan,32.1755,-106.5856
L_4327,1,B_4327,410 Main St,TX,Nueces,26.7719,-102.0903
L_4328,3,B_4328,5128 Main St,TX,Nueces,33.4365,-99.3854
L_4329,2,B_4329,9260 Main St,TX,McLennan,27.736,-100.948
L_4330,2,B_4330,3794 Main St,TX,Harris,26.859,-96.1821
L_4331,3,B_4331,6264 Main St,TX,Nueces,27.6288,-101.9813
L_4332,3,B_4332,4235 Main St,TX,Harris,34.2067,-99.7585
L_4333,1,B_4333,8767 Main St,TX,Dallas,35.5355,-97.1315
L_4334,3,B_4334,1653 Main St,TX,Galveston,31.8513,-100.9181
L_4335,1,B_4335,1462 Main St,TX,Nueces,31.1835,-103.8302
L_4336,1,B_4336,6830 Main St,TX,McLennan,29.7743,-99.3919
L_4337,2,B_4337,5638 Main St,TX,Travis,26.6726,-98.8901
L_4338,3,B_4338,9592 Main St,TX,Travis,29.1485,-96.7799
L_4339,1,B_4339,5828 Main St,TX,Cameron,30.8338,-97.3779
L_4340,1,B_4340,6021 Main St,TX,Dallas,26.8079,-99.3162
L_4341,3,B_4341,9151 Main St,TX,Travis,26.2757,-105.9405
L_4342,3,B_4342,6199 Main St,TX,Dallas,36.4188,-102.1503
L_4343,3,B_4343,9483 Main St,TX,Galveston,31.5243,-96.0113
L_4344,3,B_4344,4327 Main St,TX,Cameron,28.1106,-99.4279
L_4345,2,B_4345,2834 Main St,TX,Dallas,29.8172,-94.2519
L_4346,2,B_4346,1300 Main St,TX,Harris,32.0262,-94.8203
L_4347,1,B_4347,4142 Main St,TX,Harris,28.7544,-94.0051
L_4348,1,B_4348,8286 Main St,TX,Cameron,26.3716,-105.3427
L_4349,3,B_4349,9501 Main St,TX,Harris,27.5989,-96.7227
L_4350,3,B_4350,3333 Main St,TX,Nueces,26.3775,-99.3793
L_4351,2,B_4351,1810 Main St,TX,Harris,31.5422,-98.4089
L_4352,1,B_4352,3517 Main St,TX,Harris,28.2464,-97.9214
L_4353,3,B_4353,6819 Main St,TX,Harris,28.496,-102.9657
L_4354,1,B_4354,3269 Main St,TX,Harris,28.7827,-103.8304
L_4355,1,B_4355,6553 Main St,TX,Nueces,,
L_4356,1,B_4356,5612 Main St,TX,Harris,31.4164,-105.1628
L_4357,1,B_4357,9540 Main St,TX,Harris,36.0023,-101.8853
L_4358,1,B_4358,8235 Main St,TX,Galveston,27.9002,-106.4663
L_4359,3,B_4359,3004 Main St,TX,Nueces,,
L_4360,3,B_4360,8109 Main St,TX,Harris,25.9396,-106.1269
L_4361,2,B_4361,6649 Main St,TX,Dallas,28.0241,-105.9357
L_4362,2,B_4362,7656 Main St,TX,Cameron,33.2459,-103.7309
L_4363,3,B_4363,7106 Main St,TX,Galveston,,
L_4364,2,B_4364,8614 Main St,TX,Nueces,31.1289,-95.4586
L_4365,3,B_4365,8167 Main St,TX,Travis,27.161,-95.1269
L_4366,2,B_4366,7902 Main St,TX,McLennan,28.4076,-97.1961
L_4367,3,B_4367,8097 Main St,TX,Nueces,,
L_4368,1,B_4368,6098 Main St,TX,Cameron,27.1979,-105.3747
L_4369,2,B_4369,9405 Main St,TX,Galveston,26.3033,-103.2796
L_4370,1,B_4370,3534 Main St,TX,Harris,33.0993,-95.7941
L_4371,3,B_4371,6012 Main St,TX,Galveston,34.2856,-103.5764
L_4372,2,B_4372,9258 Main St,TX,McLennan,34.6615,-100.6144
L_4373,1,B_4373,7065 Main St,TX,McLennan,29.6077,-94.7695
L_4374,1,B_4374,1278 Main St,TX,Nueces,,
L_4375,3,B_4375,3518 Main St,TX,Harris,27.2126,-105.6694
L_4376,2,B_4376,5156 Main St,TX,Harris,,
L_4377,1,B_4377,1563 Main St,TX,Dallas,27.5323,-98.7634
L_4378,2,B_4378,8054 Main St,TX,McLennan,30.2481,-95.0267
L_4379,2,B_4379,4308 Main St,TX,Harris,33.7426,-100.4472
L_4380,1,B_4380,9858 Main St,TX,McLennan,29.8459,-98.6336
L_4381,3,B_4381,1295 Main St,TX,Dallas,35.0084,-104.5155
L_4382,1,B_4382,9681 Main St,TX,Travis,33.8151,-99.6454
L_4383,2,B_4383,5769 Main St,TX,McLennan,27.0768,-96.3144
L_4384,3,B_4384,3705 Main St,TX,Dallas,28.6213,-95.5679
L_4385,3,B_4385,9199 Main St,TX,Dallas,33.7381,-95.8426
L_4386,3,B_4386,484 Main St,TX,Cameron,,
L_4387,1,B_4387,9073 Main St,TX,Dallas,29.942,-104.4751
L_4388,3,B_4388,9019 Main St,TX,Galveston,34.3756,-103.9404
L_4389,1,B_4389,4978 Main St,TX,Nueces,,
L_4390,3,B_4390,3035 Main St,TX,Harris,31.1616,-101.7937
L_4391,3,B_4391,7183 Main St,TX,McLennan,31.7618,-101.7717
L_4392,2,B_4392,8150 Main St,TX,Nueces,34.8034,-94.7129
L_4393,1,B_4393,2234 Main St,TX,Galveston,33.8586,-94.9289
L_4394,2,B_4394,3245 Main St,TX,McLennan,29.8999,-97.4244
L_4395,1,B_4395,3384 Main St,TX,Nueces,26.7,-99.8909
L_4396,2,B_4396,312 Main St,TX,Galveston,29.6699,-102.6281
L_4397,3,B_4397,8128 Main St,TX,Harris,33.9648,-103.263
L_4398,1,B_4398,6752 Main St,TX,Dallas,32.8195,-100.8232
L_4399,1,B_4399,1983 Main St,TX,Nueces,36.2828,-97.6284
L_4400,1,B_4400,6052 Main St,TX,Nueces,27.8176,-103.6562
L_4401,2,B_4401,551 Main St,TX,McLennan,30.2601,-106.4882
L_4402,1,B_4402,643 Main St,TX,Dallas,32.7253,-101.6622
L_4403,2,B_4403,1639 Main St,TX,Cameron,27.1854,-104.3868
L_4404,2,B_4404,1328 Main St,TX,Harris,,
L_4405,2,B_4405,1443 Main St,TX,McLennan,35.2381,-105.0611
L_4406,2,B_4406,3769 Main St,TX,Travis,28.962,-104.6762
L_4407,2,B_4407,1841 Main St,TX,Travis,28.1159,-101.2167
L_4408,2,B_4408,5577 Main St,TX,Travis,27.2707,-95.7434
L_4409,2,B_4409,5145 Main St,TX,Harris,32.8036,-97.4899
L_4410,3,B_4410,8712 Main St,TX,Travis,28.6521,-104.6179
L_4411,3,B_4411,103 Main St,TX,Nueces,34.8966,-98.2654
L_4412,2,B_4412,5143 Main St,TX,Cameron,31.5117,-100.1418
L_4413,1,B_4413,4737 Main St,TX,McLennan,36.3537,-94.1501
L_4414,3,B_4414,3105 Main St,TX,Cameron,33.717,-94.413
L_4415,3,B_4415,3357 Main St,TX,Cameron,,
L_4416,1,B_4416,6861 Main St,TX,Cameron,29.1291,-95.8493
L_4417,2,B_4417,4214 Main St,TX,Nueces,,
L_4418,1,B_4418,8282 Main St,TX,Travis,32.2284,-97.6567
L_4419,3,B_4419,2660 Main St,TX,Cameron,27.9508,-102.1613
L_4420,3,B_4420,1322 Main St,TX,Cameron,27.2336,-93.9494
L_4421,3,B_4421,4385 Main St,TX,McLennan,36.3858,-94.1912
L_4422,3,B_4422,9685 Main St,TX,Nueces,27.7973,-101.8102
L_4423,3,B_4423,9991 Main St,TX,Harris,,
L_4424,2,B_4424,309 Main St,TX,Dallas,31.4884,-103.6536
L_4425,2,B_4425,1525 Main St,TX,Nueces,27.9647,-95.9204
L_4426,2,B_4426,141 Main St,TX,Galveston,28.3775,-105.5692
L_4427,3,B_4427,8694 Main St,TX,Travis,34.7287,-95.4868
L_4428,2,B_4428,6551 Main St,TX,Galveston,30.1406,-101.7024
L_4429,1,B_4429,1693 Main St,TX,Dallas,33.4908,-101.7557
L_4430,1,B_4430,6399 Main St,TX,Harris,33.5871,-94.5986
L_4431,1,B_4431,4197 Main St,TX,Nueces,28.6736,-102.2662
L_4432,2,B_4432,7641 Main St,TX,Harris,32.079,-94.8766
L_4433,2,B_4433,403 Main St,TX,Dallas,34.3331,-103.0859
L_4434,3,B_4434,5209 Main St,TX,Galveston,35.4459,-98.272
L_4435,2,B_4435,9976 Main St,TX,Nueces,29.6573,-103.4569
L_4436,2,B_4436,9450 Main St,TX,Travis,29.7667,-100.4143
L_4437,1,B_4437,1567 Main St,TX,McLennan,34.9725,-101.4513
L_4438,1,B_4438,5713 Main St,TX,Cameron,32.1627,-100.0135
L_4439,3,B_4439,7984 Main St,TX,Harris,26.4803,-103.8671
L_4440,3,B_4440,3772 Main St,TX,Dallas,28.7998,-105.5641
L_4441,2,B_4441,8788 Main St,TX,Nueces,29.7583,-99.5851
L_4442,3,B_4442,538 Main St,TX,Galveston,31.9277,-94.4787
L_4443,3,B_4443,6349 Main St,TX,Travis,35.8243,-94.5864
L_4444,3,B_4444,7541 Main St,TX,Galveston,26.7367,-102.1239
L_4445,2,B_4445,9476 Main St,TX,Travis,33.9365,-98.7931
L_4446,3,B_4446,6340 Main St,TX,Nueces,35.8575,-99.0581
L_4447,2,B_4447,7665 Main St,TX,McLennan,30.0487,-95.5405
L_4448,2,B_4448,3887 Main St,TX,McLennan,27.7444,-95.4198
L_4449,2,B_4449,6442 Main St,TX,Cameron,30.6492,-93.751
L_4450,3,B_4450,7507 Main St,TX,Dallas,27.2628,-101.78
L_4451,3,B_4451,3073 Main St,TX,Dallas,33.4762,-93.6664
L_4452,3,B_4452,699 Main St,TX,Travis,28.6429,-101.559
L_4453,1,B_4453,9668 Main St,TX,Travis,35.7844,-102.8545
L_4454,1,B_4454,6561 Main St,TX,Travis,36.4753,-94.1071
L_4455,1,B_4455,2036 Main St,TX,Travis,32.7621,-98.9559
L_4456,2,B_4456,838 Main St,TX,Cameron,35.4007,-94.2734
L_4457,3,B_4457,3069 Main St,TX,Nueces,29.0207,-102.4508
L_4458,1,B_4458,3273 Main St,TX,Nueces,33.4868,-105.8685
L_4459,2,B_4459,7605 Main St,TX,McLennan,31.8623,-103.7179
L_4460,3,B_4460,3068 Main St,TX,Dallas,34.0424,-103.6393
L_4461,1,B_4461,7183 Main St,TX,Cameron,33.0832,-106.3633
L_4462,1,B_4462,5106 Main St,TX,Dallas,31.5155,-97.61
L_4463,3,B_4463,3765 Main St,TX,Harris,,
L_4464,1,B_4464,2941 Main St,TX,Dallas,35.8596,-95.8324
L_4465,1,B_4465,1036 Main St,TX,Dallas,35.6414,-104.7386
L_4466,1,B_4466,6061 Main St,TX,Galveston,,
L_4467,3,B_4467,8438 Main St,TX,Galveston,31.6741,-105.3898
L_4468,1,B_4468,6439 Main St,TX,Cameron,28.8051,-104.5509
L_4469,3,B_4469,9399 Main St,TX,Harris,36.1732,-102.9404
L_4470,2,B_4470,9371 Main St,TX,Travis,35.39,-100.9284
L_4471,1,B_4471,7289 Main St,TX,Harris,34.3334,-103.1971
L_4472,2,B_4472,2692 Main St,TX,Harris,32.7602,-97.7089
L_4473,2,B_4473,4473 Main St,TX,McLennan,26.3201,-100.0864
L_4474,3,B_4474,6048 Main St,TX,Nueces,27.5505,-98.1098
L_4475,2,B_4475,7783 Main St,TX,Dallas,34.5298,-106.2684
L_4476,3,B_4476,1796 Main St,TX,McLennan,31.4607,-96.1641
L_4477,2,B_4477,6064 Main St,TX,Cameron,34.5778,-103.6844
L_4478,1,B_4478,6029 Main St,TX,Nueces,30.6467,-99.0373
L_4479,3,B_4479,7373 Main St,TX,Cameron,29.2659,-104.1333
L_4480,3,B_4480,3302 Main St,TX,Dallas,30.8079,-105.1397
L_4481,1,B_4481,2671 Main St,TX,Cameron,32.709,-105.989
L_4482,1,B_4482,8110 Main St,TX,Harris,33.2928,-95.9197
L_4483,3,B_4483,7749 Main St,TX,Dallas,34.5063,-94.3852
L_4484,1,B_4484,216 Main St,TX,Travis,26.4728,-94.4488
L_4485,1,B_4485,2042 Main St,TX,Travis,29.7321,-98.0971
L_4486,2,B_4486,1994 Main St,TX,Harris,26.2882,-106.2683
L_4487,1,B_4487,5599 Main St,TX,Cameron,34.9628,-104.2658
L_4488,3,B_4488,5150 Main St,TX,Galveston,,
L_4489,3,B_4489,1670 Main St,TX,Travis,29.1083,-102.4108
L_4490,2,B_4490,7743 Main St,TX,Harris,35.9154,-105.0291
L_4491,3,B_4491,8277 Main St,TX,McLennan,26.0832,-102.6553
L_4492,3,B_4492,3468 Main St,TX,Galveston,33.2076,-104.9832
L_4493,2,B_4493,3096 Main St,TX,Travis,35.6277,-96.6039
L_4494,3,B_4494,6878 Main St,TX,Harris,32.5147,-105.4623
L_4495,1,B_4495,175 Main St,TX,Harris,35.5202,-104.0002
L_4496,3,B_4496,9704 Main St,TX,McLennan,27.9198,-98.4461
L_4497,1,B_4497,7046 Main St,TX,McLennan,29.5564,-104.5803
L_4498,3,B_4498,8422 Main St,TX,Galveston,27.6833,-97.1569
L_4499,3,B_4499,5675 Main St,TX,Nueces,27.7954,-97.0861
L_4500,2,B_4500,6756 Main St,TX,Travis,34.9586,-96.3284
L_4501,2,B_4501,8429 Main St,TX,Harris,33.4948,-93.9407
L_4502,1,B_4502,9141 Main St,TX,Galveston,35.3578,-97.9635
L_4503,3,B_4503,8882 Main St,TX,Cameron,28.3106,-104.3864
L_4504,3,B_4504,9116 Main St,TX,Galveston,34.0482,-100.8007
L_4505,1,B_4505,6982 Main St,TX,Cameron,27.8341,-99.759
L_4506,2,B_4506,1129 Main St,TX,McLennan,32.3048,-106.5813
L_4507,2,B_4507,672 Main St,TX,Harris,30.8684,-97.5152
L_4508,3,B_4508,8681 Main St,TX,Dallas,35.3701,-95.7061
L_4509,3,B_4509,5720 Main St,TX,Nueces,28.2129,-103.6311
L_4510,1,B_4510,7870 Main St,TX,Nueces,31.2279,-93.8669
L_4511,2,B_4511,3384 Main St,TX,McLennan,30.8241,-105.3995
L_4512,1,B_4512,5781 Main St,TX,Cameron,,
L_4513,2,B_4513,8307 Main St,TX,Harris,26.2875,-104.1446
L_4514,2,B_4514,6301 Main St,TX,Galveston,34.2307,-105.0176
L_4515,1,B_4515,7945 Main St,TX,Nueces,27.4948,-95.4186
L_4516,3,B_4516,9785 Main St,TX,Galveston,26.8558,-100.1628
L_4517,1,B_4517,4906 Main St,TX,Travis,27.4689,-105.2929
L_4518,3,B_4518,3582 Main St,TX,Dallas,32.6994,-94.1268
L_4519,2,B_4519,3287 Main St,TX,McLennan,36.2912,-103.6884
L_4520,1,B_4520,6829 Main St,TX,Cameron,33.0521,-98.3192
L_4521,3,B_4521,4586 Main St,TX,Nueces,26.7592,-95.3467
L_4522,2,B_4522,4548 Main St,TX,Travis,32.9286,-95.5722
L_4523,2,B_4523,8229 Main St,TX,Travis,30.4517,-97.3324
L_4524,1,B_4524,936 Main St,TX,Dallas,28.6049,-95.3402
L_4525,3,B_4525,2856 Main St,TX,McLennan,34.1391,-100.332
L_4526,1,B_4526,6369 Main St,TX,McLennan,29.2701,-96.7259
L_4527,3,B_4527,3389 Main St,TX,Galveston,,
L_4528,2,B_4528,2563 Main St,TX,McLennan,28.0451,-93.8948
L_4529,3,B_4529,8128 Main St,TX,Travis,28.1186,-97.5498
L_4530,1,B_4530,6581 Main St,TX,Galveston,35.9894,-94.5527
L_4531,1,B_4531,8173 Main St,TX,McLennan,31.2394,-98.2849
L_4532,3,B_4532,7051 Main St,TX,Cameron,28.9248,-93.5375
L_4533,3,B_4533,5845 Main St,TX,Cameron,36.3972,-95.3594
L_4534,2,B_4534,9840 Main St,TX,Dallas,31.857,-97.2027
L_4535,2,B_4535,6550 Main St,TX,Travis,32.9155,-97.6222
L_4536,1,B_4536,4422 Main St,TX,Harris,27.7114,-94.0456
L_4537,3,B_4537,5585 Main St,TX,Dallas,30.1338,-101.6609
L_4538,2,B_4538,8590 Main St,TX,Dallas,34.5853,-98.5051
L_4539,3,B_4539,7381 Main St,TX,McLennan,36.4257,-103.8351
L_4540,3,B_4540,6444 Main St,TX,Galveston,35.4323,-103.4266
L_4541,2,B_4541,6408 Main St,TX,Galveston,34.2568,-100.3279
L_4542,3,B_4542,4348 Main St,TX,Cameron,26.5134,-98.1144
L_4543,3,B_4543,9657 Main St,TX,Travis,31.4878,-103.0426
L_4544,3,B_4544,4443 Main St,TX,McLennan,33.1153,-100.1577
L_4545,2,B_4545,7351 Main St,TX,Galveston,,
L_4546,2,B_4546,1382 Main St,TX,Cameron,30.9956,-102.4702
L_4547,2,B_4547,5815 Main St,TX,Nueces,35.9626,-96.4846
L_4548,3,B_4548,5893 Main St,TX,Harris,29.2664,-106.4225
L_4549,3,B_4549,4009 Main St,TX,Nueces,28.1513,-101.5517
L_4550,1,B_4550,4606 Main St,TX,McLennan,30.0938,-105.849
L_4551,3,B_4551,7363 Main St,TX,McLennan,34.1946,-97.902
L_4552,1,B_4552,4240 Main St,TX,Galveston,34.6614,-100.3968
L_4553,2,B_4553,5338 Main St,TX,Dallas,29.7095,-105.7713
L_4554,3,B_4554,691 Main St,TX,McLennan,33.6163,-96.2411
L_4555,3,B_4555,2225 Main St,TX,Dallas,26.2819,-102.4287
L_4556,3,B_4556,4248 Main St,TX,Travis,31.8848,-96.1294
L_4557,3,B_4557,485 Main St,TX,Cameron,32.8587,-101.7754
L_4558,1,B_4558,6072 Main St,TX,Travis,30.3809,-97.163
L_4559,1,B_4559,4054 Main St,TX,Galveston,,
L_4560,3,B_4560,7352 Main St,TX,Travis,31.8586,-94.5701
L_4561,1,B_4561,8212 Main St,TX,Nueces,30.3824,-106.3785
L_4562,3,B_4562,2879 Main St,TX,Nueces,26.7772,-97.1563
L_4563,3,B_4563,9938 Main St,TX,Nueces,28.0633,-102.3944
L_4564,1,B_4564,191 Main St,TX,Galveston,29.628,-104.1783
L_4565,1,B_4565,9261 Main St,TX,Galveston,25.8056,-104.8041
L_4566,3,B_4566,4571 Main St,TX,Nueces,30.4502,-104.5263
L_4567,1,B_4567,8688 Main St,TX,Dallas,25.9595,-98.442
L_4568,1,B_4568,6626 Main St,TX,Nueces,26.8282,-97.0506
L_4569,1,B_4569,5258 Main St,TX,Dallas,26.7609,-102.572
L_4570,2,B_4570,3819 Main St,TX,Travis,35.8666,-99.1124
L_4571,1,B_4571,4338 Main St,TX,Dallas,33.8453,-100.967
L_4572,1,B_4572,5552 Main St,TX,McLennan,35.929,-101.3137
L_4573,2,B_4573,542 Main St,TX,Harris,32.7257,-101.2816
L_4574,3,B_4574,3983 Main St,TX,McLennan,31.8604,-99.7458
L_4575,3,B_4575,7324 Main St,TX,McLennan,28.1071,-104.4388
L_4576,2,B_4576,5824 Main St,TX,Galveston,30.9774,-105.5533
L_4577,2,B_4577,4681 Main St,TX,Harris,34.0443,-104.8727
L_4578,3,B_4578,9176 Main St,TX,Galveston,33.022,-106.229
L_4579,3,B_4579,633 Main St,TX,Dallas,36.0628,-97.4896
L_4580,2,B_4580,7997 Main St,TX,Nueces,31.522,-100.3755
L_4581,3,B_4581,8701 Main St,TX,Cameron,29.5709,-95.5874
L_4582,2,B_4582,219 Main St,TX,Cameron,35.8655,-97.6273
L_4583,2,B_4583,6237 Main St,TX,Cameron,33.2716,-102.5551
L_4584,2,B_4584,3861 Main St,TX,Dallas,27.0336,-105.3988
L_4585,3,B_4585,8817 Main St,TX,Harris,29.3183,-104.1323
L_4586,2,B_4586,3637 Main St,TX,Travis,36.0058,-97.7953
L_4587,3,B_4587,3355 Main St,TX,Dallas,34.2063,-98.2562
L_4588,1,B_4588,8843 Main St,TX,McLennan,27.7441,-104.9666
L_4589,3,B_4589,6192 Main St,TX,Harris,,
L_4590,2,B_4590,6701 Main St,TX,Harris,,
L_4591,2,B_4591,9608 Main St,TX,Dallas,26.541,-95.5676
L_4592,2,B_4592,3188 Main St,TX,Dallas,34.0882,-100.2296
L_4593,3,B_4593,3156 Main St,TX,Galveston,36.4271,-99.2242
L_4594,1,B_4594,2080 Main St,TX,Galveston,35.6618,-100.3128
L_4595,2,B_4595,4157 Main St,TX,McLennan,33.4073,-106.5844
L_4596,2,B_4596,6769 Main St,TX,Harris,31.8055,-101.4171
L_4597,3,B_4597,9944 Main St,TX,Cameron,32.9196,-100.8981
L_4598,2,B_4598,6322 Main St,TX,Travis,30.0898,-99.1016
L_4599,3,B_4599,5063 Main St,TX,Travis,32.146,-94.504
L_4600,2,B_4600,8699 Main St,TX,Harris,26.7526,-95.9076
L_4601,3,B_4601,802 Main St,TX,McLennan,29.9265,-102.047
L_4602,2,B_4602,4633 Main St,TX,Cameron,26.1614,-95.3615
L_4603,2,B_4603,578 Main St,TX,Galveston,,
L_4604,1,B_4604,7877 Main St,TX,Galveston,29.5771,-97.4427
L_4605,1,B_4605,3727 Main St,TX,Galveston,26.2027,-96.9176
L_4606,1,B_4606,7613 Main St,TX,Travis,36.2331,-99.1979
L_4607,2,B_4607,3524 Main St,TX,Travis,32.3961,-93.9862
L_4608,3,B_4608,1007 Main St,TX,McLennan,30.5228,-105.1602
L_4609,1,B_4609,4602 Main St,TX,Travis,32.5944,-98.084
L_4610,1,B_4610,1531 Main St,TX,Dallas,27.2697,-97.4831
L_4611,2,B_4611,5863 Main St,TX,Travis,28.1833,-103.9029
L_4612,2,B_4612,121 Main St,TX,Galveston,32.1511,-97.1809
L_4613,2,B_4613,6429 Main St,TX,McLennan,27.7179,-102.0181
L_4614,3,B_4614,3678 Main St,TX,Harris,27.5238,-101.1828
L_4615,3,B_4615,2994 Main St,TX,Harris,29.0069,-93.6644
L_4616,2,B_4616,4319 Main St,TX,McLennan,34.9306,-98.5555
L_4617,3,B_4617,580 Main St,TX,Dallas,35.603,-98.468
L_4618,3,B_4618,5248 Main St,TX,Harris,31.8981,-102.2063
L_4619,1,B_4619,1793 Main St,TX,Galveston,35.6719,-101.1773
L_4620,3,B_4620,851 Main St,TX,Harris,28.9943,-102.2717
L_4621,3,B_4621,2412 Main St,TX,Harris,35.4421,-94.5042
L_4622,3,B_4622,6778 Main St,TX,Galveston,29.0891,-103.2281
L_4623,2,B_4623,6014 Main St,TX,Travis,26.581,-94.8534
L_4624,2,B_4624,8562 Main St,TX,Dallas,32.3483,-101.4187
L_4625,3,B_4625,3875 Main St,TX,Cameron,32.1032,-96.7359
L_4626,3,B_4626,8832 Main St,TX,Galveston,33.3509,-95.3638
L_4627,2,B_4627,7504 Main St,TX,Galveston,30.6245,-103.634
L_4628,2,B_4628,9626 Main St,TX,Nueces,35.1847,-103.1443
L_4629,1,B_4629,7175 Main St,TX,McLennan,31.4263,-97.7441
L_4630,3,B_4630,3474 Main St,TX,Dallas,32.834,-99.2462
L_4631,1,B_4631,3411 Main St,TX,Travis,27.3633,-105.9746
L_4632,3,B_4632,4873 Main St,TX,Nueces,30.2954,-98.6688
L_4633,3,B_4633,6564 Main St,TX,Cameron,35.8064,-93.6529
L_4634,2,B_4634,7755 Main St,TX,Galveston,31.505,-96.506
L_4635,3,B_4635,4706 Main St,TX,Cameron,34.982,-103.0681
L_4636,2,B_4636,7096 Main St,TX,Cameron,26.9086,-106.4955
L_4637,3,B_4637,4465 Main St,TX,Cameron,31.9098,-104.9089
L_4638,1,B_4638,6556 Main St,TX,Nueces,27.032,-100.3285
L_4639,2,B_4639,7175 Main St,TX,Travis,26.2639,-102.3186
L_4640,2,B_4640,711 Main St,TX,Nueces,31.3487,-104.0754
L_4641,2,B_4641,4157 Main St,TX,Nueces,34.1927,-101.7459
L_4642,1,B_4642,3678 Main St,TX,Nueces,32.066,-95.3452
L_4643,3,B_4643,2336 Main St,TX,Galveston,,
L_4644,3,B_4644,8057 Main St,TX,Galveston,26.2591,-102.9564
L_4645,1,B_4645,3320 Main St,TX,McLennan,30.4314,-102.6125
L_4646,3,B_4646,9445 Main St,TX,Harris,27.3877,-98.5967
L_4647,3,B_4647,7874 Main St,TX,Dallas,31.8623,-95.8192
L_4648,2,B_4648,4432 Main St,TX,McLennan,27.3134,-96.9414
L_4649,2,B_4649,1926 Main St,TX,Travis,29.6068,-104.8137
L_4650,2,B_4650,5599 Main St,TX,Nueces,,
L_4651,2,B_4651,9842 Main St,TX,Galveston,30.7377,-95.354
L_4652,1,B_4652,2502 Main St,TX,Nueces,31.4578,-98.8067
L_4653,2,B_4653,979 Main St,TX,Galveston,32.0311,-98.3731
L_4654,3,B_4654,9530 Main St,TX,Cameron,36.1131,-99.3246
L_4655,2,B_4655,4747 Main St,TX,Dallas,30.4036,-96.0392
L_4656,2,B_4656,1243 Main St,TX,McLennan,35.6729,-98.6158
L_4657,2,B_4657,974 Main St,TX,McLennan,35.9049,-103.1797
L_4658,1,B_4658,1554 Main St,TX,Travis,29.6573,-102.6917
L_4659,2,B_4659,446 Main St,TX,Cameron,29.3016,-101.5187
L_4660,3,B_4660,3033 Main St,TX,McLennan,26.7057,-103.681
L_4661,2,B_4661,8115 Main St,TX,McLennan,31.5998,-101.7401
L_4662,2,B_4662,7246 Main St,TX,Harris,28.9739,-104.1953
L_4663,1,B_4663,835 Main St,TX,Dallas,34.6683,-104.5358
L_4664,3,B_4664,8012 Main St,TX,Nueces,27.2523,-95.3605
L_4665,2,B_4665,8837 Main St,TX,McLennan,27.8855,-100.6065
L_4666,2,B_4666,1905 Main St,TX,Travis,27.7593,-101.2738
L_4667,3,B_4667,9870 Main St,TX,Nueces,26.0003,-103.5609
L_4668,3,B_4668,5472 Main St,TX,Galveston,32.0001,-99.9919
L_4669,2,B_4669,1983 Main St,TX,Cameron,34.3707,-101.4092
L_4670,1,B_4670,6518 Main St,TX,Cameron,34.6938,-106.172
L_4671,3,B_4671,4999 Main St,TX,McLennan,34.2687,-93.6496
L_4672,1,B_4672,8582 Main St,TX,McLennan,32.767,-97.2891
L_4673,1,B_4673,4398 Main St,TX,Nueces,31.8892,-102.9244
L_4674,3,B_4674,9797 Main St,TX,Galveston,36.0641,-104.5958
L_4675,1,B_4675,7660 Main St,TX,Harris,26.7595,-97.9191
L_4676,2,B_4676,7895 Main St,TX,Dallas,31.0141,-94.9506
L_4677,3,B_4677,9369 Main St,TX,Harris,,
L_4678,3,B_4678,7789 Main St,TX,Travis,28.6194,-93.5845
L_4679,1,B_4679,3412 Main St,TX,Nueces,34.8038,-105.8344
L_4680,1,B_4680,8592 Main St,TX,McLennan,28.2437,-96.1994
L_4681,1,B_4681,3316 Main St,TX,Harris,35.9356,-104.4599
L_4682,2,B_4682,3967 Main St,TX,Dallas,34.5212,-98.6155
L_4683,1,B_4683,455 Main St,TX,Travis,28.7995,-101.48
L_4684,1,B_4684,7097 Main St,TX,Cameron,33.8422,-97.0392
L_4685,1,B_4685,1528 Main St,TX,Harris,33.9189,-103.9935
L_4686,3,B_4686,4418 Main St,TX,McLennan,27.2282,-93.5784
L_4687,2,B_4687,4222 Main St,TX,Dallas,32.4726,-103.5376
L_4688,3,B_4688,3621 Main St,TX,McLennan,27.2583,-104.8388
L_4689,2,B_4689,5366 Main St,TX,McLennan,30.0936,-93.6113
L_4690,3,B_4690,7426 Main St,TX,Travis,28.1061,-95.1006
L_4691,3,B_4691,6181 Main St,TX,Dallas,28.258,-103.7251
L_4692,1,B_4692,4516 Main St,TX,Galveston,30.8124,-105.7129
L_4693,1,B_4693,7850 Main St,TX,Cameron,32.9725,-100.9961
L_4694,2,B_4694,8752 Main St,TX,McLennan,30.6823,-94.3801
L_4695,1,B_4695,9767 Main St,TX,Dallas,25.9146,-95.3877
L_4696,1,B_4696,3546 Main St,TX,McLennan,27.3193,-100.3331
L_4697,3,B_4697,5693 Main St,TX,Harris,33.8347,-102.471
L_4698,2,B_4698,475 Main St,TX,Harris,26.4063,-102.9583
L_4699,3,B_4699,5735 Main St,TX,Dallas,29.7611,-105.8657
L_4700,3,B_4700,3105 Main St,TX,Cameron,27.6515,-103.5761
L_4701,1,B_4701,6815 Main St,TX,Travis,32.0244,-96.5185
L_4702,2,B_4702,619 Main St,TX,Galveston,27.6257,-106.2195
L_4703,3,B_4703,3142 Main St,TX,Harris,35.6215,-96.2195
L_4704,3,B_4704,7756 Main St,TX,Travis,26.2993,-99.5236
L_4705,1,B_4705,575 Main St,TX,Galveston,35.9281,-96.1258
L_4706,2,B_4706,6710 Main St,TX,Harris,34.3296,-94.5837
L_4707,2,B_4707,8748 Main St,TX,Galveston,,
L_4708,2,B_4708,7806 Main St,TX,Nueces,27.5446,-104.4594
L_4709,3,B_4709,5574 Main St,TX,McLennan,34.3286,-102.766
L_4710,1,B_4710,7189 Main St,TX,Dallas,35.2276,-105.8338
L_4711,3,B_4711,7807 Main St,TX,Harris,33.5277,-94.5966
L_4712,3,B_4712,1090 Main St,TX,Harris,35.2491,-100.5403
L_4713,3,B_4713,7978 Main St,TX,McLennan,34.1052,-105.2692
L_4714,2,B_4714,1495 Main St,TX,Harris,32.6715,-97.5481
L_4715,2,B_4715,8976 Main St,TX,Harris,28.5868,-105.2131
L_4716,3,B_4716,2061 Main St,TX,Nueces,32.2277,-95.3043
L_4717,3,B_4717,2720 Main St,TX,Harris,26.3355,-101.8871
L_4718,1,B_4718,9925 Main St,TX,Harris,31.544,-94.5415
L_4719,1,B_4719,3087 Main St,TX,Harris,33.0507,-98.3611
L_4720,3,B_4720,4018 Main St,TX,Travis,29.4324,-95.1741
L_4721,3,B_4721,6639 Main St,TX,Harris,,
L_4722,1,B_4722,1654 Main St,TX,McLennan,27.4644,-98.7558
L_4723,2,B_4723,3678 Main St,TX,Nueces,32.0588,-97.586
L_4724,1,B_4724,9438 Main St,TX,Harris,33.9133,-102.9091
L_4725,1,B_4725,1898 Main St,TX,Galveston,31.2263,-96.9126
L_4726,1,B_4726,2186 Main St,TX,Nueces,30.9945,-98.3837
L_4727,2,B_4727,3173 Main St,TX,Nueces,34.0328,-105.6004
L_4728,3,B_4728,8160 Main St,TX,Galveston,27.1909,-105.474
L_4729,1,B_4729,7664 Main St,TX,McLennan,26.3045,-99.645
L_4730,1,B_4730,4254 Main St,TX,Travis,36.1363,-106.0503
L_4731,2,B_4731,6062 Main St,TX,Cameron,36.313,-99.3583
L_4732,1,B_4732,9901 Main St,TX,Cameron,33.7474,-105.945
L_4733,2,B_4733,9737 Main St,TX,McLennan,35.6047,-93.8144
L_4734,3,B_4734,8634 Main St,TX,Travis,26.5911,-95.3987
L_4735,1,B_4735,4975 Main St,TX,Dallas,35.0336,-100.25
L_4736,2,B_4736,1778 Main St,TX,Galveston,34.3379,-94.3838
L_4737,3,B_4737,3493 Main St,TX,Nueces,29.572,-98.9004
L_4738,2,B_4738,4170 Main St,TX,Nueces,28.4945,-101.95
L_4739,2,B_4739,8262 Main St,TX,Nueces,33.6668,-94.8441
L_4740,3,B_4740,6837 Main St,TX,Galveston,,
L_4741,2,B_4741,8300 Main St,TX,Galveston,,
L_4742,1,B_4742,7405 Main St,TX,Cameron,35.4869,-94.216
L_4743,2,B_4743,247 Main St,TX,Cameron,28.4726,-99.296
L_4744,2,B_4744,5579 Main St,TX,Cameron,26.0297,-95.3713
L_4745,2,B_4745,8374 Main St,TX,Travis,27.4013,-105.1199
L_4746,2,B_4746,291 Main St,TX,Nueces,33.0667,-97.6252
L_4747,2,B_4747,8116 Main St,TX,McLennan,28.5892,-95.0842
L_4748,1,B_4748,9582 Main St,TX,Travis,29.8928,-94.0487
L_4749,2,B_4749,1183 Main St,TX,Nueces,33.7184,-106.5802
L_4750,1,B_4750,835 Main St,TX,Galveston,27.8919,-93.8123
L_4751,3,B_4751,6726 Main St,TX,Galveston,30.5382,-94.7465
L_4752,1,B_4752,6053 Main St,TX,Galveston,,
L_4753,2,B_4753,2051 Main St,TX,Nueces,31.3486,-99.9377
L_4754,1,B_4754,590 Main St,TX,Cameron,29.3374,-103.0504
L_4755,3,B_4755,7101 Main St,TX,Galveston,,
L_4756,2,B_4756,4479 Main St,TX,Dallas,27.5784,-95.3316
L_4757,2,B_4757,768 Main St,TX,Galveston,29.8395,-99.9519
L_4758,2,B_4758,8225 Main St,TX,Nueces,32.3492,-95.1381
L_4759,3,B_4759,686 Main St,TX,Cameron,33.096,-100.0915
L_4760,2,B_4760,7555 Main St,TX,Travis,32.4759,-94.7606
L_4761,3,B_4761,8746 Main St,TX,Galveston,32.5909,-103.8594
L_4762,3,B_4762,3458 Main St,TX,Cameron,32.1957,-102.4534
L_4763,1,B_4763,8912 Main St,TX,Cameron,27.7794,-94.5312
L_4764,2,B_4764,5037 Main St,TX,Harris,34.3043,-104.5038
L_4765,1,B_4765,7331 Main St,TX,Dallas,29.638,-104.5877
L_4766,1,B_4766,8798 Main St,TX,Nueces,35.2783,-102.0243
L_4767,3,B_4767,4505 Main St,TX,Galveston,,
L_4768,2,B_4768,8493 Main St,TX,Harris,27.2319,-98.031
L_4769,3,B_4769,3315 Main St,TX,Nueces,35.7237,-104.6231
L_4770,1,B_4770,274 Main St,TX,Travis,28.8585,-105.6655
L_4771,2,B_4771,3835 Main St,TX,Dallas,35.6874,-94.0888
L_4772,3,B_4772,4266 Main St,TX,Cameron,28.1365,-104.6136
L_4773,2,B_4773,8579 Main St,TX,Galveston,33.9047,-97.4152
L_4774,3,B_4774,5855 Main St,TX,Travis,30.1038,-100.8898
L_4775,3,B_4775,7676 Main St,TX,Nueces,33.5062,-104.5804
L_4776,1,B_4776,3590 Main St,TX,Harris,34.6453,-97.1324
L_4777,1,B_4777,7191 Main St,TX,Nueces,36.0073,-106.04
L_4778,3,B_4778,5483 Main St,TX,Nueces,29.3869,-103.2044
L_4779,3,B_4779,4765 Main St,TX,Dallas,31.3038,-98.1334
L_4780,1,B_4780,218 Main St,TX,Galveston,26.8389,-103.9176
L_4781,3,B_4781,4868 Main St,TX,Travis,26.9446,-98.0234
L_4782,3,B_4782,4397 Main St,TX,Dallas,33.935,-106.0701
L_4783,2,B_4783,2218 Main St,TX,Harris,31.5184,-95.452
L_4784,2,B_4784,7951 Main St,TX,Cameron,27.4803,-95.8721
L_4785,2,B_4785,3126 Main St,TX,Galveston,,
L_4786,3,B_4786,8522 Main St,TX,Cameron,26.8097,-95.7423
L_4787,3,B_4787,1046 Main St,TX,Dallas,34.1686,-101.7253
L_4788,3,B_4788,262 Main St,TX,Harris,32.8914,-95.027
L_4789,1,B_4789,3198 Main St,TX,Harris,31.5601,-95.2065
L_4790,3,B_4790,2028 Main St,TX,Travis,31.6148,-99.5812
L_4791,2,B_4791,7500 Main St,TX,Nueces,28.9881,-106.4895
L_4792,3,B_4792,9178 Main St,TX,Harris,26.9742,-102.32
L_4793,1,B_4793,8391 Main St,TX,Harris,26.4258,-102.5481
L_4794,1,B_4794,4111 Main St,TX,Nueces,27.2291,-95.6377
L_4795,1,B_4795,6489 Main St,TX,McLennan,25.8103,-96.1906
L_4796,2,B_4796,4299 Main St,TX,Harris,35.7303,-94.6061
L_4797,2,B_4797,4125 Main St,TX,Galveston,32.6296,-100.3062
L_4798,3,B_4798,1455 Main St,TX,Cameron,31.3724,-96.4352
L_4799,3,B_4799,7112 Main St,TX,Cameron,32.6245,-102.9088
L_4800,3,B_4800,8168 Main St,TX,Dallas,35.1113,-96.789
L_4801,1,B_4801,8607 Main St,TX,Nueces,27.0706,-100.897
L_4802,3,B_4802,5434 Main St,TX,Nueces,,
L_4803,1,B_4803,8334 Main St,TX,Nueces,27.7291,-98.6023
L_4804,1,B_4804,4474 Main St,TX,Galveston,30.4665,-104.7027
L_4805,3,B_4805,4377 Main St,TX,Nueces,,
L_4806,2,B_4806,4477 Main St,TX,Galveston,29.0703,-105.7621
L_4807,2,B_4807,782 Main St,TX,Cameron,32.3456,-99.6321
L_4808,2,B_4808,9124 Main St,TX,Travis,34.3155,-105.1227
L_4809,2,B_4809,9307 Main St,TX,McLennan,33.6403,-94.3166
L_4810,3,B_4810,9480 Main St,TX,Nueces,31.8814,-95.3095
L_4811,1,B_4811,5268 Main St,TX,Cameron,26.7635,-95.2986
L_4812,1,B_4812,9727 Main St,TX,McLennan,30.5777,-95.7875
L_4813,1,B_4813,3632 Main St,TX,Cameron,32.3207,-93.8044
L_4814,2,B_4814,492 Main St,TX,Nueces,33.19,-105.3354
L_4815,1,B_4815,3375 Main St,TX,Galveston,33.2719,-105.1473
L_4816,2,B_4816,3150 Main St,TX,Cameron,26.41,-95.1351
L_4817,2,B_4817,651 Main St,TX,Dallas,30.3181,-106.3257
L_4818,1,B_4818,7655 Main St,TX,McLennan,33.1636,-104.398
L_4819,3,B_4819,6190 Main St,TX,McLennan,25.8228,-106.5295
L_4820,2,B_4820,7238 Main St,TX,Galveston,33.8036,-99.5359
L_4821,2,B_4821,183 Main St,TX,McLennan,27.8693,-101.412
L_4822,2,B_4822,5707 Main St,TX,Travis,35.1408,-106.5496
L_4823,3,B_4823,2631 Main St,TX,Galveston,29.295,-104.2491
L_4824,3,B_4824,7035 Main St,TX,McLennan,28.4137,-99.6641
L_4825,2,B_4825,986 Main St,TX,McLennan,28.3139,-97.3018
L_4826,2,B_4826,2134 Main St,TX,McLennan,35.8079,-99.3537
L_4827,3,B_4827,6024 Main St,TX,Galveston,30.2718,-95.9849
L_4828,2,B_4828,2704 Main St,TX,Dallas,27.6288,-96.4036
L_4829,1,B_4829,3486 Main St,TX,Harris,26.4682,-100.6906
L_4830,2,B_4830,718 Main St,TX,Cameron,30.4245,-95.8235
L_4831,3,B_4831,2235 Main St,TX,Nueces,35.7891,-95.3629
L_4832,3,B_4832,9899 Main St,TX,Cameron,31.7472,-94.9471
L_4833,1,B_4833,6689 Main St,TX,McLennan,35.2376,-100.029
L_4834,2,B_4834,6343 Main St,TX,Cameron,33.003,-95.0358
L_4835,2,B_4835,3308 Main St,TX,Harris,34.5158,-101.2616
L_4836,1,B_4836,3687 Main St,TX,Harris,31.2105,-98.2815
L_4837,3,B_4837,449 Main St,TX,McLennan,35.251,-93.9785
L_4838,3,B_4838,9936 Main St,TX,McLennan,35.5696,-96.7744
L_4839,3,B_4839,2805 Main St,TX,Nueces,27.6943,-100.6411
L_4840,3,B_4840,4128 Main St,TX,Harris,31.708,-93.9568
L_4841,1,B_4841,5969 Main St,TX,Dallas,26.9627,-93.8518
L_4842,3,B_4842,6646 Main St,TX,Harris,32.9029,-96.2366
L_4843,3,B_4843,5877 Main St,TX,Dallas,27.952,-103.6445
L_4844,1,B_4844,4437 Main St,TX,Cameron,26.8609,-99.5186
L_4845,2,B_4845,152 Main St,TX,Travis,31.2367,-93.8823
L_4846,2,B_4846,4111 Main St,TX,Dallas,29.5378,-104.1525
L_4847,2,B_4847,580 Main St,TX,Nueces,33.5931,-105.7708
L_4848,2,B_4848,7311 Main St,TX,Galveston,33.3782,-96.5883
L_4849,1,B_4849,9885 Main St,TX,Cameron,26.0117,-94.1201
L_4850,1,B_4850,9818 Main St,TX,McLennan,30.9604,-101.5481
L_4851,3,B_4851,2022 Main St,TX,Travis,32.7619,-101.0654
L_4852,3,B_4852,5887 Main St,TX,Harris,29.7615,-98.9758
L_4853,3,B_4853,4608 Main St,TX,Dallas,25.8671,-94.825
L_4854,2,B_4854,1085 Main St,TX,Travis,31.559,-105.2841
L_4855,2,B_4855,3049 Main St,TX,Cameron,28.6505,-96.5087
L_4856,1,B_4856,7684 Main St,TX,Galveston,30.7979,-100.7758
L_4857,2,B_4857,3515 Main St,TX,Dallas,30.1843,-100.5656
L_4858,3,B_4858,2776 Main St,TX,Nueces,26.9842,-93.8938
L_4859,1,B_4859,521 Main St,TX,Harris,34.9295,-98.1734
L_4860,2,B_4860,2024 Main St,TX,Harris,28.9983,-97.9443
L_4861,1,B_4861,2491 Main St,TX,Dallas,27.7067,-97.7502
L_4862,3,B_4862,5953 Main St,TX,Galveston,34.5944,-104.6262
L_4863,1,B_4863,3622 Main St,TX,McLennan,29.9814,-101.7708
L_4864,2,B_4864,1630 Main St,TX,McLennan,36.0007,-101.3698
L_4865,2,B_4865,9249 Main St,TX,Harris,27.6277,-95.2046
L_4866,3,B_4866,5447 Main St,TX,Cameron,26.8079,-102.3599
L_4867,3,B_4867,171 Main St,TX,Cameron,32.3991,-98.8294
L_4868,1,B_4868,460 Main St,TX,Galveston,27.5388,-102.3274
L_4869,3,B_4869,4887 Main St,TX,Harris,32.9814,-98.3696
L_4870,3,B_4870,2197 Main St,TX,McLennan,25.8966,-100.7792
L_4871,1,B_4871,3384 Main St,TX,Harris,27.2606,-95.3123
L_4872,3,B_4872,1384 Main St,TX,Dallas,26.0405,-103.0877
L_4873,3,B_4873,8811 Main St,TX,Cameron,33.9837,-101.2027
L_4874,2,B_4874,2394 Main St,TX,Cameron,36.4681,-105.7756
L_4875,3,B_4875,738 Main St,TX,Nueces,32.4205,-100.254
L_4876,3,B_4876,6399 Main St,TX,Dallas,31.8181,-99.3525
L_4877,2,B_4877,8573 Main St,TX,Nueces,29.0848,-97.6957
L_4878,2,B_4878,2169 Main St,TX,Galveston,29.5658,-98.5067
L_4879,2,B_4879,1008 Main St,TX,McLennan,31.9095,-101.2863
L_4880,2,B_4880,5030 Main St,TX,Galveston,,
L_4881,2,B_4881,8756 Main St,TX,Galveston,34.3892,-96.094
L_4882,2,B_4882,2138 Main St,TX,McLennan,34.8627,-105.1257
L_4883,2,B_4883,633 Main St,TX,Travis,30.7439,-102.8144
L_4884,2,B_4884,9383 Main St,TX,Travis,30.7042,-94.2372
L_4885,3,B_4885,3991 Main St,TX,Harris,30.0657,-98.982
L_4886,1,B_4886,1016 Main St,TX,Travis,34.4502,-105.2007
L_4887,2,B_4887,5778 Main St,TX,Dallas,29.8748,-96.4291
L_4888,1,B_4888,4971 Main St,TX,Cameron,28.6379,-102.4599
L_4889,2,B_4889,8794 Main St,TX,Nueces,27.5833,-98.2159
L_4890,2,B_4890,4816 Main St,TX,Cameron,35.1715,-102.3207
L_4891,2,B_4891,7444 Main St,TX,Galveston,34.7419,-93.6757
L_4892,3,B_4892,3663 Main St,TX,Cameron,27.2931,-100.5913
L_4893,3,B_4893,8557 Main St,TX,Harris,28.9017,-98.716
L_4894,2,B_4894,5980 Main St,TX,Galveston,,
L_4895,3,B_4895,7365 Main St,TX,McLennan,34.7866,-104.2532
L_4896,3,B_4896,8053 Main St,TX,Cameron,28.5035,-99.7869
L_4897,1,B_4897,9930 Main St,TX,Travis,34.0408,-106.5929
L_4898,3,B_4898,7424 Main St,TX,McLennan,35.1867,-99.0919
L_4899,2,B_4899,3451 Main St,TX,Harris,32.9233,-106.0609
L_4900,1,B_4900,9715 Main St,TX,Nueces,32.9343,-99.5148
L_4901,2,B_4901,8708 Main St,TX,Dallas,28.3355,-98.8054
L_4902,3,B_4902,2563 Main St,TX,Travis,30.8689,-95.6824
L_4903,2,B_4903,4538 Main St,TX,McLennan,33.7556,-105.2116
L_4904,3,B_4904,5498 Main St,TX,Nueces,36.3315,-103.501
L_4905,2,B_4905,5464 Main St,TX,Cameron,,
L_4906,1,B_4906,3978 Main St,TX,Travis,36.0734,-96.2732
L_4907,2,B_4907,8722 Main St,TX,Galveston,26.3055,-103.8116
L_4908,2,B_4908,1819 Main St,TX,Dallas,33.0723,-97.1653
L_4909,3,B_4909,6239 Main St,TX,Cameron,30.1153,-98.8425
L_4910,1,B_4910,1486 Main St,TX,Nueces,32.1819,-98.1499
L_4911,1,B_4911,8878 Main St,TX,Travis,25.985,-93.916
L_4912,3,B_4912,2669 Main St,TX,Cameron,28.9328,-99.2907
L_4913,1,B_4913,8062 Main St,TX,Dallas,34.0096,-104.0903
L_4914,3,B_4914,2481 Main St,TX,Nueces,31.5926,-95.5348
L_4915,2,B_4915,3176 Main St,TX,Galveston,30.4223,-99.1398
L_4916,3,B_4916,8541 Main St,TX,Galveston,30.9344,-97.1547
L_4917,1,B_4917,2362 Main St,TX,McLennan,26.0087,-105.0501
L_4918,2,B_4918,7253 Main St,TX,Harris,30.2346,-98.1801
L_4919,2,B_4919,4597 Main St,TX,McLennan,26.1736,-105.1197
L_4920,3,B_4920,2254 Main St,TX,Dallas,33.8263,-100.9968
L_4921,1,B_4921,9715 Main St,TX,McLennan,35.3075,-104.9903
L_4922,2,B_4922,5916 Main St,TX,Nueces,35.6326,-102.6305
L_4923,1,B_4923,1713 Main St,TX,Travis,36.1675,-104.877
L_4924,2,B_4924,8364 Main St,TX,Nueces,26.2629,-100.2603
L_4925,1,B_4925,5724 Main St,TX,McLennan,32.9183,-94.0935
L_4926,2,B_4926,3125 Main St,TX,Harris,35.7416,-95.8776
L_4927,3,B_4927,6036 Main St,TX,Nueces,29.0195,-106.0941
L_4928,2,B_4928,6082 Main St,TX,Nueces,,
L_4929,2,B_4929,7751 Main St,TX,Nueces,27.0501,-94.6769
L_4930,1,B_4930,6961 Main St,TX,Harris,30.4672,-100.3423
L_4931,1,B_4931,8748 Main St,TX,Nueces,30.3525,-104.2648
L_4932,3,B_4932,8717 Main St,TX,Dallas,35.8467,-104.2315
L_4933,1,B_4933,1398 Main St,TX,Galveston,29.3501,-103.7775
L_4934,1,B_4934,5613 Main St,TX,Harris,32.861,-100.8415
L_4935,1,B_4935,5645 Main St,TX,Dallas,26.1146,-100.0644
L_4936,2,B_4936,9795 Main St,TX,Harris,29.9601,-99.5105
L_4937,3,B_4937,772 Main St,TX,Harris,29.2848,-98.7755
L_4938,2,B_4938,4092 Main St,TX,Galveston,29.291,-105.3373
L_4939,2,B_4939,978 Main St,TX,Travis,34.6178,-103.5639
L_4940,2,B_4940,8509 Main St,TX,Dallas,28.2099,-106.52
L_4941,1,B_4941,2130 Main St,TX,Harris,36.1731,-102.8341
L_4942,2,B_4942,9523 Main St,TX,Cameron,28.1343,-104.4225
L_4943,3,B_4943,7034 Main St,TX,Harris,35.4243,-105.8617
L_4944,2,B_4944,5479 Main St,TX,McLennan,33.7289,-101.4335
L_4945,1,B_4945,5069 Main St,TX,Nueces,35.9276,-94.4102
L_4946,3,B_4946,4389 Main St,TX,Travis,26.5275,-97.2056
L_4947,1,B_4947,8321 Main St,TX,Galveston,35.6776,-98.2148
L_4948,3,B_4948,7529 Main St,TX,Cameron,30.7575,-104.5426
L_4949,2,B_4949,6451 Main St,TX,Dallas,34.0647,-99.5775
L_4950,3,B_4950,1792 Main St,TX,Harris,28.4363,-102.0608
L_4951,3,B_4951,5647 Main St,TX,Nueces,33.0236,-99.3407
L_4952,2,B_4952,344 Main St,TX,Dallas,27.6294,-98.9436
L_4953,1,B_4953,4919 Main St,TX,Galveston,33.0896,-102.0638
L_4954,1,B_4954,8496 Main St,TX,Travis,33.427,-102.5046
L_4955,2,B_4955,9183 Main St,TX,McLennan,30.1451,-93.7948
L_4956,2,B_4956,4715 Main St,TX,Travis,29.3063,-101.776
L_4957,2,B_4957,9687 Main St,TX,McLennan,26.6992,-105.7281
L_4958,3,B_4958,1986 Main St,TX,Dallas,29.3951,-105.9158
L_4959,2,B_4959,5430 Main St,TX,Travis,34.913,-105.9822
L_4960,2,B_4960,598 Main St,TX,Travis,29.1011,-105.385
L_4961,2,B_4961,8462 Main St,TX,Travis,30.5961,-102.5749
L_4962,1,B_4962,9473 Main St,TX,Galveston,33.9821,-98.234
L_4963,1,B_4963,2331 Main St,TX,Dallas,29.6159,-104.751
L_4964,2,B_4964,4282 Main St,TX,Cameron,31.4595,-96.8621
L_4965,2,B_4965,4820 Main St,TX,McLennan,33.6351,-105.131
L_4966,3,B_4966,6771 Main St,TX,Travis,34.2473,-100.5577
L_4967,3,B_4967,4859 Main St,TX,Dallas,29.6136,-102.6663
L_4968,3,B_4968,772 Main St,TX,Cameron,31.9105,-103.9874
L_4969,2,B_4969,3988 Main St,TX,Nueces,35.4439,-103.9384
L_4970,2,B_4970,5546 Main St,TX,Galveston,31.0251,-99.6005
L_4971,1,B_4971,538 Main St,TX,Galveston,27.1355,-103.7472
L_4972,2,B_4972,7368 Main St,TX,Nueces,,
L_4973,3,B_4973,6866 Main St,TX,Dallas,34.2264,-97.5822
L_4974,2,B_4974,9859 Main St,TX,McLennan,28.3642,-98.1595
L_4975,3,B_4975,6016 Main St,TX,Dallas,35.6274,-93.7567
L_4976,2,B_4976,5779 Main St,TX,Dallas,30.3702,-106.1096
L_4977,2,B_4977,5872 Main St,TX,Harris,31.5239,-104.3064
L_4978,1,B_4978,9952 Main St,TX,Cameron,26.531,-96.1933
L_4979,3,B_4979,3546 Main St,TX,Galveston,30.8848,-106.4737
L_4980,3,B_4980,6133 Main St,TX,McLennan,34.6511,-100.9042
L_4981,2,B_4981,5549 Main St,TX,Harris,26.4698,-104.2218
L_4982,1,B_4982,8428 Main St,TX,Nueces,29.0713,-102.32
L_4983,1,B_4983,8468 Main St,TX,Dallas,32.8716,-94.4618
L_4984,1,B_4984,1374 Main St,TX,Nueces,30.9642,-96.0443
L_4985,3,B_4985,1115 Main St,TX,Galveston,26.8863,-99.2047
L_4986,2,B_4986,8419 Main St,TX,Harris,,
L_4987,2,B_4987,2297 Main St,TX,Cameron,30.9185,-102.7678
L_4988,2,B_4988,2599 Main St,TX,Harris,31.1132,-96.9686
L_4989,3,B_4989,7417 Main St,TX,McLennan,30.5368,-101.6364
L_4990,1,B_4990,7286 Main St,TX,Cameron,34.4571,-98.8861
L_4991,3,B_4991,5502 Main St,TX,Dallas,26.4988,-102.5339
L_4992,3,B_4992,5015 Main St,TX,McLennan,28.0459,-101.4117
L_4993,3,B_4993,7424 Main St,TX,Harris,31.9588,-94.9586
L_4994,2,B_4994,7505 Main St,TX,Cameron,30.4011,-93.8711
L_4995,2,B_4995,8237 Main St,TX,Harris,32.3226,-99.066
L_4996,3,B_4996,8179 Main St,TX,McLennan,34.2562,-97.5676
L_4997,3,B_4997,4548 Main St,TX,Harris,,
L_4998,2,B_4998,6196 Main St,TX,Cameron,31.7289,-100.3161
L_4999,2,B_4999,9511 Main St,TX,Travis,31.9786,-99.6401
L_5000,2,B_5000,3047 Main St,TX,Galveston,35.763,-97.3138
L_5001,3,B_5001,6161 Main St,TX,Dallas,27.5519,-97.374
L_5002,1,B_5002,4750 Main St,TX,Galveston,30.1827,-99.7609
L_5003,3,B_5003,2024 Main St,TX,Dallas,35.4792,-104.3704
L_5004,2,B_5004,2167 Main St,TX,Cameron,28.7632,-94.3137
L_5005,2,B_5005,3652 Main St,TX,Harris,28.9837,-96.7608
L_5006,1,B_5006,8526 Main St,TX,Cameron,32.9689,-97.113
L_5007,1,B_5007,7429 Main St,TX,McLennan,32.0364,-100.8617
L_5008,3,B_5008,2531 Main St,TX,McLennan,31.8031,-95.1134
L_5009,2,B_5009,4826 Main St,TX,Harris,35.3212,-102.2954
L_5010,3,B_5010,9714 Main St,TX,Dallas,33.3968,-102.0343
L_5011,3,B_5011,4168 Main St,TX,Harris,35.9163,-96.8811
L_5012,1,B_5012,8005 Main St,TX,Dallas,34.8157,-105.9274
L_5013,1,B_5013,9867 Main St,TX,Harris,,
L_5014,2,B_5014,7799 Main St,TX,Harris,32.0467,-97.0222
L_5015,1,B_5015,731 Main St,TX,Harris,35.4,-95.521
L_5016,1,B_5016,378 Main St,TX,McLennan,34.7729,-95.858
L_5017,1,B_5017,8184 Main St,TX,Dallas,29.0019,-99.5201
L_5018,3,B_5018,1117 Main St,TX,Nueces,35.5082,-100.6807
L_5019,3,B_5019,4769 Main St,TX,Harris,,
L_5020,3,B_5020,5522 Main St,TX,Galveston,,
L_5021,3,B_5021,6066 Main St,TX,Galveston,32.0124,-102.6798
L_5022,2,B_5022,9927 Main St,TX,Cameron,35.7022,-95.9774
L_5023,2,B_5023,4756 Main St,TX,Cameron,34.3044,-103.9
L_5024,1,B_5024,9068 Main St,TX,McLennan,31.1108,-95.1526
L_5025,2,B_5025,5187 Main St,TX,Travis,31.3969,-101.475
L_5026,1,B_5026,9425 Main St,TX,Nueces,26.6881,-97.0878
L_5027,2,B_5027,6916 Main St,TX,McLennan,32.6287,-103.85
L_5028,1,B_5028,7666 Main St,TX,Travis,31.1797,-96.749
L_5029,2,B_5029,4444 Main St,TX,McLennan,34.8835,-105.1056
L_5030,2,B_5030,1828 Main St,TX,Cameron,,
L_5031,3,B_5031,7249 Main St,TX,Galveston,36.351,-100.1589
L_5032,2,B_5032,7085 Main St,TX,Harris,28.7436,-94.5947
L_5033,3,B_5033,2272 Main St,TX,Dallas,31.9679,-94.9736
L_5034,3,B_5034,3335 Main St,TX,Cameron,,
L_5035,1,B_5035,9334 Main St,TX,Harris,32.8266,-95.2493
L_5036,2,B_5036,5685 Main St,TX,Galveston,31.9296,-95.5184
L_5037,3,B_5037,7010 Main St,TX,Dallas,34.7173,-100.7666
L_5038,2,B_5038,8104 Main St,TX,Travis,31.9749,-101.7477
L_5039,3,B_5039,2023 Main St,TX,Travis,27.3815,-95.3151
L_5040,3,B_5040,2623 Main St,TX,Galveston,32.0617,-103.7048
L_5041,2,B_5041,5504 Main St,TX,Dallas,34.2457,-105.4285
L_5042,3,B_5042,6064 Main St,TX,Harris,29.15,-99.9898
L_5043,3,B_5043,9703 Main St,TX,Galveston,33.8736,-100.5127
L_5044,1,B_5044,3720 Main St,TX,Travis,33.8143,-96.5287
L_5045,2,B_5045,5728 Main St,TX,Galveston,27.8882,-97.7793
L_5046,1,B_5046,589 Main St,TX,Harris,,
L_5047,3,B_5047,2864 Main St,TX,McLennan,33.7652,-105.0036
L_5048,2,B_5048,7479 Main St,TX,Nueces,32.0541,-106.4633
L_5049,3,B_5049,7160 Main St,TX,Nueces,31.4992,-95.4279
L_5050,2,B_5050,7419 Main St,TX,Cameron,29.0889,-98.1332
L_5051,3,B_5051,4417 Main St,TX,Nueces,27.0975,-97.1221
L_5052,2,B_5052,441 Main St,TX,McLennan,26.2522,-105.8262
L_5053,1,B_5053,6253 Main St,TX,Harris,34.642,-96.1514
L_5054,3,B_5054,5033 Main St,TX,Cameron,33.4738,-106.0404
L_5055,3,B_5055,2130 Main St,TX,Dallas,29.3068,-95.0809
L_5056,1,B_5056,2637 Main St,TX,Galveston,33.4466,-103.8937
L_5057,2,B_5057,2607 Main St,TX,Harris,,
L_5058,2,B_5058,8141 Main St,TX,McLennan,29.4728,-97.4672
L_5059,2,B_5059,2517 Main St,TX,Cameron,31.1092,-101.6336
L_5060,3,B_5060,8008 Main St,TX,Travis,30.102,-94.6133
L_5061,2,B_5061,6609 Main St,TX,Nueces,,
L_5062,1,B_5062,6005 Main St,TX,Nueces,31.2533,-98.7455
L_5063,1,B_5063,3333 Main St,TX,Harris,28.0361,-103.4299
L_5064,2,B_5064,1128 Main St,TX,Nueces,33.3362,-98.3911
L_5065,1,B_5065,4737 Main St,TX,Nueces,36.2371,-93.8069
L_5066,1,B_5066,6126 Main St,TX,Harris,30.4032,-101.796
L_5067,3,B_5067,1954 Main St,TX,Harris,30.6189,-103.3733
L_5068,2,B_5068,3408 Main St,TX,Cameron,35.0103,-95.8526
L_5069,1,B_5069,4626 Main St,TX,McLennan,28.3617,-100.2158
L_5070,1,B_5070,1791 Main St,TX,McLennan,27.7895,-102.058
L_5071,1,B_5071,8233 Main St,TX,Nueces,26.8835,-102.7987
L_5072,2,B_5072,909 Main St,TX,Cameron,33.0636,-106.0421
L_5073,2,B_5073,1015 Main St,TX,Harris,,
L_5074,3,B_5074,5653 Main St,TX,Harris,28.3678,-100.2313
L_5075,3,B_5075,4735 Main St,TX,Nueces,34.9513,-99.4644
L_5076,1,B_5076,6072 Main St,TX,Dallas,30.3135,-96.5692
L_5077,3,B_5077,5611 Main St,TX,Travis,29.8469,-106.5386
L_5078,1,B_5078,9204 Main St,TX,Galveston,28.9563,-99.7718
L_5079,1,B_5079,4042 Main St,TX,Galveston,28.5273,-105.7002
L_5080,2,B_5080,4847 Main St,TX,Nueces,30.2106,-106.142
L_5081,3,B_5081,5886 Main St,TX,Cameron,,
L_5082,1,B_5082,5926 Main St,TX,Galveston,30.7416,-94.1709
L_5083,2,B_5083,5608 Main St,TX,McLennan,32.5903,-103.9179
L_5084,2,B_5084,6056 Main St,TX,Cameron,34.554,-94.5605
L_5085,3,B_5085,7229 Main St,TX,Cameron,28.6419,-93.8234
L_5086,3,B_5086,3169 Main St,TX,McLennan,36.1077,-106.1091
L_5087,2,B_5087,2115 Main St,TX,Dallas,32.9613,-99.4361
L_5088,3,B_5088,7046 Main St,TX,Nueces,,
L_5089,1,B_5089,9246 Main St,TX,McLennan,36.2874,-106.4916
L_5090,2,B_5090,3617 Main St,TX,Nueces,,
L_5091,3,B_5091,3434 Main St,TX,Nueces,30.3178,-94.3695
L_5092,2,B_5092,6211 Main St,TX,Cameron,26.8962,-98.2977
L_5093,3,B_5093,8024 Main St,TX,Harris,30.6502,-99.6718
L_5094,3,B_5094,6893 Main St,TX,Travis,31.9954,-98.8451
L_5095,1,B_5095,6895 Main St,TX,Travis,34.2984,-94.462
L_5096,3,B_5096,8439 Main St,TX,Nueces,31.9539,-106.0118
L_5097,2,B_5097,984 Main St,TX,Travis,31.0997,-103.1923
L_5098,2,B_5098,9283 Main St,TX,Travis,33.891,-94.5815
L_5099,3,B_5099,5934 Main St,TX,Galveston,32.5056,-97.5341
L_5100,1,B_5100,227 Main St,TX,Cameron,,
L_5101,2,B_5101,5040 Main St,TX,Galveston,31.2105,-96.5977
L_5102,3,B_5102,9611 Main St,TX,Harris,32.3662,-100.6481
L_5103,1,B_5103,1601 Main St,TX,Dallas,28.685,-102.4093
L_5104,1,B_5104,591 Main St,TX,Cameron,26.9972,-97.3395
L_5105,3,B_5105,8336 Main St,TX,McLennan,34.6934,-96.5534
L_5106,2,B_5106,6938 Main St,TX,McLennan,31.5527,-94.9049
L_5107,3,B_5107,932 Main St,TX,Galveston,,
L_5108,1,B_5108,4912 Main St,TX,Nueces,30.6526,-94.9637
L_5109,3,B_5109,3391 Main St,TX,Travis,26.0276,-93.9214
L_5110,3,B_5110,1401 Main St,TX,Harris,36.0705,-93.6949
L_5111,3,B_5111,7860 Main St,TX,Dallas,34.2405,-96.676
L_5112,2,B_5112,1554 Main St,TX,Galveston,34.5821,-96.4389
L_5113,2,B_5113,6171 Main St,TX,Nueces,26.1757,-102.6036
L_5114,2,B_5114,5500 Main St,TX,Harris,31.1915,-99.7524
L_5115,3,B_5115,7825 Main St,TX,Nueces,,
L_5116,1,B_5116,9261 Main St,TX,Harris,31.6676,-100.7942
L_5117,2,B_5117,5360 Main St,TX,Galveston,36.0913,-103.686
L_5118,1,B_5118,2699 Main St,TX,Harris,30.1303,-96.6311
L_5119,2,B_5119,1631 Main St,TX,Cameron,34.6746,-105.3648
L_5120,2,B_5120,9587 Main St,TX,Travis,33.4768,-98.6739
L_5121,1,B_5121,7584 Main St,TX,Harris,27.0061,-94.1352
L_5122,2,B_5122,9653 Main St,TX,Dallas,27.8651,-95.7806
L_5123,3,B_5123,3893 Main St,TX,Harris,36.1718,-104.1596
L_5124,2,B_5124,3754 Main St,TX,Cameron,,
L_5125,3,B_5125,6505 Main St,TX,McLennan,27.2257,-103.135
L_5126,3,B_5126,9209 Main St,TX,Cameron,26.2229,-103.1682
L_5127,3,B_5127,6386 Main St,TX,Harris,27.6231,-95.2044
L_5128,2,B_5128,857 Main St,TX,Nueces,32.34,-97.1135
L_5129,1,B_5129,4074 Main St,TX,Galveston,30.7415,-106.5041
L_5130,2,B_5130,1223 Main St,TX,McLennan,33.9102,-105.7317
L_5131,1,B_5131,6985 Main St,TX,Galveston,,
L_5132,2,B_5132,690 Main St,TX,Nueces,33.1773,-95.6109
L_5133,1,B_5133,8677 Main St,TX,Dallas,28.7116,-99.1982
L_5134,1,B_5134,9533 Main St,TX,Travis,27.5073,-101.7369
L_5135,3,B_5135,8581 Main St,TX,Dallas,34.1544,-95.5935
L_5136,3,B_5136,8393 Main St,TX,McLennan,32.6827,-105.8206
L_5137,1,B_5137,9050 Main St,TX,Nueces,32.3925,-105.3058
L_5138,2,B_5138,5838 Main St,TX,Nueces,27.3455,-96.7664
L_5139,1,B_5139,500 Main St,TX,Travis,31.6207,-100.5004
L_5140,1,B_5140,1541 Main St,TX,Harris,33.6686,-100.3818
L_5141,1,B_5141,647 Main St,TX,McLennan,33.7652,-93.7232
L_5142,2,B_5142,6138 Main St,TX,Travis,35.0614,-99.0762
L_5143,1,B_5143,6191 Main St,TX,Cameron,27.6988,-105.5765
L_5144,1,B_5144,9141 Main St,TX,Cameron,28.9945,-104.7116
L_5145,3,B_5145,3326 Main St,TX,Galveston,28.6357,-94.94
L_5146,1,B_5146,9884 Main St,TX,Travis,32.7088,-103.7968
L_5147,1,B_5147,1382 Main St,TX,Galveston,26.9543,-95.7475
L_5148,2,B_5148,1621 Main St,TX,Cameron,,
L_5149,1,B_5149,1869 Main St,TX,Cameron,29.8935,-100.9458
L_5150,1,B_5150,6152 Main St,TX,Galveston,28.1017,-100.3789
L_5151,3,B_5151,3452 Main St,TX,Nueces,,
L_5152,2,B_5152,2937 Main St,TX,Travis,30.0731,-97.5026
L_5153,2,B_5153,816 Main St,TX,Nueces,35.7965,-104.6161
L_5154,1,B_5154,2750 Main St,TX,Cameron,,
L_5155,2,B_5155,6750 Main St,TX,Nueces,34.1399,-103.5026
L_5156,3,B_5156,4770 Main St,TX,Dallas,35.3579,-101.1752
L_5157,2,B_5157,894 Main St,TX,Dallas,27.2503,-99.1167
L_5158,3,B_5158,640 Main St,TX,Nueces,36.0553,-98.9576
L_5159,1,B_5159,3210 Main St,TX,Nueces,,
L_5160,2,B_5160,3988 Main St,TX,Galveston,32.2726,-106.2067
L_5161,2,B_5161,3657 Main St,TX,Nueces,,
L_5162,3,B_5162,9449 Main St,TX,McLennan,28.4043,-102.2306
L_5163,1,B_5163,7201 Main St,TX,Travis,34.338,-93.9494
L_5164,2,B_5164,4081 Main St,TX,McLennan,26.0782,-100.5557
L_5165,2,B_5165,8288 Main St,TX,Dallas,32.3841,-105.4279
L_5166,3,B_5166,9724 Main St,TX,McLennan,33.8532,-106.1466
L_5167,3,B_5167,797 Main St,TX,Harris,27.5147,-105.17
L_5168,3,B_5168,3130 Main St,TX,Harris,29.8732,-106.0595
L_5169,2,B_5169,139 Main St,TX,Dallas,31.2497,-95.0117
L_5170,2,B_5170,3969 Main St,TX,McLennan,32.8094,-100.1075
L_5171,1,B_5171,9002 Main St,TX,Travis,27.7863,-106.2731
L_5172,3,B_5172,9283 Main St,TX,Dallas,34.6128,-102.4576
L_5173,2,B_5173,7432 Main St,TX,Harris,34.0762,-96.8604
L_5174,3,B_5174,8599 Main St,TX,Dallas,34.2781,-93.5158
L_5175,1,B_5175,2878 Main St,TX,McLennan,26.9873,-104.4099
L_5176,1,B_5176,1128 Main St,TX,McLennan,34.4429,-93.9662
L_5177,3,B_5177,9268 Main St,TX,McLennan,30.8714,-106.5176
L_5178,3,B_5178,8821 Main St,TX,Galveston,28.4202,-105.8953
L_5179,1,B_5179,3561 Main St,TX,McLennan,36.2686,-95.7918
L_5180,3,B_5180,8754 Main St,TX,Nueces,28.9366,-96.2966
L_5181,1,B_5181,4968 Main St,TX,Harris,27.7652,-104.7107
L_5182,2,B_5182,4742 Main St,TX,Cameron,25.9647,-102.1156
L_5183,3,B_5183,7469 Main St,TX,Harris,32.0885,-96.7052
L_5184,3,B_5184,8615 Main St,TX,Galveston,,
L_5185,1,B_5185,1727 Main St,TX,Harris,35.8208,-97.0314
L_5186,2,B_5186,6853 Main St,TX,Harris,29.0645,-95.8149
L_5187,3,B_5187,7518 Main St,TX,Dallas,34.3368,-100.3846
L_5188,2,B_5188,7182 Main St,TX,Cameron,32.4022,-103.872
L_5189,2,B_5189,6722 Main St,TX,Cameron,32.6646,-101.9741
L_5190,3,B_5190,4170 Main St,TX,McLennan,26.8098,-94.5094
L_5191,1,B_5191,4572 Main St,TX,Nueces,26.6443,-100.5004
L_5192,2,B_5192,2313 Main St,TX,Nueces,33.5061,-106.2842
L_5193,1,B_5193,229 Main St,TX,Dallas,36.1862,-104.8454
L_5194,3,B_5194,9007 Main St,TX,Nueces,34.6506,-101.8959
L_5195,1,B_5195,3910 Main St,TX,Dallas,31.5785,-105.1335
L_5196,2,B_5196,4998 Main St,TX,Cameron,,
L_5197,1,B_5197,8496 Main St,TX,Cameron,,
L_5198,3,B_5198,1618 Main St,TX,Cameron,26.9817,-94.0884
L_5199,2,B_5199,3140 Main St,TX,Nueces,35.6674,-105.409
L_5200,1,B_5200,4916 Main St,TX,Harris,31.5833,-101.2997
L_5201,3,B_5201,3153 Main St,TX,Cameron,28.8552,-98.6529
L_5202,2,B_5202,6731 Main St,TX,Travis,31.5337,-101.1815
L_5203,3,B_5203,7226 Main St,TX,McLennan,30.925,-100.9937
L_5204,2,B_5204,4885 Main St,TX,Travis,35.2032,-93.7533
L_5205,3,B_5205,7976 Main St,TX,Harris,27.1578,-100.5267
L_5206,1,B_5206,4656 Main St,TX,Galveston,35.514,-100.0474
L_5207,1,B_5207,2539 Main St,TX,Dallas,28.6808,-100.624
L_5208,3,B_5208,6867 Main St,TX,Nueces,,
L_5209,3,B_5209,5129 Main St,TX,Nueces,30.49,-97.9887
L_5210,2,B_5210,4602 Main St,TX,Harris,36.2509,-105.1651
L_5211,2,B_5211,591 Main St,TX,Nueces,,
L_5212,3,B_5212,4321 Main St,TX,Harris,34.8562,-104.8888
L_5213,1,B_5213,7687 Main St,TX,Travis,30.4779,-106.0287
L_5214,1,B_5214,9255 Main St,TX,Galveston,33.6857,-96.5904
L_5215,1,B_5215,3280 Main St,TX,Dallas,35.7862,-96.5322
L_5216,3,B_5216,2827 Main St,TX,Nueces,27.9571,-98.6361
L_5217,1,B_5217,8208 Main St,TX,Galveston,27.1681,-104.0143
L_5218,1,B_5218,9918 Main St,TX,Galveston,28.2659,-99.5216
L_5219,1,B_5219,7212 Main St,TX,Galveston,28.6935,-94.2264
L_5220,1,B_5220,6759 Main St,TX,McLennan,26.2181,-104.5339
L_5221,2,B_5221,4025 Main St,TX,Galveston,36.1305,-101.2261
L_5222,3,B_5222,7347 Main St,TX,Cameron,27.8062,-97.2412
L_5223,3,B_5223,9830 Main St,TX,Harris,,
L_5224,1,B_5224,5461 Main St,TX,McLennan,26.5053,-104.4189
L_5225,2,B_5225,8591 Main St,TX,Cameron,31.0608,-94.3017
L_5226,1,B_5226,1622 Main St,TX,McLennan,27.3877,-106.4095
L_5227,2,B_5227,9105 Main St,TX,Galveston,25.8159,-103.8734
L_5228,1,B_5228,7872 Main St,TX,Nueces,26.4523,-106.3619
L_5229,1,B_5229,7368 Main St,TX,Nueces,28.4607,-102.7789
L_5230,3,B_5230,5053 Main St,TX,Nueces,30.1154,-103.4655
L_5231,2,B_5231,4566 Main St,TX,Nueces,,
L_5232,3,B_5232,9381 Main St,TX,Harris,,
L_5233,3,B_5233,2865 Main St,TX,Nueces,31.9176,-96.4063
L_5234,3,B_5234,5197 Main St,TX,Dallas,36.4922,-105.0107
L_5235,1,B_5235,6459 Main St,TX,Galveston,,
L_5236,2,B_5236,8725 Main St,TX,McLennan,34.342,-106.2968
L_5237,3,B_5237,7405 Main St,TX,Dallas,36.0179,-95.4598
L_5238,2,B_5238,1546 Main St,TX,Nueces,33.8568,-98.3761
L_5239,2,B_5239,5112 Main St,TX,Dallas,34.5783,-104.7809
L_5240,2,B_5240,4314 Main St,TX,McLennan,31.0909,-94.367
L_5241,2,B_5241,6391 Main St,TX,Nueces,32.0271,-99.6317
L_5242,2,B_5242,3659 Main St,TX,Dallas,34.0747,-97.0795
L_5243,3,B_5243,9423 Main St,TX,Harris,32.4102,-101.5145
L_5244,3,B_5244,5587 Main St,TX,Harris,33.6437,-102.6674
L_5245,2,B_5245,4184 Main St,TX,Galveston,35.9752,-94.2493
L_5246,2,B_5246,1604 Main St,TX,Galveston,31.6595,-100.3116
L_5247,2,B_5247,5458 Main St,TX,Cameron,28.4209,-105.9363
L_5248,3,B_5248,5511 Main St,TX,Dallas,35.6585,-95.9112
L_5249,1,B_5249,7262 Main St,TX,McLennan,36.2051,-99.8528
L_5250,1,B_5250,6708 Main St,TX,Harris,28.4647,-105.0445
L_5251,2,B_5251,5194 Main St,TX,Travis,26.8356,-95.6611
L_5252,3,B_5252,2462 Main St,TX,Galveston,26.6826,-105.3408
L_5253,2,B_5253,3311 Main St,TX,Cameron,29.2062,-97.9258
L_5254,2,B_5254,4673 Main St,TX,Harris,29.7524,-103.2053
L_5255,2,B_5255,267 Main St,TX,Cameron,33.9238,-93.9866
L_5256,1,B_5256,2600 Main St,TX,Nueces,36.2087,-104.1226
L_5257,1,B_5257,6307 Main St,TX,Dallas,28.5796,-95.493
L_5258,3,B_5258,9657 Main St,TX,Cameron,,
L_5259,1,B_5259,282 Main St,TX,Harris,29.2662,-103.4668
L_5260,3,B_5260,9201 Main St,TX,Harris,26.1207,-102.3864
L_5261,3,B_5261,9362 Main St,TX,Dallas,35.8949,-98.6456
L_5262,3,B_5262,6244 Main St,TX,Galveston,32.0274,-97.3769
L_5263,3,B_5263,4495 Main St,TX,Galveston,30.4218,-104.6577
L_5264,2,B_5264,9752 Main St,TX,Travis,26.3743,-105.8329
L_5265,1,B_5265,6466 Main St,TX,Travis,27.276,-95.0558
L_5266,1,B_5266,6497 Main St,TX,Galveston,34.4682,-97.3469
L_5267,2,B_5267,6953 Main St,TX,Galveston,26.7801,-99.9584
L_5268,2,B_5268,8609 Main St,TX,Cameron,32.783,-99.8753
L_5269,1,B_5269,1146 Main St,TX,Galveston,34.0075,-93.9173
L_5270,3,B_5270,2094 Main St,TX,Galveston,,
L_5271,1,B_5271,8910 Main St,TX,Harris,27.3059,-99.6455
L_5272,3,B_5272,3082 Main St,TX,Travis,31.1585,-105.6826
L_5273,2,B_5273,2379 Main St,TX,Dallas,28.6043,-102.3456
L_5274,1,B_5274,9546 Main St,TX,McLennan,27.2546,-103.621
L_5275,1,B_5275,2490 Main St,TX,Dallas,35.5663,-98.253
L_5276,1,B_5276,4081 Main St,TX,Nueces,29.1338,-94.1414
L_5277,3,B_5277,2334 Main St,TX,McLennan,28.1783,-93.5557
L_5278,3,B_5278,4462 Main St,TX,Harris,,
L_5279,3,B_5279,6386 Main St,TX,Nueces,27.5063,-105.3594
L_5280,3,B_5280,9278 Main St,TX,Travis,34.056,-94.1495
L_5281,1,B_5281,8138 Main St,TX,McLennan,31.7028,-102.2506
L_5282,3,B_5282,2350 Main St,TX,Galveston,33.1468,-94.3087
L_5283,3,B_5283,3143 Main St,TX,Nueces,34.2134,-93.8334
L_5284,1,B_5284,959 Main St,TX,Harris,25.9915,-97.8812
L_5285,2,B_5285,3811 Main St,TX,McLennan,35.3471,-105.1011
L_5286,3,B_5286,7762 Main St,TX,Galveston,,
L_5287,2,B_5287,3504 Main St,TX,Nueces,27.65,-105.8745
L_5288,3,B_5288,3874 Main St,TX,Harris,26.0518,-105.4832
L_5289,2,B_5289,8062 Main St,TX,Nueces,31.3894,-100.5965
L_5290,1,B_5290,9242 Main St,TX,McLennan,26.117,-97.1234
L_5291,3,B_5291,4521 Main St,TX,Galveston,27.6809,-93.7147
L_5292,2,B_5292,972 Main St,TX,Travis,27.1605,-96.9714
L_5293,2,B_5293,6437 Main St,TX,Cameron,30.3712,-102.0039
L_5294,1,B_5294,1153 Main St,TX,Harris,,
L_5295,2,B_5295,3438 Main St,TX,McLennan,32.807,-103.1352
L_5296,2,B_5296,8532 Main St,TX,Galveston,29.8046,-100.0794
L_5297,3,B_5297,6877 Main St,TX,Travis,30.3944,-96.7563
L_5298,1,B_5298,8159 Main St,TX,Nueces,34.5194,-94.9252
L_5299,1,B_5299,5028 Main St,TX,Galveston,33.8669,-102.5121
L_5300,1,B_5300,8633 Main St,TX,Cameron,36.1859,-102.5985
L_5301,1,B_5301,5453 Main St,TX,Travis,27.7014,-104.7093
L_5302,2,B_5302,8222 Main St,TX,McLennan,30.5059,-93.6628
L_5303,3,B_5303,8315 Main St,TX,Galveston,29.0083,-95.7897
L_5304,3,B_5304,4107 Main St,TX,Cameron,,
L_5305,1,B_5305,943 Main St,TX,Galveston,29.362,-106.5103
L_5306,1,B_5306,4449 Main St,TX,Dallas,31.1417,-96.8599
L_5307,1,B_5307,5501 Main St,TX,Harris,27.993,-97.0123
L_5308,2,B_5308,5471 Main St,TX,Galveston,27.3932,-103.5231
L_5309,2,B_5309,9670 Main St,TX,Cameron,30.3139,-100.1657
L_5310,1,B_5310,6408 Main St,TX,Travis,30.1852,-104.3851
L_5311,1,B_5311,5433 Main St,TX,Harris,33.8984,-96.7822
L_5312,1,B_5312,7462 Main St,TX,McLennan,27.1505,-100.5891
L_5313,1,B_5313,6643 Main St,TX,Cameron,30.0184,-93.6721
L_5314,2,B_5314,6192 Main St,TX,Harris,34.8662,-97.3829
L_5315,1,B_5315,7642 Main St,TX,Dallas,29.9455,-102.0008
L_5316,3,B_5316,8331 Main St,TX,McLennan,33.2771,-101.3575
L_5317,1,B_5317,6413 Main St,TX,Galveston,27.1912,-93.7153
L_5318,2,B_5318,9301 Main St,TX,Cameron,32.449,-100.8107
L_5319,1,B_5319,134 Main St,TX,Nueces,34.9196,-100.8098
L_5320,1,B_5320,986 Main St,TX,McLennan,34.962,-103.0687
L_5321,1,B_5321,5876 Main St,TX,Cameron,30.8644,-95.7287
L_5322,3,B_5322,5626 Main St,TX,McLennan,32.8876,-99.0258
L_5323,2,B_5323,1199 Main St,TX,Dallas,32.6385,-101.863
L_5324,2,B_5324,2258 Main St,TX,Travis,26.1905,-93.8279
L_5325,2,B_5325,6581 Main St,TX,McLennan,26.9647,-99.9156
L_5326,2,B_5326,7947 Main St,TX,Cameron,30.9721,-102.6525
L_5327,2,B_5327,7052 Main St,TX,Travis,27.3576,-103.5177
L_5328,1,B_5328,4378 Main St,TX,Harris,34.4851,-102.5704
L_5329,3,B_5329,4285 Main St,TX,Nueces,30.2863,-96.9201
L_5330,3,B_5330,9957 Main St,TX,Dallas,29.8489,-104.6041
L_5331,1,B_5331,4424 Main St,TX,Galveston,,
L_5332,2,B_5332,3619 Main St,TX,Cameron,,
L_5333,3,B_5333,6886 Main St,TX,Cameron,30.4312,-103.2886
L_5334,3,B_5334,3773 Main St,TX,Cameron,29.6122,-101.9244
L_5335,2,B_5335,2813 Main St,TX,McLennan,31.9507,-104.3459
L_5336,2,B_5336,7749 Main St,TX,Nueces,32.8612,-102.979
L_5337,1,B_5337,696 Main St,TX,Nueces,34.5565,-96.56
L_5338,3,B_5338,6123 Main St,TX,Travis,26.8815,-97.2956
L_5339,1,B_5339,6835 Main St,TX,McLennan,31.0757,-104.0381
L_5340,2,B_5340,1859 Main St,TX,Cameron,31.4838,-100.5268
L_5341,2,B_5341,4283 Main St,TX,Nueces,,
L_5342,1,B_5342,7217 Main St,TX,Cameron,28.2985,-103.648
L_5343,3,B_5343,5918 Main St,TX,Cameron,34.2418,-100.0442
L_5344,3,B_5344,3260 Main St,TX,Cameron,34.4273,-97.1154
L_5345,2,B_5345,4217 Main St,TX,Dallas,31.4521,-102.9683
L_5346,1,B_5346,4248 Main St,TX,Galveston,31.5442,-93.5908
L_5347,2,B_5347,3009 Main St,TX,Harris,35.068,-106.3604
L_5348,2,B_5348,793 Main St,TX,Harris,34.5372,-93.5922
L_5349,3,B_5349,1106 Main St,TX,Travis,27.7447,-104.4909
L_5350,2,B_5350,4881 Main St,TX,Nueces,29.1277,-97.9997
L_5351,3,B_5351,2572 Main St,TX,Harris,34.383,-104.157
L_5352,1,B_5352,1538 Main St,TX,Travis,35.0361,-105.0481
L_5353,3,B_5353,8457 Main St,TX,Galveston,29.1272,-96.8539
L_5354,2,B_5354,7166 Main St,TX,Cameron,25.8448,-94.2078
L_5355,1,B_5355,7359 Main St,TX,McLennan,31.1144,-105.2837
L_5356,1,B_5356,4196 Main St,TX,Dallas,33.6108,-95.1729
L_5357,2,B_5357,7569 Main St,TX,Galveston,36.3658,-103.9455
L_5358,1,B_5358,1734 Main St,TX,Galveston,,
L_5359,1,B_5359,6140 Main St,TX,Harris,26.9239,-100.7479
L_5360,2,B_5360,2349 Main St,TX,Harris,32.465,-94.6473
L_5361,3,B_5361,930 Main St,TX,Dallas,26.3296,-105.428
L_5362,3,B_5362,4188 Main St,TX,McLennan,28.7534,-94.3075
L_5363,3,B_5363,5437 Main St,TX,Galveston,35.6331,-100.3795
L_5364,2,B_5364,1456 Main St,TX,Nueces,,
L_5365,3,B_5365,9511 Main St,TX,Harris,,
L_5366,1,B_5366,1618 Main St,TX,Galveston,33.7987,-98.875
L_5367,3,B_5367,9465 Main St,TX,McLennan,30.793,-98.0558
L_5368,2,B_5368,8745 Main St,TX,Travis,30.2399,-96.3732
L_5369,1,B_5369,5795 Main St,TX,McLennan,26.9231,-98.3425
L_5370,3,B_5370,455 Main St,TX,Galveston,35.7222,-96.6367
L_5371,2,B_5371,5675 Main St,TX,Galveston,33.116,-98.5194
L_5372,3,B_5372,6798 Main St,TX,Dallas,33.8384,-105.9328
L_5373,1,B_5373,6228 Main St,TX,Galveston,26.8542,-98.111
L_5374,1,B_5374,1759 Main St,TX,Harris,32.6066,-95.8387
L_5375,1,B_5375,3957 Main St,TX,Nueces,29.7018,-106.4765
L_5376,3,B_5376,3766 Main St,TX,Dallas,27.0891,-103.901
L_5377,1,B_5377,5287 Main St,TX,Galveston,28.191,-99.6556
L_5378,2,B_5378,9067 Main St,TX,McLennan,33.356,-106.3035
L_5379,2,B_5379,5334 Main St,TX,Galveston,31.7718,-97.7445
L_5380,3,B_5380,913 Main St,TX,McLennan,34.7572,-99.7541
L_5381,2,B_5381,9003 Main St,TX,McLennan,25.8371,-104.7974
L_5382,2,B_5382,1535 Main St,TX,Galveston,33.9368,-97.2327
L_5383,2,B_5383,4410 Main St,TX,McLennan,30.807,-94.214
L_5384,3,B_5384,3172 Main St,TX,Nueces,,
L_5385,2,B_5385,3141 Main St,TX,Travis,26.0941,-97.5576
L_5386,2,B_5386,3144 Main St,TX,Dallas,26.9884,-98.536
L_5387,2,B_5387,9318 Main St,TX,Galveston,27.4545,-94.8918
L_5388,1,B_5388,8303 Main St,TX,Cameron,35.2065,-98.8962
L_5389,3,B_5389,7895 Main St,TX,Travis,36.3699,-103.3078
L_5390,3,B_5390,7035 Main St,TX,McLennan,31.0474,-105.02
L_5391,1,B_5391,6829 Main St,TX,McLennan,27.9182,-102.1611
L_5392,2,B_5392,3455 Main St,TX,Dallas,28.2255,-100.7389
L_5393,1,B_5393,3150 Main St,TX,Travis,30.2857,-95.2909
L_5394,2,B_5394,8127 Main St,TX,Travis,35.4265,-106.5086
L_5395,3,B_5395,9783 Main St,TX,Galveston,31.6532,-97.7741
L_5396,3,B_5396,880 Main St,TX,McLennan,33.4646,-101.801
L_5397,1,B_5397,4673 Main St,TX,Cameron,35.0783,-100.0434
L_5398,3,B_5398,2211 Main St,TX,Harris,,
L_5399,3,B_5399,3494 Main St,TX,Cameron,32.9597,-102.7596
L_5400,1,B_5400,3449 Main St,TX,Galveston,27.244,-95.12
L_5401,2,B_5401,9077 Main St,TX,Galveston,27.5363,-95.8024
L_5402,2,B_5402,1669 Main St,TX,Galveston,26.2072,-93.5876
L_5403,3,B_5403,125 Main St,TX,Dallas,32.2464,-96.5992
L_5404,1,B_5404,6689 Main St,TX,Dallas,31.7009,-95.5054
L_5405,3,B_5405,764 Main St,TX,Galveston,32.9303,-106.339
L_5406,3,B_5406,8380 Main St,TX,Nueces,33.1,-101.9298
L_5407,3,B_5407,1368 Main St,TX,Harris,33.184,-103.3786
L_5408,2,B_5408,8145 Main St,TX,Travis,34.8918,-94.6215
L_5409,3,B_5409,808 Main St,TX,Travis,29.702,-96.7938
L_5410,1,B_5410,725 Main St,TX,McLennan,35.1889,-104.7393
L_5411,1,B_5411,6057 Main St,TX,Travis,29.2438,-96.961
L_5412,2,B_5412,2575 Main St,TX,Cameron,35.3727,-95.8128
L_5413,1,B_5413,2179 Main St,TX,Travis,29.9558,-106.5422
L_5414,2,B_5414,9981 Main St,TX,Harris,28.1282,-101.8319
L_5415,3,B_5415,1435 Main St,TX,Travis,36.2777,-94.0896
L_5416,1,B_5416,8762 Main St,TX,Cameron,34.0052,-94.9045
L_5417,3,B_5417,4478 Main St,TX,Harris,34.8793,-97.3931
L_5418,3,B_5418,5827 Main St,TX,Dallas,33.2348,-98.478
L_5419,2,B_5419,7622 Main St,TX,Harris,31.9834,-102.8199
L_5420,3,B_5420,4941 Main St,TX,Dallas,34.9515,-100.0056
L_5421,1,B_5421,9608 Main St,TX,Harris,25.9093,-94.6413
L_5422,1,B_5422,6758 Main St,TX,Galveston,32.2274,-95.9957
L_5423,3,B_5423,6028 Main St,TX,Cameron,29.1854,-103.6049
L_5424,1,B_5424,9907 Main St,TX,Nueces,,
L_5425,3,B_5425,442 Main St,TX,Dallas,29.7408,-105.6664
L_5426,2,B_5426,5568 Main St,TX,Dallas,30.8961,-101.8221
L_5427,3,B_5427,2274 Main St,TX,Travis,34.4407,-99.3944
L_5428,3,B_5428,7850 Main St,TX,Dallas,29.953,-102.7905
L_5429,1,B_5429,410 Main St,TX,Harris,28.4222,-97.8525
L_5430,1,B_5430,3052 Main St,TX,Galveston,35.0288,-103.552
L_5431,2,B_5431,5856 Main St,TX,Galveston,26.8002,-102.3313
L_5432,3,B_5432,7132 Main St,TX,Travis,34.576,-95.0659
L_5433,1,B_5433,1667 Main St,TX,Harris,31.1358,-103.1995
L_5434,3,B_5434,1952 Main St,TX,Harris,31.0492,-95.8546
L_5435,2,B_5435,4850 Main St,TX,McLennan,32.0617,-101.0392
L_5436,2,B_5436,3631 Main St,TX,Dallas,36.063,-102.4072
L_5437,1,B_5437,5286 Main St,TX,Travis,28.4406,-102.1858
L_5438,2,B_5438,8354 Main St,TX,Galveston,35.584,-105.1437
L_5439,2,B_5439,3274 Main St,TX,Cameron,26.6171,-100.7176
L_5440,1,B_5440,833 Main St,TX,Nueces,34.4368,-104.8448
L_5441,1,B_5441,5213 Main St,TX,McLennan,32.1373,-96.5775
L_5442,2,B_5442,202 Main St,TX,Harris,26.8535,-101.8541
L_5443,1,B_5443,8029 Main St,TX,Dallas,27.456,-95.4115
L_5444,1,B_5444,7950 Main St,TX,Galveston,33.958,-95.9615
L_5445,3,B_5445,6101 Main St,TX,Cameron,28.2298,-101.5781
L_5446,1,B_5446,2123 Main St,TX,McLennan,27.4425,-96.2933
L_5447,3,B_5447,3718 Main St,TX,Harris,33.6982,-93.6208
L_5448,2,B_5448,757 Main St,TX,Galveston,30.3245,-100.5403
L_5449,3,B_5449,7114 Main St,TX,Galveston,,
L_5450,1,B_5450,1358 Main St,TX,Harris,30.5245,-106.2422
L_5451,2,B_5451,277 Main St,TX,Harris,34.6479,-100.5236
L_5452,1,B_5452,9854 Main St,TX,Travis,29.6697,-96.0478
L_5453,2,B_5453,2609 Main St,TX,Galveston,30.9433,-93.5667
L_5454,1,B_5454,2392 Main St,TX,Harris,30.9484,-97.1332
L_5455,1,B_5455,1881 Main St,TX,Nueces,31.0074,-102.5797
L_5456,1,B_5456,6677 Main St,TX,Cameron,25.9706,-104.1672
L_5457,1,B_5457,9107 Main St,TX,Cameron,34.5883,-95.589
L_5458,2,B_5458,9728 Main St,TX,Nueces,29.2702,-100.5869
L_5459,3,B_5459,7567 Main St,TX,Cameron,26.333,-99.2296
L_5460,3,B_5460,4810 Main St,TX,McLennan,29.3559,-96.5054
L_5461,1,B_5461,5656 Main St,TX,Cameron,31.4504,-93.7454
L_5462,3,B_5462,3395 Main St,TX,Dallas,35.3605,-104.1642
L_5463,3,B_5463,7635 Main St,TX,Cameron,29.0128,-106.0014
L_5464,3,B_5464,1906 Main St,TX,Nueces,28.4822,-106.4653
L_5465,2,B_5465,4728 Main St,TX,Travis,32.7839,-101.6581
L_5466,2,B_5466,7423 Main St,TX,Harris,30.9171,-105.7145
L_5467,2,B_5467,4019 Main St,TX,Dallas,34.7327,-103.8945
L_5468,3,B_5468,2639 Main St,TX,Travis,29.4194,-97.0812
L_5469,1,B_5469,816 Main St,TX,Galveston,30.0895,-101.1298
L_5470,1,B_5470,4743 Main St,TX,Dallas,27.2805,-98.691
L_5471,3,B_5471,4127 Main St,TX,Nueces,31.4604,-97.1413
L_5472,1,B_5472,1454 Main St,TX,Travis,34.7441,-98.6433
L_5473,1,B_5473,2168 Main St,TX,Harris,32.9885,-106.2043
L_5474,2,B_5474,7365 Main St,TX,Harris,35.6282,-99.7446
L_5475,3,B_5475,4720 Main St,TX,Cameron,33.0698,-104.2896
L_5476,1,B_5476,4178 Main St,TX,Travis,33.225,-96.3797
L_5477,3,B_5477,1525 Main St,TX,Galveston,28.5789,-102.0562
L_5478,2,B_5478,3042 Main St,TX,Cameron,,
L_5479,1,B_5479,6879 Main St,TX,Nueces,34.7264,-96.4868
L_5480,3,B_5480,7062 Main St,TX,Travis,30.8746,-99.032
L_5481,3,B_5481,6837 Main St,TX,McLennan,33.7416,-94.0634
L_5482,3,B_5482,5857 Main St,TX,Travis,29.3029,-95.4158
L_5483,1,B_5483,6623 Main St,TX,Travis,30.391,-103.2284
L_5484,1,B_5484,808 Main St,TX,Nueces,,
L_5485,2,B_5485,2975 Main St,TX,Harris,32.8217,-102.3861
L_5486,2,B_5486,3731 Main St,TX,Cameron,33.6832,-100.0475
L_5487,2,B_5487,3397 Main St,TX,Galveston,31.148,-102.1591
L_5488,1,B_5488,6681 Main St,TX,Cameron,30.4688,-105.5916
L_5489,2,B_5489,1516 Main St,TX,Travis,33.3378,-106.2382
L_5490,1,B_5490,6880 Main St,TX,Dallas,34.6936,-99.6967
L_5491,2,B_5491,5929 Main St,TX,Harris,,
L_5492,2,B_5492,5666 Main St,TX,Harris,28.0476,-101.328
L_5493,2,B_5493,8458 Main St,TX,Travis,34.759,-100.6337
L_5494,2,B_5494,463 Main St,TX,Nueces,26.4381,-104.2936
L_5495,2,B_5495,6957 Main St,TX,Dallas,35.8975,-104.6714
L_5496,3,B_5496,2484 Main St,TX,Travis,26.9052,-96.6233
L_5497,1,B_5497,4204 Main St,TX,Dallas,34.7443,-95.7253
L_5498,3,B_5498,7533 Main St,TX,Harris,31.044,-98.6516
L_5499,3,B_5499,5438 Main St,TX,Dallas,36.1652,-105.2034
L_5500,2,B_5500,5535 Main St,TX,Cameron,34.14,-104.5352
L_5501,1,B_5501,5643 Main St,TX,Travis,35.2485,-101.7275
L_5502,1,B_5502,2554 Main St,TX,McLennan,28.8918,-95.6333
L_5503,1,B_5503,6997 Main St,TX,McLennan,30.1244,-99.3497
L_5504,3,B_5504,7585 Main St,TX,Dallas,26.1465,-104.298
L_5505,1,B_5505,2374 Main St,TX,Nueces,,
L_5506,2,B_5506,987 Main St,TX,Travis,30.3457,-99.0205
L_5507,1,B_5507,4064 Main St,TX,Galveston,34.9643,-104.2529
L_5508,1,B_5508,6738 Main St,TX,McLennan,26.1166,-104.2396
L_5509,1,B_5509,7850 Main St,TX,Harris,36.0836,-99.1508
L_5510,3,B_5510,1041 Main St,TX,Cameron,26.8235,-93.7712
L_5511,1,B_5511,2458 Main St,TX,Travis,28.6477,-97.7102
L_5512,1,B_5512,7549 Main St,TX,Travis,28.6744,-95.7424
L_5513,1,B_5513,5245 Main St,TX,Cameron,,
L_5514,3,B_5514,1947 Main St,TX,McLennan,31.6461,-95.2246
L_5515,2,B_5515,226 Main St,TX,Cameron,35.2539,-96.6509
L_5516,2,B_5516,226 Main St,TX,Cameron,34.4266,-105.547
L_5517,3,B_5517,5936 Main St,TX,Galveston,30.5684,-96.4012
L_5518,3,B_5518,7253 Main St,TX,Cameron,33.1322,-94.2682
L_5519,3,B_5519,9108 Main St,TX,Harris,27.9216,-104.1798
L_5520,3,B_5520,8086 Main St,TX,Galveston,27.7639,-94.5897
L_5521,2,B_5521,782 Main St,TX,Harris,28.1955,-105.118
L_5522,3,B_5522,7083 Main St,TX,McLennan,34.4492,-104.5052
L_5523,3,B_5523,9587 Main St,TX,Travis,28.7814,-100.7888
L_5524,1,B_5524,144 Main St,TX,Harris,35.5999,-106.5302
L_5525,1,B_5525,5329 Main St,TX,Travis,28.1785,-99.227
L_5526,2,B_5526,7675 Main St,TX,Dallas,33.7333,-96.6934
L_5527,3,B_5527,1345 Main St,TX,Dallas,29.2785,-105.8027
L_5528,2,B_5528,1263 Main St,TX,McLennan,35.2264,-98.5333
L_5529,1,B_5529,3013 Main St,TX,McLennan,32.3564,-93.675
L_5530,2,B_5530,1463 Main St,TX,Nueces,33.278,-103.7313
L_5531,2,B_5531,8661 Main St,TX,McLennan,32.2704,-104.9334
L_5532,1,B_5532,1596 Main St,TX,Dallas,33.2976,-93.6139
L_5533,2,B_5533,6376 Main St,TX,Harris,31.5878,-105.4602
L_5534,3,B_5534,7532 Main St,TX,Cameron,27.0612,-101.5222
L_5535,1,B_5535,9911 Main St,TX,Cameron,26.311,-93.8283
L_5536,1,B_5536,3419 Main St,TX,Cameron,30.3928,-104.9568
L_5537,1,B_5537,3052 Main St,TX,Galveston,30.2917,-101.4238
L_5538,2,B_5538,4047 Main St,TX,Cameron,27.6366,-95.2945
L_5539,2,B_5539,6079 Main St,TX,McLennan,31.7167,-102.6212
L_5540,3,B_5540,3174 Main St,TX,Cameron,32.0928,-103.1314
L_5541,2,B_5541,9510 Main St,TX,Galveston,32.0743,-106.2935
L_5542,1,B_5542,3862 Main St,TX,Galveston,31.2106,-99.4457
L_5543,3,B_5543,3890 Main St,TX,Dallas,29.0245,-106.5635
L_5544,2,B_5544,373 Main St,TX,Nueces,36.4328,-96.7287
L_5545,1,B_5545,6171 Main St,TX,Harris,26.0322,-106.0158
L_5546,1,B_5546,4566 Main St,TX,Dallas,25.9095,-97.2352
L_5547,2,B_5547,8779 Main St,TX,McLennan,26.9051,-94.0262
L_5548,3,B_5548,4718 Main St,TX,Dallas,34.8355,-98.8052
L_5549,2,B_5549,9647 Main St,TX,Dallas,27.5752,-96.4914
L_5550,1,B_5550,5337 Main St,TX,Dallas,35.4741,-96.4262
L_5551,2,B_5551,1441 Main St,TX,McLennan,35.9061,-95.0443
L_5552,1,B_5552,6958 Main St,TX,McLennan,28.3487,-106.1733
L_5553,2,B_5553,5520 Main St,TX,Dallas,28.5718,-99.1013
L_5554,2,B_5554,7850 Main St,TX,Dallas,26.1702,-103.6503
L_5555,3,B_5555,1018 Main St,TX,Galveston,29.5289,-104.0792
L_5556,1,B_5556,7347 Main St,TX,Harris,25.8702,-104.4022
L_5557,3,B_5557,9630 Main St,TX,Galveston,26.2359,-95.9944
L_5558,3,B_5558,4962 Main St,TX,Nueces,34.4174,-102.0929
L_5559,3,B_5559,3185 Main St,TX,Harris,27.0147,-95.01
L_5560,3,B_5560,2480 Main St,TX,Nueces,29.4128,-102.2959
L_5561,2,B_5561,1873 Main St,TX,Harris,35.4028,-103.6389
L_5562,1,B_5562,8750 Main St,TX,Dallas,30.1316,-99.9938
L_5563,1,B_5563,3822 Main St,TX,Galveston,31.7948,-97.4936
L_5564,2,B_5564,625 Main St,TX,Harris,27.872,-96.4375
L_5565,2,B_5565,2523 Main St,TX,Nueces,27.5356,-95.4676
L_5566,3,B_5566,4546 Main St,TX,Harris,27.5464,-101.0095
L_5567,2,B_5567,2994 Main St,TX,McLennan,25.8775,-99.56
L_5568,1,B_5568,6587 Main St,TX,Harris,33.7888,-99.5474
L_5569,3,B_5569,4442 Main St,TX,Cameron,27.1102,-95.7053
L_5570,2,B_5570,6854 Main St,TX,Dallas,34.2387,-96.7402
L_5571,2,B_5571,8756 Main St,TX,Travis,26.768,-95.0759
L_5572,2,B_5572,5577 Main St,TX,McLennan,26.4156,-96.381
L_5573,2,B_5573,5521 Main St,TX,Travis,33.8395,-101.454
L_5574,3,B_5574,1908 Main St,TX,Dallas,35.5121,-98.5864
L_5575,2,B_5575,9496 Main St,TX,Cameron,35.9798,-105.0555
L_5576,1,B_5576,502 Main St,TX,Travis,28.3972,-100.097
L_5577,1,B_5577,2437 Main St,TX,Harris,30.948,-102.5522
L_5578,2,B_5578,665 Main St,TX,Travis,29.7771,-104.5033
L_5579,2,B_5579,5090 Main St,TX,Galveston,29.9081,-98.8016
L_5580,1,B_5580,1227 Main St,TX,Dallas,35.0765,-98.204
L_5581,2,B_5581,1161 Main St,TX,Galveston,35.4481,-102.1211
L_5582,2,B_5582,5391 Main St,TX,Travis,36.35,-105.319
L_5583,3,B_5583,5093 Main St,TX,Cameron,,
L_5584,3,B_5584,9019 Main St,TX,Galveston,26.6133,-103.5991
L_5585,3,B_5585,8364 Main St,TX,McLennan,30.9533,-103.5592
L_5586,3,B_5586,637 Main St,TX,Travis,30.0884,-94.2316
L_5587,2,B_5587,5278 Main St,TX,Nueces,28.7325,-102.4276
L_5588,3,B_5588,1714 Main St,TX,Galveston,31.243,-94.5767
L_5589,3,B_5589,917 Main St,TX,Harris,26.9009,-94.7352
L_5590,3,B_5590,3726 Main St,TX,Travis,33.303,-94.9363
L_5591,1,B_5591,3218 Main St,TX,Cameron,30.5997,-96.5595
L_5592,1,B_5592,4760 Main St,TX,Nueces,,
L_5593,3,B_5593,6511 Main St,TX,Cameron,27.4942,-96.8821
L_5594,2,B_5594,6080 Main St,TX,McLennan,31.5036,-103.0816
L_5595,1,B_5595,4160 Main St,TX,Harris,28.6942,-104.0972
L_5596,1,B_5596,3774 Main St,TX,Travis,33.3451,-105.7774
L_5597,1,B_5597,6926 Main St,TX,Cameron,35.0026,-101.9544
L_5598,1,B_5598,3427 Main St,TX,Harris,28.6987,-97.1707
L_5599,1,B_5599,4001 Main St,TX,Travis,27.2934,-98.9773
L_5600,2,B_5600,206 Main St,TX,Travis,26.9242,-103.4853
L_5601,3,B_5601,5272 Main St,TX,Dallas,34.8021,-99.8217
L_5602,2,B_5602,7996 Main St,TX,Galveston,35.6154,-100.561
L_5603,3,B_5603,6134 Main St,TX,Travis,27.2943,-100.4936
L_5604,3,B_5604,5058 Main St,TX,McLennan,36.2199,-101.6959
L_5605,3,B_5605,3270 Main St,TX,Nueces,35.0017,-104.5914
L_5606,2,B_5606,7726 Main St,TX,Galveston,,
L_5607,2,B_5607,967 Main St,TX,Dallas,31.6342,-97.3226
L_5608,2,B_5608,147 Main St,TX,Galveston,34.3375,-102.3905
L_5609,2,B_5609,9564 Main St,TX,Galveston,34.266,-98.8618
L_5610,2,B_5610,8951 Main St,TX,Travis,33.6747,-93.9044
L_5611,1,B_5611,4717 Main St,TX,McLennan,29.0369,-99.4902
L_5612,1,B_5612,2058 Main St,TX,Travis,31.0712,-100.9484
L_5613,2,B_5613,6745 Main St,TX,Cameron,34.6758,-104.0026
L_5614,3,B_5614,4417 Main St,TX,McLennan,28.036,-103.5283
L_5615,2,B_5615,3922 Main St,TX,Cameron,32.1084,-99.2877
L_5616,3,B_5616,7486 Main St,TX,McLennan,29.5909,-101.9106
L_5617,1,B_5617,7455 Main St,TX,Harris,26.4116,-102.1422
L_5618,3,B_5618,640 Main St,TX,Travis,33.4656,-97.8818
L_5619,2,B_5619,2503 Main St,TX,Cameron,28.7418,-95.0272
L_5620,3,B_5620,1671 Main St,TX,Dallas,29.3689,-100.0047
L_5621,2,B_5621,7676 Main St,TX,Nueces,33.6671,-99.6517
L_5622,3,B_5622,275 Main St,TX,Galveston,31.5939,-93.8581
L_5623,1,B_5623,4516 Main St,TX,Harris,30.4785,-96.2021
L_5624,1,B_5624,7322 Main St,TX,Cameron,,
L_5625,3,B_5625,1107 Main St,TX,Dallas,34.2373,-106.3643
L_5626,1,B_5626,1923 Main St,TX,Nueces,30.0575,-104.9582
L_5627,2,B_5627,3113 Main St,TX,Nueces,27.6006,-102.6026
L_5628,2,B_5628,5687 Main St,TX,Travis,28.1188,-96.3802
L_5629,1,B_5629,2879 Main St,TX,McLennan,35.1614,-96.9438
L_5630,2,B_5630,9140 Main St,TX,Cameron,,
L_5631,2,B_5631,3769 Main St,TX,Travis,32.0659,-104.3891
L_5632,1,B_5632,3576 Main St,TX,Nueces,27.7642,-102.0102
L_5633,2,B_5633,9363 Main St,TX,Travis,33.8783,-99.614
L_5634,1,B_5634,7811 Main St,TX,Harris,34.3152,-94.3669
L_5635,2,B_5635,1616 Main St,TX,Cameron,33.8992,-93.646
L_5636,3,B_5636,7457 Main St,TX,Dallas,30.5853,-99.3626
L_5637,3,B_5637,8932 Main St,TX,Nueces,33.9371,-95.0614
L_5638,2,B_5638,6229 Main St,TX,Cameron,26.7698,-94.2105
L_5639,3,B_5639,6337 Main St,TX,Harris,28.4288,-103.0168
L_5640,3,B_5640,8770 Main St,TX,Dallas,28.876,-99.0885
L_5641,2,B_5641,1876 Main St,TX,Harris,34.2323,-98.6682
L_5642,2,B_5642,7538 Main St,TX,Galveston,30.0203,-95.7077
L_5643,2,B_5643,6302 Main St,TX,McLennan,30.5442,-104.8396
L_5644,1,B_5644,7381 Main St,TX,McLennan,30.064,-103.1642
L_5645,1,B_5645,6243 Main St,TX,McLennan,34.6922,-102.1107
L_5646,1,B_5646,703 Main St,TX,Galveston,36.1027,-101.8669
L_5647,1,B_5647,5909 Main St,TX,Nueces,26.5143,-95.649
L_5648,2,B_5648,1646 Main St,TX,Nueces,26.0008,-103.566
L_5649,3,B_5649,8186 Main St,TX,Galveston,,
L_5650,2,B_5650,3978 Main St,TX,McLennan,33.6894,-105.4943
L_5651,2,B_5651,9320 Main St,TX,McLennan,28.1498,-101.7434
L_5652,2,B_5652,4015 Main St,TX,Dallas,27.9485,-98.4887
L_5653,2,B_5653,600 Main St,TX,Dallas,27.2388,-102.6978
L_5654,2,B_5654,1233 Main St,TX,Travis,30.7614,-105.4624
L_5655,2,B_5655,1037 Main St,TX,Cameron,29.8908,-106.5242
L_5656,3,B_5656,5787 Main St,TX,Cameron,,
L_5657,3,B_5657,6048 Main St,TX,Cameron,35.7699,-104.7193
L_5658,2,B_5658,9761 Main St,TX,Harris,26.1988,-101.3603
L_5659,2,B_5659,1475 Main St,TX,Dallas,30.0825,-94.5026
L_5660,2,B_5660,6300 Main St,TX,Dallas,33.8075,-95.7145
L_5661,2,B_5661,9081 Main St,TX,Dallas,26.3874,-93.8194
L_5662,1,B_5662,3199 Main St,TX,Dallas,35.1123,-101.4789
L_5663,3,B_5663,4152 Main St,TX,Galveston,31.4252,-94.294
L_5664,3,B_5664,1306 Main St,TX,Travis,25.9105,-99.101
L_5665,2,B_5665,8097 Main St,TX,Dallas,28.2425,-104.3276
L_5666,1,B_5666,9747 Main St,TX,Nueces,26.7644,-95.7773
L_5667,1,B_5667,3571 Main St,TX,Harris,34.9741,-97.7798
L_5668,2,B_5668,6256 Main St,TX,Cameron,35.0806,-104.0032
L_5669,3,B_5669,4810 Main St,TX,Dallas,30.1909,-106.4372
L_5670,3,B_5670,8284 Main St,TX,Galveston,32.4042,-102.8912
L_5671,1,B_5671,557 Main St,TX,Nueces,,
L_5672,2,B_5672,8605 Main St,TX,Cameron,27.2682,-103.9793
L_5673,3,B_5673,9965 Main St,TX,McLennan,26.8608,-102.0285
L_5674,2,B_5674,4322 Main St,TX,McLennan,35.4292,-102.8311
L_5675,2,B_5675,5014 Main St,TX,Cameron,27.9039,-104.2593
L_5676,3,B_5676,807 Main St,TX,Travis,30.8276,-94.8786
L_5677,1,B_5677,6419 Main St,TX,McLennan,31.3999,-100.3564
L_5678,1,B_5678,5840 Main St,TX,Dallas,30.2964,-94.5665
L_5679,3,B_5679,4949 Main St,TX,Cameron,,
L_5680,1,B_5680,5915 Main St,TX,Galveston,28.0302,-103.3118
L_5681,3,B_5681,2545 Main St,TX,Travis,28.9278,-98.4298
L_5682,3,B_5682,5573 Main St,TX,Nueces,,
L_5683,2,B_5683,9454 Main St,TX,Dallas,28.7686,-100.9858
L_5684,3,B_5684,3419 Main St,TX,McLennan,26.5432,-102.3059
L_5685,2,B_5685,6139 Main St,TX,Harris,31.2741,-100.8179
L_5686,3,B_5686,7752 Main St,TX,Dallas,36.4787,-95.6498
L_5687,2,B_5687,451 Main St,TX,Harris,32.3858,-104.1269
L_5688,3,B_5688,8250 Main St,TX,Nueces,27.7554,-95.0431
L_5689,2,B_5689,6361 Main St,TX,Harris,28.1454,-102.5698
L_5690,1,B_5690,6140 Main St,TX,Nueces,26.6321,-100.0996
L_5691,2,B_5691,209 Main St,TX,Travis,28.1436,-102.0759
L_5692,2,B_5692,9546 Main St,TX,Galveston,34.3186,-100.0371
L_5693,3,B_5693,4375 Main St,TX,McLennan,29.9593,-103.2526
L_5694,3,B_5694,6521 Main St,TX,McLennan,31.9019,-93.5336
L_5695,3,B_5695,3047 Main St,TX,Dallas,27.5709,-95.1487
L_5696,3,B_5696,302 Main St,TX,Cameron,29.756,-103.6473
L_5697,1,B_5697,7783 Main St,TX,McLennan,34.8101,-104.8077
L_5698,3,B_5698,8914 Main St,TX,Travis,31.7857,-106.0568
L_5699,3,B_5699,5348 Main St,TX,McLennan,33.1639,-104.3343
L_5700,2,B_5700,7069 Main St,TX,Dallas,31.3182,-96.9854
L_5701,1,B_5701,2511 Main St,TX,McLennan,28.6486,-98.0478
L_5702,1,B_5702,3086 Main St,TX,Galveston,25.8344,-102.1604
L_5703,3,B_5703,7475 Main St,TX,Nueces,29.4082,-94.9982
L_5704,1,B_5704,1913 Main St,TX,Harris,35.8966,-104.3156
L_5705,2,B_5705,9618 Main St,TX,Harris,28.7802,-102.3911
L_5706,3,B_5706,2723 Main St,TX,Nueces,25.9712,-96.1451
L_5707,2,B_5707,6828 Main St,TX,Harris,28.158,-99.6094
L_5708,1,B_5708,527 Main St,TX,Galveston,30.3725,-102.6081
L_5709,3,B_5709,2208 Main St,TX,Travis,34.8568,-98.2803
L_5710,2,B_5710,6375 Main St,TX,Dallas,33.6863,-102.7538
L_5711,2,B_5711,1162 Main St,TX,Galveston,36.0312,-99.7546
L_5712,2,B_5712,2087 Main St,TX,Dallas,28.7511,-100.6128
L_5713,2,B_5713,9293 Main St,TX,Travis,30.0391,-101.6852
L_5714,3,B_5714,7245 Main St,TX,Galveston,30.6297,-98.0611
L_5715,2,B_5715,8497 Main St,TX,McLennan,34.9607,-95.092
L_5716,2,B_5716,427 Main St,TX,Cameron,30.2308,-100.4777
L_5717,1,B_5717,2025 Main St,TX,Travis,33.07,-101.5211
L_5718,3,B_5718,532 Main St,TX,Harris,31.7219,-96.0003
L_5719,1,B_5719,3709 Main St,TX,Galveston,26.5184,-97.9655
L_5720,3,B_5720,7243 Main St,TX,Travis,35.2403,-105.4586
L_5721,3,B_5721,152 Main St,TX,Travis,29.7886,-99.8204
L_5722,2,B_5722,9727 Main St,TX,Galveston,26.1591,-105.8165
L_5723,1,B_5723,1214 Main St,TX,Harris,35.6922,-104.4131
L_5724,2,B_5724,9759 Main St,TX,Nueces,25.9187,-99.827
L_5725,1,B_5725,4660 Main St,TX,Harris,33.2633,-98.0875
L_5726,2,B_5726,9467 Main St,TX,Travis,34.7626,-101.5557
L_5727,2,B_5727,157 Main St,TX,Dallas,28.9036,-103.5059
L_5728,3,B_5728,9205 Main St,TX,Nueces,35.2406,-106.1642
L_5729,1,B_5729,1201 Main St,TX,Nueces,28.2385,-103.3515
L_5730,3,B_5730,7757 Main St,TX,Travis,28.657,-101.035
L_5731,2,B_5731,902 Main St,TX,Galveston,28.0606,-101.4077
L_5732,1,B_5732,902 Main St,TX,Galveston,32.9248,-106.3085
L_5733,3,B_5733,3316 Main St,TX,Galveston,33.299,-94.9716
L_5734,1,B_5734,2327 Main St,TX,Harris,,
L_5735,1,B_5735,8285 Main St,TX,McLennan,35.7833,-104.2022
L_5736,2,B_5736,6755 Main St,TX,Galveston,30.1903,-95.3652
L_5737,1,B_5737,2853 Main St,TX,Galveston,32.6734,-96.4331
L_5738,2,B_5738,8740 Main St,TX,Nueces,34.0507,-100.6772
L_5739,1,B_5739,495 Main St,TX,Dallas,32.7234,-100.9551
L_5740,1,B_5740,5747 Main St,TX,Dallas,28.1329,-96.6449
L_5741,3,B_5741,8683 Main St,TX,Travis,33.0359,-96.0108
L_5742,3,B_5742,7666 Main St,TX,Travis,26.2996,-100.4335
L_5743,2,B_5743,7717 Main St,TX,Travis,27.9961,-101.1673
L_5744,1,B_5744,8143 Main St,TX,Galveston,34.5013,-97.4775
L_5745,1,B_5745,8222 Main St,TX,Dallas,33.2215,-95.2232
L_5746,3,B_5746,915 Main St,TX,Travis,31.1898,-100.2913
L_5747,1,B_5747,1486 Main St,TX,Dallas,30.0779,-96.8812
L_5748,2,B_5748,4647 Main St,TX,Galveston,36.4385,-102.3732
L_5749,3,B_5749,9744 Main St,TX,Nueces,,
L_5750,3,B_5750,7704 Main St,TX,Galveston,29.0387,-104.7915
L_5751,1,B_5751,2297 Main St,TX,Travis,34.6643,-97.5025
L_5752,2,B_5752,6419 Main St,TX,Galveston,,
L_5753,1,B_5753,8398 Main St,TX,Galveston,31.8031,-96.5786
L_5754,1,B_5754,2220 Main St,TX,Dallas,33.9838,-99.4596
L_5755,1,B_5755,1747 Main St,TX,McLennan,30.0958,-97.1249
L_5756,1,B_5756,1823 Main St,TX,Harris,,
L_5757,3,B_5757,9326 Main St,TX,Travis,29.9811,-104.1527
L_5758,1,B_5758,5602 Main St,TX,Cameron,,
L_5759,1,B_5759,7092 Main St,TX,McLennan,26.5461,-96.6046
L_5760,1,B_5760,9928 Main St,TX,Nueces,36.0951,-94.8583
L_5761,1,B_5761,6673 Main St,TX,Cameron,,
L_5762,3,B_5762,5112 Main St,TX,Travis,27.8507,-95.9944
L_5763,3,B_5763,7210 Main St,TX,McLennan,32.0205,-96.5557
L_5764,1,B_5764,561 Main St,TX,Galveston,32.3881,-97.785
L_5765,2,B_5765,8142 Main St,TX,Travis,31.8632,-99.5717
L_5766,2,B_5766,7466 Main St,TX,McLennan,27.5092,-105.028
L_5767,2,B_5767,3414 Main St,TX,Harris,33.316,-93.9483
L_5768,1,B_5768,5309 Main St,TX,Galveston,34.067,-103.5427
L_5769,2,B_5769,9842 Main St,TX,Travis,26.7677,-96.9383
L_5770,3,B_5770,6031 Main St,TX,Nueces,31.5127,-95.8271
L_5771,1,B_5771,6495 Main St,TX,Nueces,28.6078,-101.2916
L_5772,2,B_5772,9323 Main St,TX,Travis,28.9237,-106.2043
L_5773,3,B_5773,1936 Main St,TX,McLennan,33.4822,-98.8532
L_5774,2,B_5774,9813 Main St,TX,Travis,33.1505,-97.8902
L_5775,3,B_5775,2840 Main St,TX,Cameron,26.7319,-96.4988
L_5776,1,B_5776,2546 Main St,TX,Galveston,29.0366,-93.6367
L_5777,3,B_5777,704 Main St,TX,Dallas,32.2361,-106.3475
L_5778,1,B_5778,5901 Main St,TX,Nueces,34.0934,-98.6025
L_5779,2,B_5779,2068 Main St,TX,McLennan,30.2785,-106.2491
L_5780,3,B_5780,3453 Main St,TX,Harris,27.7221,-98.5182
L_5781,2,B_5781,6135 Main St,TX,Travis,34.5689,-100.8466
L_5782,3,B_5782,6674 Main St,TX,Galveston,,
L_5783,1,B_5783,4034 Main St,TX,Travis,28.5656,-98.6449
L_5784,1,B_5784,9421 Main St,TX,Harris,36.4929,-103.5608
L_5785,2,B_5785,7629 Main St,TX,Galveston,33.7447,-102.959
L_5786,2,B_5786,4725 Main St,TX,Harris,34.4854,-97.4644
L_5787,3,B_5787,8794 Main St,TX,Galveston,33.223,-95.8315
L_5788,2,B_5788,2962 Main St,TX,Dallas,26.6062,-97.1067
L_5789,2,B_5789,5862 Main St,TX,Nueces,,
L_5790,1,B_5790,835 Main St,TX,Galveston,35.0023,-106.5269
L_5791,3,B_5791,898 Main St,TX,Harris,36.0062,-103.0489
L_5792,2,B_5792,8226 Main St,TX,McLennan,28.1732,-105.1079
L_5793,1,B_5793,5947 Main St,TX,Nueces,31.4464,-95.2856
L_5794,1,B_5794,1834 Main St,TX,Cameron,35.6562,-105.2513
L_5795,3,B_5795,7053 Main St,TX,Dallas,32.7603,-103.291
L_5796,2,B_5796,7750 Main St,TX,Travis,34.0647,-94.5348
L_5797,1,B_5797,4452 Main St,TX,Dallas,32.8424,-94.7936
L_5798,2,B_5798,8700 Main St,TX,Dallas,32.7983,-105.3797
L_5799,3,B_5799,6916 Main St,TX,Travis,25.8158,-94.2928
L_5800,1,B_5800,7847 Main St,TX,Galveston,27.0245,-105.8874
L_5801,1,B_5801,3198 Main St,TX,Dallas,32.2101,-104.5554
L_5802,2,B_5802,6049 Main St,TX,Nueces,26.2551,-95.0742
L_5803,2,B_5803,8969 Main St,TX,Dallas,27.9784,-99.8774
L_5804,2,B_5804,2076 Main St,TX,McLennan,31.5718,-99.8197
L_5805,3,B_5805,9127 Main St,TX,Nueces,36.0821,-105.7408
L_5806,3,B_5806,2241 Main St,TX,McLennan,27.5049,-104.6321
L_5807,2,B_5807,1951 Main St,TX,Nueces,35.9208,-99.3915
L_5808,2,B_5808,8129 Main St,TX,Harris,34.0432,-95.6887
L_5809,3,B_5809,8236 Main St,TX,Travis,34.8142,-102.3261
L_5810,2,B_5810,4394 Main St,TX,Nueces,32.8675,-106.3479
L_5811,2,B_5811,8449 Main St,TX,Nueces,,
L_5812,1,B_5812,7460 Main St,TX,Galveston,32.0002,-102.1607
L_5813,1,B_5813,4722 Main St,TX,Galveston,32.665,-100.4833
L_5814,1,B_5814,8277 Main St,TX,Harris,26.6053,-99.5281
L_5815,3,B_5815,7491 Main St,TX,Galveston,32.138,-105.1284
L_5816,3,B_5816,4011 Main St,TX,Cameron,35.3695,-95.3526
L_5817,3,B_5817,6224 Main St,TX,Cameron,30.8531,-101.4659
L_5818,1,B_5818,5557 Main St,TX,Galveston,,
L_5819,2,B_5819,9112 Main St,TX,Cameron,,
L_5820,1,B_5820,5128 Main St,TX,McLennan,27.2281,-106.3807
L_5821,2,B_5821,3641 Main St,TX,Cameron,30.6823,-98.2736
L_5822,2,B_5822,8898 Main St,TX,Galveston,36.4386,-101.0812
L_5823,2,B_5823,3953 Main St,TX,Galveston,35.2413,-102.924
L_5824,1,B_5824,6208 Main St,TX,Cameron,34.3928,-101.6025
L_5825,3,B_5825,6434 Main St,TX,Harris,32.6686,-102.2245
L_5826,1,B_5826,9581 Main St,TX,Harris,34.5881,-100.2524
L_5827,2,B_5827,9770 Main St,TX,Dallas,25.8628,-104.2598
L_5828,1,B_5828,7795 Main St,TX,Galveston,28.959,-97.9288
L_5829,2,B_5829,2134 Main St,TX,Galveston,28.9913,-97.9851
L_5830,2,B_5830,3007 Main St,TX,Nueces,30.1637,-106.3568
L_5831,2,B_5831,5845 Main St,TX,Galveston,,
L_5832,1,B_5832,2469 Main St,TX,McLennan,35.7086,-94.0656
L_5833,2,B_5833,691 Main St,TX,Cameron,28.4605,-104.2074
L_5834,2,B_5834,1414 Main St,TX,Nueces,31.8977,-101.2936
L_5835,1,B_5835,3379 Main St,TX,Galveston,33.3351,-103.326
L_5836,2,B_5836,1108 Main St,TX,McLennan,29.8309,-96.6303
L_5837,3,B_5837,6325 Main St,TX,Dallas,25.8082,-94.5704
L_5838,2,B_5838,4264 Main St,TX,Nueces,29.8171,-104.8583
L_5839,3,B_5839,7076 Main St,TX,Cameron,33.1799,-106.0494
L_5840,3,B_5840,9568 Main St,TX,Cameron,33.2729,-101.0336
L_5841,3,B_5841,2116 Main St,TX,Travis,31.1632,-105.563
L_5842,2,B_5842,2536 Main St,TX,Galveston,30.5039,-101.7895
L_5843,3,B_5843,6350 Main St,TX,Nueces,33.0725,-93.8812
L_5844,2,B_5844,8142 Main St,TX,Cameron,34.6496,-103.0371
L_5845,1,B_5845,1933 Main St,TX,Harris,31.2572,-104.676
L_5846,3,B_5846,9558 Main St,TX,Nueces,33.4703,-100.6818
L_5847,1,B_5847,1558 Main St,TX,Harris,31.3401,-102.9786
L_5848,1,B_5848,9415 Main St,TX,Galveston,30.1989,-93.5123
L_5849,1,B_5849,6985 Main St,TX,McLennan,36.0798,-103.5762
L_5850,3,B_5850,9689 Main St,TX,Harris,,
L_5851,3,B_5851,9524 Main St,TX,Nueces,30.7604,-96.4414
L_5852,1,B_5852,3199 Main St,TX,Nueces,30.163,-98.9325
L_5853,1,B_5853,3554 Main St,TX,Cameron,,
L_5854,1,B_5854,6154 Main St,TX,Harris,31.8663,-100.2517
L_5855,1,B_5855,4015 Main St,TX,Dallas,35.5517,-94.9742
L_5856,1,B_5856,715 Main St,TX,Cameron,27.2433,-105.9385
L_5857,2,B_5857,3587 Main St,TX,Dallas,28.5453,-98.6767
L_5858,1,B_5858,1350 Main St,TX,Dallas,29.9404,-104.4282
L_5859,1,B_5859,4119 Main St,TX,Harris,32.4327,-106.4549
L_5860,3,B_5860,9194 Main St,TX,Harris,26.5776,-100.6565
L_5861,3,B_5861,7937 Main St,TX,Nueces,32.0425,-104.2823
L_5862,2,B_5862,9222 Main St,TX,Galveston,29.8334,-93.693
L_5863,3,B_5863,3651 Main St,TX,Galveston,35.9434,-97.9893
L_5864,2,B_5864,748 Main St,TX,McLennan,27.4512,-94.6159
L_5865,2,B_5865,5358 Main St,TX,Harris,35.9794,-99.4191
L_5866,1,B_5866,6544 Main St,TX,Cameron,33.841,-96.9741
L_5867,3,B_5867,8789 Main St,TX,Cameron,30.078,-99.8565
L_5868,3,B_5868,2272 Main St,TX,Galveston,30.6251,-104.1465
L_5869,3,B_5869,8547 Main St,TX,Galveston,30.442,-102.6555
L_5870,1,B_5870,7922 Main St,TX,Dallas,28.4435,-99.72
L_5871,3,B_5871,6226 Main St,TX,Dallas,26.3228,-94.1874
L_5872,2,B_5872,3903 Main St,TX,Cameron,35.3788,-95.9484
L_5873,3,B_5873,3957 Main St,TX,Cameron,,
L_5874,3,B_5874,5497 Main St,TX,Dallas,27.9415,-99.6848
L_5875,2,B_5875,5531 Main St,TX,Travis,27.8287,-96.5859
L_5876,1,B_5876,3015 Main St,TX,Galveston,,
L_5877,3,B_5877,7039 Main St,TX,Dallas,36.4042,-101.3279
L_5878,2,B_5878,2912 Main St,TX,Dallas,26.1138,-94.8519
L_5879,1,B_5879,972 Main St,TX,Harris,26.3315,-93.7766
L_5880,3,B_5880,2324 Main St,TX,Cameron,35.7504,-104.677
L_5881,1,B_5881,9901 Main St,TX,Nueces,33.7928,-105.7179
L_5882,2,B_5882,4634 Main St,TX,Dallas,34.2788,-96.8904
L_5883,1,B_5883,9092 Main St,TX,Harris,34.9261,-95.1936
L_5884,2,B_5884,8143 Main St,TX,McLennan,33.6227,-99.2113
L_5885,3,B_5885,4254 Main St,TX,Dallas,28.1297,-105.0515
L_5886,2,B_5886,7965 Main St,TX,Nueces,34.4833,-100.1062
L_5887,2,B_5887,8360 Main St,TX,Harris,32.6006,-99.4793
L_5888,1,B_5888,2129 Main St,TX,Nueces,,
L_5889,3,B_5889,1963 Main St,TX,Dallas,32.1284,-99.5241
L_5890,1,B_5890,3152 Main St,TX,McLennan,32.6954,-95.69
L_5891,2,B_5891,9250 Main St,TX,Dallas,29.9061,-104.507
L_5892,3,B_5892,2682 Main St,TX,Harris,35.8561,-104.8258
L_5893,3,B_5893,6706 Main St,TX,McLennan,35.5219,-102.2835
L_5894,2,B_5894,9781 Main St,TX,McLennan,36.1749,-98.0986
L_5895,2,B_5895,9754 Main St,TX,McLennan,26.395,-104.2073
L_5896,2,B_5896,3327 Main St,TX,Travis,29.4041,-103.5591
L_5897,1,B_5897,4857 Main St,TX,Harris,30.9839,-101.0112
L_5898,2,B_5898,6135 Main St,TX,Travis,32.3124,-96.1148
L_5899,1,B_5899,2102 Main St,TX,Nueces,28.5929,-94.7348
L_5900,1,B_5900,7506 Main St,TX,McLennan,30.0873,-94.6086
L_5901,1,B_5901,3880 Main St,TX,Travis,31.8817,-93.8044
L_5902,1,B_5902,9448 Main St,TX,Dallas,34.1116,-94.5321
L_5903,3,B_5903,2806 Main St,TX,Travis,36.2753,-106.1552
L_5904,3,B_5904,2189 Main St,TX,Galveston,29.7592,-99.6053
L_5905,3,B_5905,2351 Main St,TX,Nueces,26.7114,-97.9686
L_5906,1,B_5906,9586 Main St,TX,McLennan,28.4323,-94.3483
L_5907,2,B_5907,3721 Main St,TX,McLennan,30.5997,-101.2488
L_5908,1,B_5908,1455 Main St,TX,Cameron,,
L_5909,1,B_5909,7317 Main St,TX,Nueces,31.919,-93.786
L_5910,2,B_5910,7638 Main St,TX,Nueces,33.9799,-94.6089
L_5911,1,B_5911,8467 Main St,TX,Harris,34.0523,-95.4706
L_5912,3,B_5912,7169 Main St,TX,Dallas,25.872,-103.3524
L_5913,1,B_5913,5599 Main St,TX,Cameron,31.0511,-105.0212
L_5914,1,B_5914,232 Main St,TX,Nueces,28.2133,-105.6497
L_5915,3,B_5915,4102 Main St,TX,Cameron,32.8671,-102.4637
L_5916,2,B_5916,9400 Main St,TX,Nueces,25.9362,-100.0998
L_5917,2,B_5917,4636 Main St,TX,Cameron,32.6733,-105.6401
L_5918,2,B_5918,7298 Main St,TX,Harris,29.5408,-103.6426
L_5919,3,B_5919,6219 Main St,TX,Nueces,,
L_5920,1,B_5920,1008 Main St,TX,Travis,31.9589,-97.9115
L_5921,1,B_5921,5281 Main St,TX,Galveston,27.3688,-102.2308
L_5922,1,B_5922,5435 Main St,TX,Galveston,34.7433,-98.7712
L_5923,1,B_5923,8002 Main St,TX,Galveston,,
L_5924,3,B_5924,8209 Main St,TX,Nueces,30.9818,-103.8494
L_5925,1,B_5925,8005 Main St,TX,Cameron,,
L_5926,3,B_5926,9316 Main St,TX,Galveston,27.7672,-102.7496
L_5927,3,B_5927,1392 Main St,TX,Dallas,36.4605,-102.9967
L_5928,3,B_5928,7615 Main St,TX,Travis,30.5995,-99.3957
L_5929,1,B_5929,5025 Main St,TX,Galveston,,
L_5930,1,B_5930,3439 Main St,TX,McLennan,28.699,-100.9506
L_5931,3,B_5931,1315 Main St,TX,Nueces,36.0588,-101.1506
L_5932,2,B_5932,2156 Main St,TX,Travis,27.1768,-103.646
L_5933,2,B_5933,5035 Main St,TX,Dallas,36.355,-94.5086
L_5934,2,B_5934,3568 Main St,TX,Galveston,33.2026,-100.4373
L_5935,2,B_5935,5044 Main St,TX,Dallas,29.2385,-96.4162
L_5936,2,B_5936,5330 Main St,TX,Nueces,34.2148,-98.3486
L_5937,1,B_5937,3481 Main St,TX,Galveston,33.1623,-95.4213
L_5938,2,B_5938,5830 Main St,TX,McLennan,36.2324,-105.4232
L_5939,2,B_5939,4157 Main St,TX,Travis,33.2373,-94.0107
L_5940,3,B_5940,8339 Main St,TX,Cameron,31.5589,-102.0528
L_5941,2,B_5941,1353 Main St,TX,McLennan,28.6674,-101.5758
L_5942,3,B_5942,1225 Main St,TX,Galveston,26.1963,-95.9373
L_5943,1,B_5943,5513 Main St,TX,Harris,29.588,-106.5809
L_5944,3,B_5944,8209 Main St,TX,Travis,29.5056,-96.88
L_5945,3,B_5945,5862 Main St,TX,Dallas,33.5994,-96.0183
L_5946,1,B_5946,618 Main St,TX,Galveston,34.7363,-103.1865
L_5947,1,B_5947,9727 Main St,TX,McLennan,33.486,-98.4891
L_5948,2,B_5948,2405 Main St,TX,Nueces,28.463,-97.8701
L_5949,2,B_5949,7627 Main St,TX,Cameron,26.3017,-100.1562
L_5950,2,B_5950,2687 Main St,TX,Harris,26.3412,-106.4519
L_5951,1,B_5951,921 Main St,TX,Cameron,34.669,-106.4349
L_5952,2,B_5952,4551 Main St,TX,Nueces,35.3528,-105.0643
L_5953,2,B_5953,8547 Main St,TX,Galveston,25.9966,-96.6291
L_5954,3,B_5954,667 Main St,TX,Dallas,32.265,-96.2711
L_5955,3,B_5955,3181 Main St,TX,McLennan,31.6415,-104.2654
L_5956,1,B_5956,6334 Main St,TX,Travis,34.4057,-106.2838
L_5957,1,B_5957,9791 Main St,TX,Harris,29.894,-96.5268
L_5958,2,B_5958,6213 Main St,TX,Galveston,33.701,-106.0772
L_5959,1,B_5959,7484 Main St,TX,Galveston,35.5941,-99.4738
L_5960,2,B_5960,5872 Main St,TX,Galveston,35.9492,-98.3687
L_5961,3,B_5961,6943 Main St,TX,Galveston,26.0251,-100.7729
L_5962,3,B_5962,3154 Main St,TX,McLennan,31.5832,-104.6147
L_5963,3,B_5963,4303 Main St,TX,Travis,29.2421,-98.6341
L_5964,2,B_5964,3328 Main St,TX,Dallas,29.416,-93.8822
L_5965,2,B_5965,3368 Main St,TX,Harris,33.2049,-97.3082
L_5966,2,B_5966,9547 Main St,TX,Cameron,27.9798,-103.4988
L_5967,1,B_5967,1745 Main St,TX,Galveston,27.214,-105.873
L_5968,1,B_5968,6767 Main St,TX,Nueces,36.3444,-102.6702
L_5969,1,B_5969,8879 Main St,TX,Galveston,31.1836,-99.9553
L_5970,3,B_5970,6286 Main St,TX,Travis,26.3716,-96.5311
L_5971,2,B_5971,7646 Main St,TX,Travis,30.4224,-106.0423
L_5972,1,B_5972,178 Main St,TX,McLennan,33.5022,-98.6729
L_5973,2,B_5973,8633 Main St,TX,McLennan,30.9678,-93.9084
L_5974,3,B_5974,8899 Main St,TX,Nueces,26.239,-97.6986
L_5975,2,B_5975,5267 Main St,TX,Nueces,,
L_5976,2,B_5976,5416 Main St,TX,McLennan,33.2824,-105.3862
L_5977,3,B_5977,371 Main St,TX,Harris,34.5989,-98.3575
L_5978,3,B_5978,6649 Main St,TX,Nueces,35.0625,-105.5669
L_5979,1,B_5979,9481 Main St,TX,McLennan,27.9367,-95.3843
L_5980,1,B_5980,4560 Main St,TX,Galveston,,
L_5981,1,B_5981,3832 Main St,TX,McLennan,29.9708,-105.2866
L_5982,3,B_5982,9589 Main St,TX,Cameron,28.7497,-102.1656
L_5983,2,B_5983,4566 Main St,TX,Harris,,
L_5984,3,B_5984,4458 Main St,TX,McLennan,27.5442,-101.3686
L_5985,2,B_5985,1839 Main St,TX,McLennan,27.7952,-105.0371
L_5986,1,B_5986,1090 Main St,TX,Galveston,30.1151,-102.732
L_5987,1,B_5987,1205 Main St,TX,Nueces,33.1161,-93.66
L_5988,3,B_5988,356 Main St,TX,Galveston,,
L_5989,3,B_5989,5012 Main St,TX,Cameron,32.2266,-100.438
L_5990,1,B_5990,2490 Main St,TX,Cameron,,
L_5991,2,B_5991,8075 Main St,TX,Galveston,28.7172,-97.2837
L_5992,3,B_5992,9815 Main St,TX,McLennan,28.97,-97.084
L_5993,3,B_5993,7865 Main St,TX,Galveston,26.4067,-99.6331
L_5994,3,B_5994,4367 Main St,TX,Travis,35.3413,-96.4793
L_5995,1,B_5995,3261 Main St,TX,Dallas,35.6283,-94.8703
L_5996,2,B_5996,5814 Main St,TX,Dallas,26.6552,-96.7656
L_5997,1,B_5997,4661 Main St,TX,Galveston,33.7811,-95.8203
L_5998,1,B_5998,9677 Main St,TX,Nueces,33.6024,-99.0468
L_5999,2,B_5999,2561 Main St,TX,Harris,34.2816,-96.0688
L_6000,2,B_6000,1979 Main St,TX,Cameron,27.2153,-101.2625
L_6001,2,B_6001,122 Main St,TX,Galveston,33.3234,-99.0515
L_6002,3,B_6002,1849 Main St,TX,Nueces,29.6873,-93.8115
L_6003,1,B_6003,8694 Main St,TX,Galveston,,
L_6004,1,B_6004,1263 Main St,TX,McLennan,29.9127,-96.9078
L_6005,1,B_6005,8372 Main St,TX,Cameron,27.1882,-100.2313
L_6006,2,B_6006,9040 Main St,TX,Cameron,30.5981,-103.7693
L_6007,2,B_6007,6910 Main St,TX,Nueces,30.0937,-102.2686
L_6008,1,B_6008,1961 Main St,TX,Cameron,30.0091,-106.056
L_6009,2,B_6009,3608 Main St,TX,Harris,30.4435,-106.4904
L_6010,3,B_6010,2649 Main St,TX,Galveston,,
L_6011,3,B_6011,9704 Main St,TX,Travis,33.621,-94.979
L_6012,3,B_6012,4120 Main St,TX,Nueces,,
L_6013,2,B_6013,6157 Main St,TX,Dallas,32.5762,-103.1156
L_6014,3,B_6014,7444 Main St,TX,Nueces,,
L_6015,3,B_6015,5358 Main St,TX,Travis,31.6317,-105.0191
L_6016,1,B_6016,3542 Main St,TX,Cameron,32.0771,-98.84
L_6017,3,B_6017,8761 Main St,TX,Travis,36.3763,-105.831
L_6018,3,B_6018,5124 Main St,TX,Cameron,32.6383,-104.7246
L_6019,2,B_6019,8337 Main St,TX,Travis,27.2472,-98.6311
L_6020,1,B_6020,1370 Main St,TX,Harris,33.1676,-96.5472
L_6021,1,B_6021,1750 Main St,TX,Harris,29.77,-100.4759
L_6022,2,B_6022,1560 Main St,TX,Nueces,28.2745,-105.1313
L_6023,1,B_6023,5423 Main St,TX,Harris,27.7974,-101.4593
L_6024,3,B_6024,8283 Main St,TX,Dallas,26.3301,-97.2124
L_6025,1,B_6025,715 Main St,TX,Cameron,27.2236,-93.9322
L_6026,3,B_6026,3190 Main St,TX,McLennan,29.5323,-95.9271
L_6027,2,B_6027,5008 Main St,TX,Nueces,28.9595,-102.386
L_6028,2,B_6028,7604 Main St,TX,Galveston,36.3019,-98.864
L_6029,3,B_6029,6152 Main St,TX,Galveston,,
L_6030,2,B_6030,6581 Main St,TX,Nueces,33.7947,-93.9894
L_6031,3,B_6031,971 Main St,TX,McLennan,28.8122,-102.8624
L_6032,1,B_6032,1615 Main St,TX,Galveston,31.2976,-104.9709
L_6033,1,B_6033,6850 Main St,TX,Nueces,,
L_6034,3,B_6034,4790 Main St,TX,Nueces,33.4865,-98.8023
L_6035,1,B_6035,2743 Main St,TX,Travis,29.5221,-102.0099
L_6036,2,B_6036,6397 Main St,TX,Dallas,28.0616,-94.9893
L_6037,1,B_6037,3169 Main St,TX,Galveston,33.9544,-101.3844
L_6038,3,B_6038,5046 Main St,TX,Dallas,30.1457,-95.2429
L_6039,1,B_6039,5577 Main St,TX,Cameron,33.1384,-104.6428
L_6040,1,B_6040,5397 Main St,TX,Nueces,31.0969,-102.4748
L_6041,1,B_6041,4750 Main St,TX,McLennan,30.1592,-106.4419
L_6042,3,B_6042,6919 Main St,TX,Nueces,30.1698,-95.9777
L_6043,1,B_6043,2765 Main St,TX,Galveston,29.1127,-101.058
L_6044,3,B_6044,153 Main St,TX,Dallas,30.5898,-102.718
L_6045,3,B_6045,3014 Main St,TX,Travis,35.0415,-104.5791
L_6046,3,B_6046,2122 Main St,TX,Travis,30.3111,-94.5283
L_6047,2,B_6047,3876 Main St,TX,Nueces,,
L_6048,1,B_6048,5698 Main St,TX,McLennan,27.9051,-96.1229
L_6049,1,B_6049,4206 Main St,TX,Cameron,,
L_6050,1,B_6050,6479 Main St,TX,Harris,26.0908,-101.6946
L_6051,3,B_6051,2879 Main St,TX,Galveston,25.8467,-100.82
L_6052,1,B_6052,2460 Main St,TX,Nueces,32.5924,-105.4188
L_6053,3,B_6053,4195 Main St,TX,Travis,31.1184,-105.37
L_6054,2,B_6054,9432 Main St,TX,Travis,30.3287,-102.0561
L_6055,1,B_6055,4761 Main St,TX,McLennan,30.5084,-105.7899
L_6056,2,B_6056,164 Main St,TX,Travis,27.1797,-103.2509
L_6057,3,B_6057,8131 Main St,TX,Galveston,,
L_6058,3,B_6058,1465 Main St,TX,McLennan,28.4247,-102.3242
L_6059,1,B_6059,7387 Main St,TX,Dallas,30.533,-103.1239
L_6060,2,B_6060,4132 Main St,TX,McLennan,33.3933,-93.911
L_6061,3,B_6061,4934 Main St,TX,Cameron,29.7094,-105.3283
L_6062,2,B_6062,3853 Main St,TX,Galveston,33.23,-93.6636
L_6063,3,B_6063,4625 Main St,TX,Cameron,26.3822,-97.1329
L_6064,1,B_6064,6406 Main St,TX,Galveston,,
L_6065,3,B_6065,6375 Main St,TX,Dallas,35.7893,-105.5526
L_6066,1,B_6066,1116 Main St,TX,Nueces,31.4144,-99.0599
L_6067,2,B_6067,5679 Main St,TX,McLennan,30.0571,-93.966
L_6068,3,B_6068,4346 Main St,TX,Galveston,34.8695,-101.2995
L_6069,3,B_6069,7837 Main St,TX,Galveston,29.332,-95.0042
L_6070,2,B_6070,912 Main St,TX,Dallas,31.7249,-104.048
L_6071,2,B_6071,929 Main St,TX,Harris,32.2978,-103.1437
L_6072,1,B_6072,6934 Main St,TX,McLennan,32.9749,-100.5739
L_6073,1,B_6073,931 Main St,TX,Galveston,25.874,-97.6047
L_6074,2,B_6074,4193 Main St,TX,Travis,26.3262,-104.1669
L_6075,1,B_6075,9450 Main St,TX,Dallas,28.3989,-96.8262
L_6076,3,B_6076,8709 Main St,TX,Harris,30.8723,-97.0234
L_6077,3,B_6077,1361 Main St,TX,Harris,28.4147,-106.5217
L_6078,2,B_6078,943 Main St,TX,Dallas,32.6736,-99.216
L_6079,1,B_6079,7333 Main St,TX,Harris,32.2571,-100.9344
L_6080,2,B_6080,9571 Main St,TX,Galveston,27.8293,-95.8923
L_6081,3,B_6081,5956 Main St,TX,Harris,32.2596,-100.3243
L_6082,1,B_6082,1875 Main St,TX,McLennan,34.2116,-104.8543
L_6083,1,B_6083,6509 Main St,TX,Travis,31.8511,-95.326
L_6084,2,B_6084,3211 Main St,TX,Galveston,26.2271,-95.2216
L_6085,2,B_6085,5626 Main St,TX,Dallas,35.6607,-102.3797
L_6086,2,B_6086,2286 Main St,TX,Travis,33.965,-95.9172
L_6087,2,B_6087,1321 Main St,TX,Nueces,35.3847,-100.5715
L_6088,3,B_6088,4355 Main St,TX,Galveston,32.153,-104.1525
L_6089,1,B_6089,1499 Main St,TX,Travis,27.5691,-100.3985
L_6090,2,B_6090,3005 Main St,TX,Harris,35.7837,-104.5112
L_6091,1,B_6091,107 Main St,TX,Nueces,35.0819,-98.0627
L_6092,2,B_6092,2892 Main St,TX,Dallas,26.3001,-103.4783
L_6093,3,B_6093,2810 Main St,TX,Dallas,27.7513,-99.0645
L_6094,2,B_6094,4868 Main St,TX,McLennan,28.4896,-93.6104
L_6095,1,B_6095,1848 Main St,TX,Harris,,
L_6096,3,B_6096,8088 Main St,TX,McLennan,32.4003,-103.6138
L_6097,2,B_6097,5637 Main St,TX,McLennan,34.3426,-99.8369
L_6098,1,B_6098,6643 Main St,TX,Harris,28.0729,-102.7103
L_6099,2,B_6099,1203 Main St,TX,Galveston,32.2698,-99.7189
L_6100,1,B_6100,6374 Main St,TX,Nueces,25.8973,-97.7881
L_6101,2,B_6101,8531 Main St,TX,Cameron,29.2356,-105.4982
L_6102,3,B_6102,781 Main St,TX,McLennan,34.8173,-97.5604
L_6103,1,B_6103,5628 Main St,TX,Travis,27.1572,-101.504
L_6104,3,B_6104,7245 Main St,TX,Nueces,30.5355,-100.8829
L_6105,3,B_6105,4246 Main St,TX,Galveston,32.459,-103.9572
L_6106,1,B_6106,1507 Main St,TX,Harris,27.1302,-106.5505
L_6107,3,B_6107,8763 Main St,TX,Dallas,34.706,-96.2693
L_6108,1,B_6108,5601 Main St,TX,Galveston,28.0839,-104.5731
L_6109,1,B_6109,4520 Main St,TX,McLennan,34.076,-100.9343
L_6110,2,B_6110,2096 Main St,TX,Travis,32.492,-96.394
L_6111,3,B_6111,3241 Main St,TX,Nueces,31.0726,-100.4765
L_6112,3,B_6112,3677 Main St,TX,Harris,35.8498,-101.1744
L_6113,2,B_6113,3328 Main St,TX,Dallas,33.5679,-97.4321
L_6114,3,B_6114,7222 Main St,TX,Nueces,,
L_6115,2,B_6115,6523 Main St,TX,Travis,30.0632,-94.4356
L_6116,1,B_6116,5992 Main St,TX,Cameron,26.1026,-96.0852
L_6117,3,B_6117,302 Main St,TX,Dallas,25.8369,-99.2835
L_6118,2,B_6118,2401 Main St,TX,Harris,,
L_6119,3,B_6119,8585 Main St,TX,Nueces,26.1697,-98.5518
L_6120,2,B_6120,5679 Main St,TX,Galveston,31.1866,-102.6145
L_6121,2,B_6121,9885 Main St,TX,McLennan,32.5429,-105.4889
L_6122,1,B_6122,1203 Main St,TX,Harris,32.6514,-96.2368
L_6123,2,B_6123,5486 Main St,TX,Travis,28.9834,-105.8972
L_6124,2,B_6124,7163 Main St,TX,Galveston,28.6917,-97.7523
L_6125,1,B_6125,5334 Main St,TX,Nueces,30.8637,-96.6622
L_6126,3,B_6126,9142 Main St,TX,Dallas,31.2178,-100.9928
L_6127,2,B_6127,2009 Main St,TX,Galveston,29.7724,-94.4694
L_6128,1,B_6128,7296 Main St,TX,Galveston,30.3978,-104.5053
L_6129,3,B_6129,1720 Main St,TX,Travis,34.8176,-103.3891
L_6130,2,B_6130,6214 Main St,TX,McLennan,30.1318,-96.0565
L_6131,2,B_6131,7856 Main St,TX,Cameron,29.6181,-95.505
L_6132,3,B_6132,9091 Main St,TX,Galveston,30.1179,-94.0869
L_6133,2,B_6133,2892 Main St,TX,Galveston,30.2044,-105.6702
L_6134,3,B_6134,9370 Main St,TX,McLennan,31.9383,-103.0988
L_6135,2,B_6135,1075 Main St,TX,McLennan,32.1666,-98.1415
L_6136,1,B_6136,5493 Main St,TX,Dallas,28.0349,-99.7524
L_6137,3,B_6137,3011 Main St,TX,Nueces,32.0817,-96.512
L_6138,2,B_6138,5081 Main St,TX,Dallas,33.0695,-96.7938
L_6139,2,B_6139,9809 Main St,TX,McLennan,34.7735,-97.3243
L_6140,2,B_6140,3020 Main St,TX,Cameron,32.2003,-105.5862
L_6141,1,B_6141,2888 Main St,TX,Harris,33.3549,-101.003
L_6142,2,B_6142,1503 Main St,TX,McLennan,32.1053,-98.4751
L_6143,2,B_6143,9682 Main St,TX,Dallas,29.1704,-102.4921
L_6144,3,B_6144,2002 Main St,TX,Travis,35.0745,-98.7765
L_6145,2,B_6145,1781 Main St,TX,Travis,34.3647,-103.8813
L_6146,1,B_6146,4738 Main St,TX,Nueces,34.0933,-100.8816
L_6147,3,B_6147,2721 Main St,TX,Galveston,27.2101,-103.6861
L_6148,3,B_6148,9445 Main St,TX,Cameron,35.3571,-105.2713
L_6149,3,B_6149,9650 Main St,TX,Travis,26.879,-97.1863
L_6150,1,B_6150,4529 Main St,TX,Dallas,32.0672,-94.3573
L_6151,1,B_6151,8353 Main St,TX,Travis,31.5102,-98.073
L_6152,3,B_6152,1949 Main St,TX,Cameron,35.5395,-102.283
L_6153,3,B_6153,4854 Main St,TX,Cameron,35.7808,-103.6135
L_6154,1,B_6154,1904 Main St,TX,Harris,,
L_6155,1,B_6155,4757 Main St,TX,McLennan,33.2879,-104.2099
L_6156,2,B_6156,212 Main St,TX,McLennan,30.6196,-96.8888
L_6157,3,B_6157,1477 Main St,TX,Dallas,36.3685,-95.1286
L_6158,3,B_6158,3645 Main St,TX,Galveston,,
L_6159,1,B_6159,8508 Main St,TX,Cameron,32.1299,-99.6432
L_6160,3,B_6160,6028 Main St,TX,McLennan,35.595,-94.2985
L_6161,2,B_6161,6600 Main St,TX,Travis,29.0118,-95.7701
L_6162,1,B_6162,9557 Main St,TX,Cameron,27.5293,-101.3902
L_6163,2,B_6163,9620 Main St,TX,Harris,31.193,-100.1588
L_6164,2,B_6164,3205 Main St,TX,Galveston,34.0856,-99.7047
L_6165,3,B_6165,9610 Main St,TX,Galveston,27.1778,-100.7017
L_6166,2,B_6166,2082 Main St,TX,Galveston,32.7436,-105.8427
L_6167,1,B_6167,4761 Main St,TX,McLennan,32.8327,-93.8598
L_6168,3,B_6168,2859 Main St,TX,Nueces,29.9509,-105.9519
L_6169,1,B_6169,6853 Main St,TX,Galveston,36.3657,-103.9809
L_6170,3,B_6170,5366 Main St,TX,Dallas,33.5397,-99.0605
L_6171,1,B_6171,2620 Main St,TX,Travis,29.7598,-102.5921
L_6172,3,B_6172,193 Main St,TX,Nueces,31.952,-99.5721
L_6173,2,B_6173,2077 Main St,TX,Harris,28.6999,-106.279
L_6174,1,B_6174,2758 Main St,TX,Travis,33.0701,-99.8494
L_6175,3,B_6175,600 Main St,TX,Dallas,33.1477,-98.4317
L_6176,1,B_6176,1870 Main St,TX,Dallas,31.8708,-96.1622
L_6177,2,B_6177,7476 Main St,TX,Cameron,33.0575,-103.4371
L_6178,3,B_6178,5047 Main St,TX,Nueces,,
L_6179,2,B_6179,803 Main St,TX,Travis,32.4436,-94.5699
L_6180,2,B_6180,2592 Main St,TX,McLennan,27.4496,-101.4259
L_6181,1,B_6181,946 Main St,TX,Cameron,,
L_6182,2,B_6182,8391 Main St,TX,Dallas,34.7817,-105.8225
L_6183,2,B_6183,5059 Main St,TX,Galveston,30.2638,-101.5671
L_6184,1,B_6184,5133 Main St,TX,Harris,,
L_6185,2,B_6185,7240 Main St,TX,Harris,,
L_6186,1,B_6186,8344 Main St,TX,Dallas,29.2524,-94.7986
L_6187,2,B_6187,8513 Main St,TX,Galveston,33.1229,-101.2768
L_6188,2,B_6188,8629 Main St,TX,Travis,28.7723,-100.0597
L_6189,3,B_6189,6506 Main St,TX,Harris,35.9331,-102.3756
L_6190,3,B_6190,6706 Main St,TX,Galveston,29.6357,-100.1347
L_6191,1,B_6191,6063 Main St,TX,Galveston,,
L_6192,1,B_6192,4970 Main St,TX,McLennan,36.1369,-103.2626
L_6193,2,B_6193,9008 Main St,TX,Dallas,30.4112,-106.5251
L_6194,2,B_6194,1314 Main St,TX,Galveston,,
L_6195,3,B_6195,8987 Main St,TX,Cameron,29.4121,-96.2917
L_6196,1,B_6196,2506 Main St,TX,Travis,30.2397,-99.6445
L_6197,1,B_6197,7691 Main St,TX,Harris,,
L_6198,1,B_6198,3157 Main St,TX,Cameron,29.6243,-101.1671
L_6199,2,B_6199,9928 Main St,TX,McLennan,29.576,-102.3412
L_6200,3,B_6200,2141 Main St,TX,Travis,27.4468,-94.9178
L_6201,1,B_6201,4151 Main St,TX,Harris,28.5821,-96.5151
L_6202,1,B_6202,6417 Main St,TX,Dallas,32.0994,-100.4127
L_6203,3,B_6203,7588 Main St,TX,Travis,28.9683,-104.7173
L_6204,1,B_6204,5456 Main St,TX,Harris,27.9584,-99.6664
L_6205,3,B_6205,1767 Main St,TX,McLennan,35.56,-93.5247
L_6206,2,B_6206,6921 Main St,TX,Cameron,,
L_6207,3,B_6207,5214 Main St,TX,Harris,34.7505,-95.8504
L_6208,1,B_6208,4574 Main St,TX,Galveston,33.613,-100.6705
L_6209,1,B_6209,9548 Main St,TX,McLennan,36.0541,-101.2525
L_6210,3,B_6210,2127 Main St,TX,Travis,26.2877,-98.449
L_6211,2,B_6211,5234 Main St,TX,Nueces,28.6653,-94.5964
L_6212,1,B_6212,3235 Main St,TX,Dallas,31.2858,-101.2131
L_6213,2,B_6213,2549 Main St,TX,Cameron,34.3313,-102.2405
L_6214,1,B_6214,1962 Main St,TX,McLennan,26.3191,-98.5898
L_6215,1,B_6215,9270 Main St,TX,Cameron,26.1252,-98.6259
L_6216,3,B_6216,516 Main St,TX,McLennan,35.1374,-96.8181
L_6217,1,B_6217,1658 Main St,TX,McLennan,28.0747,-97.8495
L_6218,2,B_6218,1711 Main St,TX,Harris,,
L_6219,1,B_6219,3224 Main St,TX,Galveston,32.6263,-95.8099
L_6220,1,B_6220,1109 Main St,TX,Nueces,30.9873,-95.5353
L_6221,2,B_6221,8576 Main St,TX,Dallas,34.5876,-99.0563
L_6222,2,B_6222,5255 Main St,TX,Cameron,34.7955,-102.1901
L_6223,1,B_6223,2351 Main St,TX,Dallas,27.4356,-103.0797
L_6224,2,B_6224,3667 Main St,TX,Galveston,29.9649,-103.059
L_6225,2,B_6225,1776 Main St,TX,Harris,,
L_6226,2,B_6226,5986 Main St,TX,Harris,26.2519,-103.9192
L_6227,2,B_6227,6696 Main St,TX,Galveston,29.8408,-97.5439
L_6228,3,B_6228,8842 Main St,TX,Cameron,31.251,-93.7139
L_6229,1,B_6229,2898 Main St,TX,Galveston,31.1314,-98.227
L_6230,1,B_6230,3963 Main St,TX,Travis,28.1837,-103.3091
L_6231,3,B_6231,4848 Main St,TX,Harris,,
L_6232,1,B_6232,3098 Main St,TX,Cameron,34.6637,-96.6274
L_6233,3,B_6233,8998 Main St,TX,McLennan,26.2832,-97.982
L_6234,2,B_6234,4207 Main St,TX,Dallas,30.4245,-104.3915
L_6235,1,B_6235,302 Main St,TX,Harris,28.6918,-98.0762
L_6236,3,B_6236,2154 Main St,TX,Galveston,26.274,-103.5442
L_6237,1,B_6237,2517 Main St,TX,McLennan,26.7632,-94.6613
L_6238,1,B_6238,4225 Main St,TX,Travis,32.225,-96.6085
L_6239,2,B_6239,6564 Main St,TX,Nueces,28.7999,-95.5759
L_6240,3,B_6240,2953 Main St,TX,Travis,25.9879,-104.0952
L_6241,3,B_6241,6539 Main St,TX,McLennan,29.1403,-106.0646
L_6242,3,B_6242,7908 Main St,TX,Cameron,,
L_6243,2,B_6243,1438 Main St,TX,Cameron,32.9154,-100.4277
L_6244,2,B_6244,4076 Main St,TX,McLennan,31.4987,-100.5704
L_6245,2,B_6245,2690 Main St,TX,Cameron,36.0256,-105.1108
L_6246,1,B_6246,264 Main St,TX,Galveston,31.2943,-101.0278
L_6247,1,B_6247,2384 Main St,TX,Cameron,35.5269,-99.7529
L_6248,3,B_6248,5230 Main St,TX,Nueces,25.8395,-99.762
L_6249,3,B_6249,4145 Main St,TX,Galveston,34.7784,-102.408
L_6250,3,B_6250,4247 Main St,TX,Dallas,32.6628,-95.1533
L_6251,1,B_6251,2703 Main St,TX,Cameron,34.424,-102.9785
L_6252,3,B_6252,4060 Main St,TX,Nueces,27.5032,-98.1282
L_6253,2,B_6253,8896 Main St,TX,Nueces,36.1905,-100.9753
L_6254,3,B_6254,7045 Main St,TX,Dallas,33.6841,-101.8762
L_6255,2,B_6255,7325 Main St,TX,Travis,31.6704,-97.2147
L_6256,3,B_6256,744 Main St,TX,McLennan,33.8972,-104.4287
L_6257,2,B_6257,7443 Main St,TX,Travis,30.2939,-100.3046
L_6258,3,B_6258,7867 Main St,TX,Cameron,28.0447,-95.4741
L_6259,2,B_6259,6405 Main St,TX,Cameron,33.2878,-101.5703
L_6260,2,B_6260,585 Main St,TX,Galveston,32.1168,-97.9906
L_6261,1,B_6261,5194 Main St,TX,Harris,33.0908,-101.733
L_6262,2,B_6262,2305 Main St,TX,Cameron,31.4671,-94.8949
L_6263,1,B_6263,3342 Main St,TX,Cameron,30.8155,-100.0414
L_6264,3,B_6264,9767 Main St,TX,Galveston,27.3695,-101.6025
L_6265,1,B_6265,8869 Main St,TX,Harris,29.4368,-102.5074
L_6266,1,B_6266,8185 Main St,TX,McLennan,32.4646,-98.8223
L_6267,1,B_6267,7089 Main St,TX,McLennan,26.0504,-101.0926
L_6268,2,B_6268,6573 Main St,TX,Nueces,27.2286,-97.1034
L_6269,1,B_6269,7796 Main St,TX,McLennan,28.1547,-100.3938
L_6270,3,B_6270,5054 Main St,TX,Dallas,30.6183,-100.0161
L_6271,2,B_6271,948 Main St,TX,Dallas,31.9982,-93.7529
L_6272,2,B_6272,8932 Main St,TX,Harris,28.2396,-97.701
L_6273,3,B_6273,8279 Main St,TX,Travis,31.9333,-106.1296
L_6274,1,B_6274,8075 Main St,TX,Nueces,33.9631,-100.9878
L_6275,2,B_6275,2296 Main St,TX,Travis,34.616,-95.1647
L_6276,2,B_6276,1329 Main St,TX,Harris,32.5163,-100.7309
L_6277,1,B_6277,750 Main St,TX,Dallas,32.9808,-99.3663
L_6278,1,B_6278,7453 Main St,TX,Galveston,36.3334,-98.9899
L_6279,3,B_6279,5638 Main St,TX,Cameron,26.5554,-96.2371
L_6280,1,B_6280,3024 Main St,TX,Nueces,29.1594,-103.9469
L_6281,1,B_6281,4885 Main St,TX,Harris,36.3805,-95.0913
L_6282,3,B_6282,948 Main St,TX,Travis,31.6277,-98.4215
L_6283,3,B_6283,435 Main St,TX,Harris,,
L_6284,1,B_6284,4050 Main St,TX,Harris,28.0484,-99.8641
L_6285,3,B_6285,3682 Main St,TX,McLennan,29.5743,-105.7511
L_6286,1,B_6286,686 Main St,TX,Dallas,31.087,-105.8392
L_6287,3,B_6287,6168 Main St,TX,Nueces,29.7547,-93.6629
L_6288,3,B_6288,1296 Main St,TX,McLennan,33.9545,-98.3838
L_6289,1,B_6289,405 Main St,TX,Dallas,27.5938,-95.7693
L_6290,2,B_6290,9903 Main St,TX,Harris,28.6202,-99.8964
L_6291,2,B_6291,8178 Main St,TX,Dallas,30.198,-99.7209
L_6292,2,B_6292,2469 Main St,TX,Travis,35.0153,-94.0307
L_6293,2,B_6293,4747 Main St,TX,Nueces,30.065,-104.6227
L_6294,1,B_6294,7668 Main St,TX,McLennan,32.1524,-97.6755
L_6295,3,B_6295,2353 Main St,TX,Nueces,35.8115,-96.2988
L_6296,2,B_6296,5746 Main St,TX,Harris,32.5628,-102.228
L_6297,2,B_6297,4630 Main St,TX,Travis,26.7439,-95.0917
L_6298,1,B_6298,3095 Main St,TX,Dallas,31.651,-104.5736
L_6299,2,B_6299,7182 Main St,TX,Cameron,34.2435,-99.7488
L_6300,3,B_6300,5774 Main St,TX,Dallas,29.9405,-98.0108
L_6301,2,B_6301,4840 Main St,TX,Travis,33.9579,-99.9093
L_6302,1,B_6302,1160 Main St,TX,Cameron,,
L_6303,3,B_6303,7257 Main St,TX,Dallas,34.4501,-98.1
L_6304,3,B_6304,8813 Main St,TX,McLennan,31.0265,-94.6082
L_6305,2,B_6305,9809 Main St,TX,Galveston,33.9365,-93.949
L_6306,2,B_6306,3497 Main St,TX,Dallas,26.1921,-105.0487
L_6307,2,B_6307,9824 Main St,TX,Harris,27.2119,-100.2983
L_6308,3,B_6308,3014 Main St,TX,Dallas,27.3701,-99.3316
L_6309,1,B_6309,8052 Main St,TX,Nueces,32.2916,-103.5743
L_6310,3,B_6310,7217 Main St,TX,Harris,33.3589,-97.9179
L_6311,2,B_6311,3932 Main St,TX,Dallas,34.89,-97.9363
L_6312,1,B_6312,9617 Main St,TX,Dallas,32.2999,-100.651
L_6313,3,B_6313,9126 Main St,TX,Harris,,
L_6314,1,B_6314,5327 Main St,TX,McLennan,33.4382,-106.0205
L_6315,1,B_6315,3135 Main St,TX,Cameron,30.7246,-98.5542
L_6316,2,B_6316,3696 Main St,TX,Cameron,34.1775,-95.2681
L_6317,3,B_6317,9202 Main St,TX,Galveston,27.8438,-101.9585
L_6318,2,B_6318,1794 Main St,TX,Galveston,34.3639,-100.8064
L_6319,3,B_6319,9133 Main St,TX,Cameron,33.9956,-95.5978
L_6320,1,B_6320,2873 Main St,TX,McLennan,32.8427,-95.0739
L_6321,3,B_6321,8476 Main St,TX,Dallas,26.8716,-102.2866
L_6322,3,B_6322,9546 Main St,TX,Galveston,33.0904,-96.544
L_6323,3,B_6323,3224 Main St,TX,McLennan,30.5078,-94.7436
L_6324,1,B_6324,6347 Main St,TX,McLennan,29.625,-98.1674
L_6325,3,B_6325,3240 Main St,TX,Galveston,32.4112,-97.7509
L_6326,2,B_6326,2826 Main St,TX,Cameron,31.3274,-97.2871
L_6327,2,B_6327,7627 Main St,TX,Harris,26.2784,-101.7839
L_6328,2,B_6328,9099 Main St,TX,Travis,31.2474,-103.859
L_6329,2,B_6329,7087 Main St,TX,Cameron,29.1316,-102.5577
L_6330,3,B_6330,8553 Main St,TX,Harris,26.35,-94.5513
L_6331,1,B_6331,449 Main St,TX,Cameron,,
L_6332,3,B_6332,7933 Main St,TX,Dallas,27.4305,-103.6286
L_6333,1,B_6333,750 Main St,TX,Harris,29.2529,-105.9552
L_6334,2,B_6334,4592 Main St,TX,Nueces,36.3981,-105.1088
L_6335,1,B_6335,3059 Main St,TX,Travis,32.5173,-101.4446
L_6336,3,B_6336,3905 Main St,TX,Cameron,31.5118,-105.6221
L_6337,3,B_6337,5871 Main St,TX,Travis,26.201,-98.2308
L_6338,2,B_6338,7581 Main St,TX,McLennan,35.1983,-100.7006
L_6339,3,B_6339,3884 Main St,TX,Nueces,26.3718,-95.0395
L_6340,1,B_6340,1395 Main St,TX,Dallas,28.2837,-93.8469
L_6341,2,B_6341,8637 Main St,TX,McLennan,34.406,-98.3789
L_6342,2,B_6342,9964 Main St,TX,Harris,31.2824,-103.1494
L_6343,1,B_6343,6116 Main St,TX,Harris,31.9472,-102.7559
L_6344,3,B_6344,9583 Main St,TX,Galveston,36.3895,-95.8658
L_6345,3,B_6345,3954 Main St,TX,McLennan,30.3289,-95.3835
L_6346,3,B_6346,1259 Main St,TX,Nueces,34.5141,-105.7302
L_6347,1,B_6347,1421 Main St,TX,McLennan,28.1318,-104.8353
L_6348,3,B_6348,7085 Main St,TX,McLennan,29.2165,-103.7359
L_6349,2,B_6349,9579 Main St,TX,McLennan,31.1351,-97.929
L_6350,1,B_6350,9818 Main St,TX,Travis,35.0941,-101.9486
L_6351,3,B_6351,3165 Main St,TX,Galveston,29.7168,-97.3459
L_6352,2,B_6352,1425 Main St,TX,Cameron,35.5371,-97.8314
L_6353,3,B_6353,3232 Main St,TX,Dallas,32.8892,-103.5409
L_6354,3,B_6354,5322 Main St,TX,Dallas,31.2468,-94.0013
L_6355,1,B_6355,4186 Main St,TX,Dallas,34.082,-103.8703
L_6356,2,B_6356,5219 Main St,TX,Travis,26.2039,-99.1994
L_6357,2,B_6357,7760 Main St,TX,Galveston,,
L_6358,1,B_6358,1034 Main St,TX,Nueces,35.6629,-97.9293
L_6359,1,B_6359,5771 Main St,TX,Galveston,36.4564,-103.6293
L_6360,3,B_6360,212 Main St,TX,Travis,27.673,-105.4148
L_6361,1,B_6361,7788 Main St,TX,Nueces,33.6794,-105.6965
L_6362,1,B_6362,154 Main St,TX,McLennan,29.5125,-96.9209
L_6363,1,B_6363,8220 Main St,TX,Harris,32.0389,-96.158
L_6364,1,B_6364,7955 Main St,TX,McLennan,26.0564,-100.488
L_6365,2,B_6365,6243 Main St,TX,Dallas,28.0182,-102.7796
L_6366,1,B_6366,200 Main St,TX,McLennan,29.912,-100.4307
L_6367,2,B_6367,9251 Main St,TX,Travis,28.5243,-104.2854
L_6368,2,B_6368,9137 Main St,TX,Dallas,27.1089,-96.8666
L_6369,1,B_6369,4974 Main St,TX,Harris,31.629,-98.081
L_6370,3,B_6370,9378 Main St,TX,Nueces,31.0115,-96.8965
L_6371,3,B_6371,4729 Main St,TX,Nueces,32.3244,-101.0365
L_6372,1,B_6372,9567 Main St,TX,Dallas,30.5289,-102.1896
L_6373,1,B_6373,6645 Main St,TX,Cameron,35.4039,-105.5923
L_6374,1,B_6374,3341 Main St,TX,Cameron,30.128,-99.3713
L_6375,1,B_6375,5777 Main St,TX,McLennan,32.7072,-94.2494
L_6376,2,B_6376,7572 Main St,TX,Cameron,26.858,-96.2807
L_6377,2,B_6377,6291 Main St,TX,Galveston,28.726,-100.3184
L_6378,1,B_6378,8366 Main St,TX,Galveston,26.4267,-98.8605
L_6379,1,B_6379,6918 Main St,TX,Nueces,27.9763,-100.2222
L_6380,1,B_6380,6892 Main St,TX,Galveston,26.0764,-93.5495
L_6381,2,B_6381,2152 Main St,TX,Dallas,32.129,-97.1816
L_6382,2,B_6382,1258 Main St,TX,Galveston,,
L_6383,2,B_6383,3994 Main St,TX,Travis,30.1342,-97.8959
L_6384,1,B_6384,9059 Main St,TX,Nueces,36.1907,-96.5045
L_6385,3,B_6385,288 Main St,TX,Harris,,
L_6386,3,B_6386,5430 Main St,TX,Galveston,36.0907,-98.2892
L_6387,3,B_6387,9583 Main St,TX,Travis,36.1709,-96.7868
L_6388,2,B_6388,5972 Main St,TX,Travis,31.954,-98.1399
L_6389,1,B_6389,1295 Main St,TX,Dallas,29.9138,-95.8689
L_6390,3,B_6390,4314 Main St,TX,Nueces,,
L_6391,2,B_6391,9151 Main St,TX,Dallas,35.3304,-101.1554
L_6392,1,B_6392,4678 Main St,TX,Harris,27.1173,-96.8241
L_6393,1,B_6393,5981 Main St,TX,Harris,30.2283,-94.1216
L_6394,1,B_6394,4653 Main St,TX,McLennan,25.816,-93.5343
L_6395,1,B_6395,2906 Main St,TX,Harris,35.5934,-102.9597
L_6396,2,B_6396,2768 Main St,TX,Nueces,35.6624,-104.839
L_6397,1,B_6397,6174 Main St,TX,Cameron,27.1697,-97.6914
L_6398,2,B_6398,9646 Main St,TX,Cameron,28.6747,-98.8922
L_6399,1,B_6399,5552 Main St,TX,Nueces,,
L_6400,2,B_6400,5615 Main St,TX,Dallas,35.4262,-103.8653
L_6401,1,B_6401,1751 Main St,TX,Travis,30.4836,-101.0538
L_6402,1,B_6402,3313 Main St,TX,McLennan,28.1616,-101.0852
L_6403,1,B_6403,3195 Main St,TX,Cameron,33.722,-105.3714
L_6404,1,B_6404,666 Main St,TX,Cameron,32.3727,-102.3111
L_6405,2,B_6405,5464 Main St,TX,Harris,28.754,-101.3128
L_6406,1,B_6406,1202 Main St,TX,Travis,28.7355,-106.2476
L_6407,1,B_6407,5851 Main St,TX,Dallas,27.557,-103.3864
L_6408,2,B_6408,4919 Main St,TX,Galveston,26.4705,-102.617
L_6409,3,B_6409,1677 Main St,TX,McLennan,30.0313,-101.8775
L_6410,1,B_6410,9632 Main St,TX,Nueces,27.2992,-96.002
L_6411,2,B_6411,6874 Main St,TX,Travis,34.5051,-105.1584
L_6412,2,B_6412,3510 Main St,TX,Dallas,29.9059,-100.186
L_6413,2,B_6413,5906 Main St,TX,Dallas,27.1722,-103.7418
L_6414,3,B_6414,1897 Main St,TX,McLennan,31.8734,-96.3519
L_6415,2,B_6415,1730 Main St,TX,McLennan,29.6167,-94.7498
L_6416,1,B_6416,524 Main St,TX,Harris,32.352,-102.2134
L_6417,3,B_6417,9875 Main St,TX,Harris,27.4901,-104.2065
L_6418,2,B_6418,6829 Main St,TX,Nueces,29.8192,-95.0615
L_6419,3,B_6419,8257 Main St,TX,Nueces,28.9953,-106.0107
L_6420,3,B_6420,5156 Main St,TX,McLennan,28.1148,-95.3561
L_6421,1,B_6421,5713 Main St,TX,McLennan,34.2831,-95.932
L_6422,2,B_6422,1857 Main St,TX,Travis,29.2601,-93.8563
L_6423,1,B_6423,3874 Main St,TX,Harris,29.3794,-105.7675
L_6424,1,B_6424,7126 Main St,TX,Dallas,33.5255,-103.8714
L_6425,3,B_6425,3858 Main St,TX,Cameron,36.1634,-96.3887
L_6426,3,B_6426,6684 Main St,TX,Cameron,28.5373,-99.4038
L_6427,3,B_6427,5924 Main St,TX,Cameron,27.7321,-94.6711
L_6428,2,B_6428,260 Main St,TX,Harris,25.8085,-100.4584
L_6429,2,B_6429,5591 Main St,TX,Harris,28.2976,-103.2897
L_6430,2,B_6430,598 Main St,TX,McLennan,29.6648,-101.6486
L_6431,2,B_6431,4225 Main St,TX,Cameron,26.6955,-97.605
L_6432,1,B_6432,1163 Main St,TX,McLennan,28.9288,-95.7341
L_6433,1,B_6433,8148 Main St,TX,Harris,,
L_6434,3,B_6434,3988 Main St,TX,Galveston,,
L_6435,3,B_6435,8236 Main St,TX,Galveston,34.1638,-100.6004
L_6436,1,B_6436,2432 Main St,TX,Nueces,32.1092,-102.4497
L_6437,2,B_6437,2404 Main St,TX,Harris,,
L_6438,2,B_6438,3987 Main St,TX,Cameron,25.8864,-106.4171
L_6439,1,B_6439,4373 Main St,TX,Galveston,28.4093,-100.1083
L_6440,1,B_6440,2300 Main St,TX,Nueces,26.8139,-104.0544
L_6441,2,B_6441,6978 Main St,TX,Nueces,34.407,-100.0232
L_6442,1,B_6442,8076 Main St,TX,Harris,,
L_6443,3,B_6443,8330 Main St,TX,Nueces,31.5343,-93.9581
L_6444,1,B_6444,7736 Main St,TX,McLennan,26.7178,-103.8997
L_6445,2,B_6445,747 Main St,TX,McLennan,26.7021,-105.3935
L_6446,3,B_6446,3355 Main St,TX,McLennan,26.4947,-103.6022
L_6447,1,B_6447,2926 Main St,TX,Dallas,30.9508,-101.1956
L_6448,3,B_6448,3646 Main St,TX,McLennan,32.555,-94.2167
L_6449,1,B_6449,9029 Main St,TX,Cameron,,
L_6450,1,B_6450,1935 Main St,TX,McLennan,34.3432,-105.5832
L_6451,3,B_6451,2392 Main St,TX,Harris,26.2851,-97.8048
L_6452,2,B_6452,8553 Main St,TX,Galveston,29.2249,-102.6544
L_6453,1,B_6453,1413 Main St,TX,Cameron,30.6593,-105.9073
L_6454,2,B_6454,7331 Main St,TX,Galveston,32.7732,-106.5699
L_6455,3,B_6455,1134 Main St,TX,McLennan,35.0419,-95.8322
L_6456,3,B_6456,8723 Main St,TX,McLennan,32.825,-103.3985
L_6457,1,B_6457,9442 Main St,TX,McLennan,34.4524,-105.6555
L_6458,3,B_6458,3869 Main St,TX,Nueces,27.7175,-96.8661
L_6459,3,B_6459,5888 Main St,TX,Harris,,
L_6460,2,B_6460,5133 Main St,TX,Harris,,
L_6461,3,B_6461,7360 Main St,TX,Harris,26.3803,-94.0379
L_6462,2,B_6462,5345 Main St,TX,Galveston,29.3871,-98.1239
L_6463,1,B_6463,2377 Main St,TX,Cameron,35.5365,-106.3528
L_6464,3,B_6464,2066 Main St,TX,Cameron,34.6911,-104.3966
L_6465,3,B_6465,1256 Main St,TX,Dallas,33.7276,-105.3445
L_6466,2,B_6466,2741 Main St,TX,Galveston,26.0922,-101.244
L_6467,1,B_6467,7329 Main St,TX,Harris,,
L_6468,2,B_6468,5296 Main St,TX,Travis,29.1709,-103.2452
L_6469,3,B_6469,9624 Main St,TX,Dallas,33.7023,-99.1803
L_6470,2,B_6470,7032 Main St,TX,McLennan,26.0043,-93.7213
L_6471,2,B_6471,4100 Main St,TX,Nueces,35.3534,-103.9039
L_6472,2,B_6472,8259 Main St,TX,Galveston,27.3049,-104.8225
L_6473,2,B_6473,3662 Main St,TX,Nueces,,
L_6474,1,B_6474,1252 Main St,TX,Dallas,26.1997,-93.6151
L_6475,2,B_6475,1536 Main St,TX,Cameron,36.2573,-104.8906
L_6476,2,B_6476,5110 Main St,TX,Travis,32.9138,-105.9818
L_6477,1,B_6477,3472 Main St,TX,Dallas,29.8423,-98.0193
L_6478,1,B_6478,4009 Main St,TX,Galveston,,
L_6479,3,B_6479,1822 Main St,TX,Harris,32.3693,-105.9927
L_6480,3,B_6480,364 Main St,TX,McLennan,26.6081,-96.668
L_6481,3,B_6481,8866 Main St,TX,Harris,29.0822,-103.6705
L_6482,1,B_6482,8355 Main St,TX,Harris,,
L_6483,2,B_6483,6698 Main St,TX,Galveston,27.6651,-104.2219
L_6484,2,B_6484,2753 Main St,TX,Harris,36.2096,-96.1644
L_6485,1,B_6485,4044 Main St,TX,Harris,33.6424,-103.2705
L_6486,1,B_6486,982 Main St,TX,Galveston,30.2054,-102.8887
L_6487,2,B_6487,7177 Main St,TX,Galveston,,
L_6488,1,B_6488,5577 Main St,TX,Travis,29.0558,-100.0422
L_6489,3,B_6489,9626 Main St,TX,Harris,34.4045,-98.6167
L_6490,2,B_6490,4350 Main St,TX,Dallas,30.3817,-106.5348
L_6491,1,B_6491,531 Main St,TX,Cameron,31.2784,-100.9749
L_6492,1,B_6492,538 Main St,TX,McLennan,28.6636,-96.835
L_6493,3,B_6493,3948 Main St,TX,Nueces,32.0418,-101.9284
L_6494,3,B_6494,8825 Main St,TX,McLennan,30.4787,-100.655
L_6495,3,B_6495,1665 Main St,TX,Galveston,32.4886,-95.2427
L_6496,3,B_6496,8446 Main St,TX,Nueces,32.882,-99.3931
L_6497,2,B_6497,406 Main St,TX,Galveston,27.6976,-100.4181
L_6498,3,B_6498,4088 Main St,TX,Cameron,30.131,-96.4554
L_6499,2,B_6499,6940 Main St,TX,Cameron,27.6999,-101.5742
L_6500,1,B_6500,4979 Main St,TX,Travis,36.07,-101.7409
